ledger_id,sku_code,movement_type,qty_change,reference_id,movement_date
LED-000386190,NQ-PNT-001-XL-KHK,판매출고,-1,ORD-000223858,2025-04-13T14:56:00
LED-000679888,NQ-CLR-COOL-005-M-IVR,판매출고,-1,ORD-000394505,2025-08-30T11:05:00
LED-001699984,NQ-TOP-001-2XL-WHT,판매출고,-1,ORD-000991541,2026-06-03T10:30:00
LED-001116287,NQ-TOP-001-S-LYL,판매출고,-1,ORD-000650549,2026-01-15T08:54:00
LED-000636979,NQ-OUT-001-M-BEG,판매출고,-1,ORD-000369958,2025-08-09T23:53:00
LED-000292390,NQ-OUT-001-L-BLK,판매출고,-1,ORD-000169912,2025-03-04T17:54:00
LED-001609325,NQ-OUT-001-M-GRY,판매출고,-1,ORD-000938431,2026-05-12T14:00:00
LED-000803571,NQ-TOP-001-XS-ORC,판매출고,-1,ORD-000466109,2025-10-23T14:27:00
LED-000638590,NQ-TOP-001-3XL-ORC,판매출고,-1,ORD-000370919,2025-08-10T16:54:00
LED-001146045,NQ-TOP-004-XL-NVY,판매출고,-1,ORD-000667944,2026-01-27T08:15:00
LED-000989796,NQ-PNT-001-M-NVY,판매출고,-1,ORD-000575297,2025-12-18T17:57:00
LED-000771748,TRD-OUT-02-WAV-002-M-GRN,판매출고,-1,ORD-000447661,2025-10-09T22:12:00
LED-000949436,NQ-OUT-001-M-GRY,판매출고,-1,ORD-000552243,2025-12-03T21:15:00
LED-000623712,NQ-TOP-001-3XL-LYL,판매출고,-1,ORD-000361979,2025-08-06T11:00:00
LED-000849484,NQ-CLR-MUT-006-M-CRM,반품입고,1,ORD-000492804,2025-11-30T00:00:00
LED-000839584,NQ-OUT-001-S-GRY,판매출고,-1,ORD-000487005,2025-11-08T13:52:00
LED-000971910,NQ-TOP-003-M-WHT,판매출고,-1,ORD-000565073,2025-12-13T22:27:00
LED-000646958,NQ-OUT-001-L-NVY,반품입고,1,ORD-000375736,2025-09-01T00:00:00
LED-001009417,NQ-CLR-COOL-005-M-CRM,판매출고,-1,ORD-000586853,2025-12-22T22:28:00
LED-000219316,NQ-TOP-001-L-BLK,판매출고,-1,ORD-000127150,2024-12-27T21:48:00
LED-002000852,NQ-TOP-002-L-BLK,판매출고,-1,ORD-001169072,2026-08-01T22:19:00
LED-000863655,NQ-PNT-001-M-BEG,판매출고,-1,ORD-000501186,2025-11-18T10:25:00
LED-000990854,NQ-TOP-001-2XL-LYL,판매출고,-1,ORD-000575896,2025-12-18T20:22:00
LED-001330416,NQ-PNT-001-L-BLK,판매출고,-1,ORD-000774984,2026-03-11T11:28:00
LED-000563143,NQ-CLR-COOL-002-M-CRM,판매출고,-1,ORD-000326660,2025-07-22T14:56:00
LED-000159928,NQ-TOP-001-L-LYL,판매출고,-1,ORD-000092468,2024-11-03T15:54:00
LED-001418649,NQ-ACC-BAG-001-FREE-WHT,반품입고,1,ORD-000827149,2026-04-10T00:00:00
LED-001958577,NQ-TOP-003-S-GRY,판매출고,-1,ORD-001142841,2026-07-28T16:39:00
LED-001596882,NQ-CLR-MUT-003-S-IVR,판매출고,-1,ORD-000931117,2026-05-09T13:34:00
LED-001885269,NQ-CLR-COOL-002-S-ASH,판매출고,-1,ORD-001099408,2026-07-16T10:24:00
LED-001678605,NQ-OUT-001-S-BEG,판매출고,-1,ORD-000978894,2026-05-29T14:12:00
LED-001645177,NQ-TOP-001-S-NVY,판매출고,-1,ORD-000959301,2026-05-21T22:44:00
LED-000557572,NQ-PNT-003-3XL-BLK,판매출고,-1,ORD-000323421,2025-07-19T13:31:00
LED-001862718,NQ-CLR-MUT-003-L-IVR,판매출고,-1,ORD-001086330,2026-07-11T15:06:00
LED-001482400,NQ-TOP-001-2XL-NVY,판매출고,-1,ORD-000864351,2026-04-11T23:17:00
LED-001468194,NQ-TOP-004-M-BLK,반품입고,1,ORD-000856123,2026-04-19T00:00:00
LED-001812262,NQ-OUT-001-S-GRY,판매출고,-1,ORD-001056916,2026-06-29T22:45:00
LED-001228767,NQ-PNT-001-L-BLK,반품입고,1,ORD-000715362,2026-03-15T00:00:00
LED-000941794,NQ-PNT-001-3XL-BEG,판매출고,-1,ORD-000547754,2025-11-30T10:03:00
LED-000712465,NQ-PNT-001-3XL-KHK,판매출고,-1,ORD-000413318,2025-09-13T16:29:00
LED-001516433,NQ-TOP-001-S-WHT,판매출고,-1,ORD-000884015,2026-04-19T23:43:00
LED-001620390,NQ-OUT-002-L-GRY,판매출고,-1,ORD-000944834,2026-05-15T13:50:00
LED-000920977,NQ-TOP-003-XL-NVY,판매출고,-1,ORD-000535097,2025-11-28T23:44:00
LED-001166492,NQ-CLR-WRM-004-L-IVR,판매출고,-1,ORD-000679567,2026-02-04T10:32:00
LED-002028021,NQ-OUT-001-S-BEG,판매출고,-1,ORD-001186213,2026-08-04T20:21:00
LED-000847292,NQ-PNT-001-L-NVY,판매출고,-1,ORD-000491526,2025-11-11T10:15:00
LED-001965002,NQ-PNT-001-XL-BLK,판매출고,-1,ORD-001146966,2026-07-29T10:39:00
LED-000318643,NQ-OUT-001-M-GRY,판매출고,-1,ORD-000184943,2025-03-10T22:48:00
LED-000216460,NQ-TOP-001-S-NVY,판매출고,-1,ORD-000125461,2024-12-25T17:54:00
LED-001122267,NQ-TOP-001-L-BLK,판매출고,-1,ORD-000654199,2026-01-17T17:13:00
LED-001984869,NQ-TOP-003-XL-BLK,판매출고,-1,ORD-001159148,2026-07-31T13:13:00
LED-002029770,NQ-ACC-BAG-001-FREE-WHT,판매출고,-1,ORD-001187379,2026-08-04T17:20:00
LED-000374294,NQ-PNT-001-S-BEG,판매출고,-1,ORD-000217006,2025-04-06T12:33:00
LED-000539482,NQ-CLR-COOL-002-M-IVR,판매출고,-1,ORD-000312901,2025-07-09T18:22:00
LED-001921881,NQ-TOP-001-2XL-ORC,판매출고,-1,ORD-001120814,2026-07-25T11:04:00
LED-001253350,NQ-CLR-WRM-001-M-ASH,판매출고,-1,ORD-000729795,2026-03-03T17:30:00
LED-001383785,NQ-OUT-001-M-BLK,판매출고,-1,ORD-000806572,2026-03-19T18:15:00
LED-001956275,NQ-CLR-MUT-006-L-ASH,판매출고,-1,ORD-001141463,2026-07-28T12:52:00
LED-001858627,NQ-TOP-001-3XL-NVY,불량처리,0,ORD-001083911,2026-07-18T00:00:00
LED-001208834,NQ-PNT-001-L-NVY,판매출고,-1,ORD-000703676,2026-02-22T11:13:00
LED-000350256,NQ-CLR-WRM-004-S-IVR,반품입고,1,ORD-000203284,2025-04-16T00:00:00
LED-000344608,NQ-TOP-001-2XL-GRY,판매출고,-1,ORD-000200029,2025-03-20T23:28:00
LED-000704460,NQ-TOP-001-S-LYL,반품입고,1,ORD-000408675,2025-10-03T00:00:00
LED-000697183,TRD-OUT-02-NAT-003-L-BRN,반품입고,1,ORD-000404446,2025-09-25T00:00:00
LED-001048871,NQ-PNT-003-XS-GRY,판매출고,-1,ORD-000609867,2025-12-30T20:11:00
LED-001567978,NQ-TOP-001-M-BLK,판매출고,-1,ORD-000914198,2026-05-02T17:55:00
LED-000112938,NQ-PNT-002-S-GRY,반품입고,1,ORD-000065104,2024-09-11T00:00:00
LED-001090122,NQ-CLR-MUT-003-S-ASH,판매출고,-1,ORD-000634749,2026-01-09T08:18:00
LED-002096419,NQ-PNT-001-3XL-BEG,판매출고,-1,ORD-001231186,2026-08-12T14:54:00
LED-000539849,NQ-TOP-001-M-LYL,판매출고,-1,ORD-000313114,2025-07-09T18:12:00
LED-000806525,NQ-OUT-001-M-BLK,판매출고,-1,ORD-000467833,2025-10-24T16:16:00
LED-001372446,NQ-CLR-MUT-003-L-ASH,판매출고,-1,ORD-000799910,2026-03-16T12:27:00
LED-001925645,NQ-TOP-002-L-GRY,판매출고,-1,ORD-001123048,2026-07-25T16:13:00
LED-001864294,NQ-CLR-MUT-003-M-IVR,판매출고,-1,ORD-001087227,2026-07-11T11:29:00
LED-000371881,NQ-OUT-002-M-NVY,판매출고,-1,ORD-000215646,2025-04-05T20:42:00
LED-000781266,NQ-TOP-005-S-WHT,판매출고,-1,ORD-000453143,2025-10-13T17:04:00
LED-001202413,NQ-PNT-001-S-BLK,판매출고,-1,ORD-000699976,2026-02-20T15:37:00
LED-001257329,NQ-TOP-001-2XL-BLK,판매출고,-1,ORD-000732086,2026-03-04T21:33:00
LED-001264554,NQ-TOP-003-XL-GRY,불량처리,0,ORD-000736240,2026-03-24T00:00:00
LED-001174210,NQ-TOP-001-L-BLK,반품입고,1,ORD-000684029,2026-03-02T00:00:00
LED-000298332,NQ-OUT-001-S-BEG,판매출고,-1,ORD-000173274,2025-03-06T21:32:00
LED-001529740,NQ-PNT-001-XL-BLK,판매출고,-1,ORD-000891798,2026-04-23T20:41:00
LED-000709150,NQ-TOP-005-S-WHT,반품입고,1,ORD-000411362,2025-09-21T00:00:00
LED-001328980,NQ-TOP-002-2XL-NVY,판매출고,-1,ORD-000774157,2026-03-11T09:22:00
LED-002053989,NQ-TOP-001-3XL-NVY,판매출고,-1,ORD-001203067,2026-08-07T21:07:00
LED-000666437,NQ-TOP-001-L-SKB,판매출고,-1,ORD-000386888,2025-08-23T18:11:00
LED-001654070,NQ-CLR-COOL-002-M-CRM,판매출고,-1,ORD-000964499,2026-05-23T16:32:00
LED-000174630,NQ-CLR-COOL-002-S-ASH,판매출고,-1,ORD-000101019,2024-11-21T19:02:00
LED-001454967,NQ-OUT-002-M-NVY,판매출고,-1,ORD-000848331,2026-04-05T14:53:00
LED-001923859,NQ-CLR-WRM-001-S-IVR,판매출고,-1,ORD-001121973,2026-07-25T15:40:00
LED-000305098,NQ-CLR-WRM-001-S-CRM,판매출고,-1,ORD-000177150,2025-03-08T12:30:00
LED-000445326,NQ-PNT-001-3XL-NVY,판매출고,-1,ORD-000258186,2025-05-17T20:44:00
LED-001662149,NQ-OUT-001-L-NVY,판매출고,-1,ORD-000969219,2026-05-24T08:09:00
LED-001117660,NQ-PNT-003-M-GRY,판매출고,-1,ORD-000651415,2026-01-15T23:07:00
LED-000235765,NQ-CLR-WRM-004-L-ASH,판매출고,-1,ORD-000136901,2025-01-08T16:45:00
LED-001546069,NQ-PNT-004-XL-GRY,반품입고,1,ORD-000901339,2026-05-12T00:00:00
LED-001130693,NQ-TOP-001-S-ORC,반품입고,1,ORD-000659184,2026-02-06T00:00:00
LED-001770902,NQ-ACC-BAG-001-FREE-BRN,판매출고,-1,ORD-001032861,2026-06-20T13:22:00
LED-000403088,NQ-TOP-001-L-WHT,판매출고,-1,ORD-000233605,2025-04-22T19:38:00
LED-001077765,NQ-CLR-COOL-002-M-ASH,반품입고,1,ORD-000627277,2026-01-29T00:00:00
LED-001100145,NQ-CLR-COOL-002-L-ASH,판매출고,-1,ORD-000640887,2026-01-11T19:26:00
LED-001639964,NQ-PNT-001-3XL-BEG,판매출고,-1,ORD-000956249,2026-05-19T15:54:00
LED-001713280,NQ-OUT-002-L-NVY,판매출고,-1,ORD-000999360,2026-06-06T13:31:00
LED-000099667,NQ-TOP-001-4XL-NVY,불량처리,0,ORD-000057446,2024-08-20T00:00:00
LED-001892157,NQ-CLR-MUT-006-L-ASH,판매출고,-1,ORD-001103440,2026-07-18T11:39:00
LED-001345800,NQ-OUT-001-L-GRY,판매출고,-1,ORD-000784015,2026-03-13T19:30:00
LED-001184014,NQ-OUT-001-S-GRY,판매출고,-1,ORD-000689593,2026-02-12T11:03:00
LED-000724925,NQ-OUT-001-S-NVY,판매출고,-1,ORD-000420572,2025-09-19T09:01:00
LED-000344717,NQ-PNT-001-XL-BEG,판매출고,-1,ORD-000200091,2025-03-20T08:36:00
LED-000510827,NQ-TOP-001-S-SKB,반품입고,1,ORD-000296365,2025-07-18T00:00:00
LED-000098035,NQ-TOP-005-2XL-NVY,판매출고,-1,ORD-000056511,2024-08-04T21:29:00
LED-001378532,NQ-CLR-MUT-003-M-CRM,반품입고,1,ORD-000803445,2026-03-30T00:00:00
LED-001382417,NQ-DRS-001-M-IVR,판매출고,-1,ORD-000805773,2026-03-18T23:37:00
LED-001620214,NQ-PNT-004-2XL-BLK,판매출고,-1,ORD-000944733,2026-05-15T19:34:00
LED-000217018,NQ-PNT-004-4XL-BLK,반품입고,1,ORD-000125788,2025-01-22T00:00:00
LED-001396981,NQ-OUT-001-L-GRY,반품입고,1,ORD-000814480,2026-04-09T00:00:00
LED-000313879,NQ-TOP-001-L-NVY,판매출고,-1,ORD-000182187,2025-03-09T16:00:00
LED-000655876,NQ-TOP-001-XL-ORC,판매출고,-1,ORD-000380861,2025-08-17T14:28:00
LED-001774145,NQ-ACC-BLT-002-FREE-BRN,판매출고,-1,ORD-001034760,2026-06-20T19:23:00
LED-000582247,NQ-PNT-001-L-GRY,판매출고,-1,ORD-000337670,2025-07-27T12:28:00
LED-000596823,NQ-TOP-001-S-SKB,판매출고,-1,ORD-000346192,2025-07-31T13:36:00
LED-001611217,NQ-TOP-001-L-BLK,판매출고,-1,ORD-000939519,2026-05-12T08:59:00
LED-001803292,NQ-CLR-COOL-002-M-ASH,판매출고,-1,ORD-001051599,2026-06-27T17:02:00
LED-001700683,NQ-PNT-001-S-KHK,판매출고,-1,ORD-000991955,2026-06-03T15:40:00
LED-000416505,NQ-PNT-001-L-BLK,판매출고,-1,ORD-000241533,2025-04-30T18:38:00
LED-001236153,NQ-CLR-WRM-004-S-CRM,판매출고,-1,ORD-000719772,2026-03-01T17:11:00
LED-002030941,NQ-TOP-003-2XL-GRY,판매출고,-1,ORD-001188175,2026-08-04T09:50:00
LED-000671906,NQ-PNT-002-M-BLK,판매출고,-1,ORD-000389999,2025-08-26T18:20:00
LED-000608883,NQ-CLR-MUT-003-S-IVR,판매출고,-1,ORD-000353320,2025-08-03T21:23:00
LED-000724555,NQ-TOP-002-S-GRY,판매출고,-1,ORD-000420360,2025-09-19T17:47:00
LED-000462896,NQ-CLR-COOL-002-M-IVR,판매출고,-1,ORD-000268436,2025-05-27T14:10:00
LED-001586344,NQ-PNT-001-XL-BLK,판매출고,-1,ORD-000924981,2026-05-07T15:55:00
LED-001980849,NQ-DRS-001-L-BLK,판매출고,-1,ORD-001156694,2026-07-30T22:57:00
LED-000306833,NQ-CLR-COOL-002-S-ASH,판매출고,-1,ORD-000178125,2025-03-08T08:12:00
LED-000463930,NQ-TOP-001-L-BLK,판매출고,-1,ORD-000269033,2025-05-28T12:01:00
LED-001747110,NQ-TOP-002-M-GRY,판매출고,-1,ORD-001019054,2026-06-14T13:56:00
LED-000699565,NQ-OUT-001-M-BEG,판매출고,-1,ORD-000405814,2025-09-07T22:36:00
LED-001009568,NQ-PNT-001-XS-BEG,판매출고,-1,ORD-000586930,2025-12-22T11:31:00
LED-001489274,NQ-ACC-CAP-004-FREE-BRN,판매출고,-1,ORD-000868389,2026-04-13T14:18:00
LED-000154494,NQ-TOP-002-L-WHT,반품입고,1,ORD-000089305,2024-11-03T00:00:00
LED-000309540,NQ-OUT-001-L-BEG,판매출고,-1,ORD-000179697,2025-03-08T09:13:00
LED-000665181,NQ-TOP-003-2XL-GRY,반품입고,1,ORD-000386162,2025-09-17T00:00:00
LED-001036287,NQ-TOP-001-XL-WHT,판매출고,-1,ORD-000602335,2025-12-28T18:41:00
LED-001752400,NQ-TOP-001-S-ORC,판매출고,-1,ORD-001022163,2026-06-15T08:26:00
LED-000122423,NQ-CLR-WRM-001-L-CRM,판매출고,-1,ORD-000070632,2024-09-09T15:45:00
LED-001011465,NQ-TOP-001-M-NVY,판매출고,-1,ORD-000588011,2025-12-22T23:02:00
LED-001209558,NQ-CLR-COOL-005-M-CRM,판매출고,-1,ORD-000704098,2026-02-22T16:11:00
LED-002099782,NQ-OUT-001-S-NVY,판매출고,-1,ORD-001233410,2026-08-13T15:56:00
LED-000525094,NQ-PNT-001-M-BLK,판매출고,-1,ORD-000304602,2025-07-01T20:25:00
LED-000349534,NQ-CLR-MUT-003-L-CRM,판매출고,-1,ORD-000202883,2025-03-23T17:33:00
LED-001458490,NQ-OUT-001-M-NVY,판매출고,-1,ORD-000850459,2026-04-05T21:40:00
LED-000648920,NQ-PNT-001-2XL-BLK,판매출고,-1,ORD-000376868,2025-08-13T16:32:00
LED-000976164,NQ-TOP-001-3XL-SKB,반품입고,1,ORD-000567516,2026-01-11T00:00:00
LED-001390148,NQ-OUT-001-M-GRY,판매출고,-1,ORD-000810371,2026-03-20T19:11:00
LED-000567455,NQ-CLR-MUT-006-M-CRM,판매출고,-1,ORD-000329143,2025-07-25T14:45:00
LED-001805205,NQ-CLR-COOL-002-M-IVR,판매출고,-1,ORD-001052725,2026-06-27T21:12:00
LED-000503628,NQ-PNT-001-XL-GRY,판매출고,-1,ORD-000292101,2025-06-19T22:05:00
LED-000851211,NQ-OUT-001-L-BLK,판매출고,-1,ORD-000493803,2025-11-13T08:39:00
LED-000002884,NQ-TOP-001-M-BLK,판매출고,-1,ORD-000000934,2024-03-02T12:40:00
LED-001825826,NQ-CLR-MUT-003-L-ASH,판매출고,-1,ORD-001064848,2026-07-02T13:12:00
LED-000589547,NQ-TOP-001-XL-NVY,판매출고,-1,ORD-000341944,2025-07-29T19:00:00
LED-000831260,NQ-TOP-001-L-SKB,반품입고,1,ORD-000482160,2025-11-21T00:00:00
LED-000936179,NQ-CLR-MUT-003-L-IVR,판매출고,-1,ORD-000544361,2025-11-30T08:37:00
LED-000675438,NQ-TOP-001-2XL-NVY,판매출고,-1,ORD-000392010,2025-08-28T13:52:00
LED-000792508,NQ-TOP-001-S-SKB,판매출고,-1,ORD-000459731,2025-10-18T13:52:00
LED-001423031,NQ-TOP-001-M-SKB,판매출고,-1,ORD-000829683,2026-03-28T13:10:00
LED-000671266,NQ-OUT-001-L-BLK,판매출고,-1,ORD-000389620,2025-08-25T10:49:00
LED-000867498,NQ-CLR-COOL-002-L-CRM,반품입고,1,ORD-000503413,2025-12-02T00:00:00
LED-001060569,NQ-TOP-003-2XL-WHT,판매출고,-1,ORD-000616728,2026-01-02T21:42:00
LED-000709089,NQ-PNT-001-L-GRY,판매출고,-1,ORD-000411329,2025-09-12T08:27:00
LED-001443958,NQ-TOP-001-M-ORC,판매출고,-1,ORD-000841845,2026-04-02T18:06:00
LED-001259851,NQ-TOP-001-L-ORC,판매출고,-1,ORD-000733541,2026-03-04T13:48:00
LED-000281569,NQ-TOP-001-XL-ORC,판매출고,-1,ORD-000163645,2025-03-02T23:32:00
LED-000911838,NQ-CLR-MUT-003-S-IVR,판매출고,-1,ORD-000529602,2025-11-26T17:52:00
LED-000161935,NQ-TOP-003-M-BLK,판매출고,-1,ORD-000093661,2024-11-06T11:50:00
LED-001427408,NQ-PNT-001-4XL-KHK,판매출고,-1,ORD-000832262,2026-03-29T14:31:00
LED-001358380,NQ-CLR-WRM-001-L-CRM,판매출고,-1,ORD-000791395,2026-03-14T18:58:00
LED-001719249,NQ-TOP-001-S-NVY,판매출고,-1,ORD-001002870,2026-06-07T08:50:00
LED-000408807,NQ-PNT-003-L-GRY,판매출고,-1,ORD-000237001,2025-04-26T11:38:00
LED-001739542,NQ-OUT-001-L-BEG,판매출고,-1,ORD-001014677,2026-06-12T13:48:00
LED-001446664,NQ-TOP-001-L-SKB,판매출고,-1,ORD-000843406,2026-04-03T14:24:00
LED-001736861,NQ-PNT-003-2XL-BEG,판매출고,-1,ORD-001013108,2026-06-12T19:02:00
LED-001977932,NQ-OUT-001-M-GRY,판매출고,-1,ORD-001154899,2026-07-30T22:42:00
LED-001871216,NQ-CLR-MUT-003-S-CRM,판매출고,-1,ORD-001091233,2026-07-13T16:22:00
LED-001685246,NQ-DRS-002-S-IVR,반품입고,1,ORD-000982829,2026-06-12T00:00:00
LED-001220448,NQ-TOP-003-L-BLK,판매출고,-1,ORD-000710419,2026-02-28T14:20:00
LED-000058447,NQ-TOP-001-L-ORC,판매출고,-1,ORD-000033377,2024-06-05T14:10:00
LED-001208813,NQ-PNT-001-L-GRY,판매출고,-1,ORD-000703667,2026-02-22T09:26:00
LED-002062592,NQ-PNT-001-XL-NVY,판매출고,-1,ORD-001208633,2026-08-08T16:40:00
LED-000317361,NQ-PNT-003-L-BEG,판매출고,-1,ORD-000184170,2025-03-10T23:41:00
LED-001738622,NQ-ACC-PCH-005-FREE-BLK,판매출고,-1,ORD-001014136,2026-06-12T20:48:00
LED-000902569,NQ-CLR-COOL-002-L-CRM,판매출고,-1,ORD-000524203,2025-11-25T13:32:00
LED-000076668,NQ-TOP-003-XL-BLK,판매출고,-1,ORD-000044119,2024-07-10T10:52:00
LED-002043997,NQ-TOP-001-S-ORC,판매출고,-1,ORD-001196575,2026-08-06T08:37:00
LED-001064902,NQ-PNT-001-XL-KHK,판매출고,-1,ORD-000619402,2026-01-03T22:06:00
LED-001475358,NQ-OUT-001-S-NVY,판매출고,-1,ORD-000860299,2026-04-10T10:20:00
LED-000326475,TRD-OUT-01-NAT-003-L-BLK,판매출고,-1,ORD-000189594,2025-03-12T08:30:00
LED-001368022,NQ-CLR-MUT-003-S-CRM,판매출고,-1,ORD-000797321,2026-03-15T20:42:00
LED-000488826,NQ-TOP-001-4XL-LYL,판매출고,-1,ORD-000283503,2025-06-11T17:46:00
LED-002019826,NQ-TOP-001-M-NVY,판매출고,-1,ORD-001181053,2026-08-03T13:57:00
LED-001540251,NQ-CLR-WRM-001-M-CRM,판매출고,-1,ORD-000897958,2026-04-25T12:32:00
LED-000178478,NQ-CLR-MUT-006-L-IVR,판매출고,-1,ORD-000103268,2024-11-23T16:01:00
LED-001411082,NQ-OUT-001-M-GRY,판매출고,-1,ORD-000822762,2026-03-25T17:24:00
LED-001599622,NQ-PNT-001-2XL-NVY,판매출고,-1,ORD-000932754,2026-05-10T11:13:00
LED-000413268,NQ-TOP-005-M-WHT,판매출고,-1,ORD-000239670,2025-04-28T18:50:00
LED-000454680,NQ-TOP-005-M-GRY,판매출고,-1,ORD-000263620,2025-05-23T09:47:00
LED-000529845,NQ-TOP-001-L-ORC,반품입고,1,ORD-000307359,2025-07-15T00:00:00
LED-000954609,NQ-TOP-003-M-WHT,판매출고,-1,ORD-000555199,2025-12-06T09:55:00
LED-001725335,NQ-TOP-002-M-GRY,판매출고,-1,ORD-001006419,2026-06-09T19:18:00
LED-002079642,NQ-TOP-003-M-GRY,판매출고,-1,ORD-001220107,2026-08-09T20:45:00
LED-001890620,NQ-DRS-002-S-BLK,판매출고,-1,ORD-001102539,2026-07-18T17:20:00
LED-001775724,NQ-TOP-001-M-ORC,반품입고,1,ORD-001035705,2026-07-11T00:00:00
LED-001319009,TRD-OUT-03-NAT-003-L-BLK,반품입고,1,ORD-000768244,2026-03-28T00:00:00
LED-001506014,NQ-ACC-BAG-001-FREE-BEG,판매출고,-1,ORD-000877999,2026-04-17T15:49:00
LED-000018256,NQ-TOP-001-XL-NVY,판매출고,-1,ORD-000009912,2024-03-14T19:39:00
LED-000832696,NQ-PNT-001-XL-GRY,판매출고,-1,ORD-000483003,2025-11-04T14:13:00
LED-000788475,NQ-TOP-001-S-BLK,반품입고,1,ORD-000457361,2025-11-08T00:00:00
LED-000706590,NQ-PNT-001-M-NVY,반품입고,1,ORD-000409863,2025-09-29T00:00:00
LED-001470885,NQ-DRS-001-M-BLK,판매출고,-1,ORD-000857674,2026-04-09T23:04:00
LED-001771771,NQ-PNT-001-4XL-GRY,판매출고,-1,ORD-001033386,2026-06-20T15:29:00
LED-000683683,NQ-OUT-001-L-GRY,판매출고,-1,ORD-000396704,2025-09-01T22:35:00
LED-001180397,NQ-OUT-002-M-BEG,판매출고,-1,ORD-000687551,2026-02-10T20:30:00
LED-001954090,NQ-TOP-001-XS-ORC,판매출고,-1,ORD-001140065,2026-07-27T15:20:00
LED-000940275,NQ-PNT-001-3XL-NVY,판매출고,-1,ORD-000546798,2025-11-30T12:04:00
LED-000317154,NQ-PNT-002-XL-BEG,판매출고,-1,ORD-000184052,2025-03-10T23:34:00
LED-001599934,NQ-CLR-COOL-002-L-CRM,판매출고,-1,ORD-000932939,2026-05-10T11:43:00
LED-001155956,NQ-TOP-001-S-GRY,판매출고,-1,ORD-000673607,2026-01-31T23:31:00
LED-001060054,NQ-PNT-001-XL-GRY,판매출고,-1,ORD-000616417,2026-01-02T22:59:00
LED-001981506,NQ-TOP-003-M-WHT,판매출고,-1,ORD-001157094,2026-07-30T14:02:00
LED-000260378,NQ-PNT-001-S-BEG,판매출고,-1,ORD-000151271,2025-02-07T23:03:00
LED-001193057,NQ-OUT-001-S-BEG,판매출고,-1,ORD-000694682,2026-02-15T19:10:00
LED-001485405,NQ-ACC-SCF-003-FREE-BEG,판매출고,-1,ORD-000866090,2026-04-12T13:17:00
LED-001856337,NQ-CLR-COOL-002-M-IVR,판매출고,-1,ORD-001082558,2026-07-10T09:37:00
LED-001443268,NQ-OUT-001-S-NVY,판매출고,-1,ORD-000841454,2026-04-02T09:03:00
LED-000770454,NQ-CLR-COOL-002-M-CRM,판매출고,-1,ORD-000446923,2025-10-09T22:25:00
LED-001222012,NQ-PNT-001-XS-GRY,판매출고,-1,ORD-000711392,2026-02-28T09:04:00
LED-001151580,NQ-OUT-003-S-NVY,판매출고,-1,ORD-000671144,2026-01-29T13:50:00
LED-000495902,NQ-PNT-001-XS-GRY,판매출고,-1,ORD-000287560,2025-06-15T08:28:00
LED-000895695,NQ-OUT-001-L-BLK,반품입고,1,ORD-000520017,2025-12-19T00:00:00
LED-001161789,NQ-OUT-001-M-BLK,판매출고,-1,ORD-000676916,2026-02-02T19:58:00
LED-000350281,NQ-OUT-002-M-NVY,판매출고,-1,ORD-000203299,2025-03-23T18:21:00
LED-001064789,NQ-TOP-005-M-WHT,판매출고,-1,ORD-000619327,2026-01-03T19:42:00
LED-002105844,NQ-OUT-001-L-BEG,판매출고,-1,ORD-001237496,2026-08-15T21:41:00
LED-001191885,NQ-PNT-001-4XL-NVY,판매출고,-1,ORD-000694018,2026-02-15T08:13:00
LED-001246254,NQ-PNT-001-S-NVY,판매출고,-1,ORD-000725673,2026-03-03T12:32:00
LED-000939777,NQ-PNT-002-XS-BEG,판매출고,-1,ORD-000546492,2025-11-30T22:38:00
LED-000024242,NQ-TOP-003-4XL-BLK,판매출고,-1,ORD-000013400,2024-03-27T14:01:00
LED-000268595,NQ-TOP-001-L-GRY,판매출고,-1,ORD-000156072,2025-02-19T15:28:00
LED-001397571,NQ-OUT-001-L-BEG,판매출고,-1,ORD-000814823,2026-03-22T15:58:00
LED-001892892,NQ-OUT-001-S-BEG,판매출고,-1,ORD-001103878,2026-07-18T12:16:00
LED-000968805,NQ-PNT-003-L-BEG,판매출고,-1,ORD-000563322,2025-12-12T21:03:00
LED-000232059,NQ-TOP-003-2XL-BLK,판매출고,-1,ORD-000134689,2025-01-05T18:06:00
LED-000347112,NQ-PNT-001-S-BLK,판매출고,-1,ORD-000201495,2025-03-21T23:24:00
LED-000483241,NQ-TOP-001-S-ORC,판매출고,-1,ORD-000280289,2025-06-08T17:02:00
LED-000802254,NQ-PNT-004-XS-BEG,판매출고,-1,ORD-000465338,2025-10-22T15:58:00
LED-002081530,NQ-OUT-001-L-NVY,판매출고,-1,ORD-001221355,2026-08-09T19:28:00
LED-000792353,NQ-PNT-001-S-NVY,판매출고,-1,ORD-000459637,2025-10-18T09:29:00
LED-000518055,NQ-TOP-001-L-LYL,판매출고,-1,ORD-000300543,2025-06-27T23:05:00
LED-000845912,NQ-PNT-001-L-NVY,반품입고,1,ORD-000490697,2025-11-21T00:00:00
LED-000799910,NQ-TOP-002-L-BLK,판매출고,-1,ORD-000464004,2025-10-21T19:29:00
LED-001944356,NQ-TOP-001-L-GRY,판매출고,-1,ORD-001134206,2026-07-26T15:07:00
LED-000466197,NQ-CLR-WRM-004-L-CRM,판매출고,-1,ORD-000270357,2025-05-29T10:40:00
LED-000019644,NQ-CLR-COOL-002-L-ASH,판매출고,-1,ORD-000010699,2024-03-17T11:26:00
LED-000523955,NQ-PNT-001-XL-KHK,판매출고,-1,ORD-000303934,2025-06-30T08:20:00
LED-000302903,NQ-TOP-001-2XL-GRY,판매출고,-1,ORD-000175886,2025-03-07T20:14:00
LED-000887893,NQ-CLR-COOL-002-S-IVR,판매출고,-1,ORD-000515437,2025-11-22T16:05:00
LED-000297561,NQ-CLR-MUT-006-M-ASH,입고,278,PO-000000723,2025-03-06T00:00:00
LED-001394047,NQ-TOP-001-M-ORC,판매출고,-1,ORD-000812724,2026-03-21T14:06:00
LED-001527537,NQ-DRS-001-L-BLK,판매출고,-1,ORD-000890549,2026-04-22T16:22:00
LED-001954461,NQ-TOP-001-XL-SKB,판매출고,-1,ORD-001140296,2026-07-27T13:06:00
LED-001505120,NQ-PNT-001-2XL-BEG,판매출고,-1,ORD-000877492,2026-04-17T16:51:00
LED-001891909,NQ-DRS-002-S-IVR,판매출고,-1,ORD-001103287,2026-07-18T23:44:00
LED-001724977,NQ-TOP-001-L-WHT,판매출고,-1,ORD-001006215,2026-06-08T12:26:00
LED-000172827,NQ-TOP-001-L-ORC,판매출고,-1,ORD-000099946,2024-11-20T20:36:00
LED-001180653,NQ-TOP-005-2XL-BLK,판매출고,-1,ORD-000687694,2026-02-10T18:00:00
LED-001081238,NQ-CLR-WRM-001-S-CRM,판매출고,-1,ORD-000629392,2026-01-07T20:02:00
LED-000566806,NQ-CLR-MUT-006-S-CRM,반품입고,1,ORD-000328771,2025-08-13T00:00:00
LED-000039644,NQ-TOP-001-L-NVY,판매출고,-1,ORD-000022410,2024-04-27T14:42:00
LED-001624348,NQ-CLR-COOL-002-S-CRM,판매출고,-1,ORD-000947147,2026-05-16T10:43:00
LED-001964706,NQ-TOP-001-L-ORC,판매출고,-1,ORD-001146789,2026-07-28T19:51:00
LED-001440071,NQ-OUT-001-L-NVY,판매출고,-1,ORD-000839616,2026-04-01T19:57:00
LED-000416394,NQ-PNT-001-S-GRY,판매출고,-1,ORD-000241472,2025-04-30T13:34:00
LED-000183699,NQ-CLR-WRM-004-S-CRM,판매출고,-1,ORD-000106340,2024-11-26T11:44:00
LED-001610914,NQ-TOP-001-3XL-SKB,판매출고,-1,ORD-000939338,2026-05-12T08:31:00
LED-000601530,NQ-TOP-003-L-GRY,판매출고,-1,ORD-000348961,2025-08-01T10:27:00
LED-001503929,NQ-ACC-CAP-004-FREE-WHT,판매출고,-1,ORD-000876829,2026-04-17T20:53:00
LED-001525347,NQ-CLR-COOL-005-S-ASH,판매출고,-1,ORD-000889284,2026-04-22T14:28:00
LED-000909102,NQ-PNT-001-XL-BLK,판매출고,-1,ORD-000527987,2025-11-26T12:38:00
LED-001052424,NQ-TOP-002-XS-WHT,판매출고,-1,ORD-000611926,2025-12-31T21:52:00
LED-000128252,NQ-CLR-MUT-006-M-IVR,판매출고,-1,ORD-000074075,2024-09-18T12:48:00
LED-001440810,NQ-CLR-MUT-003-L-CRM,판매출고,-1,ORD-000840045,2026-04-02T14:37:00
LED-002116779,NQ-CLR-COOL-005-M-CRM,판매출고,-1,ORD-001245038,2026-08-17T23:05:00
LED-001496230,NQ-DRS-001-L-BLK,판매출고,-1,ORD-000872397,2026-04-15T09:34:00
LED-001119760,NQ-OUT-001-L-NVY,판매출고,-1,ORD-000652726,2026-01-16T08:57:00
LED-000125970,NQ-CLR-MUT-003-L-ASH,판매출고,-1,ORD-000072727,2024-09-14T21:52:00
LED-002009332,NQ-TOP-003-S-BLK,판매출고,-1,ORD-001174389,2026-08-02T08:19:00
LED-001002519,NQ-TOP-001-M-WHT,판매출고,-1,ORD-000582936,2025-12-20T08:31:00
LED-000228552,NQ-PNT-001-3XL-KHK,판매출고,-1,ORD-000132576,2025-01-03T19:53:00
LED-000057354,NQ-PNT-001-S-GRY,판매출고,-1,ORD-000032741,2024-06-02T18:06:00
LED-001221918,NQ-PNT-001-S-BLK,판매출고,-1,ORD-000711329,2026-02-28T16:03:00
LED-000067122,NQ-CLR-COOL-002-L-IVR,판매출고,-1,ORD-000038488,2024-06-22T16:35:00
LED-001603150,NQ-CLR-COOL-002-S-IVR,반품입고,1,ORD-000934830,2026-05-29T00:00:00
LED-000698837,NQ-CLR-WRM-001-L-CRM,판매출고,-1,ORD-000405391,2025-09-07T22:20:00
LED-000979408,NQ-OUT-002-S-GRY,판매출고,-1,ORD-000569358,2025-12-15T18:25:00
LED-001517461,NQ-TOP-001-S-ORC,반품입고,1,ORD-000884629,2026-05-10T00:00:00
LED-001938376,NQ-PNT-001-L-NVY,판매출고,-1,ORD-001130608,2026-07-26T08:32:00
LED-001239286,NQ-CLR-WRM-001-M-IVR,판매출고,-1,ORD-000721583,2026-03-02T15:10:00
LED-001477757,NQ-PNT-001-M-KHK,판매출고,-1,ORD-000861653,2026-04-11T13:29:00
LED-001430203,NQ-OUT-001-M-NVY,판매출고,-1,ORD-000833861,2026-03-30T20:47:00
LED-000087716,NQ-TOP-001-XL-SKB,판매출고,-1,ORD-000050503,2024-07-27T13:19:00
LED-000320397,NQ-OUT-001-M-GRY,판매출고,-1,ORD-000185996,2025-03-11T14:19:00
LED-001504305,NQ-TOP-001-XL-ORC,판매출고,-1,ORD-000877026,2026-04-17T18:49:00
LED-000345484,NQ-TOP-001-M-ORC,반품입고,1,ORD-000200547,2025-04-14T00:00:00
LED-000217838,NQ-TOP-001-XS-LYL,판매출고,-1,ORD-000126279,2024-12-26T23:40:00
LED-001518723,NQ-TOP-003-XL-BLK,판매출고,-1,ORD-000885353,2026-04-20T11:58:00
LED-001089585,NQ-TOP-001-S-BLK,판매출고,-1,ORD-000634435,2026-01-09T11:39:00
LED-001240367,NQ-TOP-001-L-WHT,판매출고,-1,ORD-000722223,2026-03-02T22:42:00
LED-000210126,NQ-PNT-001-L-KHK,판매출고,-1,ORD-000121755,2024-12-20T16:51:00
LED-001359533,NQ-DRS-002-L-BLK,반품입고,1,ORD-000792063,2026-04-02T00:00:00
LED-000968464,NQ-TOP-001-L-ORC,반품입고,1,ORD-000563125,2025-12-30T00:00:00
LED-000461670,NQ-CLR-COOL-002-S-ASH,판매출고,-1,ORD-000267717,2025-05-27T21:07:00
LED-001875917,NQ-CLR-WRM-004-L-CRM,판매출고,-1,ORD-001093974,2026-07-14T19:11:00
LED-001381712,NQ-TOP-001-M-NVY,판매출고,-1,ORD-000805356,2026-03-18T15:14:00
LED-000371527,NQ-PNT-002-XL-BEG,판매출고,-1,ORD-000215445,2025-04-04T22:15:00
LED-000764049,NQ-PNT-001-XS-BLK,반품입고,1,ORD-000443275,2025-10-28T00:00:00
LED-001215581,NQ-TOP-001-L-BLK,판매출고,-1,ORD-000707568,2026-02-25T13:05:00
LED-002053020,NQ-OUT-001-S-BEG,판매출고,-1,ORD-001202446,2026-08-07T17:48:00
LED-001211158,NQ-PNT-001-M-BLK,반품입고,1,ORD-000705028,2026-03-18T00:00:00
LED-001941005,NQ-PNT-001-3XL-GRY,판매출고,-1,ORD-001132202,2026-07-26T09:05:00
LED-002040851,NQ-OUT-001-L-BLK,판매출고,-1,ORD-001194572,2026-08-05T11:28:00
LED-001250961,NQ-TOP-003-XS-GRY,판매출고,-1,ORD-000728412,2026-03-03T14:25:00
LED-001380831,NQ-CLR-MUT-003-S-CRM,판매출고,-1,ORD-000804829,2026-03-18T09:45:00
LED-001528460,NQ-PNT-001-2XL-GRY,판매출고,-1,ORD-000891061,2026-04-23T21:38:00
LED-001132879,NQ-OUT-001-M-GRY,판매출고,-1,ORD-000660469,2026-01-21T08:28:00
LED-000407086,NQ-CLR-MUT-003-L-IVR,판매출고,-1,ORD-000235985,2025-04-25T12:32:00
LED-000747563,NQ-PNT-002-2XL-BEG,판매출고,-1,ORD-000433737,2025-09-28T08:15:00
LED-001137365,NQ-PNT-004-XL-GRY,판매출고,-1,ORD-000662993,2026-01-23T11:14:00
LED-000495571,NQ-TOP-001-XS-WHT,판매출고,-1,ORD-000287366,2025-06-15T10:21:00
LED-001154039,NQ-TOP-001-2XL-SKB,판매출고,-1,ORD-000672521,2026-01-30T22:12:00
LED-001978503,NQ-PNT-002-XL-GRY,판매출고,-1,ORD-001155259,2026-07-30T09:19:00
LED-000046646,NQ-TOP-001-4XL-GRY,판매출고,-1,ORD-000026515,2024-05-12T09:29:00
LED-001877535,NQ-CLR-MUT-003-M-CRM,판매출고,-1,ORD-001094906,2026-07-14T19:45:00
LED-000245484,NQ-TOP-001-S-GRY,판매출고,-1,ORD-000142699,2025-01-16T16:07:00
LED-001650924,NQ-OUT-001-M-BLK,반품입고,1,ORD-000962650,2026-06-09T00:00:00
LED-001481616,NQ-OUT-001-S-BLK,판매출고,-1,ORD-000863885,2026-04-11T17:06:00
LED-001839356,NQ-CLR-COOL-002-L-IVR,판매출고,-1,ORD-001072649,2026-07-05T15:01:00
LED-000937046,NQ-PNT-003-L-BLK,판매출고,-1,ORD-000544852,2025-11-30T14:38:00
LED-001283871,NQ-TOP-002-XL-WHT,판매출고,-1,ORD-000747525,2026-03-07T17:23:00
LED-001812397,NQ-CLR-COOL-002-S-IVR,판매출고,-1,ORD-001056991,2026-06-29T13:02:00
LED-000821490,NQ-OUT-001-M-BLK,판매출고,-1,ORD-000476470,2025-10-31T23:27:00
LED-000923456,NQ-TOP-001-2XL-NVY,판매출고,-1,ORD-000536632,2025-11-28T21:29:00
LED-000161697,NQ-TOP-001-L-NVY,판매출고,-1,ORD-000093512,2024-11-06T19:58:00
LED-000994354,NQ-PNT-001-XS-KHK,판매출고,-1,ORD-000577951,2025-12-19T08:28:00
LED-002015797,NQ-TOP-005-L-BLK,판매출고,-1,ORD-001178476,2026-08-02T10:08:00
LED-000359502,NQ-CLR-MUT-003-M-ASH,판매출고,-1,ORD-000208519,2025-03-29T19:46:00
LED-000147513,NQ-TOP-003-XL-NVY,판매출고,-1,ORD-000085265,2024-10-16T15:18:00
LED-000093475,NQ-CLR-MUT-006-L-ASH,판매출고,-1,ORD-000053810,2024-08-01T10:50:00
LED-000414387,NQ-TOP-001-M-GRY,판매출고,-1,ORD-000240314,2025-04-29T23:33:00
LED-000249742,NQ-CLR-WRM-001-S-CRM,판매출고,-1,ORD-000145145,2025-01-22T21:11:00
LED-000603727,NQ-TOP-001-S-SKB,판매출고,-1,ORD-000350264,2025-08-02T23:50:00
LED-000183555,NQ-PNT-001-L-GRY,판매출고,-1,ORD-000106254,2024-11-25T10:41:00
LED-000596315,NQ-TOP-001-4XL-LYL,판매출고,-1,ORD-000345909,2025-07-31T15:56:00
LED-000394575,NQ-TOP-001-L-ORC,판매출고,-1,ORD-000228687,2025-04-18T23:24:00
LED-000173738,NQ-PNT-003-L-BEG,판매출고,-1,ORD-000100484,2024-11-21T19:29:00
LED-002016757,NQ-TOP-001-XL-ORC,판매출고,-1,ORD-001179107,2026-08-02T10:47:00
LED-001710738,NQ-OUT-001-S-BLK,판매출고,-1,ORD-000997892,2026-06-06T22:50:00
LED-000410708,NQ-OUT-001-M-BEG,판매출고,-1,ORD-000238136,2025-04-27T10:24:00
LED-000837478,NQ-CLR-MUT-003-M-CRM,판매출고,-1,ORD-000485788,2025-11-07T09:42:00
LED-000538260,NQ-CLR-WRM-004-L-ASH,판매출고,-1,ORD-000312218,2025-07-08T08:54:00
LED-001143327,NQ-OUT-001-L-BLK,판매출고,-1,ORD-000666404,2026-01-25T16:51:00
LED-001132558,NQ-OUT-003-S-GRY,반품입고,1,ORD-000660270,2026-02-02T00:00:00
LED-001192209,NQ-PNT-001-M-KHK,판매출고,-1,ORD-000694199,2026-02-15T13:42:00
LED-000344959,NQ-PNT-001-M-BEG,판매출고,-1,ORD-000200237,2025-03-20T11:31:00
LED-001502715,NQ-TOP-001-S-WHT,판매출고,-1,ORD-000876127,2026-04-16T10:44:00
LED-000847672,NQ-TOP-001-XL-ORC,판매출고,-1,ORD-000491737,2025-11-11T11:14:00
LED-001591924,NQ-TOP-001-3XL-WHT,판매출고,-1,ORD-000928248,2026-05-08T17:07:00
LED-001143935,NQ-TOP-005-3XL-NVY,판매출고,-1,ORD-000666748,2026-01-26T08:15:00
LED-001422149,NQ-CLR-MUT-006-L-IVR,판매출고,-1,ORD-000829173,2026-03-28T13:14:00
LED-001592625,NQ-TOP-003-M-NVY,판매출고,-1,ORD-000928654,2026-05-08T17:51:00
LED-002084746,NQ-TOP-004-XS-GRY,판매출고,-1,ORD-001223491,2026-08-10T13:00:00
LED-001606019,NQ-TOP-001-3XL-ORC,반품입고,1,ORD-000936532,2026-05-26T00:00:00
LED-000919578,NQ-CLR-WRM-001-S-ASH,판매출고,-1,ORD-000534272,2025-11-27T09:46:00
LED-001408539,NQ-OUT-001-M-GRY,판매출고,-1,ORD-000821258,2026-03-25T08:36:00
LED-000889848,NQ-CLR-MUT-003-L-CRM,판매출고,-1,ORD-000516576,2025-11-23T20:20:00
LED-000244703,NQ-TOP-001-2XL-ORC,판매출고,-1,ORD-000142244,2025-01-15T23:48:00
LED-001908469,NQ-TOP-002-2XL-WHT,반품입고,1,ORD-001112998,2026-08-06T00:00:00
LED-000982073,NQ-PNT-003-M-BLK,판매출고,-1,ORD-000570859,2025-12-16T10:51:00
LED-000643808,NQ-PNT-001-2XL-KHK,판매출고,-1,ORD-000373933,2025-08-10T17:32:00
LED-000977057,NQ-OUT-001-M-BEG,판매출고,-1,ORD-000568025,2025-12-15T09:08:00
LED-001118262,NQ-PNT-001-XS-KHK,판매출고,-1,ORD-000651793,2026-01-15T09:59:00
LED-000849510,NQ-PNT-001-XS-BEG,반품입고,1,ORD-000492817,2025-11-25T00:00:00
LED-002091987,NQ-TOP-002-M-BLK,판매출고,-1,ORD-001228228,2026-08-10T17:46:00
LED-001530584,NQ-PNT-004-2XL-GRY,판매출고,-1,ORD-000892279,2026-04-23T20:52:00
LED-001742335,NQ-PNT-003-L-BLK,판매출고,-1,ORD-001016289,2026-06-13T09:17:00
LED-001610241,NQ-TOP-001-L-GRY,판매출고,-1,ORD-000938956,2026-05-12T11:44:00
LED-001886445,NQ-TOP-002-M-GRY,판매출고,-1,ORD-001100103,2026-07-16T11:31:00
LED-001772538,NQ-PNT-001-L-BEG,판매출고,-1,ORD-001033829,2026-06-20T12:05:00
LED-001352771,NQ-PNT-001-S-BLK,판매출고,-1,ORD-000788088,2026-03-13T22:07:00
LED-001874452,NQ-PNT-003-M-BEG,판매출고,-1,ORD-001093108,2026-07-13T16:02:00
LED-001932152,NQ-PNT-001-4XL-BLK,판매출고,-1,ORD-001126901,2026-07-25T11:04:00
LED-001161197,NQ-PNT-001-L-BLK,판매출고,-1,ORD-000676582,2026-02-02T13:58:00
LED-000040570,NQ-TOP-001-XL-NVY,판매출고,-1,ORD-000022944,2024-04-29T21:38:00
LED-001401782,NQ-ACC-BAG-001-FREE-BEG,판매출고,-1,ORD-000817297,2026-03-23T12:35:00
LED-000318330,NQ-OUT-002-M-BLK,판매출고,-1,ORD-000184748,2025-03-10T11:41:00
LED-000466864,NQ-TOP-001-XL-BLK,반품입고,1,ORD-000270746,2025-06-08T00:00:00
LED-001104940,NQ-TOP-001-3XL-LYL,반품입고,1,ORD-000643780,2026-02-09T00:00:00
LED-001421573,NQ-TOP-001-M-LYL,판매출고,-1,ORD-000828825,2026-03-28T21:13:00
LED-000590467,NQ-OUT-001-M-GRY,판매출고,-1,ORD-000342484,2025-07-29T19:32:00
LED-001636731,NQ-TOP-003-S-BLK,불량처리,0,ORD-000954360,2026-06-04T00:00:00
LED-001310186,NQ-DRS-002-L-IVR,불량처리,0,ORD-000763023,2026-04-02T00:00:00
LED-000564330,NQ-PNT-003-S-GRY,판매출고,-1,ORD-000327330,2025-07-23T15:19:00
LED-001580200,NQ-TOP-001-M-ORC,판매출고,-1,ORD-000921383,2026-05-05T11:26:00
LED-001010755,NQ-TOP-001-M-ORC,반품입고,1,ORD-000587610,2026-01-10T00:00:00
LED-001017882,NQ-CLR-WRM-001-M-IVR,판매출고,-1,ORD-000591672,2025-12-24T11:46:00
LED-001883049,NQ-PNT-001-S-NVY,반품입고,1,ORD-001098104,2026-07-31T00:00:00
LED-001634172,NQ-TOP-001-3XL-WHT,반품입고,1,ORD-000952873,2026-06-12T00:00:00
LED-000777281,NQ-TOP-001-M-ORC,판매출고,-1,ORD-000450870,2025-10-11T23:46:00
LED-001428033,NQ-TOP-002-L-GRY,판매출고,-1,ORD-000832621,2026-03-29T14:44:00
LED-000030946,NQ-TOP-001-XL-NVY,판매출고,-1,ORD-000017296,2024-04-09T17:15:00
LED-001132354,NQ-CLR-COOL-002-L-IVR,반품입고,1,ORD-000660149,2026-02-15T00:00:00
LED-000045486,NQ-TOP-001-2XL-WHT,판매출고,-1,ORD-000025820,2024-05-09T17:10:00
LED-001171831,NQ-TOP-001-2XL-GRY,판매출고,-1,ORD-000682601,2026-02-07T10:49:00
LED-001950967,NQ-CLR-MUT-003-M-IVR,판매출고,-1,ORD-001138203,2026-07-27T16:14:00
LED-000567106,NQ-TOP-001-S-WHT,판매출고,-1,ORD-000328941,2025-07-24T21:10:00
LED-001217058,NQ-TOP-001-3XL-SKB,판매출고,-1,ORD-000708433,2026-02-26T20:19:00
LED-001361414,NQ-PNT-004-3XL-GRY,판매출고,-1,ORD-000793230,2026-03-14T15:05:00
LED-001565910,NQ-TOP-001-XS-ORC,판매출고,-1,ORD-000912996,2026-05-02T16:37:00
LED-001395188,NQ-TOP-001-3XL-LYL,판매출고,-1,ORD-000813396,2026-03-21T20:26:00
LED-001384034,NQ-PNT-003-M-GRY,반품입고,1,ORD-000806710,2026-04-08T00:00:00
LED-000639698,NQ-OUT-001-S-BLK,판매출고,-1,ORD-000371545,2025-08-10T09:27:00
LED-000950912,NQ-TOP-001-3XL-SKB,불량처리,0,ORD-000553092,2025-12-13T00:00:00
LED-001831844,NQ-CLR-MUT-006-L-IVR,판매출고,-1,ORD-001068305,2026-07-04T17:19:00
LED-001175125,NQ-PNT-001-3XL-GRY,판매출고,-1,ORD-000684568,2026-02-08T16:26:00
LED-000214288,NQ-TOP-001-M-LYL,판매출고,-1,ORD-000124181,2024-12-23T09:23:00
LED-001506357,NQ-PNT-003-L-BLK,판매출고,-1,ORD-000878206,2026-04-17T22:00:00
LED-001646851,NQ-TOP-002-XL-WHT,판매출고,-1,ORD-000960273,2026-05-21T12:49:00
LED-000254038,NQ-PNT-003-M-BLK,판매출고,-1,ORD-000147578,2025-01-28T15:12:00
LED-001382073,NQ-PNT-003-XL-BEG,판매출고,-1,ORD-000805577,2026-03-18T11:59:00
LED-001296418,NQ-TOP-001-M-SKB,판매출고,-1,ORD-000754975,2026-03-08T22:46:00
LED-001276004,NQ-ACC-BAG-001-FREE-WHT,판매출고,-1,ORD-000742943,2026-03-06T22:22:00
LED-000627822,NQ-TOP-001-M-NVY,판매출고,-1,ORD-000364489,2025-08-07T19:15:00
LED-001850747,NQ-CLR-COOL-002-S-CRM,판매출고,-1,ORD-001079305,2026-07-08T20:30:00
LED-000299292,NQ-TOP-002-L-NVY,판매출고,-1,ORD-000173830,2025-03-06T21:16:00
LED-001794015,NQ-ACC-PCH-005-FREE-BEG,판매출고,-1,ORD-001046228,2026-06-25T08:35:00
LED-000781461,NQ-PNT-001-S-KHK,판매출고,-1,ORD-000453254,2025-10-13T21:29:00
LED-002058434,NQ-OUT-001-S-NVY,판매출고,-1,ORD-001205936,2026-08-07T13:18:00
LED-001378422,NQ-CLR-WRM-001-M-CRM,반품입고,1,ORD-000803380,2026-04-01T00:00:00
LED-001093512,NQ-TOP-001-XL-NVY,판매출고,-1,ORD-000636798,2026-01-10T09:51:00
LED-000883149,NQ-CLR-COOL-002-M-ASH,판매출고,-1,ORD-000512572,2025-11-22T16:41:00
LED-000168876,NQ-TOP-001-L-GRY,판매출고,-1,ORD-000097696,2024-11-16T22:22:00
LED-000726301,NQ-CLR-MUT-006-L-ASH,판매출고,-1,ORD-000421380,2025-09-20T15:53:00
LED-000757810,NQ-TOP-002-M-BLK,판매출고,-1,ORD-000439641,2025-10-03T13:54:00
LED-000348057,NQ-TOP-001-M-LYL,판매출고,-1,ORD-000202038,2025-03-22T20:53:00
LED-000777171,NQ-PNT-003-2XL-BLK,판매출고,-1,ORD-000450807,2025-10-11T17:01:00
LED-000157008,NQ-CLR-COOL-002-L-IVR,판매출고,-1,ORD-000090742,2024-10-30T08:05:00
LED-000926366,NQ-TOP-001-L-NVY,판매출고,-1,ORD-000538510,2025-11-29T11:17:00
LED-001474355,NQ-PNT-001-XL-KHK,반품입고,1,ORD-000859707,2026-04-29T00:00:00
LED-000538953,NQ-TOP-001-XL-ORC,판매출고,-1,ORD-000312592,2025-07-09T16:56:00
LED-001142072,NQ-OUT-002-S-BEG,반품입고,1,ORD-000665678,2026-02-14T00:00:00
LED-000009877,NQ-CLR-COOL-002-L-CRM,판매출고,-1,ORD-000004998,2024-03-08T23:05:00
LED-000985480,NQ-TOP-001-XL-NVY,판매출고,-1,ORD-000572821,2025-12-17T19:45:00
LED-000179893,NQ-CLR-WRM-001-M-ASH,판매출고,-1,ORD-000104087,2024-11-24T15:29:00
LED-001390971,NQ-CLR-MUT-003-M-IVR,판매출고,-1,ORD-000810869,2026-03-21T19:26:00
LED-001658751,NQ-PNT-001-M-NVY,판매출고,-1,ORD-000967248,2026-05-24T11:11:00
LED-001007268,NQ-TOP-001-XL-LYL,판매출고,-1,ORD-000585629,2025-12-21T16:46:00
LED-000009937,NQ-TOP-003-4XL-BLK,판매출고,-1,ORD-000005029,2024-03-08T21:34:00
LED-001488679,NQ-ACC-BAG-001-FREE-WHT,판매출고,-1,ORD-000868027,2026-04-13T16:32:00
LED-000806372,NQ-PNT-001-L-BEG,판매출고,-1,ORD-000467742,2025-10-24T10:44:00
LED-001751330,NQ-TOP-003-2XL-BLK,판매출고,-1,ORD-001021539,2026-06-14T23:50:00
LED-001304571,TRD-OUT-03-NAT-003-S-BEG,판매출고,-1,ORD-000759701,2026-03-08T17:50:00
LED-002046536,NQ-OUT-001-L-BLK,판매출고,-1,ORD-001198231,2026-08-06T18:56:00
LED-001219847,NQ-PNT-004-XL-BLK,판매출고,-1,ORD-000710043,2026-02-27T09:43:00
LED-000348975,NQ-TOP-001-3XL-ORC,판매출고,-1,ORD-000202566,2025-03-22T23:38:00
LED-001450035,NQ-DRS-001-S-IVR,판매출고,-1,ORD-000845406,2026-04-04T14:00:00
LED-002065555,NQ-ACC-BAG-001-FREE-BRN,판매출고,-1,ORD-001210609,2026-08-08T11:51:00
LED-001517812,NQ-ACC-BAG-001-FREE-BRN,반품입고,1,ORD-000884833,2026-05-06T00:00:00
LED-000109927,NQ-TOP-001-L-WHT,판매출고,-1,ORD-000063352,2024-08-18T14:20:00
LED-002125579,NQ-OUT-002-S-GRY,판매출고,-1,ORD-001250922,2026-08-20T13:12:00
LED-001006251,NQ-OUT-002-L-BLK,판매출고,-1,ORD-000585083,2025-12-21T20:25:00
LED-000873553,NQ-OUT-001-L-BLK,판매출고,-1,ORD-000506980,2025-11-21T19:47:00
LED-001219503,NQ-CLR-COOL-002-M-ASH,판매출고,-1,ORD-000709822,2026-02-27T21:42:00
LED-002038117,NQ-TOP-003-M-BLK,판매출고,-1,ORD-001192859,2026-08-05T11:30:00
LED-000256480,NQ-PNT-001-XL-GRY,판매출고,-1,ORD-000149013,2025-02-01T22:46:00
LED-000896639,NQ-CLR-COOL-002-S-IVR,판매출고,-1,ORD-000520601,2025-11-24T18:55:00
LED-000404607,NQ-TOP-001-2XL-ORC,판매출고,-1,ORD-000234513,2025-04-23T15:33:00
LED-002022237,NQ-PNT-003-M-GRY,반품입고,1,ORD-001182552,2026-08-19T00:00:00
LED-001295531,NQ-DRS-001-M-BLK,판매출고,-1,ORD-000754470,2026-03-07T23:11:00
LED-000069640,NQ-PNT-001-M-BEG,판매출고,-1,ORD-000039967,2024-06-27T14:19:00
LED-001682152,NQ-PNT-001-2XL-BEG,판매출고,-1,ORD-000980990,2026-05-30T14:05:00
LED-000105363,NQ-PNT-002-2XL-GRY,반품입고,1,ORD-000060725,2024-08-24T00:00:00
LED-001180220,NQ-PNT-001-M-BEG,판매출고,-1,ORD-000687450,2026-02-10T11:38:00
LED-001320207,NQ-CLR-COOL-002-M-CRM,판매출고,-1,ORD-000768967,2026-03-10T10:23:00
LED-000090293,NQ-TOP-004-L-BLK,판매출고,-1,ORD-000051984,2024-07-29T12:32:00
LED-001073456,NQ-TOP-002-2XL-WHT,판매출고,-1,ORD-000624709,2026-01-05T13:28:00
LED-001137177,NQ-TOP-001-XL-LYL,판매출고,-1,ORD-000662887,2026-01-23T15:41:00
LED-001866380,NQ-TOP-003-3XL-BLK,반품입고,1,ORD-001088421,2026-07-29T00:00:00
LED-000698458,NQ-TOP-001-M-ORC,판매출고,-1,ORD-000405180,2025-09-07T10:40:00
LED-001024483,NQ-PNT-001-M-GRY,판매출고,-1,ORD-000595413,2025-12-25T16:39:00
LED-001161038,NQ-OUT-001-M-GRY,판매출고,-1,ORD-000676500,2026-02-02T09:24:00
LED-002064743,NQ-PNT-001-2XL-BLK,판매출고,-1,ORD-001210062,2026-08-08T19:20:00
LED-000752693,NQ-TOP-001-XL-GRY,판매출고,-1,ORD-000436718,2025-10-01T17:20:00
LED-000178974,NQ-CLR-COOL-002-M-IVR,판매출고,-1,ORD-000103563,2024-11-23T09:11:00
LED-001312253,NQ-CLR-MUT-003-L-CRM,판매출고,-1,ORD-000764225,2026-03-09T12:02:00
LED-001181036,NQ-TOP-002-M-WHT,판매출고,-1,ORD-000687917,2026-02-10T09:58:00
LED-000562508,NQ-CLR-COOL-002-S-IVR,판매출고,-1,ORD-000326292,2025-07-22T18:39:00
LED-001067520,NQ-CLR-WRM-001-M-ASH,판매출고,-1,ORD-000621108,2026-01-04T10:09:00
LED-001778096,NQ-TOP-001-2XL-LYL,판매출고,-1,ORD-001037075,2026-06-21T15:01:00
LED-000756604,NQ-OUT-001-M-BLK,판매출고,-1,ORD-000438959,2025-10-03T21:56:00
LED-001082252,NQ-TOP-001-4XL-LYL,판매출고,-1,ORD-000630003,2026-01-07T16:10:00
LED-001973631,NQ-TOP-005-L-BLK,판매출고,-1,ORD-001152302,2026-07-29T13:48:00
LED-000318289,NQ-TOP-005-M-WHT,판매출고,-1,ORD-000184727,2025-03-10T17:21:00
LED-000945309,NQ-TOP-001-XL-SKB,판매출고,-1,ORD-000549890,2025-12-01T23:04:00
LED-001687586,NQ-TOP-003-XL-WHT,판매출고,-1,ORD-000984251,2026-05-31T19:41:00
LED-000058210,NQ-TOP-001-2XL-BLK,판매출고,-1,ORD-000033243,2024-06-04T17:03:00
LED-001358475,NQ-ACC-CAP-004-FREE-WHT,판매출고,-1,ORD-000791448,2026-03-14T08:32:00
LED-001068412,NQ-PNT-001-S-GRY,반품입고,1,ORD-000621608,2026-01-27T00:00:00
LED-001451558,NQ-TOP-002-XS-GRY,판매출고,-1,ORD-000846352,2026-04-04T22:04:00
LED-001030868,NQ-PNT-001-S-BLK,판매출고,-1,ORD-000599080,2025-12-27T12:13:00
LED-000763927,TRD-OUT-02-STR-001-S-BRN,판매출고,-1,ORD-000443210,2025-10-06T19:53:00
LED-001042380,NQ-PNT-001-M-GRY,반품입고,1,ORD-000606078,2026-01-16T00:00:00
LED-000904817,NQ-PNT-001-3XL-BLK,판매출고,-1,ORD-000525497,2025-11-25T12:17:00
LED-000068857,NQ-CLR-WRM-001-S-CRM,판매출고,-1,ORD-000039491,2024-06-25T09:26:00
LED-001258846,NQ-PNT-004-S-BLK,판매출고,-1,ORD-000732966,2026-03-04T08:20:00
LED-000592518,NQ-TOP-001-M-WHT,판매출고,-1,ORD-000343672,2025-07-30T14:56:00
LED-001838337,NQ-OUT-001-S-BLK,판매출고,-1,ORD-001072058,2026-07-05T23:18:00
LED-000787407,NQ-TOP-003-M-GRY,반품입고,1,ORD-000456736,2025-10-27T00:00:00
LED-001259111,NQ-CLR-WRM-001-M-IVR,불량처리,0,ORD-000733124,2026-03-10T00:00:00
LED-000046516,NQ-TOP-001-L-LYL,판매출고,-1,ORD-000026440,2024-05-11T18:17:00
LED-000889831,NQ-OUT-001-L-NVY,판매출고,-1,ORD-000516565,2025-11-23T23:54:00
LED-000753048,NQ-PNT-004-XS-BEG,판매출고,-1,ORD-000436907,2025-10-01T13:31:00
LED-000856738,NQ-CLR-WRM-001-M-IVR,판매출고,-1,ORD-000497117,2025-11-15T17:59:00
LED-000561735,NQ-CLR-WRM-004-L-IVR,반품입고,1,ORD-000325862,2025-08-17T00:00:00
LED-000705985,NQ-TOP-001-L-SKB,반품입고,1,ORD-000409528,2025-10-02T00:00:00
LED-000712355,NQ-CLR-MUT-003-L-IVR,판매출고,-1,ORD-000413248,2025-09-13T13:45:00
LED-000691756,NQ-TOP-004-3XL-WHT,판매출고,-1,ORD-000401332,2025-09-05T11:28:00
LED-000734332,NQ-TOP-003-XL-WHT,판매출고,-1,ORD-000426036,2025-09-23T20:01:00
LED-001863257,NQ-CLR-MUT-003-S-IVR,판매출고,-1,ORD-001086636,2026-07-11T18:51:00
LED-000795126,NQ-OUT-002-M-BLK,판매출고,-1,ORD-000461230,2025-10-19T13:32:00
LED-000218551,NQ-PNT-001-2XL-BLK,판매출고,-1,ORD-000126708,2024-12-26T15:18:00
LED-000143525,NQ-PNT-004-2XL-BEG,판매출고,-1,ORD-000082920,2024-10-11T20:50:00
LED-000213779,NQ-TOP-001-M-ORC,판매출고,-1,ORD-000123881,2024-12-22T16:46:00
LED-001864315,NQ-CLR-MUT-006-L-IVR,판매출고,-1,ORD-001087238,2026-07-11T20:04:00
LED-001284170,NQ-ACC-BLT-002-FREE-WHT,판매출고,-1,ORD-000747712,2026-03-07T13:05:00
LED-001650496,NQ-DRS-002-S-BLK,판매출고,-1,ORD-000962398,2026-05-22T14:12:00
LED-000970326,NQ-PNT-003-4XL-GRY,판매출고,-1,ORD-000564183,2025-12-13T17:51:00
LED-001466797,NQ-TOP-002-S-BLK,판매출고,-1,ORD-000855327,2026-04-08T19:34:00
LED-000075590,NQ-TOP-002-S-BLK,판매출고,-1,ORD-000043476,2024-07-08T21:41:00
LED-000109302,NQ-TOP-001-L-ORC,판매출고,-1,ORD-000062985,2024-08-17T08:55:00
LED-001477416,NQ-PNT-003-3XL-BLK,판매출고,-1,ORD-000861463,2026-04-11T22:15:00
LED-002104009,NQ-CLR-COOL-002-M-IVR,판매출고,-1,ORD-001236239,2026-08-14T15:04:00
LED-000773819,NQ-PNT-001-L-KHK,불량처리,0,ORD-000448853,2025-10-22T00:00:00
LED-000229931,NQ-TOP-001-S-NVY,판매출고,-1,ORD-000133399,2025-01-04T22:36:00
LED-001256674,NQ-TOP-001-M-GRY,판매출고,-1,ORD-000731705,2026-03-04T16:16:00
LED-001465129,NQ-PNT-001-L-BLK,판매출고,-1,ORD-000854354,2026-04-07T12:45:00
LED-002006036,NQ-CLR-MUT-003-L-ASH,판매출고,-1,ORD-001172353,2026-08-02T16:16:00
LED-001212821,NQ-TOP-001-S-WHT,판매출고,-1,ORD-000705965,2026-02-24T13:50:00
LED-001787064,NQ-TOP-001-L-LYL,반품입고,1,ORD-001042205,2026-07-19T00:00:00
LED-000507962,NQ-TOP-001-2XL-BLK,판매출고,-1,ORD-000294629,2025-06-22T10:53:00
LED-001727306,NQ-ACC-CAP-004-FREE-BEG,판매출고,-1,ORD-001007555,2026-06-09T11:55:00
LED-001736256,NQ-OUT-001-M-BLK,판매출고,-1,ORD-001012758,2026-06-11T19:05:00
LED-000053106,NQ-PNT-001-L-KHK,반품입고,1,ORD-000030276,2024-06-06T00:00:00
LED-000842262,NQ-CLR-MUT-003-S-IVR,판매출고,-1,ORD-000488566,2025-11-09T22:45:00
LED-001920531,NQ-TOP-002-L-WHT,판매출고,-1,ORD-001120015,2026-07-25T12:31:00
LED-001471333,NQ-TOP-005-XL-NVY,판매출고,-1,ORD-000857940,2026-04-09T11:07:00
LED-000805746,NQ-PNT-001-L-KHK,판매출고,-1,ORD-000467378,2025-10-24T11:05:00
LED-000753581,NQ-CLR-WRM-001-L-CRM,판매출고,-1,ORD-000437210,2025-10-01T14:45:00
LED-001391133,NQ-ACC-BAG-001-FREE-WHT,판매출고,-1,ORD-000810972,2026-03-21T13:26:00
LED-000289462,NQ-PNT-003-XL-BEG,판매출고,-1,ORD-000168191,2025-03-03T08:50:00
LED-001040826,NQ-TOP-003-XL-BLK,판매출고,-1,ORD-000605163,2025-12-28T21:38:00
LED-001392922,NQ-ACC-BAG-001-FREE-WHT,판매출고,-1,ORD-000812045,2026-03-21T16:33:00
LED-000804290,NQ-PNT-001-2XL-NVY,판매출고,-1,ORD-000466526,2025-10-23T13:29:00
LED-000048944,NQ-PNT-001-XL-BLK,반품입고,1,ORD-000027861,2024-05-31T00:00:00
LED-000013240,NQ-CLR-COOL-002-M-CRM,판매출고,-1,ORD-000006975,2024-03-10T21:55:00
LED-001499344,NQ-TOP-004-2XL-NVY,반품입고,1,ORD-000874195,2026-05-02T00:00:00
LED-000999804,NQ-PNT-002-M-GRY,판매출고,-1,ORD-000581323,2025-12-20T10:48:00
LED-000166614,NQ-CLR-MUT-003-L-IVR,판매출고,-1,ORD-000096414,2024-11-13T12:15:00
LED-002023186,NQ-CLR-WRM-004-L-IVR,판매출고,-1,ORD-001183164,2026-08-03T15:06:00
LED-001746836,NQ-CLR-COOL-002-L-IVR,판매출고,-1,ORD-001018891,2026-06-14T15:02:00
LED-001174422,NQ-TOP-004-L-NVY,판매출고,-1,ORD-000684150,2026-02-08T21:34:00
LED-001399424,NQ-PNT-001-XL-BEG,반품입고,1,ORD-000815915,2026-03-31T00:00:00
LED-001354982,NQ-TOP-001-3XL-GRY,판매출고,-1,ORD-000789392,2026-03-14T09:58:00
LED-000129387,NQ-PNT-002-3XL-GRY,판매출고,-1,ORD-000074709,2024-09-20T20:54:00
LED-001995617,NQ-PNT-002-L-BLK,판매출고,-1,ORD-001165815,2026-08-01T22:52:00
LED-000661822,NQ-TOP-001-L-LYL,판매출고,-1,ORD-000384245,2025-08-20T15:58:00
LED-001602119,NQ-TOP-003-M-NVY,판매출고,-1,ORD-000934223,2026-05-10T17:25:00
LED-001049528,NQ-TOP-001-XL-GRY,판매출고,-1,ORD-000610261,2025-12-31T09:26:00
LED-000537829,NQ-TOP-001-M-LYL,판매출고,-1,ORD-000311962,2025-07-08T15:45:00
LED-000741811,NQ-TOP-004-2XL-BLK,판매출고,-1,ORD-000430379,2025-09-26T19:16:00
LED-000009224,NQ-TOP-001-M-GRY,판매출고,-1,ORD-000004605,2024-03-07T14:13:00
LED-000216839,NQ-PNT-004-XL-BLK,판매출고,-1,ORD-000125688,2024-12-25T23:16:00
LED-001642141,NQ-OUT-001-L-BLK,판매출고,-1,ORD-000957510,2026-05-20T16:12:00
LED-001220641,NQ-TOP-001-2XL-WHT,판매출고,-1,ORD-000710542,2026-02-28T23:02:00
LED-000243430,NQ-PNT-001-L-BEG,판매출고,-1,ORD-000141487,2025-01-14T16:48:00
LED-001298063,NQ-PNT-003-2XL-BEG,판매출고,-1,ORD-000755920,2026-03-08T21:25:00
LED-000745972,NQ-OUT-001-M-BLK,판매출고,-1,ORD-000432809,2025-09-28T14:19:00
LED-000869544,NQ-TOP-002-M-GRY,반품입고,1,ORD-000504602,2025-12-07T00:00:00
LED-001736370,NQ-CLR-WRM-001-L-IVR,불량처리,0,ORD-001012823,2026-06-25T00:00:00
LED-001000758,NQ-PNT-001-S-GRY,판매출고,-1,ORD-000581877,2025-12-20T12:18:00
LED-000497688,NQ-OUT-001-M-BLK,판매출고,-1,ORD-000288613,2025-06-16T18:04:00
LED-001219058,NQ-CLR-MUT-003-S-IVR,판매출고,-1,ORD-000709580,2026-02-27T14:13:00
LED-001202639,NQ-PNT-001-4XL-NVY,판매출고,-1,ORD-000700111,2026-02-20T10:48:00
LED-001538592,NQ-CLR-WRM-001-M-IVR,판매출고,-1,ORD-000896959,2026-04-25T09:37:00
LED-001077827,NQ-CLR-WRM-004-M-IVR,판매출고,-1,ORD-000627315,2026-01-06T10:20:00
LED-001879255,NQ-PNT-001-XS-KHK,반품입고,1,ORD-001095915,2026-07-29T00:00:00
LED-001454187,NQ-CLR-COOL-002-L-IVR,반품입고,1,ORD-000847887,2026-04-30T00:00:00
LED-000271650,NQ-CLR-COOL-002-L-ASH,판매출고,-1,ORD-000157890,2025-02-23T09:00:00
LED-000590250,NQ-TOP-001-M-NVY,판매출고,-1,ORD-000342357,2025-07-29T22:51:00
LED-001076512,NQ-TOP-001-S-ORC,판매출고,-1,ORD-000626547,2026-01-05T23:24:00
LED-001366978,NQ-TOP-001-L-ORC,판매출고,-1,ORD-000796715,2026-03-15T18:45:00
LED-001503962,NQ-PNT-001-L-BEG,반품입고,1,ORD-000876851,2026-05-06T00:00:00
LED-001495985,NQ-PNT-003-XS-GRY,판매출고,-1,ORD-000872251,2026-04-15T20:28:00
LED-001668054,NQ-TOP-002-L-GRY,판매출고,-1,ORD-000972689,2026-05-26T16:20:00
LED-001662937,NQ-CLR-COOL-002-L-IVR,판매출고,-1,ORD-000969669,2026-05-25T10:13:00
LED-000072017,NQ-CLR-COOL-002-M-ASH,판매출고,-1,ORD-000041346,2024-07-01T14:32:00
LED-000691621,NQ-OUT-002-S-BLK,판매출고,-1,ORD-000401252,2025-09-05T23:29:00
LED-000017929,NQ-PNT-003-S-GRY,판매출고,-1,ORD-000009709,2024-03-14T23:11:00
LED-001607035,NQ-TOP-004-L-BLK,판매출고,-1,ORD-000937113,2026-05-11T08:55:00
LED-000751701,NQ-TOP-003-M-NVY,판매출고,-1,ORD-000436131,2025-09-30T18:05:00
LED-001506225,NQ-PNT-003-XS-BEG,판매출고,-1,ORD-000878133,2026-04-17T10:10:00
LED-000427513,NQ-OUT-001-M-BLK,판매출고,-1,ORD-000247917,2025-05-07T18:39:00
LED-001333037,NQ-TOP-001-XL-BLK,판매출고,-1,ORD-000776484,2026-03-11T20:38:00
LED-000410194,NQ-TOP-001-3XL-BLK,판매출고,-1,ORD-000237836,2025-04-27T13:53:00
LED-001500894,NQ-DRS-001-L-IVR,판매출고,-1,ORD-000875076,2026-04-16T18:13:00
LED-002094271,NQ-ACC-BAG-001-FREE-WHT,판매출고,-1,ORD-001229743,2026-08-11T13:45:00
LED-001546693,NQ-TOP-003-M-NVY,판매출고,-1,ORD-000901708,2026-04-27T15:10:00
LED-000632008,NQ-PNT-002-L-BLK,판매출고,-1,ORD-000367035,2025-08-08T10:09:00
LED-001626331,NQ-OUT-001-M-BLK,판매출고,-1,ORD-000948300,2026-05-16T19:19:00
LED-000580115,NQ-OUT-001-M-BEG,반품입고,1,ORD-000336446,2025-08-08T00:00:00
LED-001969313,NQ-TOP-001-L-WHT,판매출고,-1,ORD-001149590,2026-07-29T19:16:00
LED-000363310,NQ-OUT-001-L-NVY,판매출고,-1,ORD-000210706,2025-03-30T11:39:00
LED-001368634,NQ-TOP-001-XL-LYL,판매출고,-1,ORD-000797677,2026-03-15T23:21:00
LED-001366019,NQ-ACC-BAG-001-FREE-BLK,판매출고,-1,ORD-000796124,2026-03-14T21:54:00
LED-001862466,NQ-ACC-BLT-002-FREE-BRN,반품입고,1,ORD-001086177,2026-07-31T00:00:00
LED-000031001,NQ-PNT-001-L-BEG,반품입고,1,ORD-000017327,2024-04-17T00:00:00
LED-001119232,NQ-OUT-001-L-BLK,판매출고,-1,ORD-000652405,2026-01-15T08:36:00
LED-000806754,TRD-OUT-02-WAV-002-L-BEG,판매출고,-1,ORD-000467964,2025-10-24T14:46:00
LED-000855928,NQ-PNT-001-2XL-GRY,반품입고,1,ORD-000496619,2025-11-23T00:00:00
LED-000609198,NQ-TOP-001-M-GRY,판매출고,-1,ORD-000353496,2025-08-03T19:49:00
LED-000656228,NQ-TOP-001-2XL-NVY,판매출고,-1,ORD-000381069,2025-08-17T20:16:00
LED-001966352,NQ-TOP-003-3XL-WHT,판매출고,-1,ORD-001147789,2026-07-29T11:28:00
LED-000823305,NQ-OUT-001-M-BEG,반품입고,1,ORD-000477550,2025-11-22T00:00:00
LED-000567508,NQ-TOP-001-L-SKB,판매출고,-1,ORD-000329176,2025-07-25T19:10:00
LED-000591081,NQ-CLR-WRM-004-S-CRM,판매출고,-1,ORD-000342846,2025-07-30T09:37:00
LED-001871441,NQ-CLR-WRM-004-L-CRM,판매출고,-1,ORD-001091361,2026-07-13T11:20:00
LED-002017646,NQ-PNT-003-2XL-BLK,판매출고,-1,ORD-001179679,2026-08-03T19:22:00
LED-000195878,NQ-PNT-003-XS-GRY,판매출고,-1,ORD-000113483,2024-12-04T10:36:00
LED-001042461,NQ-TOP-004-L-WHT,판매출고,-1,ORD-000606127,2025-12-29T16:11:00
LED-001680890,NQ-TOP-001-2XL-WHT,판매출고,-1,ORD-000980231,2026-05-29T21:46:00
LED-002050291,NQ-PNT-003-M-BEG,판매출고,-1,ORD-001200674,2026-08-06T20:24:00
LED-001178649,NQ-PNT-003-XL-GRY,판매출고,-1,ORD-000686585,2026-02-09T19:15:00
LED-000288021,NQ-CLR-COOL-005-L-CRM,판매출고,-1,ORD-000167357,2025-03-03T15:47:00
LED-000938519,NQ-OUT-002-M-BEG,판매출고,-1,ORD-000545740,2025-11-30T21:18:00
LED-001041943,NQ-PNT-001-S-KHK,판매출고,-1,ORD-000605832,2025-12-29T17:15:00
LED-000300428,NQ-CLR-MUT-003-L-IVR,판매출고,-1,ORD-000174483,2025-03-06T16:27:00
LED-001278962,NQ-PNT-001-L-BLK,판매출고,-1,ORD-000744654,2026-03-06T12:19:00
LED-001962669,NQ-CLR-MUT-003-L-CRM,판매출고,-1,ORD-001145489,2026-07-28T08:07:00
LED-001577091,NQ-PNT-002-XL-GRY,판매출고,-1,ORD-000919560,2026-05-04T11:48:00
LED-000984534,NQ-PNT-001-L-GRY,불량처리,0,ORD-000572270,2026-01-06T00:00:00
LED-001564248,NQ-TOP-002-XS-NVY,판매출고,-1,ORD-000912014,2026-05-01T19:13:00
LED-001138915,NQ-OUT-001-L-BLK,반품입고,1,ORD-000663865,2026-02-06T02:00:00
LED-002038875,NQ-PNT-001-3XL-BLK,판매출고,-1,ORD-001193344,2026-08-05T12:10:00
LED-000214645,NQ-TOP-002-XL-NVY,반품입고,1,ORD-000124393,2025-01-17T00:00:00
LED-000995770,NQ-OUT-002-S-GRY,판매출고,-1,ORD-000578833,2025-12-19T21:53:00
LED-002087816,NQ-OUT-002-S-GRY,판매출고,-1,ORD-001225465,2026-08-10T11:19:00
LED-000341924,NQ-PNT-001-L-BLK,판매출고,-1,ORD-000198472,2025-03-18T08:06:00
LED-000917397,NQ-CLR-WRM-001-L-IVR,판매출고,-1,ORD-000532932,2025-11-27T21:49:00
LED-001330548,NQ-CLR-MUT-003-S-ASH,판매출고,-1,ORD-000775052,2026-03-11T21:29:00
LED-000143760,NQ-CLR-COOL-005-M-CRM,판매출고,-1,ORD-000083048,2024-10-11T13:50:00
LED-000807866,NQ-CLR-COOL-002-M-IVR,판매출고,-1,ORD-000468600,2025-10-25T15:21:00
LED-000787081,NQ-OUT-002-L-NVY,판매출고,-1,ORD-000456537,2025-10-16T17:11:00
LED-000758197,NQ-PNT-001-L-NVY,판매출고,-1,ORD-000439874,2025-10-04T08:18:00
LED-000049291,NQ-TOP-001-L-GRY,판매출고,-1,ORD-000028068,2024-05-18T11:22:00
LED-000413876,NQ-TOP-001-XL-LYL,판매출고,-1,ORD-000240018,2025-04-29T18:11:00
LED-001770860,NQ-TOP-002-M-WHT,판매출고,-1,ORD-001032836,2026-06-20T10:31:00
LED-000859236,NQ-PNT-001-L-GRY,판매출고,-1,ORD-000498576,2025-11-16T08:12:00
LED-001909469,NQ-TOP-003-L-NVY,판매출고,-1,ORD-001113571,2026-07-22T12:05:00
LED-000869153,NQ-CLR-WRM-001-S-CRM,판매출고,-1,ORD-000504366,2025-11-20T23:39:00
LED-001989667,NQ-CLR-MUT-003-L-ASH,판매출고,-1,ORD-001162164,2026-07-31T10:40:00
LED-001749787,NQ-TOP-003-2XL-WHT,판매출고,-1,ORD-001020651,2026-06-14T08:36:00
LED-000039818,NQ-TOP-002-2XL-WHT,판매출고,-1,ORD-000022510,2024-04-28T12:11:00
LED-000464018,NQ-CLR-WRM-001-S-CRM,판매출고,-1,ORD-000269087,2025-05-28T19:57:00
LED-001266693,NQ-PNT-004-XL-GRY,판매출고,-1,ORD-000737506,2026-03-05T13:01:00
LED-000821886,NQ-PNT-001-XL-GRY,판매출고,-1,ORD-000476712,2025-10-31T15:59:00
LED-000161704,NQ-TOP-001-M-NVY,판매출고,-1,ORD-000093518,2024-11-06T10:49:00
LED-000567821,NQ-PNT-003-L-BLK,판매출고,-1,ORD-000329361,2025-07-25T17:53:00
LED-000833270,NQ-OUT-002-M-BEG,판매출고,-1,ORD-000483326,2025-11-05T16:47:00
LED-000225185,NQ-PNT-001-3XL-GRY,판매출고,-1,ORD-000130571,2024-12-31T11:32:00
LED-000844233,NQ-TOP-001-L-BLK,반품입고,1,ORD-000489718,2025-11-20T00:00:00
LED-000459886,NQ-CLR-WRM-001-S-CRM,판매출고,-1,ORD-000266670,2025-05-25T10:30:00
LED-001209541,NQ-TOP-001-XL-WHT,판매출고,-1,ORD-000704088,2026-02-22T22:45:00
LED-002050437,NQ-PNT-002-S-BLK,판매출고,-1,ORD-001200785,2026-08-06T13:23:00
LED-000017498,NQ-CLR-WRM-001-M-CRM,판매출고,-1,ORD-000009468,2024-03-14T16:02:00
LED-001484173,NQ-ACC-PCH-005-FREE-BLK,판매출고,-1,ORD-000865360,2026-04-12T21:16:00
LED-000499120,NQ-TOP-001-3XL-BLK,판매출고,-1,ORD-000289459,2025-06-16T09:29:00
LED-001936114,NQ-DRS-001-M-IVR,판매출고,-1,ORD-001129250,2026-07-26T12:02:00
LED-000161201,NQ-PNT-001-XL-KHK,반품입고,1,ORD-000093225,2024-11-29T00:00:00
LED-002033003,NQ-PNT-001-S-BLK,판매출고,-1,ORD-001189561,2026-08-04T22:12:00
LED-001321841,NQ-CLR-MUT-003-L-IVR,판매출고,-1,ORD-000769945,2026-03-10T08:17:00
LED-001178842,NQ-PNT-001-2XL-BEG,판매출고,-1,ORD-000686684,2026-02-09T10:16:00
LED-001491651,NQ-PNT-001-3XL-BLK,판매출고,-1,ORD-000869737,2026-04-13T13:07:00
LED-000924591,NQ-OUT-001-L-NVY,불량처리,0,ORD-000537357,2025-12-18T00:00:00
LED-001478283,NQ-TOP-003-XL-BLK,판매출고,-1,ORD-000861955,2026-04-11T10:06:00
LED-000541521,NQ-TOP-002-XL-BLK,판매출고,-1,ORD-000314078,2025-07-10T16:33:00
LED-001354775,NQ-PNT-001-L-KHK,판매출고,-1,ORD-000789268,2026-03-14T15:54:00
LED-001070364,NQ-PNT-001-3XL-NVY,판매출고,-1,ORD-000622741,2026-01-04T20:55:00
LED-001216865,NQ-PNT-001-L-BEG,판매출고,-1,ORD-000708326,2026-02-26T16:13:00
LED-000337666,NQ-PNT-001-L-NVY,판매출고,-1,ORD-000196047,2025-03-16T23:56:00
LED-001681866,NQ-TOP-001-4XL-NVY,판매출고,-1,ORD-000980823,2026-05-30T20:18:00
LED-000487653,NQ-PNT-001-L-GRY,반품입고,1,ORD-000282835,2025-06-25T00:00:00
LED-000780234,TRD-TOP-01-NAT-003-S-IVR,판매출고,-1,ORD-000452560,2025-10-12T19:26:00
LED-000112230,NQ-TOP-003-L-WHT,판매출고,-1,ORD-000064681,2024-08-23T21:34:00
LED-000606108,NQ-CLR-WRM-004-M-IVR,판매출고,-1,ORD-000351685,2025-08-02T23:02:00
LED-000977918,NQ-PNT-001-M-BLK,반품입고,1,ORD-000568519,2026-01-05T00:00:00
LED-000921246,NQ-OUT-001-M-GRY,판매출고,-1,ORD-000535259,2025-11-28T11:55:00
LED-000539007,NQ-TOP-003-2XL-BLK,판매출고,-1,ORD-000312625,2025-07-09T14:09:00
LED-001021254,NQ-TOP-001-L-ORC,판매출고,-1,ORD-000593615,2025-12-24T14:22:00
LED-000075109,NQ-CLR-MUT-003-M-ASH,판매출고,-1,ORD-000043200,2024-07-07T20:55:00
LED-000981151,NQ-TOP-005-S-NVY,판매출고,-1,ORD-000570340,2025-12-16T14:17:00
LED-000908999,NQ-TOP-001-L-NVY,반품입고,1,ORD-000527926,2025-12-14T00:00:00
LED-001035846,NQ-TOP-001-S-ORC,반품입고,1,ORD-000602083,2026-01-17T00:00:00
LED-000946524,NQ-PNT-001-2XL-KHK,반품입고,1,ORD-000550582,2025-12-30T00:00:00
LED-001651441,NQ-OUT-002-M-GRY,반품입고,1,ORD-000962956,2026-06-04T00:00:00
LED-001347351,NQ-ACC-BAG-001-FREE-BEG,반품입고,1,ORD-000784939,2026-04-10T00:00:00
LED-001672364,NQ-PNT-003-XL-BLK,판매출고,-1,ORD-000975201,2026-05-27T13:13:00
LED-001668270,NQ-CLR-MUT-003-M-ASH,판매출고,-1,ORD-000972812,2026-05-26T08:36:00
LED-001825117,NQ-TOP-001-2XL-BLK,판매출고,-1,ORD-001064422,2026-07-02T09:45:00
LED-000382666,NQ-CLR-MUT-003-S-IVR,반품입고,1,ORD-000221835,2025-05-04T00:00:00
LED-001808891,NQ-OUT-001-M-BLK,판매출고,-1,ORD-001054906,2026-06-28T22:17:00
LED-001453560,NQ-TOP-001-2XL-BLK,판매출고,-1,ORD-000847540,2026-04-05T08:15:00
LED-001040064,NQ-TOP-003-S-GRY,판매출고,-1,ORD-000604666,2025-12-28T12:17:00
LED-000718606,NQ-TOP-001-M-WHT,판매출고,-1,ORD-000416913,2025-09-16T15:00:00
LED-000791267,NQ-PNT-002-XL-BLK,판매출고,-1,ORD-000459019,2025-10-18T19:31:00
LED-001355655,NQ-TOP-001-L-GRY,반품입고,1,ORD-000789781,2026-04-10T00:00:00
LED-001491944,NQ-TOP-001-XL-LYL,판매출고,-1,ORD-000869903,2026-04-14T21:40:00
LED-000575947,NQ-TOP-001-XL-GRY,판매출고,-1,ORD-000334054,2025-07-26T22:23:00
LED-001745907,NQ-TOP-001-L-WHT,판매출고,-1,ORD-001018361,2026-06-13T09:01:00
LED-001948727,NQ-CLR-WRM-001-S-CRM,판매출고,-1,ORD-001136866,2026-07-27T09:20:00
LED-000905941,NQ-TOP-004-2XL-WHT,판매출고,-1,ORD-000526154,2025-11-25T21:02:00
LED-001347647,NQ-CLR-MUT-003-L-ASH,판매출고,-1,ORD-000785116,2026-03-13T13:32:00
LED-002040301,NQ-TOP-001-S-BLK,판매출고,-1,ORD-001194226,2026-08-05T11:23:00
LED-000473082,NQ-PNT-002-L-BEG,판매출고,-1,ORD-000274357,2025-06-02T16:03:00
LED-000779117,NQ-PNT-001-M-NVY,판매출고,-1,ORD-000451920,2025-10-12T22:33:00
LED-001728685,NQ-OUT-001-M-BEG,판매출고,-1,ORD-001008343,2026-06-09T15:32:00
LED-000307044,NQ-TOP-001-XL-ORC,판매출고,-1,ORD-000178243,2025-03-08T22:36:00
LED-000661595,NQ-OUT-001-S-BLK,판매출고,-1,ORD-000384106,2025-08-20T14:50:00
LED-001488389,NQ-OUT-002-S-GRY,판매출고,-1,ORD-000867843,2026-04-13T19:56:00
LED-001509812,NQ-TOP-003-4XL-GRY,판매출고,-1,ORD-000880195,2026-04-18T23:39:00
LED-001846588,NQ-TOP-001-L-GRY,판매출고,-1,ORD-001076846,2026-07-07T20:33:00
LED-000384298,NQ-TOP-001-L-WHT,판매출고,-1,ORD-000222784,2025-04-12T18:21:00
LED-001043557,NQ-TOP-001-4XL-GRY,판매출고,-1,ORD-000606749,2025-12-29T12:40:00
LED-001363270,NQ-CLR-MUT-003-L-ASH,판매출고,-1,ORD-000794403,2026-03-14T18:44:00
LED-000445617,NQ-TOP-001-S-WHT,반품입고,1,ORD-000258353,2025-06-10T00:00:00
LED-001685895,NQ-OUT-003-M-BLK,판매출고,-1,ORD-000983230,2026-05-30T13:43:00
LED-001465407,NQ-TOP-001-L-LYL,반품입고,1,ORD-000854517,2026-04-15T00:00:00
LED-001189248,NQ-CLR-WRM-001-M-IVR,판매출고,-1,ORD-000692534,2026-02-14T23:51:00
LED-000573495,NQ-TOP-001-L-BLK,반품입고,1,ORD-000332635,2025-08-22T00:00:00
LED-001057271,NQ-TOP-001-L-SKB,판매출고,-1,ORD-000614776,2026-01-01T16:28:00
LED-000763901,NQ-OUT-001-S-GRY,판매출고,-1,ORD-000443195,2025-10-05T15:59:00
LED-001660916,NQ-TOP-001-L-NVY,판매출고,-1,ORD-000968488,2026-05-24T09:08:00
LED-001322774,NQ-TOP-001-4XL-LYL,판매출고,-1,ORD-000770501,2026-03-10T13:14:00
LED-000511100,NQ-TOP-001-L-WHT,판매출고,-1,ORD-000296526,2025-06-23T10:28:00
LED-000189395,NQ-TOP-002-L-GRY,판매출고,-1,ORD-000109697,2024-11-29T13:42:00
LED-001538843,NQ-CLR-MUT-003-L-ASH,판매출고,-1,ORD-000897109,2026-04-25T22:17:00
LED-001325448,NQ-CLR-COOL-002-L-ASH,판매출고,-1,ORD-000772107,2026-03-10T09:24:00
LED-001200120,NQ-OUT-001-S-NVY,판매출고,-1,ORD-000698676,2026-02-19T16:13:00
LED-001613027,NQ-TOP-001-4XL-BLK,불량처리,0,ORD-000940553,2026-05-22T00:00:00
LED-001807901,NQ-CLR-WRM-001-L-CRM,판매출고,-1,ORD-001054324,2026-06-28T14:10:00
LED-001733846,NQ-PNT-002-XL-GRY,반품입고,1,ORD-001011354,2026-07-02T00:00:00
LED-001026577,NQ-TOP-001-L-NVY,판매출고,-1,ORD-000596622,2025-12-26T19:33:00
LED-000629937,NQ-TOP-001-S-ORC,판매출고,-1,ORD-000365804,2025-08-08T15:24:00
LED-000782808,NQ-OUT-001-S-BEG,반품입고,1,ORD-000454023,2025-11-10T00:00:00
LED-000972539,NQ-OUT-001-S-NVY,판매출고,-1,ORD-000565450,2025-12-13T14:44:00
LED-001877349,NQ-CLR-COOL-002-S-CRM,판매출고,-1,ORD-001094796,2026-07-14T22:38:00
LED-001896308,NQ-TOP-005-XL-WHT,판매출고,-1,ORD-001105852,2026-07-19T10:26:00
LED-000373092,NQ-PNT-001-2XL-GRY,판매출고,-1,ORD-000216323,2025-04-05T09:37:00
LED-001892656,NQ-OUT-001-L-BEG,판매출고,-1,ORD-001103737,2026-07-18T08:28:00
LED-000248146,NQ-PNT-001-L-KHK,판매출고,-1,ORD-000144255,2025-01-20T18:43:00
LED-002054006,NQ-TOP-001-S-BLK,판매출고,-1,ORD-001203076,2026-08-07T20:54:00
LED-000414023,NQ-TOP-001-XL-LYL,판매출고,-1,ORD-000240104,2025-04-29T09:57:00
LED-000182771,NQ-PNT-001-M-NVY,판매출고,-1,ORD-000105785,2024-11-25T09:07:00
LED-001150865,NQ-TOP-001-XL-BLK,반품입고,1,ORD-000670736,2026-02-13T00:00:00
LED-000251350,NQ-TOP-001-L-LYL,판매출고,-1,ORD-000146069,2025-01-25T18:51:00
LED-001427968,NQ-CLR-MUT-003-L-CRM,판매출고,-1,ORD-000832586,2026-03-29T19:06:00
LED-000647854,NQ-TOP-001-M-GRY,판매출고,-1,ORD-000376252,2025-08-13T21:46:00
LED-000791799,NQ-TOP-001-M-SKB,판매출고,-1,ORD-000459317,2025-10-18T18:35:00
LED-001669994,NQ-TOP-001-L-BLK,판매출고,-1,ORD-000973779,2026-05-26T09:23:00
LED-000231106,NQ-PNT-001-S-NVY,판매출고,-1,ORD-000134125,2025-01-05T16:32:00
LED-000668927,NQ-TOP-004-XL-NVY,반품입고,1,ORD-000388290,2025-09-05T00:00:00
LED-000871262,NQ-OUT-001-L-BEG,판매출고,-1,ORD-000505645,2025-11-20T13:02:00
LED-001650653,NQ-TOP-001-M-BLK,판매출고,-1,ORD-000962489,2026-05-22T22:07:00
LED-001363877,NQ-TOP-005-L-BLK,판매출고,-1,ORD-000794784,2026-03-14T21:06:00
LED-000770862,NQ-PNT-003-M-BEG,반품입고,1,ORD-000447156,2025-11-01T00:00:00
LED-001493442,NQ-TOP-002-XL-WHT,반품입고,1,ORD-000870754,2026-04-14T02:00:00
LED-000243704,NQ-PNT-001-XS-GRY,반품입고,1,ORD-000141652,2025-01-22T00:00:00
LED-001601082,NQ-CLR-COOL-002-M-CRM,판매출고,-1,ORD-000933612,2026-05-10T09:05:00
LED-001337412,NQ-OUT-001-M-BLK,반품입고,1,ORD-000779093,2026-04-08T00:00:00
LED-001866061,NQ-ACC-BLT-002-FREE-BEG,판매출고,-1,ORD-001088240,2026-07-12T15:24:00
LED-001894807,NQ-OUT-002-S-GRY,판매출고,-1,ORD-001104989,2026-07-18T21:26:00
LED-001294689,TRD-OUT-03-NAT-003-L-BLK,판매출고,-1,ORD-000753941,2026-03-07T20:50:00
LED-001355853,NQ-DRS-002-M-IVR,판매출고,-1,ORD-000789898,2026-03-14T08:39:00
LED-000073701,NQ-CLR-WRM-001-S-CRM,판매출고,-1,ORD-000042347,2024-07-05T13:36:00
LED-000151376,NQ-TOP-002-L-BLK,판매출고,-1,ORD-000087485,2024-10-22T17:38:00
LED-000384577,NQ-CLR-COOL-002-L-IVR,판매출고,-1,ORD-000222936,2025-04-12T08:25:00
LED-001739155,NQ-TOP-002-L-GRY,판매출고,-1,ORD-001014449,2026-06-12T21:53:00
LED-000367649,NQ-OUT-001-L-BEG,반품입고,1,ORD-000213183,2025-04-14T00:00:00
LED-000522934,NQ-TOP-001-2XL-BLK,판매출고,-1,ORD-000303365,2025-06-29T11:34:00
LED-000929096,NQ-PNT-001-S-BEG,판매출고,-1,ORD-000540088,2025-11-29T22:39:00
LED-001176574,NQ-PNT-001-S-GRY,판매출고,-1,ORD-000685395,2026-02-08T13:06:00
LED-002045777,NQ-TOP-004-L-WHT,판매출고,-1,ORD-001197727,2026-08-06T14:54:00
LED-001373597,NQ-TOP-001-L-WHT,판매출고,-1,ORD-000800585,2026-03-16T22:54:00
LED-000185095,NQ-TOP-002-XS-GRY,판매출고,-1,ORD-000107157,2024-11-26T20:58:00
LED-001284768,NQ-TOP-003-XL-NVY,판매출고,-1,ORD-000748064,2026-03-07T09:51:00
LED-001435974,NQ-OUT-001-S-GRY,판매출고,-1,ORD-000837225,2026-03-31T23:36:00
LED-000699191,NQ-TOP-001-XS-LYL,판매출고,-1,ORD-000405596,2025-09-07T19:23:00
LED-000180043,NQ-CLR-MUT-003-S-ASH,판매출고,-1,ORD-000104174,2024-11-24T15:35:00
LED-000355993,NQ-OUT-001-M-BLK,반품입고,1,ORD-000206553,2025-04-03T00:00:00
LED-000901735,NQ-CLR-WRM-001-L-IVR,판매출고,-1,ORD-000523695,2025-11-24T13:56:00
LED-001485041,NQ-OUT-001-M-NVY,판매출고,-1,ORD-000865868,2026-04-12T22:19:00
LED-000968197,NQ-OUT-001-S-BEG,판매출고,-1,ORD-000562965,2025-12-11T09:11:00
LED-001252413,NQ-CLR-MUT-006-S-IVR,판매출고,-1,ORD-000729247,2026-03-03T17:25:00
LED-001597723,NQ-PNT-004-S-GRY,판매출고,-1,ORD-000931614,2026-05-09T12:06:00
LED-000621736,NQ-TOP-001-2XL-SKB,반품입고,1,ORD-000360813,2025-08-15T00:00:00
LED-001123952,NQ-CLR-COOL-002-L-ASH,판매출고,-1,ORD-000655174,2026-01-17T15:00:00
LED-000273558,NQ-TOP-001-L-GRY,불량처리,0,ORD-000158991,2025-03-08T00:00:00
LED-001776539,NQ-PNT-001-S-KHK,판매출고,-1,ORD-001036171,2026-06-21T11:11:00
LED-000911730,NQ-CLR-COOL-005-L-CRM,판매출고,-1,ORD-000529539,2025-11-26T22:07:00
LED-001805664,NQ-OUT-001-L-NVY,판매출고,-1,ORD-001052996,2026-06-27T14:02:00
LED-000298953,NQ-CLR-WRM-004-S-CRM,판매출고,-1,ORD-000173638,2025-03-06T12:10:00
LED-000984449,NQ-PNT-001-XL-BLK,판매출고,-1,ORD-000572223,2025-12-16T17:46:00
LED-001305107,NQ-PNT-001-S-GRY,반품입고,1,ORD-000760024,2026-03-18T00:00:00
LED-001358792,NQ-TOP-003-M-BLK,판매출고,-1,ORD-000791623,2026-03-14T13:59:00
LED-001523458,NQ-PNT-002-L-BEG,판매출고,-1,ORD-000888193,2026-04-21T11:25:00
LED-000444805,NQ-TOP-001-S-GRY,판매출고,-1,ORD-000257878,2025-05-17T23:44:00
LED-001844456,NQ-TOP-001-M-GRY,판매출고,-1,ORD-001075609,2026-07-06T12:34:00
LED-000854870,NQ-PNT-002-L-BLK,반품입고,1,ORD-000496000,2025-11-22T00:00:00
LED-002020645,NQ-PNT-001-S-KHK,판매출고,-1,ORD-001181570,2026-08-03T23:02:00
LED-000544999,NQ-TOP-001-M-WHT,반품입고,1,ORD-000316110,2025-08-06T00:00:00
LED-001240817,TRD-ACC-01-CHM-001-FREE-BLK,판매출고,-1,ORD-000722484,2026-03-02T20:28:00
LED-000680952,NQ-TOP-001-2XL-GRY,판매출고,-1,ORD-000395131,2025-08-31T20:41:00
LED-001030913,NQ-PNT-002-S-BEG,판매출고,-1,ORD-000599104,2025-12-27T16:40:00
LED-002011098,NQ-PNT-004-S-BEG,판매출고,-1,ORD-001175478,2026-08-02T10:23:00
LED-001988563,NQ-DRS-001-L-IVR,판매출고,-1,ORD-001161480,2026-07-31T12:46:00
LED-001134805,NQ-TOP-004-3XL-GRY,판매출고,-1,ORD-000661540,2026-01-22T12:05:00
LED-001422198,NQ-OUT-002-M-GRY,판매출고,-1,ORD-000829200,2026-03-28T17:22:00
LED-001896740,NQ-TOP-003-M-NVY,판매출고,-1,ORD-001106110,2026-07-19T21:37:00
LED-001850043,NQ-TOP-004-L-BLK,판매출고,-1,ORD-001078886,2026-07-08T19:10:00
LED-001574937,NQ-CLR-WRM-004-M-CRM,판매출고,-1,ORD-000918299,2026-05-03T09:46:00
LED-000350415,NQ-CLR-COOL-002-M-ASH,판매출고,-1,ORD-000203373,2025-03-23T23:09:00
LED-001672533,NQ-TOP-001-L-LYL,판매출고,-1,ORD-000975306,2026-05-27T13:25:00
LED-001803472,NQ-OUT-001-L-NVY,반품입고,1,ORD-001051705,2026-07-17T00:00:00
LED-001452574,NQ-PNT-001-XL-BEG,판매출고,-1,ORD-000846951,2026-04-04T14:12:00
LED-000164788,NQ-PNT-003-XL-GRY,판매출고,-1,ORD-000095325,2024-11-10T19:10:00
LED-000844567,NQ-OUT-001-S-GRY,판매출고,-1,ORD-000489927,2025-11-09T12:01:00
LED-000006174,NQ-TOP-001-S-LYL,판매출고,-1,ORD-000002846,2024-03-04T17:02:00
LED-001210093,NQ-PNT-001-L-NVY,판매출고,-1,ORD-000704410,2026-02-22T19:58:00
LED-001487928,NQ-PNT-003-M-GRY,반품입고,1,ORD-000867574,2026-05-08T00:00:00
LED-001123929,NQ-TOP-001-2XL-NVY,판매출고,-1,ORD-000655162,2026-01-17T17:43:00
LED-000302134,TRD-OUT-01-STR-001-M-BLK,판매출고,-1,ORD-000175445,2025-03-07T23:43:00
LED-001399042,NQ-ACC-BLT-002-FREE-BLK,판매출고,-1,ORD-000815700,2026-03-22T21:58:00
LED-000764234,NQ-CLR-WRM-004-M-CRM,판매출고,-1,ORD-000443383,2025-10-06T10:11:00
LED-000330097,NQ-PNT-001-S-BLK,판매출고,-1,ORD-000191677,2025-03-13T15:47:00
LED-000657904,NQ-TOP-001-XS-SKB,판매출고,-1,ORD-000382014,2025-08-18T10:41:00
LED-000146004,NQ-TOP-001-S-WHT,판매출고,-1,ORD-000084383,2024-10-14T09:31:00
LED-001566466,NQ-CLR-MUT-003-S-IVR,판매출고,-1,ORD-000913323,2026-05-02T21:21:00
LED-000635625,NQ-TOP-001-4XL-LYL,판매출고,-1,ORD-000369145,2025-08-09T08:10:00
LED-001221405,NQ-OUT-002-S-BEG,판매출고,-1,ORD-000711011,2026-02-28T09:39:00
LED-001421288,NQ-OUT-002-L-GRY,판매출고,-1,ORD-000828663,2026-03-28T16:03:00
LED-000548058,NQ-TOP-003-2XL-BLK,판매출고,-1,ORD-000317904,2025-07-13T09:01:00
LED-WS000103,NQ-CLR-MUT-006-L-ASH,판매출고,-21,ORD-WS000093,2026-06-29T17:00:00
LED-001570022,NQ-CLR-MUT-003-S-IVR,판매출고,-1,ORD-000915424,2026-05-03T11:25:00
LED-000097541,NQ-TOP-001-L-SKB,판매출고,-1,ORD-000056216,2024-08-04T18:33:00
LED-001600518,NQ-TOP-002-XS-BLK,판매출고,-1,ORD-000933284,2026-05-10T18:40:00
LED-001991760,NQ-OUT-003-S-NVY,판매출고,-1,ORD-001163459,2026-07-31T11:18:00
LED-000627265,NQ-CLR-WRM-004-S-IVR,판매출고,-1,ORD-000364136,2025-08-07T15:10:00
LED-001689547,NQ-PNT-001-S-BLK,판매출고,-1,ORD-000985415,2026-05-31T12:44:00
LED-000820210,NQ-OUT-001-S-BEG,판매출고,-1,ORD-000475740,2025-10-30T19:41:00
LED-000678968,NQ-TOP-001-S-LYL,반품입고,1,ORD-000394001,2025-09-15T00:00:00
LED-001413793,NQ-CLR-WRM-001-L-IVR,판매출고,-1,ORD-000824358,2026-03-26T10:14:00
LED-000855530,NQ-CLR-WRM-001-S-CRM,판매출고,-1,ORD-000496381,2025-11-15T08:05:00
LED-000893959,NQ-CLR-COOL-002-S-IVR,판매출고,-1,ORD-000518987,2025-11-23T09:32:00
LED-001136852,NQ-PNT-001-S-BLK,반품입고,1,ORD-000662704,2026-02-15T00:00:00
LED-001790125,NQ-DRS-001-L-IVR,판매출고,-1,ORD-001043985,2026-06-24T13:07:00
LED-002017593,NQ-TOP-001-M-GRY,판매출고,-1,ORD-001179645,2026-08-03T16:34:00
LED-000104780,NQ-CLR-MUT-003-S-ASH,판매출고,-1,ORD-000060391,2024-08-10T22:19:00
LED-002016516,NQ-CLR-MUT-006-L-CRM,판매출고,-1,ORD-001178954,2026-08-02T23:13:00
LED-000811496,NQ-OUT-001-M-BEG,판매출고,-1,ORD-000470724,2025-10-26T14:54:00
LED-000793482,NQ-PNT-001-L-NVY,판매출고,-1,ORD-000460288,2025-10-18T13:19:00
LED-001580588,NQ-PNT-001-M-GRY,판매출고,-1,ORD-000921613,2026-05-05T09:44:00
LED-001019175,NQ-PNT-001-L-NVY,반품입고,1,ORD-000592428,2026-01-06T00:00:00
LED-000528830,NQ-TOP-001-M-WHT,판매출고,-1,ORD-000306768,2025-07-03T15:14:00
LED-000335428,NQ-PNT-001-M-BLK,반품입고,1,ORD-000194753,2025-04-11T00:00:00
LED-001254499,NQ-TOP-004-4XL-WHT,판매출고,-1,ORD-000730460,2026-03-04T11:46:00
LED-001021713,NQ-PNT-001-L-GRY,판매출고,-1,ORD-000593878,2025-12-25T09:50:00
LED-000525435,NQ-TOP-001-M-BLK,판매출고,-1,ORD-000304811,2025-07-01T20:41:00
LED-000936257,NQ-OUT-002-M-GRY,판매출고,-1,ORD-000544403,2025-11-30T11:47:00
LED-001045111,NQ-CLR-COOL-002-M-IVR,판매출고,-1,ORD-000607653,2025-12-29T22:15:00
LED-000451440,NQ-OUT-001-L-BLK,판매출고,-1,ORD-000261710,2025-05-21T23:43:00
LED-000612878,NQ-PNT-002-XS-BEG,판매출고,-1,ORD-000355610,2025-08-03T16:03:00
LED-001307710,TRD-OUT-03-WAV-002-L-BLK,판매출고,-1,ORD-000761539,2026-03-08T15:48:00
LED-000963744,NQ-PNT-003-L-GRY,판매출고,-1,ORD-000560507,2025-12-09T10:06:00
LED-001804453,NQ-CLR-MUT-003-S-ASH,판매출고,-1,ORD-001052273,2026-06-27T13:49:00
LED-000684752,NQ-PNT-002-3XL-GRY,판매출고,-1,ORD-000397316,2025-09-01T13:40:00
LED-000887678,NQ-TOP-001-M-ORC,판매출고,-1,ORD-000515312,2025-11-22T14:49:00
LED-000132418,NQ-TOP-001-XL-NVY,판매출고,-1,ORD-000076451,2024-09-24T22:21:00
LED-001362257,NQ-PNT-001-XL-BEG,판매출고,-1,ORD-000793751,2026-03-14T09:54:00
LED-000778470,NQ-OUT-003-L-BEG,판매출고,-1,ORD-000451560,2025-10-12T21:47:00
LED-001129842,NQ-TOP-002-S-BLK,판매출고,-1,ORD-000658673,2026-01-20T13:32:00
LED-001679312,NQ-OUT-001-S-BEG,판매출고,-1,ORD-000979320,2026-05-29T22:14:00
LED-001802896,NQ-CLR-MUT-006-M-IVR,판매출고,-1,ORD-001051364,2026-06-27T12:29:00
LED-001875858,NQ-TOP-004-M-NVY,판매출고,-1,ORD-001093935,2026-07-14T08:09:00
LED-001051885,NQ-TOP-001-M-ORC,판매출고,-1,ORD-000611609,2025-12-31T15:46:00
LED-001396970,NQ-CLR-MUT-003-S-CRM,판매출고,-1,ORD-000814473,2026-03-22T14:51:00
LED-001695379,NQ-ACC-BAG-001-FREE-BLK,판매출고,-1,ORD-000988802,2026-06-01T23:41:00
LED-001155555,NQ-OUT-002-S-BLK,판매출고,-1,ORD-000673375,2026-01-31T23:28:00
LED-000777788,NQ-CLR-WRM-001-L-IVR,판매출고,-1,ORD-000451178,2025-10-12T20:09:00
LED-000047650,NQ-CLR-COOL-005-L-CRM,반품입고,1,ORD-000027096,2024-06-08T00:00:00
LED-000901481,NQ-OUT-002-L-NVY,반품입고,1,ORD-000523537,2025-12-17T00:00:00
LED-001097707,NQ-CLR-MUT-003-S-CRM,판매출고,-1,ORD-000639444,2026-01-10T14:50:00
LED-001885343,NQ-CLR-WRM-004-L-ASH,판매출고,-1,ORD-001099451,2026-07-16T14:15:00
LED-000098920,NQ-TOP-001-L-BLK,판매출고,-1,ORD-000057029,2024-08-05T08:24:00
LED-001599172,NQ-OUT-001-M-BLK,판매출고,-1,ORD-000932499,2026-05-10T19:31:00
LED-000995389,NQ-OUT-002-S-NVY,판매출고,-1,ORD-000578592,2025-12-19T22:41:00
LED-000899203,NQ-TOP-001-S-NVY,판매출고,-1,ORD-000522156,2025-11-24T09:02:00
LED-000861083,NQ-PNT-002-L-GRY,반품입고,1,ORD-000499661,2025-12-05T00:00:00
LED-000369222,NQ-OUT-001-L-GRY,판매출고,-1,ORD-000214102,2025-04-03T09:40:00
LED-000392478,NQ-PNT-001-L-BLK,판매출고,-1,ORD-000227516,2025-04-16T18:47:00
LED-001832076,NQ-PNT-001-L-BLK,판매출고,-1,ORD-001068441,2026-07-04T23:34:00
LED-001565341,NQ-PNT-001-S-NVY,판매출고,-1,ORD-000912649,2026-05-02T14:22:00
LED-001168092,NQ-TOP-004-S-NVY,판매출고,-1,ORD-000680473,2026-02-05T21:55:00
LED-001587868,NQ-CLR-MUT-006-M-CRM,판매출고,-1,ORD-000925893,2026-05-07T13:45:00
LED-000282429,NQ-PNT-003-XL-GRY,판매출고,-1,ORD-000164148,2025-03-02T22:55:00
LED-001430091,NQ-TOP-003-XL-GRY,판매출고,-1,ORD-000833792,2026-03-30T11:21:00
LED-001192551,NQ-TOP-001-S-SKB,판매출고,-1,ORD-000694388,2026-02-15T23:48:00
LED-001411438,NQ-TOP-001-XS-GRY,판매출고,-1,ORD-000822968,2026-03-25T12:09:00
LED-001413321,NQ-TOP-001-S-SKB,판매출고,-1,ORD-000824076,2026-03-26T12:37:00
LED-000302113,TRD-OUT-01-WAV-002-M-GRY,판매출고,-1,ORD-000175436,2025-03-07T08:35:00
LED-001630216,NQ-PNT-001-L-NVY,판매출고,-1,ORD-000950558,2026-05-17T22:17:00
LED-000173874,NQ-TOP-001-M-GRY,판매출고,-1,ORD-000100569,2024-11-21T23:04:00
LED-002059726,NQ-OUT-001-L-BEG,판매출고,-1,ORD-001206776,2026-08-07T19:25:00
LED-001350512,NQ-TOP-003-XL-BLK,판매출고,-1,ORD-000786778,2026-03-13T11:41:00
LED-000914132,NQ-CLR-MUT-006-L-ASH,판매출고,-1,ORD-000531010,2025-11-26T14:14:00
LED-002037475,NQ-OUT-002-M-BEG,판매출고,-1,ORD-001192459,2026-08-05T19:34:00
LED-000943812,NQ-TOP-001-L-ORC,판매출고,-1,ORD-000549034,2025-12-01T09:11:00
LED-001118153,NQ-PNT-001-4XL-NVY,반품입고,1,ORD-000651725,2026-02-09T00:00:00
LED-001678380,NQ-TOP-003-M-BLK,판매출고,-1,ORD-000978768,2026-05-29T21:43:00
LED-001032175,NQ-PNT-001-2XL-BEG,판매출고,-1,ORD-000599842,2025-12-27T22:32:00
LED-000101404,NQ-PNT-001-XS-KHK,반품입고,1,ORD-000058441,2024-08-31T00:00:00
LED-000885969,TRD-TOP-01-WAV-002-S-BLK,판매출고,-1,ORD-000514295,2025-11-22T18:12:00
LED-001422266,NQ-ACC-BAG-001-FREE-BRN,판매출고,-1,ORD-000829241,2026-03-28T12:11:00
LED-000502828,NQ-TOP-001-2XL-BLK,판매출고,-1,ORD-000291634,2025-06-19T10:21:00
LED-001747854,NQ-OUT-001-M-GRY,판매출고,-1,ORD-001019487,2026-06-14T10:05:00
LED-000703010,NQ-CLR-WRM-001-M-IVR,판매출고,-1,ORD-000407826,2025-09-09T10:32:00
LED-002061705,NQ-OUT-001-L-BLK,판매출고,-1,ORD-001208043,2026-08-08T15:29:00
LED-001211058,NQ-PNT-003-S-GRY,판매출고,-1,ORD-000704968,2026-02-23T11:32:00
LED-001511980,NQ-PNT-003-2XL-GRY,판매출고,-1,ORD-000881468,2026-04-19T21:45:00
LED-001357575,NQ-TOP-001-M-BLK,판매출고,-1,ORD-000790906,2026-03-14T22:23:00
LED-001342450,NQ-TOP-001-L-NVY,판매출고,-1,ORD-000782028,2026-03-12T08:32:00
LED-000288795,NQ-TOP-001-XL-BLK,판매출고,-1,ORD-000167801,2025-03-03T16:57:00
LED-001791572,NQ-CLR-WRM-001-S-ASH,판매출고,-1,ORD-001044822,2026-06-24T10:58:00
LED-000799828,NQ-PNT-003-M-BEG,판매출고,-1,ORD-000463958,2025-10-21T17:01:00
LED-001050284,NQ-TOP-001-3XL-BLK,판매출고,-1,ORD-000610703,2025-12-31T09:55:00
LED-000004518,NQ-CLR-COOL-002-M-ASH,판매출고,-1,ORD-000001894,2024-03-03T21:15:00
LED-000724052,NQ-OUT-001-S-BLK,반품입고,1,ORD-000420054,2025-10-14T00:00:00
LED-001459058,NQ-PNT-001-S-BEG,판매출고,-1,ORD-000850796,2026-04-06T18:32:00
LED-000472399,NQ-CLR-MUT-003-M-CRM,판매출고,-1,ORD-000273972,2025-06-02T21:07:00
LED-001549526,NQ-ACC-BAG-001-FREE-BRN,판매출고,-1,ORD-000903361,2026-04-27T18:28:00
LED-001697349,NQ-TOP-004-L-WHT,판매출고,-1,ORD-000989973,2026-06-02T15:42:00
LED-002056212,NQ-OUT-001-S-NVY,판매출고,-1,ORD-001204528,2026-08-07T17:24:00
LED-001066074,NQ-PNT-002-2XL-BLK,판매출고,-1,ORD-000620161,2026-01-03T15:57:00
LED-000655410,NQ-PNT-001-L-BLK,판매출고,-1,ORD-000380587,2025-08-17T22:39:00
LED-000146789,NQ-TOP-001-S-BLK,판매출고,-1,ORD-000084837,2024-10-15T19:57:00
LED-002123446,NQ-ACC-SCF-003-FREE-BEG,판매출고,-1,ORD-001249505,2026-08-19T09:37:00
LED-000775261,NQ-CLR-WRM-004-M-IVR,판매출고,-1,ORD-000449695,2025-10-11T23:14:00
LED-000247632,NQ-CLR-MUT-003-M-CRM,판매출고,-1,ORD-000143963,2025-01-19T15:56:00
LED-000518275,NQ-TOP-002-S-WHT,판매출고,-1,ORD-000300670,2025-06-27T10:45:00
LED-000215928,NQ-PNT-001-XL-GRY,반품입고,1,ORD-000125156,2025-01-02T00:00:00
LED-000059580,NQ-TOP-001-L-BLK,반품입고,1,ORD-000034025,2024-06-19T00:00:00
LED-000391738,NQ-CLR-MUT-006-L-CRM,판매출고,-1,ORD-000227090,2025-04-16T21:58:00
LED-001496124,NQ-TOP-001-XL-SKB,판매출고,-1,ORD-000872333,2026-04-15T21:02:00
LED-000771007,NQ-TOP-001-S-ORC,판매출고,-1,ORD-000447242,2025-10-09T12:53:00
LED-000415365,NQ-TOP-001-S-WHT,판매출고,-1,ORD-000240869,2025-04-30T22:46:00
LED-000816424,NQ-CLR-WRM-001-L-CRM,판매출고,-1,ORD-000473610,2025-10-28T12:18:00
LED-001672626,NQ-PNT-001-XL-BLK,판매출고,-1,ORD-000975357,2026-05-27T13:23:00
LED-000826887,NQ-TOP-002-S-GRY,판매출고,-1,ORD-000479610,2025-11-02T09:16:00
LED-001900385,NQ-OUT-002-S-GRY,판매출고,-1,ORD-001108257,2026-07-19T09:35:00
LED-000756164,TRD-OUT-02-STR-001-S-GRN,판매출고,-1,ORD-000438707,2025-10-03T20:38:00
LED-001991668,NQ-TOP-002-2XL-GRY,판매출고,-1,ORD-001163400,2026-07-31T16:19:00
LED-001912921,NQ-CLR-WRM-001-L-ASH,판매출고,-1,ORD-001115572,2026-07-23T14:10:00
LED-001220128,NQ-CLR-COOL-002-S-ASH,판매출고,-1,ORD-000710218,2026-02-27T16:01:00
LED-001658566,NQ-CLR-WRM-001-M-ASH,판매출고,-1,ORD-000967144,2026-05-24T18:14:00
LED-000378747,NQ-CLR-MUT-003-L-IVR,판매출고,-1,ORD-000219588,2025-04-08T13:31:00
LED-000809774,NQ-OUT-001-M-BLK,판매출고,-1,ORD-000469708,2025-10-25T18:40:00
LED-000619745,NQ-CLR-WRM-001-S-IVR,판매출고,-1,ORD-000359640,2025-08-05T11:06:00
LED-001731948,NQ-PNT-001-M-GRY,판매출고,-1,ORD-001010258,2026-06-10T17:01:00
LED-001313198,NQ-TOP-002-XL-WHT,판매출고,-1,ORD-000764767,2026-03-09T21:11:00
LED-001672786,NQ-TOP-003-XL-NVY,판매출고,-1,ORD-000975451,2026-05-27T14:19:00
LED-000597169,NQ-PNT-001-S-BEG,판매출고,-1,ORD-000346390,2025-07-31T15:36:00
LED-002018476,NQ-PNT-001-XL-BEG,판매출고,-1,ORD-001180203,2026-08-03T16:22:00
LED-001681858,NQ-CLR-COOL-002-M-CRM,판매출고,-1,ORD-000980818,2026-05-30T22:04:00
LED-001114779,NQ-CLR-MUT-003-L-CRM,판매출고,-1,ORD-000649619,2026-01-14T11:44:00
LED-001755995,NQ-TOP-001-XS-WHT,판매출고,-1,ORD-001024260,2026-06-16T10:49:00
LED-000582956,NQ-CLR-MUT-003-L-CRM,판매출고,-1,ORD-000338097,2025-07-28T18:53:00
LED-002063240,NQ-PNT-002-XS-BLK,판매출고,-1,ORD-001209062,2026-08-08T15:49:00
LED-000543309,NQ-TOP-001-2XL-GRY,판매출고,-1,ORD-000315111,2025-07-11T13:31:00
LED-000002666,NQ-TOP-003-M-BLK,판매출고,-1,ORD-000000805,2024-03-02T16:00:00
LED-000583991,NQ-TOP-001-L-WHT,판매출고,-1,ORD-000338707,2025-07-28T09:26:00
LED-000667341,NQ-TOP-003-M-GRY,판매출고,-1,ORD-000387414,2025-08-23T23:02:00
LED-001305584,NQ-TOP-001-L-WHT,판매출고,-1,ORD-000760300,2026-03-08T16:57:00
LED-000293239,NQ-OUT-001-L-GRY,판매출고,-1,ORD-000170401,2025-03-04T10:32:00
LED-000702788,NQ-TOP-004-S-NVY,판매출고,-1,ORD-000407692,2025-09-09T23:40:00
LED-001676461,NQ-TOP-002-XL-NVY,판매출고,-1,ORD-000977627,2026-05-28T23:55:00
LED-001033157,NQ-TOP-001-XL-NVY,판매출고,-1,ORD-000600421,2025-12-27T13:56:00
LED-000916380,NQ-TOP-002-L-WHT,반품입고,1,ORD-000532322,2025-12-20T00:00:00
LED-001791382,NQ-OUT-001-M-BEG,판매출고,-1,ORD-001044706,2026-06-24T16:58:00
LED-001603469,NQ-CLR-WRM-001-M-IVR,판매출고,-1,ORD-000935035,2026-05-10T09:50:00
LED-002075542,NQ-ACC-SCF-003-FREE-BRN,판매출고,-1,ORD-001217412,2026-08-09T22:36:00
LED-000562376,NQ-TOP-004-L-GRY,판매출고,-1,ORD-000326212,2025-07-21T09:23:00
LED-000731756,NQ-PNT-001-S-NVY,반품입고,1,ORD-000424538,2025-10-15T00:00:00
LED-000128649,NQ-CLR-COOL-002-L-CRM,판매출고,-1,ORD-000074309,2024-09-18T11:20:00
LED-000137784,NQ-TOP-004-L-WHT,판매출고,-1,ORD-000079583,2024-10-02T08:52:00
LED-001106952,NQ-OUT-002-L-BEG,판매출고,-1,ORD-000644959,2026-01-12T15:30:00
LED-001983841,NQ-PNT-001-L-NVY,판매출고,-1,ORD-001158506,2026-07-31T13:21:00
LED-002093696,NQ-PNT-004-XL-BLK,판매출고,-1,ORD-001229346,2026-08-11T09:37:00
LED-000782393,NQ-TOP-001-L-WHT,판매출고,-1,ORD-000453791,2025-10-13T08:59:00
LED-000064989,NQ-CLR-MUT-003-M-ASH,판매출고,-1,ORD-000037251,2024-06-17T19:31:00
LED-001792255,NQ-CLR-MUT-003-S-ASH,판매출고,-1,ORD-001045231,2026-06-24T08:07:00
LED-001456491,NQ-PNT-001-XL-KHK,판매출고,-1,ORD-000849230,2026-04-05T20:47:00
LED-001019651,NQ-TOP-001-L-NVY,판매출고,-1,ORD-000592694,2025-12-24T20:32:00
LED-000259113,NQ-PNT-004-M-BLK,판매출고,-1,ORD-000150535,2025-02-05T10:10:00
LED-000289678,NQ-CLR-MUT-006-S-CRM,판매출고,-1,ORD-000168320,2025-03-03T10:57:00
LED-001059049,NQ-CLR-MUT-003-M-ASH,판매출고,-1,ORD-000615817,2026-01-02T23:42:00
LED-000139536,NQ-CLR-WRM-001-M-ASH,판매출고,-1,ORD-000080593,2024-10-05T14:51:00
LED-000482787,NQ-CLR-WRM-001-S-CRM,판매출고,-1,ORD-000280024,2025-06-08T10:20:00
LED-001798353,NQ-CLR-MUT-003-M-IVR,판매출고,-1,ORD-001048703,2026-06-26T12:04:00
LED-001846295,NQ-TOP-001-M-SKB,판매출고,-1,ORD-001076681,2026-07-07T13:49:00
LED-000399702,NQ-OUT-001-L-NVY,판매출고,-1,ORD-000231598,2025-04-20T17:06:00
LED-001055059,NQ-CLR-WRM-001-L-CRM,판매출고,-1,ORD-000613450,2026-01-01T21:24:00
LED-001818905,NQ-TOP-003-L-NVY,판매출고,-1,ORD-001060803,2026-06-30T21:06:00
LED-001471694,NQ-ACC-BAG-001-FREE-BEG,판매출고,-1,ORD-000858133,2026-04-09T16:55:00
LED-000988817,NQ-PNT-001-S-NVY,판매출고,-1,ORD-000574742,2025-12-17T10:58:00
LED-001702558,NQ-OUT-001-M-NVY,반품입고,1,ORD-000993072,2026-06-03T02:00:00
LED-000289858,NQ-CLR-WRM-004-M-ASH,판매출고,-1,ORD-000168428,2025-03-03T10:51:00
LED-000331730,NQ-CLR-MUT-003-M-CRM,판매출고,-1,ORD-000192621,2025-03-14T09:23:00
LED-000108182,NQ-PNT-002-XL-GRY,반품입고,1,ORD-000062345,2024-08-23T00:00:00
LED-001009493,NQ-PNT-001-2XL-BLK,판매출고,-1,ORD-000586891,2025-12-22T15:03:00
LED-001232727,NQ-PNT-002-M-BLK,판매출고,-1,ORD-000717705,2026-03-01T12:03:00
LED-001232063,NQ-PNT-002-S-GRY,판매출고,-1,ORD-000717326,2026-03-01T15:42:00
LED-001594785,NQ-CLR-MUT-003-S-IVR,판매출고,-1,ORD-000929904,2026-05-09T13:44:00
LED-000294425,TRD-OUT-01-STR-001-L-BLK,반품입고,1,ORD-000171074,2025-03-20T00:00:00
LED-001391792,NQ-CLR-WRM-001-L-ASH,판매출고,-1,ORD-000811348,2026-03-21T21:26:00
LED-001983017,NQ-PNT-001-S-KHK,판매출고,-1,ORD-001158001,2026-07-30T12:28:00
LED-000369139,NQ-CLR-MUT-003-S-ASH,판매출고,-1,ORD-000214054,2025-04-03T13:53:00
LED-001989083,NQ-TOP-001-2XL-WHT,판매출고,-1,ORD-001161806,2026-07-31T18:02:00
LED-002018829,NQ-TOP-003-S-BLK,판매출고,-1,ORD-001180430,2026-08-03T20:40:00
LED-000788101,NQ-CLR-WRM-001-S-IVR,판매출고,-1,ORD-000457145,2025-10-16T23:05:00
LED-001732830,NQ-PNT-001-M-BEG,판매출고,-1,ORD-001010756,2026-06-11T15:40:00
LED-001310639,NQ-TOP-001-M-WHT,판매출고,-1,ORD-000763283,2026-03-09T20:28:00
LED-000698187,NQ-PNT-002-M-BEG,불량처리,0,ORD-000405020,2025-09-21T00:00:00
LED-001630551,NQ-TOP-001-S-LYL,판매출고,-1,ORD-000950748,2026-05-17T22:26:00
LED-000044176,NQ-CLR-WRM-001-L-ASH,판매출고,-1,ORD-000025038,2024-05-06T22:18:00
LED-001326533,NQ-DRS-001-L-IVR,판매출고,-1,ORD-000772730,2026-03-10T16:15:00
LED-001477066,NQ-OUT-001-M-BEG,판매출고,-1,ORD-000861259,2026-04-10T15:51:00
LED-001686337,NQ-TOP-001-S-ORC,판매출고,-1,ORD-000983510,2026-05-31T13:11:00
LED-000752920,NQ-TOP-001-L-LYL,판매출고,-1,ORD-000436833,2025-10-01T20:06:00
LED-000204877,NQ-TOP-005-XL-WHT,반품입고,1,ORD-000118740,2024-12-25T00:00:00
LED-001252138,NQ-PNT-001-S-KHK,판매출고,-1,ORD-000729091,2026-03-03T22:36:00
LED-001520178,NQ-PNT-001-M-BEG,판매출고,-1,ORD-000886216,2026-04-20T17:38:00
LED-002072553,NQ-OUT-001-S-BLK,판매출고,-1,ORD-001215437,2026-08-09T13:16:00
LED-001726886,NQ-PNT-001-XL-BLK,판매출고,-1,ORD-001007304,2026-06-09T14:11:00
LED-001832784,NQ-TOP-001-L-ORC,판매출고,-1,ORD-001068866,2026-07-04T08:52:00
LED-000853285,NQ-PNT-001-XL-BEG,불량처리,0,ORD-000495055,2025-12-08T00:00:00
LED-001216286,NQ-CLR-WRM-001-M-IVR,판매출고,-1,ORD-000707985,2026-02-25T22:50:00
LED-001032407,NQ-TOP-001-3XL-BLK,판매출고,-1,ORD-000599971,2025-12-27T11:16:00
LED-001435607,NQ-CLR-WRM-001-L-IVR,판매출고,-1,ORD-000837000,2026-03-31T08:07:00
LED-000473252,NQ-PNT-001-M-BLK,판매출고,-1,ORD-000274447,2025-06-02T22:27:00
LED-000170606,NQ-TOP-001-XL-BLK,판매출고,-1,ORD-000098682,2024-11-19T16:57:00
LED-000390428,NQ-PNT-003-S-BEG,판매출고,-1,ORD-000226341,2025-04-15T23:27:00
LED-000424313,NQ-CLR-WRM-001-M-IVR,판매출고,-1,ORD-000246082,2025-05-05T22:50:00
LED-001838108,NQ-ACC-BLT-002-FREE-BEG,반품입고,1,ORD-001071925,2026-07-14T00:00:00
LED-000872257,NQ-TOP-001-2XL-BLK,판매출고,-1,ORD-000506240,2025-11-20T13:43:00
LED-000489903,NQ-PNT-001-M-NVY,판매출고,-1,ORD-000284105,2025-06-12T19:52:00
LED-001939195,NQ-OUT-001-S-NVY,판매출고,-1,ORD-001131123,2026-07-26T09:57:00
LED-000468791,NQ-CLR-WRM-004-S-CRM,판매출고,-1,ORD-000271862,2025-05-31T13:31:00
LED-001204786,NQ-OUT-001-S-BLK,판매출고,-1,ORD-000701345,2026-02-21T20:12:00
LED-000436804,NQ-PNT-004-M-BEG,판매출고,-1,ORD-000253262,2025-05-12T19:15:00
LED-002005925,NQ-TOP-001-XS-LYL,판매출고,-1,ORD-001172274,2026-08-02T18:37:00
LED-001300761,NQ-PNT-001-XS-GRY,판매출고,-1,ORD-000757482,2026-03-08T08:17:00
LED-000881159,NQ-PNT-003-L-GRY,판매출고,-1,ORD-000511422,2025-11-22T17:19:00
LED-000889792,NQ-TOP-001-XS-BLK,판매출고,-1,ORD-000516545,2025-11-23T12:57:00
LED-000717565,NQ-OUT-001-L-NVY,판매출고,-1,ORD-000416305,2025-09-15T13:04:00
LED-000991872,NQ-PNT-001-S-BLK,반품입고,1,ORD-000576478,2026-01-15T00:00:00
LED-000912861,NQ-PNT-001-M-GRY,반품입고,1,ORD-000530230,2025-12-16T02:00:00
LED-001352214,NQ-PNT-001-M-BEG,판매출고,-1,ORD-000787748,2026-03-13T14:46:00
LED-001401048,NQ-DRS-001-S-IVR,판매출고,-1,ORD-000816870,2026-03-23T19:40:00
LED-001967841,NQ-PNT-002-XL-BEG,판매출고,-1,ORD-001148691,2026-07-29T14:37:00
LED-000298311,NQ-CLR-WRM-001-L-ASH,판매출고,-1,ORD-000173261,2025-03-06T21:10:00
LED-001021688,NQ-TOP-003-2XL-WHT,판매출고,-1,ORD-000593864,2025-12-25T13:57:00
LED-000406467,NQ-OUT-002-S-BLK,판매출고,-1,ORD-000235622,2025-04-25T19:23:00
LED-000596228,NQ-TOP-003-M-NVY,판매출고,-1,ORD-000345860,2025-07-31T19:23:00
LED-001371156,NQ-CLR-COOL-002-S-ASH,판매출고,-1,ORD-000799160,2026-03-15T19:17:00
LED-002039412,NQ-TOP-001-L-GRY,판매출고,-1,ORD-001193666,2026-08-05T12:51:00
LED-000693583,NQ-CLR-MUT-003-S-IVR,입고,815,PO-000001336,2025-09-06T00:00:00
LED-001002413,NQ-TOP-003-2XL-NVY,판매출고,-1,ORD-000582872,2025-12-20T17:39:00
LED-000426090,NQ-PNT-002-L-GRY,판매출고,-1,ORD-000247084,2025-05-06T23:38:00
LED-001123081,NQ-CLR-MUT-003-L-CRM,판매출고,-1,ORD-000654672,2026-01-17T18:49:00
LED-000239811,NQ-PNT-001-L-BEG,반품입고,1,ORD-000139280,2025-02-07T00:00:00
LED-001315170,NQ-CLR-WRM-001-L-CRM,판매출고,-1,ORD-000765926,2026-03-09T19:47:00
LED-000827752,NQ-OUT-001-S-BEG,반품입고,1,ORD-000480105,2025-11-11T02:00:00
LED-002101236,NQ-CLR-COOL-002-M-IVR,판매출고,-1,ORD-001234376,2026-08-13T14:24:00
LED-000378384,NQ-CLR-WRM-004-L-IVR,판매출고,-1,ORD-000219372,2025-04-08T20:53:00
LED-000902370,NQ-PNT-001-4XL-BEG,판매출고,-1,ORD-000524085,2025-11-24T12:30:00
LED-001593026,NQ-CLR-WRM-001-L-CRM,판매출고,-1,ORD-000928875,2026-05-08T13:10:00
LED-001258074,NQ-PNT-001-S-KHK,판매출고,-1,ORD-000732524,2026-03-04T18:40:00
LED-000369608,NQ-PNT-001-2XL-KHK,판매출고,-1,ORD-000214340,2025-04-03T17:27:00
LED-000510657,NQ-TOP-005-S-BLK,판매출고,-1,ORD-000296268,2025-06-23T15:08:00
LED-000767416,NQ-PNT-002-2XL-BEG,판매출고,-1,ORD-000445174,2025-10-07T14:58:00
LED-001373431,NQ-TOP-002-M-GRY,판매출고,-1,ORD-000800483,2026-03-16T14:24:00
LED-001323183,NQ-PNT-001-L-BLK,판매출고,-1,ORD-000770754,2026-03-10T23:21:00
LED-001319246,NQ-PNT-002-2XL-BEG,판매출고,-1,ORD-000768374,2026-03-10T22:49:00
LED-000816253,NQ-OUT-002-S-BLK,판매출고,-1,ORD-000473500,2025-10-28T08:11:00
LED-001747054,NQ-PNT-001-M-BEG,판매출고,-1,ORD-001019021,2026-06-14T10:13:00
LED-001724558,NQ-TOP-002-XS-WHT,반품입고,1,ORD-001005973,2026-06-19T00:00:00
LED-000185163,NQ-TOP-001-L-LYL,판매출고,-1,ORD-000107197,2024-11-26T08:34:00
LED-001016805,NQ-TOP-003-M-WHT,판매출고,-1,ORD-000591057,2025-12-23T10:31:00
LED-000365050,NQ-PNT-001-XL-NVY,판매출고,-1,ORD-000211698,2025-03-31T09:03:00
LED-001787775,NQ-PNT-001-L-GRY,판매출고,-1,ORD-001042617,2026-06-23T22:54:00
LED-001100967,NQ-TOP-001-S-WHT,판매출고,-1,ORD-000641400,2026-01-11T17:15:00
LED-000857392,NQ-TOP-001-L-NVY,판매출고,-1,ORD-000497516,2025-11-15T23:09:00
LED-001507285,NQ-ACC-BAG-001-FREE-BLK,판매출고,-1,ORD-000878735,2026-04-18T09:22:00
LED-001843250,NQ-OUT-001-S-BLK,판매출고,-1,ORD-001074894,2026-07-06T14:24:00
LED-002060754,NQ-TOP-002-XS-NVY,판매출고,-1,ORD-001207432,2026-08-08T18:16:00
LED-002066495,NQ-OUT-001-S-BLK,판매출고,-1,ORD-001211261,2026-08-08T12:15:00
LED-000214423,NQ-TOP-001-2XL-LYL,반품입고,1,ORD-000124258,2025-01-14T00:00:00
LED-001411707,NQ-OUT-001-L-NVY,반품입고,1,ORD-000823112,2026-04-14T00:00:00
LED-000812560,NQ-TOP-001-S-SKB,판매출고,-1,ORD-000471351,2025-10-26T14:00:00
LED-001054148,NQ-TOP-002-XL-BLK,판매출고,-1,ORD-000612937,2026-01-01T19:23:00
LED-001105972,NQ-CLR-COOL-002-M-CRM,판매출고,-1,ORD-000644394,2026-01-12T20:40:00
LED-001418637,NQ-TOP-001-M-BLK,판매출고,-1,ORD-000827143,2026-03-27T22:40:00
LED-001091183,NQ-PNT-002-3XL-GRY,판매출고,-1,ORD-000635403,2026-01-09T13:47:00
LED-001103487,NQ-CLR-MUT-003-S-IVR,판매출고,-1,ORD-000642923,2026-01-11T11:27:00
LED-001324322,NQ-TOP-001-S-WHT,판매출고,-1,ORD-000771439,2026-03-10T12:06:00
LED-000874431,NQ-CLR-MUT-006-S-CRM,판매출고,-1,ORD-000507488,2025-11-21T08:28:00
LED-001192314,NQ-TOP-001-L-BLK,판매출고,-1,ORD-000694261,2026-02-15T15:06:00
LED-000010078,NQ-TOP-002-2XL-GRY,판매출고,-1,ORD-000005114,2024-03-08T20:56:00
LED-001921676,NQ-CLR-COOL-002-M-IVR,판매출고,-1,ORD-001120683,2026-07-25T10:18:00
LED-000368774,NQ-CLR-COOL-002-S-ASH,판매출고,-1,ORD-000213839,2025-04-03T15:19:00
LED-000473100,NQ-TOP-001-3XL-GRY,판매출고,-1,ORD-000274368,2025-06-02T13:10:00
LED-000915807,NQ-PNT-002-XL-BLK,판매출고,-1,ORD-000531992,2025-11-27T21:01:00
LED-000681819,NQ-TOP-001-S-WHT,판매출고,-1,ORD-000395633,2025-08-31T11:07:00
LED-001755735,NQ-OUT-001-L-BLK,판매출고,-1,ORD-001024102,2026-06-16T19:02:00
LED-001305274,NQ-CLR-COOL-002-L-ASH,판매출고,-1,ORD-000760122,2026-03-08T21:19:00
LED-000883049,NQ-CLR-COOL-002-S-ASH,판매출고,-1,ORD-000512508,2025-11-22T20:00:00
LED-001007563,NQ-TOP-001-M-ORC,판매출고,-1,ORD-000585793,2025-12-21T14:36:00
LED-000395085,NQ-CLR-WRM-001-M-CRM,판매출고,-1,ORD-000228972,2025-04-18T13:39:00
LED-000175825,NQ-PNT-002-S-BEG,반품입고,1,ORD-000101721,2024-12-09T00:00:00
LED-000268819,NQ-TOP-001-L-ORC,판매출고,-1,ORD-000156218,2025-02-19T13:22:00
LED-000211398,NQ-TOP-001-M-LYL,판매출고,-1,ORD-000122484,2024-12-21T22:46:00
LED-001930591,NQ-OUT-001-M-BEG,판매출고,-1,ORD-001125985,2026-07-25T16:31:00
LED-001407116,NQ-PNT-003-M-BEG,판매출고,-1,ORD-000820422,2026-03-24T20:28:00
LED-001823926,NQ-CLR-COOL-002-L-CRM,판매출고,-1,ORD-001063726,2026-07-02T08:00:00
LED-001256124,NQ-PNT-001-L-NVY,반품입고,1,ORD-000731388,2026-03-14T00:00:00
LED-000465939,NQ-CLR-WRM-001-S-CRM,판매출고,-1,ORD-000270209,2025-05-29T20:44:00
LED-002000270,NQ-TOP-001-2XL-WHT,판매출고,-1,ORD-001168718,2026-08-01T20:22:00
LED-000328076,NQ-OUT-001-S-NVY,판매출고,-1,ORD-000190523,2025-03-13T21:06:00
LED-001767979,NQ-TOP-001-3XL-WHT,판매출고,-1,ORD-001031169,2026-06-19T15:56:00
LED-000798941,NQ-PNT-003-M-BLK,판매출고,-1,ORD-000463430,2025-10-21T09:18:00
LED-001856156,NQ-PNT-001-M-BLK,판매출고,-1,ORD-001082452,2026-07-09T13:41:00
LED-001124885,NQ-CLR-COOL-002-S-IVR,판매출고,-1,ORD-000655716,2026-01-18T23:04:00
LED-001897348,NQ-TOP-001-4XL-BLK,판매출고,-1,ORD-001106478,2026-07-19T18:24:00
LED-001253153,NQ-TOP-002-L-GRY,판매출고,-1,ORD-000729678,2026-03-03T13:27:00
LED-001409835,NQ-OUT-001-M-BLK,판매출고,-1,ORD-000822001,2026-03-25T19:46:00
LED-000671712,NQ-OUT-001-M-BLK,판매출고,-1,ORD-000389880,2025-08-26T15:52:00
LED-001993999,NQ-TOP-001-XL-BLK,판매출고,-1,ORD-001164826,2026-08-01T09:38:00
LED-001058231,NQ-TOP-003-M-NVY,판매출고,-1,ORD-000615340,2026-01-02T14:22:00
LED-001840110,NQ-CLR-WRM-001-S-CRM,판매출고,-1,ORD-001073076,2026-07-05T12:35:00
LED-001061412,NQ-TOP-001-2XL-SKB,판매출고,-1,ORD-000617265,2026-01-02T13:18:00
LED-001197348,NQ-CLR-MUT-006-M-IVR,판매출고,-1,ORD-000697105,2026-02-17T14:52:00
LED-001098617,NQ-TOP-005-XL-NVY,판매출고,-1,ORD-000639985,2026-01-11T13:08:00
LED-001988142,NQ-PNT-004-M-BEG,판매출고,-1,ORD-001161213,2026-07-31T19:59:00
LED-001714846,NQ-CLR-COOL-002-L-ASH,판매출고,-1,ORD-001000264,2026-06-06T13:50:00
LED-000746333,NQ-CLR-MUT-003-L-ASH,판매출고,-1,ORD-000433019,2025-09-28T20:08:00
LED-001887724,NQ-TOP-001-XL-SKB,판매출고,-1,ORD-001100857,2026-07-17T17:56:00
LED-000024076,NQ-PNT-001-M-KHK,반품입고,1,ORD-000013298,2024-04-14T00:00:00
LED-000741618,NQ-CLR-MUT-006-M-ASH,판매출고,-1,ORD-000430262,2025-09-26T12:36:00
LED-000420417,NQ-CLR-WRM-004-S-IVR,판매출고,-1,ORD-000243804,2025-05-03T22:04:00
LED-001058952,NQ-CLR-WRM-001-S-ASH,판매출고,-1,ORD-000615760,2026-01-02T23:56:00
LED-001437985,NQ-OUT-002-S-BLK,판매출고,-1,ORD-000838402,2026-04-01T19:18:00
LED-001077110,NQ-PNT-004-2XL-BLK,판매출고,-1,ORD-000626897,2026-01-06T13:09:00
LED-002051624,NQ-ACC-BAG-001-FREE-WHT,판매출고,-1,ORD-001201572,2026-08-07T15:17:00
LED-000805917,NQ-OUT-001-M-BLK,판매출고,-1,ORD-000467478,2025-10-24T19:30:00
LED-001918373,NQ-CLR-COOL-005-S-ASH,판매출고,-1,ORD-001118799,2026-07-24T20:35:00
LED-002039666,NQ-ACC-BAG-001-FREE-BEG,판매출고,-1,ORD-001193824,2026-08-05T15:52:00
LED-001594279,NQ-CLR-COOL-002-L-ASH,판매출고,-1,ORD-000929595,2026-05-09T16:25:00
LED-000039416,NQ-CLR-COOL-005-S-CRM,판매출고,-1,ORD-000022275,2024-04-27T23:49:00
LED-000604381,NQ-PNT-001-2XL-BLK,판매출고,-1,ORD-000350658,2025-08-02T21:51:00
LED-000886603,NQ-TOP-001-M-LYL,판매출고,-1,ORD-000514688,2025-11-22T10:47:00
LED-002007953,NQ-ACC-BAG-001-FREE-BEG,판매출고,-1,ORD-001173531,2026-08-02T17:45:00
LED-001057941,NQ-TOP-001-M-LYL,판매출고,-1,ORD-000615171,2026-01-02T14:51:00
LED-000898800,NQ-PNT-001-S-GRY,판매출고,-1,ORD-000521910,2025-11-24T16:34:00
LED-000830747,NQ-PNT-001-M-KHK,판매출고,-1,ORD-000481867,2025-11-03T11:31:00
LED-001327241,NQ-TOP-001-S-WHT,판매출고,-1,ORD-000773143,2026-03-11T13:52:00
LED-001130747,NQ-OUT-001-L-BEG,반품입고,1,ORD-000659216,2026-02-12T00:00:00
LED-001528524,NQ-PNT-001-S-BLK,판매출고,-1,ORD-000891095,2026-04-23T16:04:00
LED-001751073,NQ-OUT-003-M-NVY,판매출고,-1,ORD-001021404,2026-06-14T21:40:00
LED-001110208,NQ-OUT-001-L-BLK,판매출고,-1,ORD-000646908,2026-01-13T09:59:00
LED-001444681,NQ-DRS-001-S-BLK,판매출고,-1,ORD-000842261,2026-04-03T15:26:00
LED-000942144,NQ-PNT-003-M-GRY,판매출고,-1,ORD-000547987,2025-11-30T10:50:00
LED-000438692,NQ-OUT-001-M-BEG,판매출고,-1,ORD-000254342,2025-05-13T11:02:00
LED-001662153,NQ-PNT-001-S-KHK,판매출고,-1,ORD-000969222,2026-05-24T22:15:00
LED-001345509,NQ-TOP-001-M-SKB,판매출고,-1,ORD-000783842,2026-03-13T22:33:00
LED-000391829,NQ-TOP-004-2XL-BLK,판매출고,-1,ORD-000227138,2025-04-16T18:46:00
LED-000801122,NQ-OUT-001-M-NVY,판매출고,-1,ORD-000464690,2025-10-22T09:25:00
LED-000909184,NQ-TOP-001-S-ORC,반품입고,1,ORD-000528035,2025-12-09T00:00:00
LED-000284689,NQ-OUT-001-S-GRY,판매출고,-1,ORD-000165478,2025-03-02T20:58:00
LED-000105775,NQ-TOP-001-M-WHT,판매출고,-1,ORD-000060960,2024-08-10T17:50:00
LED-001372794,NQ-CLR-COOL-002-M-CRM,판매출고,-1,ORD-000800117,2026-03-16T20:51:00
LED-000812608,NQ-TOP-004-M-WHT,판매출고,-1,ORD-000471378,2025-10-26T18:47:00
LED-001776727,NQ-TOP-001-M-BLK,판매출고,-1,ORD-001036282,2026-06-21T18:24:00
LED-001138058,NQ-TOP-001-M-ORC,판매출고,-1,ORD-000663368,2026-01-24T12:09:00
LED-001331501,NQ-PNT-001-L-GRY,판매출고,-1,ORD-000775594,2026-03-11T23:26:00
LED-000530933,NQ-TOP-001-3XL-ORC,반품입고,1,ORD-000308001,2025-07-19T00:00:00
LED-001523446,NQ-TOP-001-L-WHT,불량처리,0,ORD-000888187,2026-05-10T00:00:00
LED-000535371,NQ-OUT-001-M-BEG,불량처리,0,ORD-000310514,2025-07-24T00:00:00
LED-000690071,NQ-TOP-001-L-GRY,판매출고,-1,ORD-000400350,2025-09-04T23:47:00
LED-000112098,NQ-TOP-001-4XL-WHT,판매출고,-1,ORD-000064599,2024-08-22T13:31:00
LED-001325965,NQ-OUT-002-L-NVY,판매출고,-1,ORD-000772395,2026-03-10T13:19:00
LED-002113648,NQ-PNT-003-M-BLK,판매출고,-1,ORD-001242876,2026-08-16T17:13:00
LED-002059487,NQ-TOP-001-L-NVY,판매출고,-1,ORD-001206612,2026-08-07T09:20:00
LED-000974300,NQ-TOP-001-2XL-WHT,판매출고,-1,ORD-000566441,2025-12-14T23:13:00
LED-001072050,NQ-TOP-001-XL-SKB,판매출고,-1,ORD-000623841,2026-01-04T21:02:00
LED-001408812,NQ-TOP-001-L-BLK,판매출고,-1,ORD-000821412,2026-03-25T08:32:00
LED-000402558,NQ-OUT-002-L-BLK,판매출고,-1,ORD-000233287,2025-04-22T16:47:00
LED-000194063,NQ-CLR-MUT-003-S-IVR,판매출고,-1,ORD-000112426,2024-12-01T18:55:00
LED-000306432,NQ-OUT-003-M-GRY,판매출고,-1,ORD-000177908,2025-03-08T20:12:00
LED-000258985,NQ-TOP-001-2XL-WHT,판매출고,-1,ORD-000150462,2025-02-05T11:06:00
LED-001072867,NQ-CLR-WRM-001-M-ASH,반품입고,1,ORD-000624371,2026-01-20T00:00:00
LED-000980338,NQ-PNT-003-3XL-BLK,판매출고,-1,ORD-000569881,2025-12-15T13:38:00
LED-001253996,NQ-TOP-002-L-BLK,판매출고,-1,ORD-000730182,2026-03-03T15:47:00
LED-001594678,NQ-CLR-COOL-002-L-CRM,판매출고,-1,ORD-000929841,2026-05-09T13:47:00
LED-000382659,NQ-TOP-005-3XL-GRY,판매출고,-1,ORD-000221832,2025-04-11T11:10:00
LED-000193245,NQ-CLR-COOL-002-S-IVR,판매출고,-1,ORD-000111947,2024-11-30T23:33:00
LED-002112139,NQ-OUT-003-M-BEG,판매출고,-1,ORD-001241839,2026-08-16T21:22:00
LED-001875346,NQ-PNT-001-3XL-GRY,판매출고,-1,ORD-001093637,2026-07-14T22:53:00
LED-000597087,NQ-PNT-002-2XL-BLK,판매출고,-1,ORD-000346345,2025-07-31T22:16:00
LED-000383559,NQ-OUT-002-S-GRY,반품입고,1,ORD-000222357,2025-05-02T00:00:00
LED-000631663,NQ-TOP-001-XL-BLK,판매출고,-1,ORD-000366823,2025-08-08T22:36:00
LED-001810618,NQ-TOP-001-2XL-ORC,판매출고,-1,ORD-001055937,2026-06-28T23:35:00
LED-000175895,NQ-CLR-MUT-003-M-ASH,판매출고,-1,ORD-000101766,2024-11-22T17:58:00
LED-001695826,NQ-OUT-001-S-BEG,판매출고,-1,ORD-000989066,2026-06-02T22:30:00
LED-000132103,NQ-PNT-001-XS-BEG,판매출고,-1,ORD-000076284,2024-09-23T18:49:00
LED-000763730,NQ-CLR-WRM-001-L-CRM,판매출고,-1,ORD-000443097,2025-10-05T15:43:00
LED-000105183,NQ-TOP-003-M-BLK,불량처리,0,ORD-000060616,2024-08-17T00:00:00
LED-001405468,NQ-TOP-001-L-WHT,판매출고,-1,ORD-000819457,2026-03-24T12:33:00
LED-001778351,NQ-PNT-003-2XL-BLK,판매출고,-1,ORD-001037219,2026-06-21T09:42:00
LED-001700587,NQ-DRS-001-M-BLK,판매출고,-1,ORD-000991896,2026-06-03T22:59:00
LED-001304971,NQ-CLR-WRM-001-M-IVR,판매출고,-1,ORD-000759948,2026-03-08T16:32:00
LED-001432287,NQ-DRS-001-S-BLK,판매출고,-1,ORD-000835070,2026-03-30T10:58:00
LED-001381453,NQ-CLR-MUT-003-M-ASH,판매출고,-1,ORD-000805200,2026-03-18T22:49:00
LED-000396126,NQ-CLR-WRM-001-S-CRM,판매출고,-1,ORD-000229572,2025-04-19T09:51:00
LED-001537468,NQ-TOP-001-L-BLK,판매출고,-1,ORD-000896306,2026-04-25T14:19:00
LED-000766079,NQ-PNT-003-4XL-BLK,판매출고,-1,ORD-000444412,2025-10-07T14:36:00
LED-001067777,NQ-PNT-001-2XL-BEG,판매출고,-1,ORD-000621254,2026-01-04T17:31:00
LED-000957496,NQ-PNT-001-M-KHK,판매출고,-1,ORD-000556848,2025-12-07T08:44:00
LED-000677602,NQ-OUT-001-S-GRY,판매출고,-1,ORD-000393236,2025-08-29T19:01:00
LED-002007578,NQ-CLR-MUT-003-L-IVR,판매출고,-1,ORD-001173309,2026-08-02T08:20:00
LED-001105601,NQ-PNT-001-4XL-GRY,반품입고,1,ORD-000644180,2026-02-06T00:00:00
LED-000318491,NQ-CLR-COOL-002-M-IVR,판매출고,-1,ORD-000184849,2025-03-10T11:38:00
LED-001955345,NQ-TOP-001-XL-LYL,판매출고,-1,ORD-001140864,2026-07-27T19:48:00
LED-000001591,NQ-CLR-COOL-002-M-IVR,반품입고,1,ORD-000000149,2024-03-15T00:00:00
LED-001361277,NQ-DRS-001-S-IVR,판매출고,-1,ORD-000793141,2026-03-14T15:25:00
LED-000734600,NQ-CLR-COOL-002-M-IVR,반품입고,1,ORD-000426189,2025-10-19T00:00:00
LED-001353112,NQ-TOP-002-3XL-WHT,판매출고,-1,ORD-000788302,2026-03-13T22:51:00
LED-001745997,NQ-PNT-001-M-NVY,판매출고,-1,ORD-001018415,2026-06-13T23:26:00
LED-001590107,NQ-TOP-003-XL-WHT,판매출고,-1,ORD-000927215,2026-05-08T19:54:00
LED-000802731,NQ-OUT-001-S-BLK,판매출고,-1,ORD-000465616,2025-10-22T22:00:00
LED-000655343,NQ-PNT-004-2XL-GRY,판매출고,-1,ORD-000380546,2025-08-17T08:20:00
LED-001920916,NQ-CLR-COOL-002-L-ASH,판매출고,-1,ORD-001120232,2026-07-25T20:06:00
LED-000296986,NQ-PNT-002-XL-BLK,판매출고,-1,ORD-000172507,2025-03-05T08:15:00
LED-000415501,NQ-TOP-003-XL-GRY,반품입고,1,ORD-000240952,2025-05-26T00:00:00
LED-001943279,NQ-DRS-001-L-IVR,판매출고,-1,ORD-001133575,2026-07-26T20:39:00
LED-001677910,NQ-TOP-001-XL-ORC,반품입고,1,ORD-000978482,2026-06-09T00:00:00
LED-000649903,NQ-OUT-002-M-BEG,반품입고,1,ORD-000377421,2025-08-22T00:00:00
LED-001437271,NQ-OUT-001-M-NVY,판매출고,-1,ORD-000837985,2026-04-01T21:21:00
LED-001840300,NQ-PNT-001-3XL-BLK,판매출고,-1,ORD-001073188,2026-07-05T23:10:00
LED-000625828,NQ-PNT-001-XS-GRY,판매출고,-1,ORD-000363286,2025-08-07T10:07:00
LED-001229668,NQ-PNT-002-XL-BLK,판매출고,-1,ORD-000715901,2026-03-01T21:53:00
LED-001170849,NQ-OUT-001-M-BEG,판매출고,-1,ORD-000682032,2026-02-06T09:26:00
LED-001324672,NQ-CLR-MUT-003-S-IVR,판매출고,-1,ORD-000771644,2026-03-10T08:02:00
LED-000593330,NQ-PNT-003-XL-GRY,판매출고,-1,ORD-000344144,2025-07-30T14:47:00
LED-001861702,NQ-CLR-MUT-003-M-IVR,판매출고,-1,ORD-001085719,2026-07-11T14:51:00
LED-000041403,NQ-PNT-001-S-GRY,판매출고,-1,ORD-000023402,2024-05-01T13:15:00
LED-000534160,NQ-PNT-002-M-GRY,판매출고,-1,ORD-000309831,2025-07-06T13:30:00
LED-000187640,NQ-TOP-001-S-ORC,판매출고,-1,ORD-000108652,2024-11-28T20:05:00
LED-001084433,NQ-CLR-COOL-002-M-CRM,판매출고,-1,ORD-000631305,2026-01-07T16:28:00
LED-000775915,NQ-CLR-COOL-002-M-ASH,판매출고,-1,ORD-000450075,2025-10-11T16:22:00
LED-001896964,NQ-CLR-MUT-006-S-CRM,반품입고,1,ORD-001106246,2026-08-16T00:00:00
LED-001024751,NQ-TOP-001-2XL-WHT,판매출고,-1,ORD-000595568,2025-12-25T23:10:00
LED-001526768,NQ-PNT-001-S-KHK,판매출고,-1,ORD-000890108,2026-04-22T18:20:00
LED-000939890,NQ-OUT-002-M-GRY,판매출고,-1,ORD-000546562,2025-11-30T15:12:00
LED-000243910,NQ-PNT-002-2XL-BLK,판매출고,-1,ORD-000141777,2025-01-14T11:56:00
LED-000541374,NQ-CLR-COOL-005-S-CRM,판매출고,-1,ORD-000314000,2025-07-10T14:40:00
LED-000328363,NQ-CLR-MUT-003-L-IVR,판매출고,-1,ORD-000190681,2025-03-13T23:38:00
LED-001445510,NQ-TOP-001-L-GRY,판매출고,-1,ORD-000842740,2026-04-03T09:49:00
LED-001062011,NQ-PNT-001-S-KHK,판매출고,-1,ORD-000617650,2026-01-03T18:40:00
LED-000191955,NQ-CLR-COOL-002-M-ASH,판매출고,-1,ORD-000111175,2024-11-30T21:19:00
LED-001773502,NQ-OUT-001-M-NVY,판매출고,-1,ORD-001034394,2026-06-20T14:06:00
LED-000365823,NQ-OUT-001-M-BEG,반품입고,1,ORD-000212131,2025-04-13T00:00:00
LED-002041082,NQ-TOP-001-XL-BLK,판매출고,-1,ORD-001194715,2026-08-05T14:56:00
LED-000322279,NQ-OUT-001-M-BLK,판매출고,-1,ORD-000187132,2025-03-11T13:21:00
LED-000206970,NQ-PNT-001-3XL-KHK,반품입고,1,ORD-000119930,2025-01-13T00:00:00
LED-001070436,NQ-PNT-001-S-BEG,판매출고,-1,ORD-000622785,2026-01-04T23:33:00
LED-001059537,NQ-TOP-001-L-SKB,판매출고,-1,ORD-000616098,2026-01-02T16:23:00
LED-001594059,NQ-TOP-001-M-NVY,판매출고,-1,ORD-000929477,2026-05-09T13:22:00
LED-001308116,NQ-PNT-001-3XL-GRY,판매출고,-1,ORD-000761786,2026-03-08T22:47:00
LED-001354523,NQ-DRS-002-L-IVR,판매출고,-1,ORD-000789110,2026-03-14T21:42:00
LED-001257799,NQ-DRS-001-S-BLK,반품입고,1,ORD-000732357,2026-03-22T00:00:00
LED-001621473,NQ-CLR-WRM-004-S-IVR,판매출고,-1,ORD-000945466,2026-05-15T21:33:00
LED-001134502,NQ-PNT-001-L-BEG,판매출고,-1,ORD-000661365,2026-01-22T09:34:00
LED-000798206,NQ-OUT-001-L-BLK,판매출고,-1,ORD-000463009,2025-10-20T18:50:00
LED-000998518,NQ-TOP-001-M-NVY,판매출고,-1,ORD-000580545,2025-12-20T21:46:00
LED-001321553,NQ-CLR-COOL-005-M-IVR,판매출고,-1,ORD-000769765,2026-03-10T13:02:00
LED-001571011,NQ-ACC-BAG-001-FREE-WHT,판매출고,-1,ORD-000915999,2026-05-03T23:48:00
LED-000557481,NQ-PNT-001-L-NVY,판매출고,-1,ORD-000323369,2025-07-19T19:05:00
LED-002119757,NQ-PNT-001-XL-GRY,판매출고,-1,ORD-001247037,2026-08-18T17:20:00
LED-000137901,NQ-CLR-WRM-004-M-IVR,판매출고,-1,ORD-000079655,2024-10-02T22:21:00
LED-000204538,NQ-TOP-001-XL-NVY,판매출고,-1,ORD-000118559,2024-12-15T08:18:00
LED-000498800,NQ-CLR-COOL-002-L-CRM,반품입고,1,ORD-000289274,2025-07-09T00:00:00
LED-001121820,NQ-CLR-MUT-003-S-CRM,판매출고,-1,ORD-000653937,2026-01-17T13:18:00
LED-001363630,NQ-TOP-001-XL-GRY,판매출고,-1,ORD-000794623,2026-03-14T20:19:00
LED-000772811,TRD-OUT-02-STR-001-S-BRN,판매출고,-1,ORD-000448258,2025-10-10T16:37:00
LED-000618226,NQ-TOP-004-M-WHT,판매출고,-1,ORD-000358768,2025-08-05T11:29:00
LED-000291744,NQ-TOP-001-L-ORC,판매출고,-1,ORD-000169543,2025-03-04T18:07:00
LED-000469646,NQ-TOP-003-3XL-BLK,반품입고,1,ORD-000272369,2025-06-11T00:00:00
LED-000120384,NQ-CLR-WRM-004-L-CRM,판매출고,-1,ORD-000069441,2024-09-06T18:08:00
LED-001979268,NQ-TOP-003-XL-NVY,판매출고,-1,ORD-001155731,2026-07-30T10:01:00
LED-001450528,NQ-OUT-001-S-GRY,반품입고,1,ORD-000845715,2026-05-02T00:00:00
LED-002122438,NQ-PNT-004-2XL-BLK,판매출고,-1,ORD-001248853,2026-08-19T12:03:00
LED-001874987,NQ-ACC-PCH-005-FREE-BRN,판매출고,-1,ORD-001093422,2026-07-14T11:31:00
LED-000025030,NQ-TOP-004-XS-GRY,판매출고,-1,ORD-000013857,2024-03-28T23:25:00
LED-000764192,NQ-OUT-001-M-NVY,판매출고,-1,ORD-000443357,2025-10-06T18:10:00
LED-001564772,NQ-TOP-002-S-NVY,판매출고,-1,ORD-000912318,2026-05-02T23:42:00
LED-001989316,NQ-PNT-001-L-BLK,반품입고,1,ORD-001161954,2026-08-19T00:00:00
LED-000297836,TRD-OUT-01-NAT-003-S-BLK,반품입고,1,ORD-000173004,2025-03-24T00:00:00
LED-001424081,NQ-OUT-001-M-BLK,판매출고,-1,ORD-000830332,2026-03-28T21:34:00
LED-000722013,NQ-CLR-WRM-001-S-CRM,판매출고,-1,ORD-000418876,2025-09-18T15:53:00
LED-001536761,NQ-TOP-003-S-GRY,판매출고,-1,ORD-000895894,2026-04-25T10:43:00
LED-001308843,NQ-CLR-MUT-006-L-ASH,판매출고,-1,ORD-000762229,2026-03-09T08:10:00
LED-001156078,NQ-TOP-001-2XL-LYL,판매출고,-1,ORD-000673670,2026-01-31T10:57:00
LED-001774849,NQ-TOP-001-M-SKB,판매출고,-1,ORD-001035173,2026-06-20T08:50:00
LED-000442363,NQ-OUT-002-S-GRY,판매출고,-1,ORD-000256457,2025-05-16T18:22:00
LED-000224195,NQ-TOP-001-L-LYL,판매출고,-1,ORD-000130006,2024-12-30T19:20:00
LED-001785479,NQ-CLR-COOL-005-M-IVR,판매출고,-1,ORD-001041309,2026-06-23T09:21:00
LED-001668300,NQ-TOP-002-XL-GRY,판매출고,-1,ORD-000972829,2026-05-26T13:47:00
LED-002027450,NQ-TOP-001-4XL-GRY,판매출고,-1,ORD-001185837,2026-08-04T22:03:00
LED-001767996,NQ-ACC-BAG-001-FREE-BLK,판매출고,-1,ORD-001031180,2026-06-19T18:15:00
LED-001302429,TRD-OUT-03-STR-001-S-BLK,판매출고,-1,ORD-000758456,2026-03-08T13:17:00
LED-001017677,NQ-TOP-001-XL-GRY,판매출고,-1,ORD-000591551,2025-12-24T23:20:00
LED-001421245,NQ-TOP-001-M-ORC,판매출고,-1,ORD-000828637,2026-03-28T22:15:00
LED-001163923,NQ-PNT-003-L-BEG,반품입고,1,ORD-000678138,2026-02-25T00:00:00
LED-001579370,NQ-CLR-MUT-003-M-ASH,판매출고,-1,ORD-000920899,2026-05-05T21:24:00
LED-001408927,NQ-PNT-001-S-BLK,판매출고,-1,ORD-000821481,2026-03-25T09:07:00
LED-001102606,NQ-CLR-COOL-002-S-CRM,판매출고,-1,ORD-000642384,2026-01-11T22:13:00
LED-000642782,NQ-PNT-001-L-BLK,판매출고,-1,ORD-000373319,2025-08-10T14:08:00
LED-000492471,NQ-CLR-MUT-003-L-ASH,반품입고,1,ORD-000285569,2025-07-04T00:00:00
LED-001882019,NQ-TOP-001-S-LYL,판매출고,-1,ORD-001097526,2026-07-15T08:21:00
LED-001296663,NQ-TOP-003-XS-BLK,판매출고,-1,ORD-000755118,2026-03-08T21:40:00
LED-002019925,NQ-TOP-001-M-SKB,판매출고,-1,ORD-001181112,2026-08-03T22:55:00
LED-000728291,TRD-TOP-01-NAT-003-S-IVR,판매출고,-1,ORD-000422529,2025-09-20T14:58:00
LED-000735213,NQ-PNT-003-3XL-BLK,반품입고,1,ORD-000426555,2025-10-07T00:00:00
LED-001789736,NQ-TOP-003-L-NVY,판매출고,-1,ORD-001043756,2026-06-24T12:35:00
LED-001449727,NQ-CLR-MUT-003-L-CRM,판매출고,-1,ORD-000845228,2026-04-04T21:42:00
LED-001063669,NQ-PNT-001-2XL-BLK,판매출고,-1,ORD-000618644,2026-01-03T23:27:00
LED-000294606,NQ-TOP-001-M-GRY,판매출고,-1,ORD-000171177,2025-03-05T15:56:00
LED-000478759,NQ-CLR-MUT-003-L-CRM,판매출고,-1,ORD-000277672,2025-06-06T23:57:00
LED-001373149,NQ-CLR-WRM-001-M-ASH,판매출고,-1,ORD-000800326,2026-03-16T14:46:00
LED-001284665,NQ-OUT-002-L-NVY,판매출고,-1,ORD-000748004,2026-03-07T09:33:00
LED-000568160,NQ-PNT-001-L-BEG,판매출고,-1,ORD-000329552,2025-07-25T23:09:00
LED-001721502,NQ-CLR-MUT-003-L-IVR,판매출고,-1,ORD-001004193,2026-06-08T09:08:00
LED-001366665,NQ-PNT-001-XS-KHK,판매출고,-1,ORD-000796513,2026-03-14T16:12:00
LED-000066821,NQ-TOP-001-2XL-WHT,판매출고,-1,ORD-000038306,2024-06-21T19:14:00
LED-001819922,NQ-PNT-002-M-GRY,판매출고,-1,ORD-001061382,2026-07-01T21:33:00
LED-000700634,NQ-TOP-001-M-LYL,판매출고,-1,ORD-000406446,2025-09-08T16:39:00
LED-000704351,TRD-OUT-02-STR-001-S-GRN,불량처리,0,ORD-000408615,2025-10-03T00:00:00
LED-000781581,TRD-TOP-01-STR-001-L-IVR,판매출고,-1,ORD-000453320,2025-10-13T09:08:00
LED-001237606,NQ-TOP-001-L-LYL,판매출고,-1,ORD-000720627,2026-03-02T14:00:00
LED-000077689,NQ-CLR-WRM-004-L-IVR,반품입고,1,ORD-000044719,2024-08-08T00:00:00
LED-000228166,NQ-TOP-001-XL-WHT,판매출고,-1,ORD-000132363,2025-01-03T18:01:00
LED-001110364,NQ-CLR-WRM-001-S-CRM,판매출고,-1,ORD-000647003,2026-01-13T13:04:00
LED-001200807,NQ-TOP-001-4XL-GRY,판매출고,-1,ORD-000699063,2026-02-19T20:34:00
LED-002023850,NQ-OUT-002-S-NVY,판매출고,-1,ORD-001183584,2026-08-03T10:02:00
LED-000600430,NQ-TOP-002-XL-BLK,판매출고,-1,ORD-000348304,2025-08-01T10:29:00
LED-001677717,NQ-CLR-MUT-003-M-CRM,판매출고,-1,ORD-000978374,2026-05-29T14:31:00
LED-000114732,NQ-PNT-001-L-GRY,판매출고,-1,ORD-000066177,2024-08-27T08:53:00
LED-001796766,NQ-OUT-001-M-BEG,판매출고,-1,ORD-001047800,2026-06-25T08:09:00
LED-001210490,NQ-TOP-001-L-GRY,판매출고,-1,ORD-000704644,2026-02-23T14:35:00
LED-001659975,NQ-OUT-002-M-BEG,판매출고,-1,ORD-000967961,2026-05-24T12:00:00
LED-001278118,TRD-OUT-03-NAT-003-S-BLK,판매출고,-1,ORD-000744163,2026-03-06T22:04:00
LED-000992411,NQ-OUT-001-S-BEG,판매출고,-1,ORD-000576788,2025-12-18T17:40:00
LED-001333275,NQ-CLR-WRM-001-S-IVR,판매출고,-1,ORD-000776617,2026-03-11T13:35:00
LED-002109871,NQ-TOP-005-XL-GRY,판매출고,-1,ORD-001240305,2026-08-15T21:01:00
LED-000105827,NQ-CLR-COOL-005-S-IVR,반품입고,1,ORD-000060988,2024-09-05T00:00:00
LED-001355207,NQ-TOP-004-S-GRY,판매출고,-1,ORD-000789523,2026-03-14T19:05:00
LED-001361773,NQ-PNT-001-M-NVY,판매출고,-1,ORD-000793459,2026-03-14T09:44:00
LED-001228027,NQ-OUT-003-L-NVY,판매출고,-1,ORD-000714920,2026-03-01T20:21:00
LED-000066439,NQ-TOP-002-2XL-NVY,판매출고,-1,ORD-000038082,2024-06-20T20:09:00
LED-001189687,NQ-CLR-MUT-003-L-IVR,판매출고,-1,ORD-000692775,2026-02-14T22:49:00
LED-001552551,NQ-TOP-002-L-BLK,판매출고,-1,ORD-000905130,2026-04-28T16:41:00
LED-000687501,NQ-OUT-001-S-BLK,반품입고,1,ORD-000398875,2025-09-12T00:00:00
LED-001657241,NQ-DRS-002-S-BLK,판매출고,-1,ORD-000966378,2026-05-23T20:31:00
LED-000595177,NQ-TOP-003-M-NVY,판매출고,-1,ORD-000345200,2025-07-31T11:39:00
LED-002011647,NQ-PNT-001-L-BEG,판매출고,-1,ORD-001175821,2026-08-02T21:20:00
LED-001707824,NQ-TOP-001-S-GRY,판매출고,-1,ORD-000996157,2026-06-05T10:45:00
LED-002017826,NQ-TOP-005-M-NVY,반품입고,1,ORD-001179793,2026-08-15T00:00:00
LED-001641526,NQ-CLR-COOL-002-M-ASH,판매출고,-1,ORD-000957176,2026-05-20T14:31:00
LED-000363931,NQ-OUT-001-M-NVY,판매출고,-1,ORD-000211070,2025-03-30T13:39:00
LED-000958606,NQ-OUT-002-L-BLK,판매출고,-1,ORD-000557489,2025-12-07T14:57:00
LED-001359203,NQ-PNT-001-S-BLK,판매출고,-1,ORD-000791873,2026-03-14T18:18:00
LED-000640619,NQ-TOP-002-S-WHT,반품입고,1,ORD-000372083,2025-08-14T02:00:00
LED-000650106,NQ-PNT-001-2XL-NVY,반품입고,1,ORD-000377535,2025-09-06T00:00:00
LED-001850375,NQ-TOP-002-XL-BLK,판매출고,-1,ORD-001079084,2026-07-08T15:24:00
LED-001954101,NQ-CLR-MUT-003-M-CRM,판매출고,-1,ORD-001140071,2026-07-27T16:15:00
LED-001491821,NQ-OUT-001-M-BEG,반품입고,1,ORD-000869836,2026-04-25T00:00:00
LED-001394034,NQ-DRS-001-L-BLK,판매출고,-1,ORD-000812716,2026-03-21T23:14:00
LED-000171487,NQ-TOP-002-XL-WHT,불량처리,0,ORD-000099174,2024-12-10T00:00:00
LED-001637920,NQ-PNT-001-M-GRY,판매출고,-1,ORD-000955065,2026-05-19T09:41:00
LED-001203243,NQ-TOP-001-M-SKB,판매출고,-1,ORD-000700470,2026-02-20T23:22:00
LED-000817333,NQ-TOP-003-S-WHT,반품입고,1,ORD-000474108,2025-11-12T00:00:00
LED-001151089,NQ-TOP-001-S-LYL,판매출고,-1,ORD-000670864,2026-01-29T14:48:00
LED-001415999,NQ-TOP-002-L-BLK,판매출고,-1,ORD-000825631,2026-03-27T10:06:00
LED-000986603,NQ-TOP-004-XS-BLK,반품입고,1,ORD-000573453,2026-01-09T00:00:00
LED-001702869,NQ-TOP-001-XL-BLK,판매출고,-1,ORD-000993239,2026-06-04T18:33:00
LED-001357622,NQ-PNT-004-L-GRY,판매출고,-1,ORD-000790935,2026-03-14T10:38:00
LED-000527518,NQ-TOP-001-XL-ORC,반품입고,1,ORD-000306012,2025-07-26T02:00:00
LED-000466777,NQ-CLR-MUT-003-M-ASH,판매출고,-1,ORD-000270700,2025-05-30T09:59:00
LED-000239772,NQ-TOP-005-2XL-WHT,판매출고,-1,ORD-000139251,2025-01-11T23:35:00
LED-000822871,NQ-TOP-004-S-GRY,판매출고,-1,ORD-000477299,2025-10-31T20:12:00
LED-000697389,TRD-TOP-01-STR-001-L-IVR,판매출고,-1,ORD-000404558,2025-09-07T19:47:00
LED-001935659,NQ-TOP-001-2XL-GRY,판매출고,-1,ORD-001128982,2026-07-26T14:25:00
LED-000247626,NQ-PNT-001-XL-NVY,판매출고,-1,ORD-000143960,2025-01-19T10:42:00
LED-000125750,NQ-TOP-001-M-LYL,판매출고,-1,ORD-000072592,2024-09-14T22:51:00
LED-000310538,NQ-OUT-002-M-NVY,판매출고,-1,ORD-000180247,2025-03-08T18:00:00
LED-000839321,TRD-TOP-01-STR-001-S-IVR,판매출고,-1,ORD-000486851,2025-11-08T15:00:00
LED-000959046,NQ-PNT-002-M-BLK,판매출고,-1,ORD-000557758,2025-12-07T11:06:00
LED-001168884,NQ-OUT-001-S-BEG,판매출고,-1,ORD-000680923,2026-02-06T17:24:00
LED-000949096,NQ-OUT-001-M-BLK,판매출고,-1,ORD-000552052,2025-12-03T08:28:00
LED-001412282,NQ-ACC-SCF-003-FREE-WHT,판매출고,-1,ORD-000823460,2026-03-26T09:38:00
LED-000529946,NQ-OUT-003-M-BLK,반품입고,1,ORD-000307419,2025-07-13T00:00:00
LED-000301340,NQ-PNT-001-L-BEG,판매출고,-1,ORD-000175006,2025-03-06T21:13:00
LED-000779557,NQ-PNT-001-L-BEG,판매출고,-1,ORD-000452183,2025-10-12T18:03:00
LED-000229114,NQ-TOP-001-2XL-GRY,판매출고,-1,ORD-000132910,2025-01-03T10:22:00
LED-000379868,NQ-OUT-002-L-BLK,판매출고,-1,ORD-000220226,2025-04-09T18:49:00
LED-001181598,NQ-TOP-001-L-BLK,판매출고,-1,ORD-000688234,2026-02-11T13:30:00
LED-000284006,NQ-OUT-001-S-BEG,판매출고,-1,ORD-000165071,2025-03-02T14:48:00
LED-000201547,NQ-TOP-001-3XL-SKB,판매출고,-1,ORD-000116823,2024-12-13T18:01:00
LED-000340504,NQ-TOP-001-3XL-GRY,판매출고,-1,ORD-000197670,2025-03-17T22:33:00
LED-000103555,NQ-TOP-001-L-LYL,판매출고,-1,ORD-000059681,2024-08-09T21:13:00
LED-001442309,NQ-TOP-001-3XL-LYL,판매출고,-1,ORD-000840905,2026-04-02T20:20:00
LED-002052081,NQ-TOP-001-XL-WHT,판매출고,-1,ORD-001201853,2026-08-07T21:14:00
LED-001691492,NQ-TOP-001-L-GRY,판매출고,-1,ORD-000986537,2026-05-31T17:24:00
LED-001549443,NQ-TOP-001-XL-WHT,판매출고,-1,ORD-000903315,2026-04-27T11:39:00
LED-000701682,NQ-PNT-002-XL-BLK,입고,304,PO-000001355,2025-09-09T00:00:00
LED-001665317,NQ-TOP-001-XL-WHT,판매출고,-1,ORD-000971073,2026-05-25T22:19:00
LED-000537147,NQ-TOP-005-L-NVY,판매출고,-1,ORD-000311559,2025-07-08T20:31:00
LED-000417405,NQ-OUT-002-S-NVY,판매출고,-1,ORD-000242051,2025-05-01T18:12:00
LED-000266789,NQ-TOP-001-S-WHT,판매출고,-1,ORD-000154998,2025-02-16T22:22:00
LED-001202960,NQ-CLR-WRM-001-L-CRM,판매출고,-1,ORD-000700295,2026-02-20T11:09:00
LED-001764585,NQ-TOP-001-L-WHT,판매출고,-1,ORD-001029228,2026-06-18T13:13:00
LED-000924287,NQ-PNT-001-S-KHK,판매출고,-1,ORD-000537173,2025-11-28T09:08:00
LED-000972690,NQ-PNT-001-XL-BEG,판매출고,-1,ORD-000565537,2025-12-13T16:22:00
LED-001421859,NQ-PNT-002-2XL-GRY,판매출고,-1,ORD-000828996,2026-03-28T18:35:00
LED-001333149,NQ-TOP-001-M-BLK,반품입고,1,ORD-000776552,2026-04-05T00:00:00
LED-001199724,NQ-PNT-001-M-KHK,판매출고,-1,ORD-000698443,2026-02-18T17:01:00
LED-001807013,NQ-OUT-001-M-NVY,판매출고,-1,ORD-001053806,2026-06-28T21:28:00
LED-000526001,NQ-TOP-001-4XL-GRY,판매출고,-1,ORD-000305132,2025-07-01T22:37:00
LED-001558501,NQ-TOP-001-L-NVY,판매출고,-1,ORD-000908639,2026-04-30T22:54:00
LED-000916134,NQ-CLR-WRM-001-L-ASH,판매출고,-1,ORD-000532180,2025-11-27T21:07:00
LED-001141270,NQ-TOP-001-M-NVY,판매출고,-1,ORD-000665216,2026-01-25T10:03:00
LED-000656983,NQ-PNT-001-L-NVY,판매출고,-1,ORD-000381492,2025-08-17T18:37:00
LED-000854437,NQ-TOP-005-3XL-NVY,판매출고,-1,ORD-000495746,2025-11-14T09:07:00
LED-002043112,NQ-TOP-002-3XL-NVY,판매출고,-1,ORD-001196005,2026-08-05T17:32:00
LED-001268790,NQ-ACC-SCF-003-FREE-WHT,판매출고,-1,ORD-000738726,2026-03-05T14:44:00
LED-001664423,NQ-DRS-001-M-IVR,판매출고,-1,ORD-000970541,2026-05-25T10:42:00
LED-000856499,NQ-PNT-001-S-GRY,판매출고,-1,ORD-000496963,2025-11-15T21:45:00
LED-000898643,NQ-TOP-003-M-BLK,판매출고,-1,ORD-000521819,2025-11-24T19:15:00
LED-001437542,NQ-OUT-002-M-NVY,판매출고,-1,ORD-000838143,2026-04-01T19:51:00
LED-001586128,NQ-PNT-001-3XL-BLK,판매출고,-1,ORD-000924857,2026-05-06T10:01:00
LED-001608269,NQ-TOP-001-XL-ORC,판매출고,-1,ORD-000937825,2026-05-12T22:52:00
LED-002091443,NQ-TOP-003-2XL-NVY,판매출고,-1,ORD-001227853,2026-08-10T10:49:00
LED-000454992,NQ-OUT-001-M-BEG,판매출고,-1,ORD-000263787,2025-05-23T16:58:00
LED-001261275,NQ-CLR-WRM-001-M-ASH,판매출고,-1,ORD-000734379,2026-03-04T19:56:00
LED-000462507,NQ-PNT-002-4XL-BEG,판매출고,-1,ORD-000268203,2025-05-27T21:20:00
LED-000662490,NQ-PNT-001-S-BLK,판매출고,-1,ORD-000384639,2025-08-21T22:48:00
LED-000961598,NQ-PNT-001-XL-BEG,판매출고,-1,ORD-000559250,2025-12-08T22:32:00
LED-000060572,NQ-PNT-002-XS-GRY,판매출고,-1,ORD-000034612,2024-06-09T16:16:00
LED-001001810,NQ-PNT-001-XS-GRY,판매출고,-1,ORD-000582491,2025-12-20T13:05:00
LED-001300275,NQ-TOP-002-M-BLK,판매출고,-1,ORD-000757196,2026-03-08T20:44:00
LED-000698082,NQ-TOP-001-L-BLK,판매출고,-1,ORD-000404954,2025-09-07T22:02:00
LED-001887133,NQ-PNT-001-L-GRY,판매출고,-1,ORD-001100505,2026-07-17T08:47:00
LED-000006571,NQ-TOP-001-M-LYL,판매출고,-1,ORD-000003080,2024-03-05T17:11:00
LED-000087374,NQ-PNT-001-M-BLK,판매출고,-1,ORD-000050304,2024-07-27T13:51:00
LED-001865668,NQ-TOP-001-M-NVY,판매출고,-1,ORD-001088014,2026-07-12T19:00:00
LED-000080549,NQ-PNT-001-2XL-KHK,판매출고,-1,ORD-000046373,2024-07-18T21:23:00
LED-000860449,NQ-OUT-002-L-BLK,판매출고,-1,ORD-000499279,2025-11-16T22:06:00
LED-000212027,NQ-PNT-003-XL-GRY,반품입고,1,ORD-000122864,2024-12-31T00:00:00
LED-001987302,NQ-PNT-001-M-BEG,반품입고,1,ORD-001160706,2026-08-12T00:00:00
LED-001784886,NQ-TOP-001-XL-LYL,판매출고,-1,ORD-001040955,2026-06-22T14:14:00
LED-000026953,NQ-TOP-001-L-ORC,판매출고,-1,ORD-000014979,2024-04-01T20:46:00
LED-001176630,NQ-OUT-001-S-BLK,불량처리,0,ORD-000685422,2026-03-05T00:00:00
LED-000908367,NQ-PNT-001-XS-BEG,판매출고,-1,ORD-000527551,2025-11-25T08:43:00
LED-000317143,TRD-OUT-01-STR-001-M-GRY,판매출고,-1,ORD-000184046,2025-03-10T19:37:00
LED-001667883,NQ-TOP-003-L-WHT,판매출고,-1,ORD-000972590,2026-05-26T17:08:00
LED-000146484,NQ-PNT-001-2XL-KHK,판매출고,-1,ORD-000084659,2024-10-14T14:28:00
LED-000248515,NQ-CLR-MUT-003-M-ASH,판매출고,-1,ORD-000144471,2025-01-20T08:22:00
LED-001764173,NQ-PNT-001-M-KHK,판매출고,-1,ORD-001028994,2026-06-18T14:22:00
LED-001855651,NQ-ACC-BAG-001-FREE-BLK,반품입고,1,ORD-001082167,2026-07-27T00:00:00
LED-000328717,NQ-CLR-WRM-001-M-CRM,판매출고,-1,ORD-000190883,2025-03-13T11:05:00
LED-000817042,NQ-PNT-001-XL-NVY,판매출고,-1,ORD-000473958,2025-10-29T17:10:00
LED-001089340,NQ-CLR-WRM-004-L-CRM,판매출고,-1,ORD-000634289,2026-01-09T19:37:00
LED-000638173,NQ-TOP-001-L-LYL,반품입고,1,ORD-000370670,2025-08-17T00:00:00
LED-000290114,NQ-CLR-COOL-002-L-IVR,판매출고,-1,ORD-000168580,2025-03-04T21:11:00
LED-001756346,NQ-PNT-001-M-GRY,판매출고,-1,ORD-001024463,2026-06-16T11:10:00
LED-001902906,NQ-CLR-MUT-003-S-CRM,판매출고,-1,ORD-001109746,2026-07-20T19:01:00
LED-002061575,NQ-OUT-003-L-BEG,판매출고,-1,ORD-001207958,2026-08-08T09:12:00
LED-001767432,NQ-TOP-001-XL-NVY,판매출고,-1,ORD-001030863,2026-06-19T09:36:00
LED-001535307,NQ-TOP-001-L-GRY,판매출고,-1,ORD-000895041,2026-04-24T12:30:00
LED-001934517,NQ-DRS-001-L-IVR,판매출고,-1,ORD-001128288,2026-07-26T20:14:00
LED-000998843,NQ-TOP-001-L-NVY,판매출고,-1,ORD-000580740,2025-12-20T23:41:00
LED-000734862,NQ-TOP-001-S-BLK,판매출고,-1,ORD-000426346,2025-09-23T15:45:00
LED-001027852,NQ-TOP-002-M-WHT,판매출고,-1,ORD-000597351,2025-12-26T10:27:00
LED-000067126,NQ-TOP-001-M-BLK,판매출고,-1,ORD-000038491,2024-06-22T15:27:00
LED-000783890,NQ-OUT-001-M-GRY,판매출고,-1,ORD-000454676,2025-10-14T22:29:00
LED-001224210,NQ-PNT-001-M-GRY,판매출고,-1,ORD-000712695,2026-03-01T17:20:00
LED-000396487,NQ-PNT-002-L-GRY,반품입고,1,ORD-000229780,2025-05-15T00:00:00
LED-001975785,NQ-OUT-001-M-BEG,판매출고,-1,ORD-001153590,2026-07-30T20:22:00
LED-002033103,NQ-ACC-BAG-001-FREE-BEG,판매출고,-1,ORD-001189635,2026-08-04T22:10:00
LED-000371152,NQ-PNT-001-L-GRY,판매출고,-1,ORD-000215232,2025-04-04T09:46:00
LED-001218155,NQ-OUT-001-S-BEG,판매출고,-1,ORD-000709064,2026-02-26T13:30:00
LED-001214578,NQ-PNT-001-L-BEG,판매출고,-1,ORD-000706992,2026-02-25T11:50:00
LED-001321036,NQ-PNT-001-L-BEG,반품입고,1,ORD-000769464,2026-03-31T00:00:00
LED-000936344,NQ-TOP-004-M-NVY,판매출고,-1,ORD-000544449,2025-11-30T10:33:00
LED-000977934,NQ-TOP-001-M-SKB,판매출고,-1,ORD-000568526,2025-12-15T18:21:00
LED-001452555,NQ-TOP-001-M-GRY,판매출고,-1,ORD-000846937,2026-04-04T12:35:00
LED-000298769,NQ-OUT-001-M-NVY,판매출고,-1,ORD-000173538,2025-03-06T13:05:00
LED-001755179,NQ-PNT-003-XL-BLK,판매출고,-1,ORD-001023776,2026-06-15T10:59:00
LED-001848183,NQ-PNT-002-M-GRY,반품입고,1,ORD-001077803,2026-07-24T00:00:00
LED-000207536,NQ-PNT-003-M-BLK,판매출고,-1,ORD-000120248,2024-12-18T11:15:00
LED-001356675,NQ-PNT-001-L-GRY,판매출고,-1,ORD-000790384,2026-03-14T14:42:00
LED-000921221,NQ-OUT-001-L-BEG,불량처리,0,ORD-000535244,2025-12-18T00:00:00
LED-000624614,NQ-TOP-002-M-GRY,판매출고,-1,ORD-000362550,2025-08-06T12:32:00
LED-000420523,NQ-TOP-004-M-NVY,판매출고,-1,ORD-000243866,2025-05-03T11:27:00
LED-001593618,NQ-CLR-MUT-003-M-IVR,판매출고,-1,ORD-000929222,2026-05-09T09:38:00
LED-001881604,NQ-TOP-003-4XL-NVY,판매출고,-1,ORD-001097303,2026-07-15T22:54:00
LED-000785485,NQ-CLR-COOL-002-L-ASH,판매출고,-1,ORD-000455609,2025-10-15T18:53:00
LED-000464215,NQ-TOP-001-XL-ORC,판매출고,-1,ORD-000269202,2025-05-28T13:10:00
LED-001401637,NQ-TOP-005-3XL-GRY,판매출고,-1,ORD-000817220,2026-03-23T23:20:00
LED-002114257,NQ-OUT-001-L-NVY,판매출고,-1,ORD-001243315,2026-08-16T23:55:00
LED-001335457,NQ-TOP-005-M-GRY,반품입고,1,ORD-000777952,2026-03-25T00:00:00
LED-000450954,NQ-PNT-003-M-GRY,반품입고,1,ORD-000261426,2025-06-10T02:00:00
LED-001653590,NQ-TOP-001-M-ORC,판매출고,-1,ORD-000964214,2026-05-23T21:56:00
LED-001320867,NQ-PNT-001-XS-KHK,판매출고,-1,ORD-000769364,2026-03-10T23:35:00
LED-001545963,NQ-TOP-001-M-LYL,판매출고,-1,ORD-000901277,2026-04-26T13:14:00
LED-000292566,NQ-TOP-001-3XL-GRY,판매출고,-1,ORD-000170020,2025-03-04T15:53:00
LED-001534353,NQ-TOP-004-S-BLK,반품입고,1,ORD-000894503,2026-05-16T00:00:00
LED-002072856,NQ-TOP-001-XL-WHT,판매출고,-1,ORD-001215631,2026-08-09T13:24:00
LED-001318806,NQ-CLR-MUT-003-M-ASH,판매출고,-1,ORD-000768129,2026-03-10T17:55:00
LED-000279328,NQ-OUT-001-M-NVY,판매출고,-1,ORD-000162303,2025-03-01T21:43:00
LED-001059655,NQ-PNT-001-XL-GRY,반품입고,1,ORD-000616176,2026-01-29T00:00:00
LED-000487637,NQ-OUT-003-S-NVY,판매출고,-1,ORD-000282824,2025-06-10T22:28:00
LED-001511404,NQ-ACC-SCF-003-FREE-BLK,판매출고,-1,ORD-000881126,2026-04-18T15:33:00
LED-001923621,NQ-TOP-001-L-SKB,판매출고,-1,ORD-001121831,2026-07-25T15:09:00
LED-001228844,NQ-CLR-COOL-002-S-ASH,판매출고,-1,ORD-000715411,2026-03-01T15:23:00
LED-000593138,NQ-OUT-002-S-GRY,판매출고,-1,ORD-000344029,2025-07-30T19:30:00
LED-001394493,NQ-TOP-001-M-GRY,판매출고,-1,ORD-000812991,2026-03-21T21:03:00
LED-002105064,NQ-PNT-003-S-BLK,판매출고,-1,ORD-001236974,2026-08-14T23:48:00
LED-000807400,TRD-OUT-02-WAV-002-L-BRN,판매출고,-1,ORD-000468322,2025-10-25T22:25:00
LED-001597744,NQ-TOP-001-L-SKB,판매출고,-1,ORD-000931627,2026-05-09T22:02:00
LED-001448410,NQ-PNT-001-S-NVY,판매출고,-1,ORD-000844459,2026-04-04T08:59:00
LED-001303450,TRD-OUT-03-NAT-003-L-BEG,판매출고,-1,ORD-000759071,2026-03-08T08:09:00
LED-000900494,NQ-CLR-MUT-003-S-CRM,판매출고,-1,ORD-000522947,2025-11-24T22:12:00
LED-001110207,NQ-CLR-COOL-002-M-ASH,반품입고,1,ORD-000646908,2026-02-06T00:00:00
LED-000087520,NQ-TOP-002-3XL-BLK,판매출고,-1,ORD-000050387,2024-07-27T11:13:00
LED-000562647,NQ-TOP-001-L-SKB,판매출고,-1,ORD-000326382,2025-07-22T11:05:00
LED-000678014,NQ-TOP-001-L-ORC,반품입고,1,ORD-000393470,2025-09-26T00:00:00
LED-000669987,NQ-CLR-COOL-005-L-IVR,입고,272,PO-000001283,2025-08-25T00:00:00
LED-001753923,NQ-PNT-001-2XL-KHK,판매출고,-1,ORD-001023046,2026-06-15T23:17:00
LED-000536061,NQ-TOP-001-XL-NVY,판매출고,-1,ORD-000310908,2025-07-07T16:51:00
LED-001961947,NQ-PNT-001-XS-GRY,판매출고,-1,ORD-001145017,2026-07-28T08:51:00
LED-002026964,NQ-OUT-001-M-NVY,판매출고,-1,ORD-001185523,2026-08-04T23:32:00
LED-000273464,NQ-CLR-COOL-002-L-ASH,판매출고,-1,ORD-000158937,2025-02-26T21:05:00
LED-001935839,NQ-CLR-MUT-003-M-CRM,반품입고,1,ORD-001129085,2026-08-20T02:00:00
LED-001864254,NQ-OUT-001-L-BEG,판매출고,-1,ORD-001087206,2026-07-11T09:21:00
LED-000964627,NQ-PNT-001-4XL-BLK,반품입고,1,ORD-000561002,2025-12-18T00:00:00
LED-000954466,NQ-OUT-001-M-BLK,판매출고,-1,ORD-000555122,2025-12-06T23:12:00
LED-000435243,NQ-OUT-001-M-BEG,판매출고,-1,ORD-000252360,2025-05-11T20:32:00
LED-000964183,NQ-PNT-004-L-BLK,판매출고,-1,ORD-000560761,2025-12-10T19:53:00
LED-000270177,NQ-TOP-001-L-LYL,판매출고,-1,ORD-000157014,2025-02-21T12:01:00
LED-001848823,NQ-TOP-003-XL-BLK,반품입고,1,ORD-001078164,2026-07-31T00:00:00
LED-001934679,NQ-TOP-004-2XL-NVY,판매출고,-1,ORD-001128387,2026-07-26T22:35:00
LED-000831845,NQ-CLR-COOL-002-S-CRM,판매출고,-1,ORD-000482495,2025-11-04T21:49:00
LED-000599051,NQ-TOP-001-L-WHT,판매출고,-1,ORD-000347506,2025-08-01T15:23:00
LED-001632075,NQ-CLR-WRM-001-M-CRM,판매출고,-1,ORD-000951638,2026-05-17T15:34:00
LED-001335773,NQ-ACC-CAP-004-FREE-BRN,판매출고,-1,ORD-000778132,2026-03-11T22:00:00
LED-001706123,NQ-OUT-003-S-BLK,판매출고,-1,ORD-000995150,2026-06-04T22:19:00
LED-001338818,NQ-CLR-COOL-002-S-ASH,판매출고,-1,ORD-000779913,2026-03-12T18:16:00
LED-001091634,NQ-PNT-001-2XL-BLK,반품입고,1,ORD-000635696,2026-01-30T00:00:00
LED-001409933,NQ-TOP-003-L-BLK,판매출고,-1,ORD-000822068,2026-03-25T10:29:00
LED-001935774,NQ-PNT-001-L-BLK,반품입고,1,ORD-001129049,2026-08-14T02:00:00
LED-000568100,NQ-PNT-001-M-NVY,판매출고,-1,ORD-000329518,2025-07-25T08:45:00
LED-001721094,NQ-CLR-MUT-006-L-ASH,판매출고,-1,ORD-001003962,2026-06-07T20:48:00
LED-001743874,NQ-OUT-002-M-BEG,판매출고,-1,ORD-001017210,2026-06-13T15:17:00
LED-001747277,NQ-OUT-001-M-NVY,판매출고,-1,ORD-001019148,2026-06-14T17:30:00
LED-001605970,NQ-TOP-002-L-WHT,판매출고,-1,ORD-000936506,2026-05-11T14:20:00
LED-000594309,NQ-PNT-003-XL-GRY,반품입고,1,ORD-000344708,2025-08-22T00:00:00
LED-000662602,NQ-OUT-003-S-BEG,판매출고,-1,ORD-000384702,2025-08-21T08:49:00
LED-000693237,NQ-PNT-001-L-BEG,판매출고,-1,ORD-000402186,2025-09-05T18:31:00
LED-001637239,NQ-TOP-001-XS-SKB,반품입고,1,ORD-000954662,2026-06-09T00:00:00
LED-001733584,NQ-TOP-002-S-BLK,판매출고,-1,ORD-001011206,2026-06-11T11:57:00
LED-001895696,NQ-DRS-001-S-BLK,반품입고,1,ORD-001105503,2026-08-03T00:00:00
LED-000415250,NQ-OUT-001-M-NVY,불량처리,0,ORD-000240804,2025-05-11T00:00:00
LED-001546125,NQ-PNT-001-XL-KHK,판매출고,-1,ORD-000901375,2026-04-26T09:43:00
LED-001705049,NQ-TOP-001-4XL-NVY,판매출고,-1,ORD-000994522,2026-06-04T19:09:00
LED-001933920,NQ-CLR-WRM-004-S-IVR,판매출고,-1,ORD-001127946,2026-07-26T12:59:00
LED-000439712,NQ-OUT-002-S-BLK,판매출고,-1,ORD-000254931,2025-05-14T10:25:00
LED-000235806,NQ-PNT-001-L-BEG,판매출고,-1,ORD-000136927,2025-01-08T18:10:00
LED-001593136,NQ-CLR-COOL-002-L-ASH,판매출고,-1,ORD-000928943,2026-05-08T08:03:00
LED-000085104,NQ-CLR-WRM-001-S-CRM,판매출고,-1,ORD-000048993,2024-07-25T15:38:00
LED-001818171,NQ-CLR-MUT-006-S-IVR,판매출고,-1,ORD-001060361,2026-06-30T19:19:00
LED-000793731,NQ-CLR-WRM-004-L-IVR,반품입고,1,ORD-000460431,2025-11-10T00:00:00
LED-001325057,NQ-DRS-001-M-BLK,판매출고,-1,ORD-000771875,2026-03-10T12:25:00
LED-001119287,NQ-TOP-001-3XL-WHT,반품입고,1,ORD-000652438,2026-02-09T00:00:00
LED-001552447,NQ-CLR-COOL-002-S-ASH,판매출고,-1,ORD-000905070,2026-04-28T09:32:00
LED-000114519,NQ-PNT-001-M-GRY,판매출고,-1,ORD-000066044,2024-08-27T13:09:00
LED-000557100,NQ-CLR-MUT-003-M-CRM,판매출고,-1,ORD-000323147,2025-07-19T14:15:00
LED-000513316,NQ-OUT-001-L-NVY,판매출고,-1,ORD-000297821,2025-06-25T15:20:00
LED-000681688,NQ-PNT-001-S-BLK,판매출고,-1,ORD-000395567,2025-08-31T08:50:00
LED-002095028,NQ-PNT-001-L-BLK,판매출고,-1,ORD-001230246,2026-08-11T19:13:00
LED-000214269,NQ-PNT-001-XL-GRY,판매출고,-1,ORD-000124171,2024-12-23T20:26:00
LED-000704357,NQ-CLR-COOL-005-L-IVR,판매출고,-1,ORD-000408619,2025-09-10T11:59:00
LED-000600947,NQ-CLR-WRM-001-M-ASH,판매출고,-1,ORD-000348599,2025-08-01T11:56:00
LED-001043040,NQ-PNT-001-XL-KHK,판매출고,-1,ORD-000606447,2025-12-29T21:59:00
LED-000374137,NQ-CLR-COOL-002-M-CRM,판매출고,-1,ORD-000216923,2025-04-06T10:37:00
LED-000955125,NQ-OUT-001-S-BEG,판매출고,-1,ORD-000555484,2025-12-06T19:56:00
LED-001365969,NQ-CLR-WRM-001-L-IVR,판매출고,-1,ORD-000796094,2026-03-14T13:15:00
LED-001760222,NQ-OUT-001-M-BLK,판매출고,-1,ORD-001026695,2026-06-17T21:14:00
LED-001587483,NQ-CLR-COOL-002-M-ASH,판매출고,-1,ORD-000925642,2026-05-07T18:21:00
LED-001777976,NQ-PNT-001-L-KHK,반품입고,1,ORD-001036999,2026-07-05T00:00:00
LED-001718708,NQ-TOP-001-XL-NVY,판매출고,-1,ORD-001002567,2026-06-07T23:43:00
LED-000458338,NQ-CLR-COOL-002-L-IVR,판매출고,-1,ORD-000265769,2025-05-25T14:05:00
LED-000898205,NQ-PNT-001-S-GRY,판매출고,-1,ORD-000521554,2025-11-24T19:58:00
LED-000345546,NQ-CLR-WRM-001-M-IVR,판매출고,-1,ORD-000200581,2025-03-20T14:57:00
LED-001876728,NQ-PNT-001-S-BEG,반품입고,1,ORD-001094437,2026-08-05T00:00:00
LED-000622841,NQ-TOP-001-L-LYL,판매출고,-1,ORD-000361465,2025-08-06T14:23:00
LED-001254011,NQ-TOP-001-L-NVY,반품입고,1,ORD-000730189,2026-03-19T00:00:00
LED-000654194,NQ-TOP-003-M-BLK,판매출고,-1,ORD-000379884,2025-08-16T19:52:00
LED-000200373,NQ-TOP-001-XS-WHT,판매출고,-1,ORD-000116140,2024-12-11T14:28:00
LED-000759748,NQ-CLR-COOL-002-S-CRM,판매출고,-1,ORD-000440771,2025-10-04T12:33:00
LED-001626602,NQ-TOP-005-XS-NVY,판매출고,-1,ORD-000948463,2026-05-16T18:47:00
LED-001685505,NQ-CLR-MUT-003-L-IVR,판매출고,-1,ORD-000982981,2026-05-30T09:01:00
LED-000597998,NQ-CLR-WRM-004-L-IVR,판매출고,-1,ORD-000346867,2025-07-31T15:22:00
LED-001400516,NQ-PNT-001-2XL-BEG,판매출고,-1,ORD-000816559,2026-03-22T08:20:00
LED-000912764,NQ-OUT-001-L-BLK,판매출고,-1,ORD-000530171,2025-11-26T12:14:00
LED-001685197,NQ-TOP-001-S-BLK,판매출고,-1,ORD-000982794,2026-05-30T09:40:00
LED-001032918,NQ-TOP-001-M-NVY,판매출고,-1,ORD-000600269,2025-12-27T23:33:00
LED-001609192,NQ-TOP-001-2XL-WHT,판매출고,-1,ORD-000938356,2026-05-12T20:46:00
LED-000553524,NQ-PNT-001-S-BEG,판매출고,-1,ORD-000321119,2025-07-17T22:17:00
LED-000669937,NQ-TOP-001-M-NVY,판매출고,-1,ORD-000388863,2025-08-24T13:18:00
LED-001935425,NQ-PNT-001-M-BLK,판매출고,-1,ORD-001128843,2026-07-26T09:39:00
LED-001755267,NQ-TOP-001-3XL-BLK,판매출고,-1,ORD-001023833,2026-06-15T21:59:00
LED-001895130,NQ-CLR-COOL-002-M-CRM,판매출고,-1,ORD-001105182,2026-07-18T09:04:00
LED-001436379,NQ-TOP-003-M-GRY,판매출고,-1,ORD-000837464,2026-03-31T19:56:00
LED-002025125,NQ-PNT-001-2XL-BLK,판매출고,-1,ORD-001184390,2026-08-03T11:30:00
LED-002055453,NQ-OUT-002-L-NVY,판매출고,-1,ORD-001204021,2026-08-07T21:40:00
LED-000370260,NQ-CLR-WRM-004-M-CRM,판매출고,-1,ORD-000214716,2025-04-04T22:43:00
LED-002053754,NQ-TOP-001-L-BLK,판매출고,-1,ORD-001202922,2026-08-07T08:47:00
LED-001568175,NQ-CLR-MUT-003-M-CRM,판매출고,-1,ORD-000914316,2026-05-02T09:31:00
LED-001484163,NQ-TOP-001-S-GRY,반품입고,1,ORD-000865352,2026-04-24T00:00:00
LED-001786816,NQ-PNT-003-L-BLK,판매출고,-1,ORD-001042069,2026-06-23T23:54:00
LED-001666776,NQ-OUT-001-S-BLK,판매출고,-1,ORD-000971941,2026-05-26T09:48:00
LED-001370879,NQ-CLR-COOL-002-S-CRM,판매출고,-1,ORD-000799003,2026-03-15T20:35:00
LED-002081758,NQ-PNT-001-S-BLK,판매출고,-1,ORD-001221503,2026-08-09T10:16:00
LED-001260838,NQ-ACC-BAG-001-FREE-WHT,반품입고,1,ORD-000734105,2026-03-14T00:00:00
LED-000148312,NQ-PNT-002-M-BLK,판매출고,-1,ORD-000085724,2024-10-17T23:27:00
LED-000769005,NQ-TOP-001-L-NVY,판매출고,-1,ORD-000446087,2025-10-08T09:40:00
LED-000511627,NQ-CLR-MUT-003-S-ASH,판매출고,-1,ORD-000296824,2025-06-24T22:30:00
LED-001396444,NQ-PNT-001-L-BEG,판매출고,-1,ORD-000814155,2026-03-22T08:53:00
LED-002126510,NQ-TOP-001-M-LYL,판매출고,-1,ORD-001251576,2026-08-20T08:06:00
LED-000198086,NQ-PNT-001-L-KHK,판매출고,-1,ORD-000114791,2024-12-07T20:46:00
LED-001701427,NQ-TOP-001-3XL-SKB,판매출고,-1,ORD-000992394,2026-06-03T09:27:00
LED-000966400,NQ-PNT-002-L-BLK,판매출고,-1,ORD-000561974,2025-12-11T18:12:00
LED-002018402,NQ-PNT-001-S-GRY,판매출고,-1,ORD-001180155,2026-08-03T23:31:00
LED-001019785,NQ-TOP-001-L-LYL,판매출고,-1,ORD-000592772,2025-12-24T16:04:00
LED-000416723,NQ-TOP-001-XL-NVY,판매출고,-1,ORD-000241652,2025-05-01T17:17:00
LED-002029455,NQ-PNT-001-M-BEG,판매출고,-1,ORD-001187172,2026-08-04T22:28:00
LED-001811700,NQ-CLR-MUT-003-M-ASH,판매출고,-1,ORD-001056593,2026-06-29T22:47:00
LED-002124637,NQ-TOP-001-4XL-SKB,판매출고,-1,ORD-001250296,2026-08-20T08:10:00
LED-000228401,NQ-PNT-001-S-BLK,판매출고,-1,ORD-000132492,2025-01-03T18:05:00
LED-000934231,NQ-TOP-001-3XL-LYL,판매출고,-1,ORD-000543211,2025-11-29T10:01:00
LED-001629073,NQ-OUT-001-M-BLK,판매출고,-1,ORD-000949900,2026-05-17T13:11:00
LED-000990158,NQ-PNT-001-L-KHK,판매출고,-1,ORD-000575501,2025-12-18T15:52:00
LED-000492323,NQ-CLR-MUT-006-S-ASH,판매출고,-1,ORD-000285482,2025-06-13T11:50:00
LED-000189967,NQ-CLR-WRM-001-M-IVR,판매출고,-1,ORD-000110035,2024-11-29T22:08:00
LED-001013151,NQ-TOP-001-L-LYL,반품입고,1,ORD-000588981,2025-12-29T02:00:00
LED-001607947,NQ-CLR-MUT-003-M-CRM,판매출고,-1,ORD-000937641,2026-05-12T17:16:00
LED-001898452,NQ-CLR-WRM-001-L-ASH,판매출고,-1,ORD-001107140,2026-07-19T14:32:00
LED-001470769,NQ-PNT-002-S-BEG,판매출고,-1,ORD-000857609,2026-04-09T23:22:00
LED-001150396,NQ-OUT-001-M-NVY,반품입고,1,ORD-000670471,2026-02-18T00:00:00
LED-001276533,NQ-PNT-003-XL-BEG,판매출고,-1,ORD-000743234,2026-03-06T17:28:00
LED-001264836,TRD-OUT-03-WAV-002-S-BEG,판매출고,-1,ORD-000736406,2026-03-05T16:17:00
LED-000230609,NQ-TOP-001-XL-SKB,판매출고,-1,ORD-000133814,2025-01-04T08:18:00
LED-000478167,NQ-CLR-COOL-002-M-ASH,판매출고,-1,ORD-000277317,2025-06-05T15:46:00
LED-001023526,NQ-PNT-001-L-GRY,판매출고,-1,ORD-000594885,2025-12-25T19:42:00
LED-000066867,NQ-CLR-COOL-002-M-CRM,판매출고,-1,ORD-000038334,2024-06-21T16:44:00
LED-000906461,NQ-CLR-MUT-003-M-ASH,반품입고,1,ORD-000526460,2025-12-05T00:00:00
LED-000278516,TRD-OUT-01-STR-001-S-GRY,판매출고,-1,ORD-000161823,2025-03-01T15:19:00
LED-001449728,NQ-CLR-MUT-003-L-CRM,반품입고,1,ORD-000845228,2026-04-26T02:00:00
LED-002028022,NQ-ACC-BAG-001-FREE-BRN,판매출고,-1,ORD-001186214,2026-08-04T17:47:00
LED-000261479,NQ-TOP-001-M-WHT,반품입고,1,ORD-000151897,2025-03-04T00:00:00
LED-000937110,NQ-TOP-003-XL-BLK,판매출고,-1,ORD-000544896,2025-11-30T21:37:00
LED-001995348,NQ-TOP-001-2XL-WHT,반품입고,1,ORD-001165657,2026-08-18T00:00:00
LED-000467062,NQ-TOP-001-L-BLK,판매출고,-1,ORD-000270866,2025-05-30T23:24:00
LED-000237886,NQ-CLR-COOL-002-M-IVR,판매출고,-1,ORD-000138149,2025-01-10T10:07:00
LED-001076561,NQ-PNT-001-3XL-KHK,반품입고,1,ORD-000626576,2026-01-15T00:00:00
LED-001349870,NQ-PNT-003-M-BLK,판매출고,-1,ORD-000786402,2026-03-13T21:34:00
LED-000274635,NQ-PNT-003-XL-BEG,판매출고,-1,ORD-000159619,2025-02-28T08:17:00
LED-000419313,NQ-PNT-001-3XL-BLK,판매출고,-1,ORD-000243170,2025-05-02T21:27:00
LED-001261418,NQ-TOP-003-M-GRY,판매출고,-1,ORD-000734450,2026-03-04T17:14:00
LED-000655271,NQ-TOP-001-M-BLK,판매출고,-1,ORD-000380511,2025-08-17T09:19:00
LED-000505743,NQ-OUT-001-S-BEG,판매출고,-1,ORD-000293323,2025-06-21T12:51:00
LED-001113829,NQ-CLR-WRM-004-S-IVR,반품입고,1,ORD-000649048,2026-02-08T00:00:00
LED-001716234,NQ-CLR-WRM-004-S-ASH,판매출고,-1,ORD-001001094,2026-06-07T12:42:00
LED-000781091,NQ-TOP-001-2XL-NVY,판매출고,-1,ORD-000453050,2025-10-13T21:43:00
LED-001022369,NQ-TOP-001-XL-BLK,판매출고,-1,ORD-000594231,2025-12-25T23:34:00
LED-000743107,NQ-PNT-001-3XL-KHK,판매출고,-1,ORD-000431127,2025-09-27T18:25:00
LED-001376554,NQ-CLR-COOL-002-M-ASH,판매출고,-1,ORD-000802319,2026-03-17T13:07:00
LED-000897345,NQ-PNT-001-3XL-KHK,판매출고,-1,ORD-000521031,2025-11-24T14:57:00
LED-000109013,NQ-PNT-001-M-KHK,판매출고,-1,ORD-000062819,2024-08-17T23:14:00
LED-001316318,NQ-TOP-001-XS-BLK,판매출고,-1,ORD-000766652,2026-03-09T14:41:00
LED-001299026,NQ-CLR-WRM-001-L-CRM,판매출고,-1,ORD-000756475,2026-03-08T17:12:00
LED-000487513,NQ-PNT-001-L-BEG,판매출고,-1,ORD-000282762,2025-06-10T15:55:00
LED-000840023,NQ-PNT-002-2XL-BLK,판매출고,-1,ORD-000487264,2025-11-08T21:33:00
LED-001048075,NQ-PNT-002-M-BEG,판매출고,-1,ORD-000609371,2025-12-30T12:10:00
LED-001105465,NQ-CLR-COOL-002-S-IVR,반품입고,1,ORD-000644099,2026-01-21T00:00:00
LED-000103214,NQ-CLR-WRM-001-L-IVR,판매출고,-1,ORD-000059473,2024-08-08T12:25:00
LED-000521573,NQ-PNT-001-XL-BLK,반품입고,1,ORD-000302585,2025-07-20T00:00:00
LED-000820259,TRD-TOP-01-WAV-002-S-IVR,반품입고,1,ORD-000475771,2025-11-12T02:00:00
LED-002011856,NQ-PNT-001-2XL-KHK,판매출고,-1,ORD-001175949,2026-08-02T18:43:00
LED-000273318,NQ-PNT-001-L-KHK,판매출고,-1,ORD-000158860,2025-02-25T10:41:00
LED-001378808,NQ-DRS-001-M-BLK,반품입고,1,ORD-000803609,2026-04-04T00:00:00
LED-000074482,NQ-PNT-001-2XL-KHK,판매출고,-1,ORD-000042831,2024-07-06T10:26:00
LED-001055293,NQ-TOP-001-M-ORC,판매출고,-1,ORD-000613596,2026-01-01T08:18:00
LED-002117545,NQ-TOP-001-XL-GRY,판매출고,-1,ORD-001245557,2026-08-17T09:28:00
LED-000216158,NQ-PNT-001-XS-GRY,판매출고,-1,ORD-000125290,2024-12-24T18:34:00
LED-001331739,NQ-TOP-001-M-SKB,판매출고,-1,ORD-000775727,2026-03-11T10:17:00
LED-001807990,NQ-CLR-WRM-001-S-CRM,판매출고,-1,ORD-001054375,2026-06-28T22:13:00
LED-000681312,NQ-TOP-002-XL-GRY,반품입고,1,ORD-000395348,2025-09-24T00:00:00
LED-001600825,NQ-CLR-COOL-002-M-ASH,반품입고,1,ORD-000933459,2026-05-18T00:00:00
LED-000739096,NQ-TOP-002-L-BLK,판매출고,-1,ORD-000428806,2025-09-25T13:32:00
LED-001301120,NQ-CLR-MUT-003-M-ASH,판매출고,-1,ORD-000757694,2026-03-08T20:01:00
LED-001548176,NQ-PNT-001-XS-GRY,판매출고,-1,ORD-000902572,2026-04-27T19:14:00
LED-001459956,NQ-ACC-BLT-002-FREE-BRN,판매출고,-1,ORD-000851310,2026-04-06T16:52:00
LED-000505567,NQ-TOP-002-2XL-NVY,판매출고,-1,ORD-000293225,2025-06-21T22:17:00
LED-001003256,NQ-PNT-001-S-NVY,판매출고,-1,ORD-000583377,2025-12-21T12:49:00
LED-001157671,NQ-TOP-005-3XL-NVY,판매출고,-1,ORD-000674569,2026-02-01T22:47:00
LED-001977185,NQ-ACC-BLT-002-FREE-WHT,판매출고,-1,ORD-001154439,2026-07-30T20:30:00
LED-001983755,NQ-TOP-001-L-GRY,판매출고,-1,ORD-001158456,2026-07-31T19:34:00
LED-000737676,NQ-OUT-001-L-BEG,판매출고,-1,ORD-000427978,2025-09-24T22:35:00
LED-000927960,NQ-PNT-001-3XL-BEG,판매출고,-1,ORD-000539452,2025-11-29T09:09:00
LED-000968703,NQ-TOP-001-M-WHT,판매출고,-1,ORD-000563265,2025-12-12T22:16:00
LED-000808114,NQ-TOP-001-M-LYL,판매출고,-1,ORD-000468740,2025-10-25T10:37:00
LED-000038035,NQ-CLR-WRM-001-M-CRM,판매출고,-1,ORD-000021459,2024-04-24T21:31:00
LED-000932431,NQ-TOP-001-S-NVY,판매출고,-1,ORD-000542098,2025-11-29T08:34:00
LED-000174850,NQ-PNT-001-S-BLK,판매출고,-1,ORD-000101150,2024-11-22T16:59:00
LED-001027086,NQ-PNT-001-XS-NVY,판매출고,-1,ORD-000596915,2025-12-26T20:00:00
LED-000090157,NQ-CLR-WRM-001-M-ASH,판매출고,-1,ORD-000051903,2024-07-29T21:23:00
LED-001919685,NQ-CLR-WRM-001-L-CRM,판매출고,-1,ORD-001119526,2026-07-24T08:46:00
LED-000845589,NQ-TOP-001-S-NVY,판매출고,-1,ORD-000490506,2025-11-10T15:54:00
LED-002104450,NQ-TOP-003-2XL-BLK,판매출고,-1,ORD-001236551,2026-08-14T11:24:00
LED-001522304,NQ-TOP-001-3XL-SKB,판매출고,-1,ORD-000887475,2026-04-21T22:28:00
LED-000407693,NQ-TOP-001-S-SKB,판매출고,-1,ORD-000236339,2025-04-25T10:13:00
LED-001936281,NQ-DRS-001-M-IVR,반품입고,1,ORD-001129342,2026-08-15T00:00:00
LED-001444404,NQ-ACC-CAP-004-FREE-BEG,판매출고,-1,ORD-000842089,2026-04-03T22:00:00
LED-000566898,NQ-TOP-001-S-BLK,판매출고,-1,ORD-000328830,2025-07-24T14:47:00
LED-000287980,NQ-OUT-002-M-NVY,반품입고,1,ORD-000167329,2025-03-12T00:00:00
LED-000929658,NQ-PNT-001-2XL-NVY,판매출고,-1,ORD-000540402,2025-11-29T10:05:00
LED-001157391,NQ-OUT-002-M-GRY,판매출고,-1,ORD-000674410,2026-02-01T14:58:00
LED-001353010,NQ-PNT-002-XS-BLK,판매출고,-1,ORD-000788240,2026-03-13T14:29:00
LED-000841061,NQ-TOP-005-M-GRY,판매출고,-1,ORD-000487873,2025-11-08T22:55:00
LED-001518803,NQ-TOP-001-M-WHT,판매출고,-1,ORD-000885398,2026-04-20T11:15:00
LED-002127284,NQ-CLR-WRM-004-M-ASH,판매출고,-1,ORD-001252110,2026-08-20T20:29:00
LED-000400623,NQ-PNT-002-M-GRY,판매출고,-1,ORD-000232148,2025-04-21T17:17:00
LED-000704415,NQ-CLR-MUT-006-L-IVR,판매출고,-1,ORD-000408649,2025-09-10T10:03:00
LED-000139278,NQ-PNT-001-S-KHK,판매출고,-1,ORD-000080431,2024-10-04T12:17:00
LED-000195880,NQ-PNT-001-L-KHK,판매출고,-1,ORD-000113484,2024-12-04T16:20:00
LED-000979084,NQ-TOP-001-XS-GRY,반품입고,1,ORD-000569173,2026-01-10T00:00:00
LED-000105756,NQ-TOP-001-M-BLK,반품입고,1,ORD-000060951,2024-08-25T00:00:00
LED-000327074,NQ-CLR-COOL-002-S-IVR,판매출고,-1,ORD-000189953,2025-03-12T14:08:00
LED-001796377,NQ-PNT-003-M-GRY,판매출고,-1,ORD-001047567,2026-06-25T20:14:00
LED-000868849,NQ-CLR-COOL-002-L-IVR,판매출고,-1,ORD-000504188,2025-11-20T16:23:00
LED-001840517,NQ-TOP-001-M-BLK,판매출고,-1,ORD-001073321,2026-07-05T18:33:00
LED-000288120,NQ-OUT-001-M-BEG,반품입고,1,ORD-000167409,2025-03-16T00:00:00
LED-000122197,NQ-PNT-004-2XL-BEG,판매출고,-1,ORD-000070501,2024-09-08T23:17:00
LED-000356529,NQ-PNT-001-M-NVY,판매출고,-1,ORD-000206848,2025-03-27T23:56:00
LED-000056922,NQ-PNT-001-M-BLK,판매출고,-1,ORD-000032490,2024-06-02T16:48:00
LED-001865527,NQ-TOP-002-XL-NVY,반품입고,1,ORD-001087932,2026-07-21T00:00:00
LED-001822331,NQ-CLR-COOL-002-S-ASH,판매출고,-1,ORD-001062791,2026-07-01T22:30:00
LED-001326945,NQ-ACC-BAG-001-FREE-BLK,판매출고,-1,ORD-000772973,2026-03-11T17:45:00
LED-000296509,NQ-OUT-001-S-NVY,반품입고,1,ORD-000172236,2025-04-01T00:00:00
LED-001657938,NQ-CLR-WRM-001-M-IVR,판매출고,-1,ORD-000966768,2026-05-24T22:38:00
LED-001167732,NQ-OUT-002-S-GRY,판매출고,-1,ORD-000680271,2026-02-05T12:20:00
LED-000299207,NQ-OUT-001-M-BLK,판매출고,-1,ORD-000173782,2025-03-06T18:37:00
LED-001308584,NQ-TOP-001-M-SKB,판매출고,-1,ORD-000762075,2026-03-08T10:55:00
LED-001450021,NQ-CLR-COOL-002-L-ASH,판매출고,-1,ORD-000845399,2026-04-04T20:15:00
LED-001125456,NQ-OUT-001-L-NVY,판매출고,-1,ORD-000656073,2026-01-18T21:46:00
LED-000224030,NQ-TOP-005-S-WHT,판매출고,-1,ORD-000129905,2024-12-30T15:06:00
LED-001637450,NQ-OUT-001-L-BLK,반품입고,1,ORD-000954781,2026-05-27T00:00:00
LED-000979651,NQ-TOP-001-M-LYL,반품입고,1,ORD-000569491,2026-01-07T00:00:00
LED-001640667,NQ-TOP-003-M-GRY,불량처리,0,ORD-000956664,2026-06-03T00:00:00
LED-000200752,NQ-TOP-001-M-WHT,판매출고,-1,ORD-000116362,2024-12-12T15:40:00
LED-000913660,NQ-TOP-001-XL-BLK,반품입고,1,ORD-000530712,2025-12-05T00:00:00
LED-001911675,NQ-TOP-001-M-ORC,판매출고,-1,ORD-001114828,2026-07-22T23:03:00
LED-001877153,NQ-DRS-001-S-IVR,판매출고,-1,ORD-001094681,2026-07-14T19:19:00
LED-000287303,NQ-OUT-002-S-GRY,판매출고,-1,ORD-000166955,2025-03-03T16:06:00
LED-001232929,NQ-OUT-003-L-NVY,판매출고,-1,ORD-000717824,2026-03-01T20:06:00
LED-001077184,NQ-TOP-002-S-NVY,판매출고,-1,ORD-000626941,2026-01-06T08:34:00
LED-000865490,NQ-PNT-002-L-BEG,반품입고,1,ORD-000502260,2025-12-15T00:00:00
LED-000750459,NQ-CLR-COOL-002-S-CRM,판매출고,-1,ORD-000435410,2025-09-30T18:03:00
LED-002120046,NQ-TOP-001-L-SKB,판매출고,-1,ORD-001247234,2026-08-18T18:06:00
LED-001124253,NQ-CLR-COOL-002-L-CRM,판매출고,-1,ORD-000655347,2026-01-17T09:12:00
LED-001304929,TRD-OUT-03-WAV-002-S-BLK,판매출고,-1,ORD-000759920,2026-03-08T13:57:00
LED-002076277,NQ-OUT-001-M-BEG,판매출고,-1,ORD-001217902,2026-08-09T11:41:00
LED-001096569,NQ-CLR-MUT-006-S-ASH,반품입고,1,ORD-000638720,2026-02-02T00:00:00
LED-001949417,NQ-TOP-003-S-GRY,판매출고,-1,ORD-001137288,2026-07-27T22:05:00
LED-001330563,NQ-ACC-BAG-001-FREE-BRN,판매출고,-1,ORD-000775062,2026-03-11T16:54:00
LED-001817931,NQ-TOP-001-M-SKB,반품입고,1,ORD-001060232,2026-07-12T00:00:00
LED-001133418,NQ-TOP-001-2XL-BLK,판매출고,-1,ORD-000660781,2026-01-21T08:00:00
LED-001578125,NQ-TOP-001-XL-LYL,판매출고,-1,ORD-000920156,2026-05-04T21:25:00
LED-001375313,NQ-DRS-001-M-IVR,판매출고,-1,ORD-000801587,2026-03-16T14:31:00
LED-000324432,NQ-TOP-002-XS-NVY,판매출고,-1,ORD-000188398,2025-03-12T22:06:00
LED-002107528,NQ-CLR-COOL-002-M-IVR,판매출고,-1,ORD-001238643,2026-08-15T18:53:00
LED-001761623,NQ-TOP-001-L-GRY,판매출고,-1,ORD-001027499,2026-06-17T09:36:00
LED-000709312,NQ-CLR-MUT-006-M-IVR,판매출고,-1,ORD-000411452,2025-09-12T12:05:00
LED-001021240,NQ-PNT-001-2XL-NVY,판매출고,-1,ORD-000593604,2025-12-24T21:08:00
LED-000904877,NQ-TOP-003-2XL-NVY,판매출고,-1,ORD-000525534,2025-11-25T15:17:00
LED-001194125,NQ-TOP-001-L-GRY,판매출고,-1,ORD-000695279,2026-02-16T23:10:00
LED-001025553,NQ-TOP-001-XL-SKB,판매출고,-1,ORD-000596035,2025-12-25T21:17:00
LED-000507495,NQ-TOP-001-L-SKB,판매출고,-1,ORD-000294350,2025-06-21T20:16:00
LED-000821856,NQ-TOP-003-L-BLK,판매출고,-1,ORD-000476697,2025-10-31T09:54:00
LED-001050066,NQ-TOP-002-S-WHT,판매출고,-1,ORD-000610574,2025-12-31T08:46:00
LED-000487902,NQ-PNT-002-S-GRY,판매출고,-1,ORD-000282984,2025-06-10T23:36:00
LED-001459485,NQ-CLR-WRM-004-L-IVR,판매출고,-1,ORD-000851040,2026-04-06T20:43:00
LED-000343641,NQ-PNT-001-M-GRY,반품입고,1,ORD-000199474,2025-03-28T00:00:00
LED-002104490,NQ-OUT-001-S-BEG,판매출고,-1,ORD-001236578,2026-08-14T09:02:00
LED-000801520,TRD-OUT-02-NAT-003-L-BEG,판매출고,-1,ORD-000464914,2025-10-22T09:20:00
LED-001161614,NQ-PNT-004-XS-BEG,판매출고,-1,ORD-000676820,2026-02-02T09:21:00
LED-001804532,NQ-TOP-001-2XL-WHT,판매출고,-1,ORD-001052319,2026-06-27T20:29:00
LED-000226240,NQ-TOP-005-M-BLK,판매출고,-1,ORD-000131203,2025-01-01T22:23:00
LED-001785798,NQ-OUT-002-L-GRY,판매출고,-1,ORD-001041489,2026-06-23T18:24:00
LED-000775333,TRD-TOP-01-WAV-002-L-IVR,판매출고,-1,ORD-000449734,2025-10-11T22:27:00
LED-001218191,NQ-PNT-002-S-GRY,판매출고,-1,ORD-000709086,2026-02-26T21:32:00
LED-001734513,NQ-PNT-001-XL-GRY,판매출고,-1,ORD-001011745,2026-06-11T13:38:00
LED-000590811,NQ-TOP-001-2XL-SKB,판매출고,-1,ORD-000342689,2025-07-30T14:41:00
LED-001964558,NQ-PNT-001-S-BEG,판매출고,-1,ORD-001146696,2026-07-28T08:05:00
LED-000352795,NQ-CLR-WRM-001-S-IVR,판매출고,-1,ORD-000204728,2025-03-24T09:35:00
LED-000253457,NQ-CLR-WRM-004-S-IVR,판매출고,-1,ORD-000147247,2025-01-27T20:10:00
LED-001294324,NQ-ACC-BLT-002-FREE-BRN,판매출고,-1,ORD-000753726,2026-03-07T19:11:00
LED-000070112,NQ-TOP-001-L-SKB,판매출고,-1,ORD-000040249,2024-06-28T10:23:00
LED-000642310,NQ-PNT-001-2XL-KHK,판매출고,-1,ORD-000373057,2025-08-10T23:32:00
LED-000339038,NQ-CLR-COOL-002-S-CRM,판매출고,-1,ORD-000196821,2025-03-16T16:29:00
LED-000794490,NQ-TOP-001-M-BLK,판매출고,-1,ORD-000460871,2025-10-19T21:53:00
LED-002019325,NQ-TOP-002-M-WHT,판매출고,-1,ORD-001180742,2026-08-03T23:59:00
LED-001936275,NQ-DRS-002-S-IVR,반품입고,1,ORD-001129340,2026-08-18T00:00:00
LED-001672760,NQ-CLR-WRM-001-L-IVR,판매출고,-1,ORD-000975431,2026-05-27T20:09:00
LED-001704030,NQ-CLR-WRM-004-L-ASH,판매출고,-1,ORD-000993913,2026-06-04T22:08:00
LED-000740138,NQ-PNT-002-L-GRY,판매출고,-1,ORD-000429411,2025-09-26T20:59:00
LED-000923190,NQ-OUT-002-L-GRY,판매출고,-1,ORD-000536461,2025-11-28T22:25:00
LED-000636987,NQ-TOP-001-L-ORC,판매출고,-1,ORD-000369962,2025-08-09T23:45:00
LED-000506432,NQ-TOP-004-M-GRY,판매출고,-1,ORD-000293718,2025-06-21T20:11:00
LED-002014815,NQ-TOP-002-L-NVY,판매출고,-1,ORD-001177842,2026-08-02T09:44:00
LED-000024049,NQ-PNT-003-L-BLK,판매출고,-1,ORD-000013279,2024-03-26T15:52:00
LED-001342894,NQ-TOP-001-XL-BLK,판매출고,-1,ORD-000782300,2026-03-12T09:34:00
LED-001090479,NQ-CLR-COOL-002-S-CRM,판매출고,-1,ORD-000634976,2026-01-09T15:43:00
LED-000147837,NQ-PNT-001-L-BLK,판매출고,-1,ORD-000085451,2024-10-17T19:54:00
LED-000027852,NQ-CLR-MUT-003-L-ASH,판매출고,-1,ORD-000015501,2024-04-03T10:28:00
LED-001008171,NQ-PNT-001-XL-NVY,판매출고,-1,ORD-000586143,2025-12-21T11:45:00
LED-001486710,NQ-PNT-001-S-NVY,판매출고,-1,ORD-000866857,2026-04-12T11:48:00
LED-000206099,NQ-TOP-001-2XL-WHT,판매출고,-1,ORD-000119456,2024-12-17T20:20:00
LED-000157251,NQ-TOP-001-XS-NVY,판매출고,-1,ORD-000090882,2024-10-30T21:31:00
LED-001072847,NQ-TOP-001-3XL-SKB,판매출고,-1,ORD-000624361,2026-01-05T20:31:00
LED-000024198,NQ-TOP-005-M-BLK,판매출고,-1,ORD-000013374,2024-03-26T11:18:00
LED-000125004,NQ-TOP-002-2XL-NVY,판매출고,-1,ORD-000072152,2024-09-13T21:56:00
LED-000651649,NQ-TOP-003-4XL-GRY,판매출고,-1,ORD-000378417,2025-08-15T13:28:00
LED-001521182,NQ-PNT-001-L-KHK,판매출고,-1,ORD-000886798,2026-04-21T18:37:00
LED-000862167,NQ-OUT-001-L-BEG,판매출고,-1,ORD-000500293,2025-11-17T11:33:00
LED-001832306,NQ-CLR-MUT-003-M-ASH,반품입고,1,ORD-001068575,2026-07-23T00:00:00
LED-000046561,NQ-TOP-001-XL-WHT,판매출고,-1,ORD-000026464,2024-05-12T19:26:00
LED-001617015,NQ-TOP-003-XL-WHT,반품입고,1,ORD-000942861,2026-06-08T00:00:00
LED-001489017,NQ-TOP-001-3XL-WHT,판매출고,-1,ORD-000868231,2026-04-13T19:37:00
LED-002059963,NQ-OUT-003-S-GRY,판매출고,-1,ORD-001206927,2026-08-07T08:31:00
LED-001220253,NQ-TOP-003-S-BLK,판매출고,-1,ORD-000710297,2026-02-27T17:54:00
LED-001122900,NQ-CLR-COOL-002-L-ASH,판매출고,-1,ORD-000654567,2026-01-17T19:42:00
LED-000515024,NQ-PNT-001-L-NVY,판매출고,-1,ORD-000298803,2025-06-26T22:21:00
LED-001331623,NQ-CLR-WRM-004-M-CRM,판매출고,-1,ORD-000775662,2026-03-11T13:18:00
LED-000098875,NQ-PNT-001-L-KHK,판매출고,-1,ORD-000057001,2024-08-05T11:55:00
LED-000792925,NQ-PNT-001-L-BEG,판매출고,-1,ORD-000459956,2025-10-18T19:13:00
LED-000266084,NQ-TOP-001-M-LYL,판매출고,-1,ORD-000154579,2025-02-15T09:26:00
LED-001188627,NQ-PNT-001-XL-BEG,판매출고,-1,ORD-000692196,2026-02-14T08:30:00
LED-001992164,NQ-OUT-001-S-GRY,판매출고,-1,ORD-001163721,2026-08-01T22:52:00
LED-000476768,NQ-TOP-001-L-NVY,판매출고,-1,ORD-000276480,2025-06-04T22:52:00
LED-000650461,NQ-PNT-001-4XL-KHK,판매출고,-1,ORD-000377744,2025-08-14T23:44:00
LED-001090453,NQ-CLR-COOL-002-M-ASH,판매출고,-1,ORD-000634956,2026-01-09T16:45:00
LED-001294895,NQ-TOP-003-S-WHT,판매출고,-1,ORD-000754078,2026-03-07T14:08:00
LED-000507956,NQ-CLR-COOL-002-L-ASH,판매출고,-1,ORD-000294626,2025-06-22T21:45:00
LED-001381586,NQ-PNT-001-M-GRY,판매출고,-1,ORD-000805275,2026-03-18T19:07:00
LED-000335892,NQ-CLR-WRM-004-M-ASH,판매출고,-1,ORD-000195026,2025-03-15T16:11:00
LED-001501665,NQ-OUT-001-S-NVY,판매출고,-1,ORD-000875527,2026-04-16T16:33:00
LED-000543877,NQ-CLR-MUT-003-M-ASH,판매출고,-1,ORD-000315442,2025-07-12T11:34:00
LED-000471624,NQ-CLR-COOL-002-M-CRM,판매출고,-1,ORD-000273526,2025-06-01T17:39:00
LED-001820095,NQ-CLR-MUT-003-L-ASH,판매출고,-1,ORD-001061488,2026-07-01T09:18:00
LED-001084554,NQ-CLR-MUT-003-S-IVR,판매출고,-1,ORD-000631380,2026-01-07T17:20:00
LED-001033169,NQ-TOP-003-XL-BLK,판매출고,-1,ORD-000600427,2025-12-27T08:19:00
LED-000636806,NQ-PNT-001-2XL-NVY,판매출고,-1,ORD-000369849,2025-08-09T19:24:00
LED-002012164,NQ-OUT-001-M-GRY,판매출고,-1,ORD-001176143,2026-08-02T22:15:00
LED-001878150,NQ-OUT-001-S-BLK,판매출고,-1,ORD-001095277,2026-07-14T14:08:00
LED-002025514,NQ-PNT-002-XS-GRY,판매출고,-1,ORD-001184626,2026-08-03T18:32:00
LED-000438188,NQ-TOP-001-S-SKB,판매출고,-1,ORD-000254059,2025-05-13T23:13:00
LED-000230428,NQ-PNT-001-S-BEG,판매출고,-1,ORD-000133701,2025-01-04T19:17:00
LED-000836402,NQ-OUT-001-M-NVY,판매출고,-1,ORD-000485152,2025-11-06T20:52:00
LED-000123995,NQ-TOP-002-M-BLK,판매출고,-1,ORD-000071540,2024-09-11T12:26:00
LED-001941245,NQ-PNT-001-S-BLK,판매출고,-1,ORD-001132347,2026-07-26T12:21:00
LED-001814710,NQ-OUT-001-M-BLK,판매출고,-1,ORD-001058335,2026-06-29T09:03:00
LED-001210832,NQ-PNT-001-S-GRY,판매출고,-1,ORD-000704836,2026-02-23T20:57:00
LED-001470698,NQ-OUT-001-S-BLK,판매출고,-1,ORD-000857572,2026-04-09T19:33:00
LED-001333846,NQ-PNT-001-XL-NVY,판매출고,-1,ORD-000776964,2026-03-11T19:41:00
LED-000415970,NQ-OUT-001-M-BEG,판매출고,-1,ORD-000241228,2025-04-30T22:48:00
LED-001713467,NQ-TOP-001-2XL-SKB,판매출고,-1,ORD-000999469,2026-06-06T21:43:00
LED-002037117,NQ-OUT-001-S-BLK,판매출고,-1,ORD-001192228,2026-08-05T18:07:00
LED-001333741,NQ-PNT-002-L-BEG,반품입고,1,ORD-000776899,2026-03-19T00:00:00
LED-000015812,NQ-TOP-001-S-NVY,판매출고,-1,ORD-000008475,2024-03-12T09:25:00
LED-000363612,NQ-CLR-WRM-004-M-IVR,판매출고,-1,ORD-000210882,2025-03-30T14:36:00
LED-000453048,NQ-OUT-001-M-GRY,판매출고,-1,ORD-000262646,2025-05-22T12:35:00
LED-000285467,NQ-PNT-001-M-GRY,판매출고,-1,ORD-000165920,2025-03-02T09:31:00
LED-000471847,NQ-PNT-001-M-BLK,반품입고,1,ORD-000273653,2025-06-19T00:00:00
LED-000517279,NQ-TOP-002-L-GRY,판매출고,-1,ORD-000300096,2025-06-27T17:17:00
LED-000476010,NQ-CLR-WRM-001-S-IVR,판매출고,-1,ORD-000276046,2025-06-04T13:24:00
LED-001172029,NQ-TOP-003-3XL-WHT,판매출고,-1,ORD-000682721,2026-02-07T15:12:00
LED-000002177,NQ-CLR-WRM-001-L-CRM,판매출고,-1,ORD-000000494,2024-03-01T09:16:00
LED-001296739,NQ-OUT-001-L-BEG,판매출고,-1,ORD-000755156,2026-03-08T19:45:00
LED-000601329,NQ-TOP-003-M-NVY,반품입고,1,ORD-000348841,2025-08-12T00:00:00
LED-001081038,NQ-TOP-001-XL-LYL,판매출고,-1,ORD-000629271,2026-01-07T19:43:00
LED-001886965,NQ-CLR-COOL-002-L-CRM,판매출고,-1,ORD-001100408,2026-07-17T19:35:00
LED-000527940,NQ-OUT-003-L-NVY,판매출고,-1,ORD-000306262,2025-07-03T18:40:00
LED-000319081,NQ-TOP-003-XL-NVY,판매출고,-1,ORD-000185197,2025-03-10T16:47:00
LED-001895702,NQ-CLR-COOL-002-S-CRM,판매출고,-1,ORD-001105508,2026-07-18T12:06:00
LED-001695212,NQ-PNT-001-XL-NVY,반품입고,1,ORD-000988695,2026-06-22T00:00:00
LED-001308681,TRD-OUT-03-STR-001-M-BEG,판매출고,-1,ORD-000762127,2026-03-08T23:10:00
LED-001957084,NQ-TOP-001-L-GRY,판매출고,-1,ORD-001141945,2026-07-28T15:32:00
LED-000731884,NQ-CLR-MUT-003-M-IVR,판매출고,-1,ORD-000424609,2025-09-21T22:18:00
LED-001623384,NQ-PNT-001-4XL-BLK,판매출고,-1,ORD-000946565,2026-05-16T17:55:00
LED-000184626,NQ-CLR-MUT-006-S-IVR,판매출고,-1,ORD-000106870,2024-11-26T13:44:00
LED-001487432,NQ-TOP-001-XL-WHT,판매출고,-1,ORD-000867283,2026-04-12T21:18:00
LED-000874446,NQ-PNT-001-L-GRY,판매출고,-1,ORD-000507499,2025-11-21T10:59:00
LED-001827098,NQ-TOP-002-M-WHT,판매출고,-1,ORD-001065597,2026-07-03T10:35:00
LED-000035851,NQ-CLR-WRM-001-M-IVR,판매출고,-1,ORD-000020175,2024-04-20T17:09:00
LED-001738982,NQ-TOP-001-XS-BLK,판매출고,-1,ORD-001014351,2026-06-12T13:04:00
LED-000366546,NQ-OUT-001-M-NVY,판매출고,-1,ORD-000212540,2025-04-01T13:25:00
LED-001192344,NQ-TOP-001-M-BLK,판매출고,-1,ORD-000694277,2026-02-15T16:26:00
LED-002077526,NQ-PNT-002-XL-BEG,판매출고,-1,ORD-001218714,2026-08-09T21:19:00
LED-001983729,NQ-TOP-002-2XL-NVY,판매출고,-1,ORD-001158439,2026-07-31T21:14:00
LED-000088618,NQ-TOP-004-S-WHT,반품입고,1,ORD-000051024,2024-08-07T00:00:00
LED-001135274,NQ-OUT-001-M-BLK,판매출고,-1,ORD-000661807,2026-01-22T10:50:00
LED-000271611,NQ-PNT-001-M-NVY,불량처리,0,ORD-000157868,2025-03-13T00:00:00
LED-001317787,NQ-PNT-001-L-BEG,판매출고,-1,ORD-000767540,2026-03-10T10:04:00
LED-001224883,NQ-TOP-002-2XL-NVY,불량처리,0,ORD-000713082,2026-03-20T00:00:00
LED-001553677,NQ-PNT-001-S-NVY,판매출고,-1,ORD-000905788,2026-04-28T23:51:00
LED-000322007,NQ-PNT-002-M-BLK,판매출고,-1,ORD-000186955,2025-03-11T10:26:00
LED-001471456,NQ-TOP-002-XL-BLK,판매출고,-1,ORD-000858005,2026-04-09T21:47:00
LED-000618303,NQ-CLR-COOL-002-M-CRM,판매출고,-1,ORD-000358812,2025-08-05T20:28:00
LED-000661321,NQ-PNT-001-2XL-NVY,판매출고,-1,ORD-000383944,2025-08-20T12:45:00
LED-000475782,NQ-CLR-COOL-002-S-CRM,판매출고,-1,ORD-000275910,2025-06-04T16:37:00
LED-000205111,NQ-PNT-001-S-BLK,판매출고,-1,ORD-000118873,2024-12-16T16:38:00
LED-000256014,NQ-CLR-COOL-002-M-ASH,판매출고,-1,ORD-000148728,2025-01-31T10:53:00
LED-000908744,NQ-PNT-001-L-NVY,반품입고,1,ORD-000527774,2025-12-18T00:00:00
LED-001533546,NQ-CLR-COOL-005-S-ASH,판매출고,-1,ORD-000894026,2026-04-24T14:22:00
LED-000613738,NQ-TOP-001-M-WHT,판매출고,-1,ORD-000356121,2025-08-04T19:11:00
LED-000199927,NQ-PNT-003-M-BEG,판매출고,-1,ORD-000115880,2024-12-10T18:49:00
LED-000015725,NQ-TOP-001-XL-LYL,판매출고,-1,ORD-000008426,2024-03-12T21:12:00
LED-001644954,NQ-CLR-COOL-002-M-CRM,판매출고,-1,ORD-000959166,2026-05-21T10:28:00
LED-001962942,NQ-PNT-003-2XL-BEG,판매출고,-1,ORD-001145658,2026-07-28T19:16:00
LED-000763814,NQ-PNT-001-M-NVY,판매출고,-1,ORD-000443147,2025-10-05T18:50:00
LED-001974854,NQ-OUT-001-L-GRY,판매출고,-1,ORD-001153030,2026-07-30T10:36:00
LED-001717633,NQ-ACC-BLT-002-FREE-WHT,판매출고,-1,ORD-001001922,2026-06-07T09:22:00
LED-002102971,NQ-OUT-003-M-BLK,판매출고,-1,ORD-001235543,2026-08-14T11:27:00
LED-002065575,NQ-OUT-002-M-NVY,판매출고,-1,ORD-001210625,2026-08-08T12:31:00
LED-000089281,NQ-TOP-001-M-BLK,반품입고,1,ORD-000051411,2024-08-19T00:00:00
LED-001693341,NQ-CLR-MUT-003-S-IVR,판매출고,-1,ORD-000987603,2026-06-01T23:28:00
LED-000333033,NQ-OUT-003-S-NVY,판매출고,-1,ORD-000193360,2025-03-14T09:49:00
LED-001341951,NQ-TOP-003-S-WHT,판매출고,-1,ORD-000781730,2026-03-12T21:42:00
LED-000737066,NQ-TOP-003-XS-WHT,판매출고,-1,ORD-000427626,2025-09-24T10:35:00
LED-001938334,NQ-DRS-001-S-IVR,판매출고,-1,ORD-001130585,2026-07-26T22:58:00
LED-000065069,NQ-TOP-002-2XL-GRY,판매출고,-1,ORD-000037295,2024-06-18T22:19:00
