order_id,customer_id,channel_id,store_id,order_date,status,total_amount
ORD-000636427,CUST-000445309,ZIGZAG,,2026-01-10T12:26:00,구매확정,35000
ORD-000273288,CUST-000136518,ZIGZAG,,2025-06-01T14:14:00,구매확정,49000
ORD-000423126,CUST-000296025,ZIGZAG,,2025-09-21T13:21:00,구매확정,49000
ORD-000207534,CUST-000145287,ZIGZAG,,2025-03-27T12:02:00,구매확정,89000
ORD-000263135,CUST-000184168,ZIGZAG,,2025-05-22T19:36:00,구매확정,39000
ORD-000761448,CUST-000533165,ZIGZAG,,2026-03-08T16:11:00,구매확정,59000
ORD-000936784,CUST-000655467,ZIGZAG,,2026-05-11T23:00:00,구매확정,113000
ORD-000928513,CUST-000649719,ZIGZAG,,2026-05-08T18:54:00,구매확정,39000
ORD-000197494,CUST-000138286,ZIGZAG,,2025-03-17T23:26:00,구매확정,84000
ORD-000043004,CUST-000030086,ZIGZAG,,2024-07-07T17:37:00,구매확정,78000
ORD-000630700,CUST-000441270,ZIGZAG,,2026-01-07T12:23:00,구매확정,35000
ORD-001001088,CUST-000700542,ZIGZAG,,2026-06-07T21:00:00,구매확정,39000
ORD-000431171,CUST-000195516,ZIGZAG,,2025-09-27T12:30:00,구매확정,39000
ORD-000763615,CUST-000308881,ZIGZAG,,2026-03-09T18:42:00,구매확정,35000
ORD-000624809,CUST-000369209,ZIGZAG,,2026-01-05T15:21:00,구매확정,88000
ORD-000724339,CUST-000507027,ZIGZAG,,2026-03-02T08:09:00,구매확정,19000
ORD-001123852,CUST-000642592,ZIGZAG,,2026-07-25T09:32:00,배송완료,35000
ORD-000409474,CUST-000286479,ZIGZAG,,2025-09-11T08:56:00,구매확정,88000
ORD-000910000,CUST-000636829,ZIGZAG,,2026-04-30T09:05:00,구매확정,49000
ORD-001043800,CUST-000730419,ZIGZAG,,2026-06-24T18:54:00,구매확정,128000
ORD-000698430,CUST-000474886,ZIGZAG,,2026-02-18T10:35:00,구매확정,128000
ORD-000008970,CUST-000004914,ZIGZAG,,2024-03-13T17:20:00,구매확정,39000
ORD-000708798,CUST-000496032,ZIGZAG,,2026-02-26T18:09:00,구매확정,39000
ORD-000703026,CUST-000491988,ZIGZAG,,2026-02-22T12:03:00,구매확정,163000
ORD-000366344,CUST-000256320,ZIGZAG,,2025-08-08T13:04:00,구매확정,39000
ORD-000452398,CUST-000316479,ZIGZAG,,2025-10-12T20:47:00,구매확정,49000
ORD-000062327,CUST-000004925,ZIGZAG,,2024-08-15T09:44:00,구매확정,74000
ORD-000364275,CUST-000254885,ZIGZAG,,2025-08-07T09:52:00,구매확정,39000
ORD-001048068,CUST-000733426,ZIGZAG,,2026-06-26T08:33:00,구매확정,124000
ORD-000318186,CUST-000150520,ZIGZAG,,2025-07-14T21:11:00,구매확정,98000
ORD-001041973,CUST-000729143,ZIGZAG,,2026-06-23T22:29:00,구매확정,89000
ORD-000454867,CUST-000318195,ZIGZAG,,2025-10-14T19:03:00,구매확정,114000
ORD-000167268,CUST-000117095,ZIGZAG,,2025-03-03T10:29:00,구매확정,178000
ORD-001097637,CUST-000768259,ZIGZAG,,2026-07-15T09:23:00,구매확정,39000
ORD-000876463,CUST-000250485,ZIGZAG,,2026-04-17T09:13:00,구매확정,58000
ORD-000759735,CUST-000354685,ZIGZAG,,2026-03-08T23:12:00,구매확정,197000
ORD-000199388,CUST-000139584,ZIGZAG,,2025-03-19T21:01:00,구매확정,49000
ORD-000997172,CUST-000408515,ZIGZAG,,2026-06-05T12:59:00,구매확정,128000
ORD-001189762,CUST-000832741,ZIGZAG,,2026-08-04T12:13:00,배송완료,88000
ORD-000293371,CUST-000176122,ZIGZAG,,2025-06-21T21:55:00,구매확정,49000
ORD-000781874,CUST-000547304,ZIGZAG,,2026-03-12T23:24:00,구매확정,19000
ORD-000533306,CUST-000373153,ZIGZAG,,2025-11-27T20:09:00,구매확정,35000
ORD-000292093,CUST-000083336,ZIGZAG,,2025-06-19T23:52:00,구매확정,117000
ORD-000680705,CUST-000476336,ZIGZAG,,2026-02-05T16:08:00,구매확정,49000
ORD-000276749,CUST-000161405,ZIGZAG,,2025-06-05T19:18:00,구매확정,84000
ORD-001150137,CUST-000427047,ZIGZAG,,2026-07-29T17:52:00,배송완료,128000
ORD-000083112,CUST-000058187,ZIGZAG,,2024-10-11T09:37:00,구매확정,39000
ORD-000829254,CUST-000580375,ZIGZAG,,2026-03-28T20:25:00,구매확정,148000
ORD-000215871,CUST-000145047,ZIGZAG,,2025-04-05T10:34:00,구매확정,74000
ORD-000629284,CUST-000261080,ZIGZAG,,2026-01-07T20:33:00,구매확정,84000
ORD-000014186,CUST-000009914,ZIGZAG,,2024-03-30T14:10:00,구매확정,35000
ORD-000914174,CUST-000639751,ZIGZAG,,2026-05-02T13:18:00,구매확정,49000
ORD-001008436,CUST-000705714,ZIGZAG,,2026-06-09T22:42:00,구매확정,59000
ORD-000441524,CUST-000308874,ZIGZAG,,2025-10-04T20:11:00,구매확정,49000
ORD-000546441,CUST-000382360,ZIGZAG,,2025-11-30T11:51:00,구매확정,128000
ORD-000182966,CUST-000050178,ZIGZAG,,2025-03-09T12:56:00,구매확정,35000
ORD-000701398,CUST-000490849,ZIGZAG,,2026-02-21T12:28:00,구매확정,89000
ORD-001081865,CUST-000757166,ZIGZAG,,2026-07-09T17:35:00,구매확정,137000
ORD-000898086,CUST-000628522,OFFLINE,STORE-02,2026-04-25T17:06:00,구매확정,39000
ORD-000246788,CUST-000172719,ZIGZAG,,2025-05-06T22:27:00,구매확정,89000
ORD-000994537,CUST-000695998,ZIGZAG,,2026-06-04T08:03:00,구매확정,127000
ORD-001041185,CUST-000728589,ZIGZAG,,2026-06-22T13:24:00,구매확정,68000
ORD-000326574,CUST-000228542,ZIGZAG,,2025-07-22T14:20:00,구매확정,138000
ORD-000750029,CUST-000525055,ZIGZAG,,2026-03-07T14:24:00,구매확정,69000
ORD-000556058,CUST-000013346,ZIGZAG,,2025-12-06T16:10:00,구매확정,128000
ORD-000459757,CUST-000321568,ZIGZAG,,2025-10-18T18:05:00,구매확정,168000
ORD-000622388,CUST-000435448,ZIGZAG,,2026-01-04T18:05:00,구매확정,49000
ORD-001042336,CUST-000729401,ZIGZAG,,2026-06-23T12:03:00,구매확정,49000
ORD-000915500,CUST-000214234,ZIGZAG,,2026-05-03T21:26:00,구매확정,35000
ORD-000842107,CUST-000589383,ZIGZAG,,2026-04-03T11:38:00,구매확정,39000
ORD-001055890,CUST-000146847,ZIGZAG,,2026-06-28T13:55:00,구매확정,89000
ORD-000925255,CUST-000647452,ZIGZAG,,2026-05-07T23:39:00,구매확정,98000
ORD-000177631,CUST-000124403,ZIGZAG,,2025-03-08T18:42:00,구매확정,163000
ORD-000639562,CUST-000401564,ZIGZAG,,2026-01-10T16:43:00,구매확정,35000
ORD-000668114,CUST-000467505,ZIGZAG,,2026-01-27T14:43:00,구매확정,39000
ORD-001217073,CUST-000063474,ZIGZAG,,2026-08-09T15:11:00,배송완료,49000
ORD-000730141,CUST-000511088,ZIGZAG,,2026-03-03T08:02:00,구매확정,119000
ORD-000308305,CUST-000211445,ZIGZAG,,2025-07-05T11:24:00,구매확정,167000
ORD-001156054,CUST-000809280,ZIGZAG,,2026-07-30T13:19:00,배송완료,89000
ORD-000067599,CUST-000021280,ZIGZAG,,2024-09-01T21:56:00,구매확정,35000
ORD-001030299,CUST-000007987,ZIGZAG,,2026-06-18T20:13:00,구매확정,59000
ORD-001017407,CUST-000027737,ZIGZAG,,2026-06-13T22:56:00,구매확정,78000
ORD-000090649,CUST-000063468,ZIGZAG,,2024-10-30T23:54:00,구매확정,84000
ORD-000835860,CUST-000585013,OFFLINE,STORE-02,2026-03-31T15:09:00,구매확정,89000
ORD-001060986,CUST-000742530,ZIGZAG,,2026-07-01T19:03:00,구매확정,35000
ORD-001062251,CUST-000743423,ZIGZAG,,2026-07-01T11:35:00,구매확정,35000
ORD-001244363,CUST-000870848,ZIGZAG,,2026-08-17T08:03:00,배송중,35000
ORD-001213438,CUST-000849332,ZIGZAG,,2026-08-08T08:02:00,배송완료,49000
ORD-000957660,CUST-000670085,ZIGZAG,,2026-05-20T08:45:00,구매확정,78000
ORD-000036864,CUST-000002724,ZIGZAG,,2024-06-16T12:41:00,구매확정,84000
ORD-001031693,CUST-000721972,ZIGZAG,,2026-06-19T09:39:00,구매확정,78000
ORD-000334457,CUST-000234047,ZIGZAG,,2025-07-26T17:17:00,구매확정,127000
ORD-000936808,CUST-000655488,ZIGZAG,,2026-05-11T14:36:00,구매확정,89000
ORD-000739569,CUST-000517734,ZIGZAG,,2026-03-05T21:53:00,구매확정,35000
ORD-000934090,CUST-000653586,ZIGZAG,,2026-05-10T15:01:00,구매확정,49000
ORD-001150930,CUST-000055917,ZIGZAG,,2026-07-29T15:50:00,배송완료,89000
ORD-000406963,CUST-000284737,ZIGZAG,,2025-09-08T13:12:00,구매확정,89000
ORD-000699378,CUST-000439860,ZIGZAG,,2026-02-19T18:44:00,구매확정,39000
ORD-000387379,CUST-000271032,ZIGZAG,,2025-08-23T17:51:00,구매확정,98000
ORD-000833620,CUST-000149120,ZIGZAG,,2026-03-30T09:58:00,구매확정,58000
ORD-000643345,CUST-000202982,ZIGZAG,,2026-01-12T14:19:00,구매확정,49000
ORD-000102731,CUST-000020256,ZIGZAG,,2024-11-23T19:10:00,구매확정,35000
ORD-000509726,CUST-000356634,ZIGZAG,,2025-11-21T17:28:00,구매확정,49000
ORD-000796818,CUST-000153675,ZIGZAG,,2026-03-15T12:02:00,구매확정,89000
ORD-000945801,CUST-000661831,ZIGZAG,,2026-05-15T18:39:00,구매확정,35000
ORD-000671343,CUST-000469762,ZIGZAG,,2026-01-29T11:04:00,구매확정,128000
ORD-000410524,CUST-000287216,ZIGZAG,,2025-09-11T21:04:00,구매확정,39000
ORD-000807591,CUST-000565250,ZIGZAG,,2026-03-19T20:29:00,구매확정,103000
ORD-001094738,CUST-000766211,ZIGZAG,,2026-07-14T11:23:00,구매확정,128000
ORD-000913742,CUST-000639443,ZIGZAG,,2026-05-02T18:51:00,구매확정,35000
ORD-001051070,CUST-000735533,ZIGZAG,,2026-06-27T14:55:00,구매확정,39000
ORD-001113583,CUST-000779448,ZIGZAG,,2026-07-22T15:02:00,배송완료,70000
ORD-000971488,CUST-000095854,ZIGZAG,,2026-05-25T14:50:00,구매확정,49000
ORD-000447023,CUST-000312729,ZIGZAG,,2025-10-09T18:06:00,구매확정,70000
ORD-000259044,CUST-000181284,ZIGZAG,,2025-05-18T12:51:00,구매확정,49000
ORD-000625141,CUST-000437382,ZIGZAG,,2026-01-05T19:15:00,구매확정,39000
ORD-000304757,CUST-000213263,ZIGZAG,,2025-07-01T19:04:00,구매확정,35000
ORD-001073769,CUST-000225982,ZIGZAG,,2026-07-05T13:51:00,구매확정,39000
ORD-001123454,CUST-000574492,ZIGZAG,,2026-07-25T15:16:00,배송완료,39000
ORD-001185274,CUST-000367054,ZIGZAG,,2026-08-04T21:29:00,배송완료,138000
ORD-000271837,CUST-000190235,ZIGZAG,,2025-05-31T10:09:00,구매확정,74000
ORD-000684035,CUST-000478686,ZIGZAG,,2026-02-08T12:58:00,구매확정,177000
ORD-000893213,CUST-000625091,ZIGZAG,,2026-04-24T21:50:00,구매확정,74000
ORD-001205139,CUST-000843499,ZIGZAG,,2026-08-07T12:58:00,배송완료,128000
ORD-000050279,CUST-000035172,ZIGZAG,,2024-07-27T13:56:00,구매확정,117000
ORD-001153529,CUST-000356428,ZIGZAG,,2026-07-30T20:49:00,배송완료,35000
ORD-001014995,CUST-000710301,ZIGZAG,,2026-06-12T13:22:00,구매확정,54000
ORD-001239663,CUST-000867539,ZIGZAG,,2026-08-15T10:52:00,배송완료,78000
ORD-000503166,CUST-000238398,ZIGZAG,,2025-11-20T09:28:00,구매확정,35000
ORD-001211842,CUST-000848206,ZIGZAG,,2026-08-08T15:44:00,배송완료,39000
ORD-000951805,CUST-000203416,ZIGZAG,,2026-05-17T15:07:00,구매확정,89000
ORD-000936302,CUST-000280435,ZIGZAG,,2026-05-11T16:54:00,구매확정,88000
ORD-000743998,CUST-000352538,ZIGZAG,,2026-03-06T08:21:00,구매확정,39000
ORD-001149562,CUST-000804708,ZIGZAG,,2026-07-29T13:27:00,배송완료,49000
ORD-001024508,CUST-000716972,ZIGZAG,,2026-06-16T13:44:00,구매확정,89000
ORD-000389075,CUST-000272255,ZIGZAG,,2025-08-25T23:54:00,구매확정,39000
ORD-000925322,CUST-000647498,ZIGZAG,,2026-05-07T20:32:00,구매확정,74000
ORD-000729129,CUST-000510400,ZIGZAG,,2026-03-03T08:37:00,구매확정,39000
ORD-001164775,CUST-000815376,ZIGZAG,,2026-08-01T12:57:00,배송완료,84000
ORD-000559869,CUST-000079295,ZIGZAG,,2025-12-09T21:46:00,구매확정,128000
ORD-000166880,CUST-000116829,ZIGZAG,,2025-03-03T17:10:00,구매확정,39000
ORD-001207603,CUST-000845219,ZIGZAG,,2026-08-08T22:33:00,배송완료,39000
ORD-000042553,CUST-000029780,ZIGZAG,,2024-07-05T15:26:00,구매확정,35000
ORD-000873134,CUST-000611050,ZIGZAG,,2026-04-15T09:55:00,구매확정,127000
ORD-000408406,CUST-000285742,ZIGZAG,,2025-09-10T21:07:00,구매확정,124000
ORD-000280105,CUST-000196016,ZIGZAG,,2025-06-08T08:51:00,구매확정,35000
ORD-001195200,CUST-000836528,OFFLINE,STORE-02,2026-08-05T09:17:00,배송완료,58000
ORD-001061515,CUST-000742913,ZIGZAG,,2026-07-01T08:59:00,구매확정,35000
ORD-000288254,CUST-000201757,ZIGZAG,,2025-06-15T13:28:00,구매확정,39000
ORD-000535213,CUST-000374482,ZIGZAG,,2025-11-28T22:53:00,구매확정,39000
ORD-000455435,CUST-000259309,ZIGZAG,,2025-10-15T14:00:00,구매확정,137000
ORD-000987290,CUST-000205735,OFFLINE,STORE-02,2026-06-01T18:36:00,구매확정,59000
ORD-000716037,CUST-000282502,ZIGZAG,,2026-03-01T08:22:00,구매확정,49000
ORD-000721849,CUST-000505264,ZIGZAG,,2026-03-02T15:34:00,구매확정,39000
ORD-000103180,CUST-000072228,ZIGZAG,,2024-11-23T10:12:00,구매확정,49000
ORD-000786224,CUST-000550337,ZIGZAG,,2026-03-13T15:16:00,구매확정,35000
ORD-000990225,CUST-000692962,ZIGZAG,,2026-06-02T14:20:00,구매확정,123000
ORD-000288821,CUST-000193766,ZIGZAG,,2025-06-16T12:21:00,구매확정,138000
ORD-000306273,CUST-000118531,ZIGZAG,,2025-07-03T19:26:00,구매확정,127000
ORD-001126423,CUST-000788475,ZIGZAG,,2026-07-25T13:32:00,배송완료,133000
ORD-001082858,CUST-000757865,ZIGZAG,,2026-07-10T08:05:00,구매확정,39000
ORD-000398064,CUST-000278524,ZIGZAG,,2025-09-02T14:08:00,구매확정,49000
ORD-000534011,CUST-000373638,ZIGZAG,,2025-11-27T22:06:00,구매확정,89000
ORD-000556617,CUST-000115792,ZIGZAG,,2025-12-07T22:49:00,구매확정,39000
ORD-000878382,CUST-000614734,ZIGZAG,,2026-04-18T16:59:00,구매확정,19000
ORD-000785641,CUST-000408045,OFFLINE,STORE-02,2026-03-13T08:07:00,구매확정,54000
ORD-000049247,CUST-000008915,ZIGZAG,,2024-07-26T13:10:00,구매확정,119000
ORD-000104900,CUST-000073460,ZIGZAG,,2024-11-24T20:08:00,구매확정,98000
ORD-000807603,CUST-000565259,ZIGZAG,,2026-03-19T15:55:00,구매확정,35000
ORD-000629815,CUST-000328947,ZIGZAG,,2026-01-07T14:49:00,구매확정,35000
ORD-000030055,CUST-000021041,ZIGZAG,,2024-05-25T22:55:00,구매확정,88000
ORD-000858895,CUST-000601094,ZIGZAG,,2026-04-09T20:37:00,구매확정,68000
ORD-000366847,CUST-000256666,ZIGZAG,,2025-08-08T17:16:00,구매확정,74000
ORD-000996561,CUST-000697397,ZIGZAG,,2026-06-05T18:08:00,구매확정,163000
ORD-000752232,CUST-000526606,ZIGZAG,,2026-03-07T23:43:00,구매확정,35000
ORD-000992756,CUST-000694768,ZIGZAG,,2026-06-03T10:19:00,구매확정,35000
ORD-000748624,CUST-000121687,ZIGZAG,,2026-03-07T16:09:00,구매확정,69000
ORD-000081414,CUST-000056975,ZIGZAG,,2024-10-06T12:08:00,구매확정,35000
ORD-000432077,CUST-000302271,ZIGZAG,,2025-09-27T11:20:00,구매확정,78000
ORD-000145048,CUST-000101569,ZIGZAG,,2025-01-22T11:06:00,구매확정,74000
ORD-000013336,CUST-000009316,ZIGZAG,,2024-03-26T15:38:00,구매확정,70000
ORD-000092563,CUST-000064819,ZIGZAG,,2024-11-03T20:40:00,구매확정,74000
ORD-000141115,CUST-000098828,ZIGZAG,,2025-01-13T08:27:00,구매확정,39000
ORD-000458251,CUST-000251467,ZIGZAG,,2025-10-17T10:11:00,구매확정,35000
ORD-001056346,CUST-000739265,ZIGZAG,,2026-06-28T20:52:00,구매확정,49000
ORD-001066019,CUST-000382811,ZIGZAG,,2026-07-03T19:26:00,구매확정,39000
ORD-000578274,CUST-000342620,ZIGZAG,,2025-12-19T09:20:00,구매확정,88000
ORD-000011886,CUST-000008270,ZIGZAG,,2024-03-22T22:09:00,구매확정,88000
ORD-000465745,CUST-000325784,ZIGZAG,,2025-10-23T10:17:00,구매확정,177000
ORD-000293430,CUST-000205393,OFFLINE,STORE-02,2025-06-21T13:35:00,구매확정,88000
ORD-000458458,CUST-000320684,ZIGZAG,,2025-10-17T16:50:00,구매확정,128000
ORD-001002975,CUST-000701862,ZIGZAG,,2026-06-07T18:55:00,구매확정,123000
ORD-000047778,CUST-000033434,ZIGZAG,,2024-07-22T23:55:00,구매확정,49000
ORD-000949235,CUST-000593608,ZIGZAG,,2026-05-17T13:06:00,구매확정,133000
ORD-000868501,CUST-000607840,ZIGZAG,,2026-04-13T09:09:00,구매확정,98000
ORD-000655441,CUST-000458634,ZIGZAG,,2026-01-17T23:53:00,구매확정,128000
ORD-000476856,CUST-000333515,ZIGZAG,,2025-10-31T15:20:00,구매확정,35000
ORD-000675946,CUST-000077043,ZIGZAG,,2026-02-01T20:02:00,구매확정,88000
ORD-000862332,CUST-000603526,ZIGZAG,,2026-04-11T20:51:00,구매확정,78000
ORD-000244743,CUST-000069429,ZIGZAG,,2025-05-04T23:55:00,구매확정,39000
ORD-000609267,CUST-000426286,ZIGZAG,,2025-12-30T17:54:00,구매확정,74000
ORD-000097723,CUST-000068422,ZIGZAG,,2024-11-16T13:57:00,구매확정,35000
ORD-001167640,CUST-000817361,ZIGZAG,,2026-08-01T23:40:00,배송완료,127000
ORD-001012410,CUST-000588017,ZIGZAG,,2026-06-11T10:58:00,구매확정,39000
ORD-000902634,CUST-000631704,ZIGZAG,,2026-04-27T10:13:00,구매확정,35000
ORD-001110740,CUST-000765366,ZIGZAG,,2026-07-20T15:16:00,배송완료,39000
ORD-000008983,CUST-000006270,ZIGZAG,,2024-03-13T09:07:00,구매확정,39000
ORD-001052461,CUST-000736501,ZIGZAG,,2026-06-27T15:37:00,구매확정,49000
ORD-000289665,CUST-000202758,ZIGZAG,,2025-06-17T15:37:00,구매확정,74000
ORD-000954055,CUST-000667552,ZIGZAG,,2026-05-18T19:13:00,구매확정,49000
ORD-000520399,CUST-000284971,ZIGZAG,,2025-11-23T10:50:00,구매확정,109000
ORD-001197058,CUST-000837847,OFFLINE,STORE-02,2026-08-06T15:17:00,배송완료,19000
ORD-000184958,CUST-000129546,ZIGZAG,,2025-03-10T22:52:00,구매확정,89000
ORD-000837772,CUST-000586346,ZIGZAG,,2026-03-31T10:55:00,구매확정,88000
ORD-000692983,CUST-000484991,ZIGZAG,,2026-02-14T16:03:00,구매확정,138000
ORD-000187700,CUST-000003582,ZIGZAG,,2025-03-11T11:01:00,구매확정,35000
ORD-000645705,CUST-000415430,ZIGZAG,,2026-01-13T20:33:00,구매확정,89000
ORD-001020400,CUST-000549614,ZIGZAG,,2026-06-14T15:36:00,구매확정,138000
ORD-000975885,CUST-000206848,ZIGZAG,,2026-05-27T19:09:00,구매확정,74000
ORD-000579441,CUST-000405461,ZIGZAG,,2025-12-19T18:21:00,구매확정,49000
ORD-000764387,CUST-000180902,ZIGZAG,,2026-03-09T18:34:00,구매확정,84000
ORD-000613593,CUST-000351218,ZIGZAG,,2026-01-01T17:49:00,구매확정,39000
ORD-000218450,CUST-000116503,ZIGZAG,,2025-04-07T22:48:00,구매확정,89000
ORD-000783193,CUST-000072630,ZIGZAG,,2026-03-12T21:34:00,구매확정,89000
ORD-000580171,CUST-000405970,ZIGZAG,,2025-12-20T09:52:00,구매확정,117000
ORD-000683047,CUST-000477996,ZIGZAG,,2026-02-07T10:39:00,구매확정,138000
ORD-000804365,CUST-000562999,ZIGZAG,,2026-03-18T12:03:00,구매확정,35000
ORD-000954995,CUST-000668208,ZIGZAG,,2026-05-19T23:57:00,구매확정,128000
ORD-000781404,CUST-000546967,ZIGZAG,,2026-03-12T12:57:00,구매확정,128000
ORD-000061839,CUST-000043223,ZIGZAG,,2024-08-13T14:05:00,구매확정,78000
ORD-000727912,CUST-000509543,ZIGZAG,,2026-03-03T09:10:00,구매확정,69000
ORD-000770386,CUST-000539317,ZIGZAG,,2026-03-10T09:51:00,구매확정,39000
ORD-001221293,CUST-000854824,ZIGZAG,,2026-08-09T18:07:00,배송완료,49000
ORD-000717362,CUST-000502103,ZIGZAG,,2026-03-01T14:12:00,구매확정,84000
ORD-000871080,CUST-000609660,ZIGZAG,,2026-04-14T09:49:00,구매확정,39000
ORD-000736678,CUST-000515279,ZIGZAG,,2026-03-05T21:40:00,구매확정,39000
ORD-000732628,CUST-000512815,ZIGZAG,,2026-03-04T14:53:00,구매확정,103000
ORD-000870327,CUST-000609136,ZIGZAG,,2026-04-14T11:18:00,구매확정,98000
ORD-001049335,CUST-000734291,ZIGZAG,,2026-06-26T18:40:00,구매확정,39000
ORD-000373990,CUST-000261684,ZIGZAG,,2025-08-10T16:25:00,구매확정,39000
ORD-000586626,CUST-000410517,OFFLINE,STORE-02,2025-12-22T10:17:00,구매확정,49000
ORD-000702632,CUST-000491713,ZIGZAG,,2026-02-21T10:55:00,구매확정,128000
ORD-000197131,CUST-000138034,ZIGZAG,,2025-03-17T15:05:00,구매확정,173000
ORD-001020159,CUST-000382538,OFFLINE,STORE-02,2026-06-14T14:42:00,구매확정,39000
ORD-000250208,CUST-000175063,ZIGZAG,,2025-05-09T15:40:00,구매확정,39000
ORD-000343124,CUST-000240103,ZIGZAG,,2025-07-30T22:08:00,구매확정,88000
ORD-000381354,CUST-000266812,ZIGZAG,,2025-08-17T10:40:00,구매확정,39000
ORD-000955544,CUST-000668598,ZIGZAG,,2026-05-19T10:29:00,구매확정,49000
ORD-000149357,CUST-000007658,ZIGZAG,,2025-02-02T13:53:00,구매확정,35000
ORD-001166148,CUST-000816322,ZIGZAG,,2026-08-01T12:48:00,배송완료,49000
ORD-000690942,CUST-000483532,ZIGZAG,,2026-02-13T12:05:00,구매확정,49000
ORD-000843343,CUST-000350489,ZIGZAG,,2026-04-03T12:31:00,구매확정,89000
ORD-000003052,CUST-000000748,ZIGZAG,,2024-03-05T20:21:00,구매확정,39000
ORD-000481294,CUST-000336656,ZIGZAG,,2025-11-03T23:37:00,구매확정,35000
ORD-000895673,CUST-000626825,ZIGZAG,,2026-04-25T21:06:00,구매확정,103000
ORD-000021979,CUST-000009628,ZIGZAG,,2024-04-26T17:30:00,구매확정,78000
ORD-000245137,CUST-000171551,ZIGZAG,,2025-05-04T19:24:00,구매확정,39000
ORD-000067764,CUST-000032403,ZIGZAG,,2024-09-01T12:23:00,구매확정,78000
ORD-000660260,CUST-000198227,ZIGZAG,,2026-01-21T08:26:00,구매확정,39000
ORD-000665294,CUST-000364837,ZIGZAG,,2026-01-25T17:51:00,구매확정,49000
ORD-000790033,CUST-000186424,ZIGZAG,,2026-03-14T18:45:00,구매확정,39000
ORD-000226703,CUST-000158732,ZIGZAG,,2025-04-15T19:12:00,구매확정,49000
ORD-000318697,CUST-000075795,ZIGZAG,,2025-07-14T13:01:00,구매확정,124000
ORD-000887177,CUST-000620944,ZIGZAG,,2026-04-21T21:02:00,구매확정,39000
ORD-000263441,CUST-000161669,ZIGZAG,,2025-05-23T12:42:00,구매확정,35000
ORD-001071695,CUST-000411523,ZIGZAG,,2026-07-05T17:54:00,구매확정,35000
ORD-000453561,CUST-000317284,ZIGZAG,,2025-10-13T17:29:00,구매확정,35000
ORD-000912565,CUST-000638602,ZIGZAG,,2026-05-02T18:48:00,구매확정,35000
ORD-001037208,CUST-000725845,ZIGZAG,,2026-06-21T12:34:00,구매확정,49000
ORD-000957300,CUST-000669845,ZIGZAG,,2026-05-20T15:49:00,구매확정,178000
ORD-000816952,CUST-000571792,ZIGZAG,,2026-03-23T17:29:00,구매확정,35000
ORD-000857637,CUST-000160210,ZIGZAG,,2026-04-09T11:44:00,구매확정,49000
ORD-000268797,CUST-000002904,ZIGZAG,,2025-05-28T10:51:00,구매확정,49000
ORD-000734035,CUST-000513776,ZIGZAG,,2026-03-04T17:56:00,구매확정,35000
ORD-000658511,CUST-000134484,ZIGZAG,,2026-01-19T18:29:00,구매확정,88000
ORD-000151983,CUST-000106437,ZIGZAG,,2025-02-08T09:17:00,구매확정,35000
ORD-000599915,CUST-000419737,ZIGZAG,,2025-12-27T22:00:00,구매확정,88000
ORD-001067907,CUST-000747405,ZIGZAG,,2026-07-04T20:58:00,구매확정,19000
ORD-000808911,CUST-000467071,ZIGZAG,,2026-03-20T12:02:00,구매확정,88000
ORD-000116732,CUST-000081789,ZIGZAG,,2024-12-13T18:22:00,구매확정,39000
ORD-000834190,CUST-000583820,ZIGZAG,,2026-03-30T18:59:00,구매확정,39000
ORD-001063641,CUST-000741774,ZIGZAG,,2026-07-02T22:55:00,구매확정,35000
ORD-000708549,CUST-000495872,ZIGZAG,,2026-02-26T19:19:00,구매확정,39000
ORD-000675768,CUST-000359551,ZIGZAG,,2026-02-01T09:42:00,구매확정,128000
ORD-000344449,CUST-000241010,ZIGZAG,,2025-07-30T13:34:00,구매확정,98000
ORD-000445794,CUST-000311846,ZIGZAG,,2025-10-08T22:47:00,구매확정,77000
ORD-000711970,CUST-000498297,ZIGZAG,,2026-02-28T12:05:00,구매확정,89000
ORD-001018573,CUST-000712791,ZIGZAG,,2026-06-14T09:42:00,구매확정,49000
ORD-000560750,CUST-000155994,ZIGZAG,,2025-12-10T13:04:00,구매확정,39000
ORD-000738091,CUST-000516684,ZIGZAG,,2026-03-05T10:12:00,구매확정,39000
ORD-000462158,CUST-000170867,ZIGZAG,,2025-10-20T13:24:00,구매확정,49000
ORD-001000618,CUST-000700209,ZIGZAG,,2026-06-06T08:52:00,구매확정,58000
ORD-000999263,CUST-000699231,OFFLINE,STORE-02,2026-06-06T13:03:00,구매확정,49000
ORD-001206131,CUST-000844177,ZIGZAG,,2026-08-07T21:45:00,배송완료,39000
ORD-000347443,CUST-000243101,ZIGZAG,,2025-08-01T23:50:00,구매확정,98000
ORD-000848547,CUST-000593840,ZIGZAG,,2026-04-05T10:29:00,구매확정,74000
ORD-000008749,CUST-000002216,ZIGZAG,,2024-03-13T11:40:00,구매확정,49000
ORD-000380990,CUST-000084609,ZIGZAG,,2025-08-17T22:19:00,구매확정,39000
ORD-000450767,CUST-000098677,ZIGZAG,,2025-10-11T11:30:00,구매확정,168000
ORD-000738458,CUST-000516950,ZIGZAG,,2026-03-05T11:33:00,구매확정,59000
ORD-000921937,CUST-000645152,ZIGZAG,,2026-05-05T21:10:00,구매확정,78000
ORD-000051167,CUST-000033875,ZIGZAG,,2024-07-28T12:43:00,구매확정,74000
ORD-000825058,CUST-000577472,ZIGZAG,,2026-03-26T10:25:00,구매확정,138000
ORD-000823536,CUST-000576389,ZIGZAG,,2026-03-26T13:56:00,구매확정,59000
ORD-000489064,CUST-000342141,ZIGZAG,,2025-11-09T10:30:00,구매확정,123000
ORD-000184708,CUST-000129364,ZIGZAG,,2025-03-10T21:06:00,구매확정,118000
ORD-000561070,CUST-000369532,ZIGZAG,,2025-12-10T12:40:00,구매확정,187000
ORD-001141962,CUST-000797762,ZIGZAG,,2026-07-28T22:26:00,배송완료,39000
ORD-000045012,CUST-000017304,ZIGZAG,,2024-07-13T21:42:00,구매확정,39000
ORD-000078124,CUST-000054623,ZIGZAG,,2024-09-28T18:35:00,구매확정,35000
ORD-000259033,CUST-000181275,ZIGZAG,,2025-05-18T18:41:00,구매확정,35000
ORD-001054101,CUST-000737653,ZIGZAG,,2026-06-28T11:05:00,구매확정,97000
ORD-000834235,CUST-000583856,ZIGZAG,,2026-03-30T21:06:00,구매확정,39000
ORD-000948870,CUST-000663907,ZIGZAG,,2026-05-16T11:49:00,구매확정,39000
ORD-000698934,CUST-000489111,ZIGZAG,,2026-02-19T21:35:00,구매확정,128000
ORD-000138642,CUST-000097116,ZIGZAG,,2025-01-11T10:49:00,구매확정,84000
ORD-000747277,CUST-000523121,ZIGZAG,,2026-03-07T15:33:00,구매확정,39000
ORD-000227641,CUST-000090608,ZIGZAG,,2025-04-16T17:55:00,구매확정,39000
ORD-000646615,CUST-000006961,ZIGZAG,,2026-01-13T22:59:00,구매확정,35000
ORD-001087911,CUST-000761437,ZIGZAG,,2026-07-11T18:04:00,구매확정,39000
ORD-000997518,CUST-000663464,ZIGZAG,,2026-06-05T10:35:00,구매확정,35000
ORD-000328474,CUST-000229894,ZIGZAG,,2025-07-24T20:11:00,구매확정,49000
ORD-000029836,CUST-000020884,ZIGZAG,,2024-05-24T19:34:00,구매확정,88000
ORD-001039449,CUST-000727377,ZIGZAG,,2026-06-22T18:25:00,구매확정,89000
ORD-001247937,CUST-000589915,ZIGZAG,,2026-08-18T18:20:00,배송중,88000
ORD-000845839,CUST-000006062,ZIGZAG,,2026-04-04T16:45:00,구매확정,88000
ORD-000254582,CUST-000011912,ZIGZAG,,2025-05-13T22:12:00,구매확정,39000
ORD-000712555,CUST-000498710,ZIGZAG,,2026-03-01T14:20:00,구매확정,35000
ORD-000206318,CUST-000071080,ZIGZAG,,2025-03-26T23:42:00,구매확정,227000
ORD-000126765,CUST-000088813,ZIGZAG,,2024-12-27T11:10:00,구매확정,49000
ORD-001044692,CUST-000731022,ZIGZAG,,2026-06-24T19:27:00,구매확정,39000
ORD-000094231,CUST-000065973,ZIGZAG,,2024-11-08T19:04:00,구매확정,49000
ORD-001196382,CUST-000837358,ZIGZAG,,2026-08-06T22:34:00,배송완료,147000
ORD-000464828,CUST-000325146,ZIGZAG,,2025-10-22T21:27:00,구매확정,128000
ORD-000202309,CUST-000141664,ZIGZAG,,2025-03-22T16:48:00,구매확정,35000
ORD-000962458,CUST-000210592,ZIGZAG,,2026-05-22T10:57:00,구매확정,78000
ORD-001243250,CUST-000870065,OFFLINE,STORE-02,2026-08-16T23:57:00,배송완료,49000
ORD-001108783,CUST-000776085,ZIGZAG,,2026-07-19T11:17:00,배송완료,39000
ORD-000018923,CUST-000013240,ZIGZAG,,2024-04-15T19:10:00,구매확정,49000
ORD-001195977,CUST-000609839,ZIGZAG,,2026-08-05T13:37:00,배송완료,89000
ORD-000212647,CUST-000148860,ZIGZAG,,2025-04-01T14:16:00,구매확정,89000
ORD-000379947,CUST-000265821,ZIGZAG,,2025-08-16T13:59:00,구매확정,127000
ORD-000484187,CUST-000338706,ZIGZAG,,2025-11-05T08:31:00,구매확정,89000
ORD-001094936,CUST-000766346,ZIGZAG,,2026-07-14T09:29:00,구매확정,35000
ORD-000610450,CUST-000252911,ZIGZAG,,2025-12-31T16:05:00,구매확정,39000
ORD-000928752,CUST-000464075,ZIGZAG,,2026-05-08T20:09:00,구매확정,123000
ORD-000322984,CUST-000226051,ZIGZAG,,2025-07-19T11:06:00,구매확정,123000
ORD-000720186,CUST-000504108,ZIGZAG,,2026-03-02T20:29:00,구매확정,49000
ORD-000595533,CUST-000232364,ZIGZAG,,2025-12-25T21:40:00,구매확정,39000
ORD-001093288,CUST-000437417,ZIGZAG,,2026-07-13T20:52:00,구매확정,89000
ORD-000570391,CUST-000399098,ZIGZAG,,2025-12-16T17:30:00,구매확정,78000
ORD-001244042,CUST-000870631,ZIGZAG,,2026-08-17T17:41:00,배송중,138000
ORD-000914934,CUST-000640272,ZIGZAG,,2026-05-02T08:22:00,구매확정,35000
ORD-001107550,CUST-000775216,ZIGZAG,,2026-07-19T18:49:00,배송완료,35000
ORD-000343451,CUST-000240329,ZIGZAG,,2025-07-30T22:55:00,구매확정,39000
ORD-001158676,CUST-000811132,ZIGZAG,,2026-07-31T16:37:00,배송완료,89000
ORD-000366095,CUST-000018235,ZIGZAG,,2025-08-08T09:03:00,구매확정,78000
ORD-000150721,CUST-000105554,ZIGZAG,,2025-02-05T20:20:00,구매확정,74000
ORD-000457531,CUST-000261299,ZIGZAG,,2025-10-17T12:43:00,구매확정,217000
ORD-000689141,CUST-000482268,ZIGZAG,,2026-02-11T10:11:00,구매확정,49000
ORD-000715131,CUST-000417151,ZIGZAG,,2026-03-01T16:36:00,구매확정,39000
ORD-000837444,CUST-000586119,ZIGZAG,,2026-03-31T18:09:00,구매확정,89000
ORD-000395535,CUST-000276754,ZIGZAG,,2025-08-31T15:37:00,구매확정,49000
ORD-000436611,CUST-000255322,OFFLINE,STORE-02,2025-10-01T15:38:00,구매확정,114000
ORD-001139601,CUST-000797671,ZIGZAG,,2026-07-27T18:49:00,배송완료,108000
ORD-000423232,CUST-000296094,ZIGZAG,,2025-09-21T20:53:00,구매확정,70000
ORD-000115869,CUST-000081201,ZIGZAG,,2024-12-10T21:53:00,구매확정,74000
ORD-000960907,CUST-000672325,ZIGZAG,,2026-05-21T15:22:00,구매확정,89000
ORD-000939269,CUST-000657233,ZIGZAG,,2026-05-12T16:21:00,구매확정,78000
ORD-000028866,CUST-000020209,ZIGZAG,,2024-05-20T12:58:00,구매확정,74000
ORD-000436854,CUST-000080435,ZIGZAG,,2025-10-01T19:00:00,구매확정,74000
ORD-001203789,CUST-000550659,ZIGZAG,,2026-08-07T23:54:00,배송완료,39000
ORD-001236001,CUST-000864997,OFFLINE,STORE-02,2026-08-14T18:02:00,배송완료,78000
ORD-001174847,CUST-000284939,ZIGZAG,,2026-08-02T20:41:00,배송완료,58000
ORD-000205648,CUST-000114906,ZIGZAG,,2025-03-25T14:52:00,구매확정,49000
ORD-000195751,CUST-000137083,ZIGZAG,,2025-03-15T08:49:00,구매확정,159000
ORD-000884909,CUST-000030687,ZIGZAG,,2026-04-20T22:18:00,구매확정,49000
ORD-000743425,CUST-000414720,ZIGZAG,,2026-03-06T22:55:00,구매확정,54000
ORD-000769842,CUST-000538949,ZIGZAG,,2026-03-10T22:33:00,구매확정,39000
ORD-000473038,CUST-000059374,ZIGZAG,,2025-10-28T08:37:00,구매확정,88000
ORD-000103783,CUST-000052482,ZIGZAG,,2024-11-24T08:56:00,구매확정,78000
ORD-001162560,CUST-000572880,ZIGZAG,,2026-07-31T11:38:00,배송완료,78000
ORD-001187680,CUST-000714091,ZIGZAG,,2026-08-04T21:07:00,배송완료,49000
ORD-000299224,CUST-000209445,ZIGZAG,,2025-06-26T23:28:00,구매확정,49000
ORD-000246528,CUST-000040112,ZIGZAG,,2025-05-05T11:44:00,구매확정,89000
ORD-000720283,CUST-000312165,ZIGZAG,,2026-03-02T16:00:00,구매확정,108000
ORD-000730124,CUST-000511077,ZIGZAG,,2026-03-03T13:34:00,구매확정,69000
ORD-000508193,CUST-000355576,ZIGZAG,,2025-11-21T13:30:00,구매확정,49000
ORD-000898826,CUST-000013989,ZIGZAG,,2026-04-26T14:28:00,구매확정,19000
ORD-000678082,CUST-000474509,ZIGZAG,,2026-02-03T12:30:00,구매확정,39000
ORD-001214290,CUST-000849918,ZIGZAG,,2026-08-08T20:42:00,배송완료,39000
ORD-000227588,CUST-000159341,ZIGZAG,,2025-04-16T20:18:00,구매확정,173000
ORD-000766569,CUST-000536707,ZIGZAG,,2026-03-09T12:42:00,구매확정,39000
ORD-000225941,CUST-000078099,ZIGZAG,,2025-04-14T13:34:00,구매확정,124000
ORD-000161578,CUST-000113139,ZIGZAG,,2025-03-01T17:56:00,구매확정,79000
ORD-000470638,CUST-000329199,ZIGZAG,,2025-10-26T23:15:00,구매확정,39000
ORD-000032476,CUST-000022745,ZIGZAG,,2024-06-02T21:17:00,구매확정,39000
ORD-001117551,CUST-000782233,ZIGZAG,,2026-07-23T08:47:00,배송완료,39000
ORD-000505563,CUST-000353731,OFFLINE,STORE-02,2025-11-20T14:14:00,구매확정,39000
ORD-000280183,CUST-000196069,ZIGZAG,,2025-06-08T16:55:00,구매확정,49000
ORD-000751232,CUST-000525887,ZIGZAG,,2026-03-07T10:26:00,구매확정,35000
ORD-000213422,CUST-000129626,ZIGZAG,,2025-04-02T16:12:00,구매확정,49000
ORD-000999967,CUST-000699762,ZIGZAG,,2026-06-06T11:51:00,구매확정,98000
ORD-000037107,CUST-000025976,ZIGZAG,,2024-06-17T22:55:00,구매확정,39000
ORD-000847332,CUST-000593005,ZIGZAG,,2026-04-05T12:36:00,구매확정,89000
ORD-000859383,CUST-000601436,ZIGZAG,,2026-04-10T18:19:00,구매확정,98000
ORD-000861054,CUST-000029527,OFFLINE,STORE-02,2026-04-10T13:05:00,구매확정,35000
ORD-001136275,CUST-000795316,ZIGZAG,,2026-07-27T21:28:00,배송완료,94000
ORD-000775579,CUST-000542921,ZIGZAG,,2026-03-11T18:48:00,구매확정,39000
ORD-000665312,CUST-000465543,ZIGZAG,,2026-01-25T21:52:00,구매확정,89000
ORD-000097659,CUST-000068377,ZIGZAG,,2024-11-16T17:13:00,구매확정,98000
ORD-001054780,CUST-000738145,ZIGZAG,,2026-06-28T17:31:00,구매확정,89000
ORD-000967393,CUST-000676897,ZIGZAG,,2026-05-24T12:27:00,구매확정,74000
ORD-000524148,CUST-000366732,ZIGZAG,,2025-11-25T14:39:00,구매확정,49000
ORD-000254877,CUST-000062679,ZIGZAG,,2025-05-14T22:05:00,구매확정,74000
ORD-000417044,CUST-000291753,ZIGZAG,,2025-09-16T11:11:00,구매확정,84000
ORD-000547444,CUST-000383053,ZIGZAG,,2025-11-30T15:21:00,구매확정,128000
ORD-000351663,CUST-000246090,ZIGZAG,,2025-08-02T10:16:00,구매확정,39000
ORD-000260071,CUST-000133558,ZIGZAG,,2025-05-19T10:06:00,구매확정,39000
ORD-000511815,CUST-000358116,ZIGZAG,,2025-11-22T21:41:00,구매확정,49000
ORD-000117445,CUST-000082291,ZIGZAG,,2024-12-14T18:13:00,구매확정,98000
ORD-001131134,CUST-000661590,ZIGZAG,,2026-07-26T17:31:00,배송완료,123000
ORD-000708509,CUST-000495848,ZIGZAG,,2026-02-26T09:17:00,구매확정,49000
ORD-000798973,CUST-000559272,ZIGZAG,,2026-03-15T11:36:00,구매확정,78000
ORD-001020849,CUST-000351580,ZIGZAG,,2026-06-14T16:15:00,구매확정,19000
ORD-000968704,CUST-000677826,OFFLINE,STORE-02,2026-05-24T13:40:00,구매확정,49000
ORD-000472181,CUST-000330257,ZIGZAG,,2025-10-27T13:36:00,구매확정,131000
ORD-000148995,CUST-000104351,ZIGZAG,,2025-02-01T17:09:00,구매확정,49000
ORD-000932884,CUST-000652761,ZIGZAG,,2026-05-10T12:02:00,구매확정,35000
ORD-000298627,CUST-000209016,ZIGZAG,,2025-06-25T23:14:00,구매확정,49000
ORD-001069069,CUST-000516912,ZIGZAG,,2026-07-04T20:35:00,구매확정,39000
ORD-000146421,CUST-000102553,ZIGZAG,,2025-01-25T21:54:00,구매확정,88000
ORD-000417573,CUST-000292111,ZIGZAG,,2025-09-17T18:43:00,구매확정,49000
ORD-000535885,CUST-000374950,ZIGZAG,,2025-11-28T11:04:00,구매확정,109000
ORD-000980500,CUST-000686132,ZIGZAG,,2026-05-30T15:56:00,구매확정,49000
ORD-001061072,CUST-000742592,ZIGZAG,,2026-07-01T11:14:00,구매확정,68000
ORD-000463550,CUST-000324258,ZIGZAG,,2025-10-21T09:20:00,구매확정,39000
ORD-000389058,CUST-000272242,ZIGZAG,,2025-08-25T15:29:00,구매확정,39000
ORD-000098784,CUST-000069165,ZIGZAG,,2024-11-19T14:17:00,구매확정,39000
ORD-000522954,CUST-000365905,ZIGZAG,,2025-11-24T23:31:00,구매확정,49000
ORD-000907328,CUST-000455898,ZIGZAG,,2026-04-29T20:58:00,구매확정,74000
ORD-000248245,CUST-000166900,ZIGZAG,,2025-05-07T22:09:00,구매확정,173000
ORD-001097742,CUST-000768326,ZIGZAG,,2026-07-15T12:07:00,구매확정,39000
ORD-000882078,CUST-000617370,ZIGZAG,,2026-04-19T13:43:00,구매확정,49000
ORD-000878673,CUST-000614942,ZIGZAG,,2026-04-18T21:54:00,구매확정,167000
ORD-000193904,CUST-000135781,ZIGZAG,,2025-03-14T08:41:00,구매확정,88000
ORD-000676335,CUST-000473249,ZIGZAG,,2026-02-02T15:36:00,구매확정,88000
ORD-000165942,CUST-000116168,ZIGZAG,,2025-03-02T11:21:00,구매확정,128000
ORD-000324060,CUST-000226794,ZIGZAG,,2025-07-20T10:11:00,구매확정,49000
ORD-000220829,CUST-000154618,ZIGZAG,,2025-04-10T21:18:00,구매확정,173000
ORD-000707745,CUST-000495297,ZIGZAG,,2026-02-25T23:39:00,구매확정,35000
ORD-000991700,CUST-000617840,ZIGZAG,,2026-06-03T17:44:00,구매확정,197000
ORD-000408262,CUST-000285628,ZIGZAG,,2025-09-10T16:57:00,구매확정,128000
ORD-000870647,CUST-000609354,ZIGZAG,,2026-04-14T20:08:00,구매확정,19000
ORD-000830448,CUST-000361426,ZIGZAG,,2026-03-29T10:21:00,구매확정,128000
ORD-000931879,CUST-000652076,ZIGZAG,,2026-05-09T10:52:00,구매확정,39000
ORD-001169334,CUST-000320313,ZIGZAG,,2026-08-01T12:00:00,배송완료,39000
ORD-000751924,CUST-000439628,ZIGZAG,,2026-03-07T17:03:00,구매확정,19000
ORD-000321203,CUST-000224814,ZIGZAG,,2025-07-17T22:15:00,구매확정,39000
ORD-000524133,CUST-000172649,OFFLINE,STORE-02,2025-11-25T08:39:00,구매확정,39000
ORD-000338468,CUST-000160966,ZIGZAG,,2025-07-28T20:41:00,구매확정,88000
ORD-001017790,CUST-000451520,ZIGZAG,,2026-06-13T17:22:00,구매확정,128000
ORD-000054899,CUST-000038407,ZIGZAG,,2024-08-02T23:59:00,구매확정,39000
ORD-000424823,CUST-000297220,ZIGZAG,,2025-09-22T12:20:00,구매확정,49000
ORD-001139853,CUST-000797864,ZIGZAG,,2026-07-27T20:00:00,배송완료,167000
ORD-000561878,CUST-000294429,ZIGZAG,,2025-12-11T16:51:00,구매확정,89000
ORD-000282626,CUST-000028631,ZIGZAG,,2025-06-10T18:09:00,구매확정,35000
ORD-000286195,CUST-000102857,ZIGZAG,,2025-06-14T15:24:00,구매확정,137000
ORD-000649278,CUST-000454323,ZIGZAG,,2026-01-14T09:49:00,구매확정,89000
ORD-001204028,CUST-000842704,ZIGZAG,,2026-08-07T11:48:00,배송완료,19000
ORD-000747708,CUST-000523422,ZIGZAG,,2026-03-07T10:51:00,구매확정,108000
ORD-000244217,CUST-000170905,ZIGZAG,,2025-05-03T21:21:00,구매확정,39000
ORD-000623842,CUST-000436472,ZIGZAG,,2026-01-04T23:23:00,구매확정,39000
ORD-000785512,CUST-000540415,ZIGZAG,,2026-03-13T20:48:00,구매확정,19000
ORD-000446504,CUST-000013480,ZIGZAG,,2025-10-08T20:29:00,구매확정,114000
ORD-001151004,CUST-000299320,ZIGZAG,,2026-07-29T19:16:00,배송완료,148000
ORD-000924047,CUST-000646602,ZIGZAG,,2026-05-06T08:12:00,구매확정,39000
ORD-000209107,CUST-000146370,ZIGZAG,,2025-03-29T23:37:00,구매확정,35000
ORD-000540948,CUST-000378556,ZIGZAG,,2025-11-29T12:54:00,구매확정,49000
ORD-000906151,CUST-000634115,ZIGZAG,,2026-04-29T16:40:00,구매확정,54000
ORD-000257396,CUST-000180131,ZIGZAG,,2025-05-17T18:20:00,구매확정,35000
ORD-000991982,CUST-000694232,ZIGZAG,,2026-06-03T12:10:00,구매확정,59000
ORD-000124282,CUST-000087088,ZIGZAG,,2024-12-23T13:56:00,구매확정,78000
ORD-000745013,CUST-000521516,ZIGZAG,,2026-03-06T10:57:00,구매확정,49000
ORD-000493725,CUST-000345396,ZIGZAG,,2025-11-12T10:40:00,구매확정,74000
ORD-000037067,CUST-000009003,ZIGZAG,,2024-06-17T18:42:00,구매확정,98000
ORD-000857218,CUST-000599899,ZIGZAG,,2026-04-09T22:14:00,구매확정,167000
ORD-000991307,CUST-000693748,ZIGZAG,,2026-06-03T09:25:00,구매확정,128000
ORD-000562968,CUST-000393982,ZIGZAG,,2025-12-11T13:43:00,구매확정,89000
ORD-000671151,CUST-000469633,ZIGZAG,,2026-01-29T11:29:00,구매확정,88000
ORD-001044575,CUST-000730941,OFFLINE,STORE-02,2026-06-24T22:31:00,구매확정,39000
ORD-000619998,CUST-000433811,OFFLINE,STORE-02,2026-01-03T17:01:00,구매확정,39000
ORD-000297878,CUST-000208490,ZIGZAG,,2025-06-25T14:34:00,구매확정,35000
ORD-000707909,CUST-000040350,ZIGZAG,,2026-02-25T20:26:00,구매확정,98000
ORD-001169447,CUST-000818607,ZIGZAG,,2026-08-01T12:30:00,배송완료,19000
ORD-000481094,CUST-000336519,ZIGZAG,,2025-11-03T10:00:00,구매확정,178000
ORD-001004803,CUST-000703151,ZIGZAG,,2026-06-08T10:34:00,구매확정,35000
ORD-000069405,CUST-000048568,ZIGZAG,,2024-09-06T21:55:00,구매확정,39000
ORD-000321958,CUST-000143531,ZIGZAG,,2025-07-18T12:02:00,구매확정,74000
ORD-001003851,CUST-000702494,ZIGZAG,,2026-06-07T12:12:00,구매확정,98000
ORD-000309546,CUST-000216643,ZIGZAG,,2025-07-06T10:39:00,구매확정,89000
ORD-000859176,CUST-000430618,ZIGZAG,,2026-04-10T15:03:00,구매확정,78000
ORD-001074834,CUST-000752209,ZIGZAG,,2026-07-06T16:03:00,구매확정,19000
ORD-000726017,CUST-000508196,ZIGZAG,,2026-03-03T18:39:00,구매확정,49000
ORD-000156072,CUST-000109333,ZIGZAG,,2025-02-19T15:28:00,구매확정,117000
ORD-000285251,CUST-000070134,ZIGZAG,,2025-06-13T19:48:00,구매확정,49000
ORD-000145201,CUST-000101679,ZIGZAG,,2025-01-22T10:17:00,구매확정,39000
ORD-000603742,CUST-000422415,ZIGZAG,,2025-12-28T16:19:00,구매확정,39000
ORD-000122556,CUST-000085851,ZIGZAG,,2024-12-21T15:00:00,구매확정,39000
ORD-000883664,CUST-000618490,ZIGZAG,,2026-04-19T23:31:00,구매확정,78000
ORD-001215142,CUST-000231639,ZIGZAG,,2026-08-09T22:45:00,배송완료,128000
ORD-000915885,CUST-000640938,ZIGZAG,,2026-05-03T08:41:00,구매확정,35000
ORD-001221900,CUST-000855253,ZIGZAG,,2026-08-09T16:01:00,배송완료,19000
ORD-000062012,CUST-000020613,ZIGZAG,,2024-08-14T08:25:00,구매확정,98000
ORD-000988232,CUST-000691609,ZIGZAG,,2026-06-01T21:26:00,구매확정,59000
ORD-000017814,CUST-000012211,ZIGZAG,,2024-04-11T14:49:00,구매확정,35000
ORD-000839332,CUST-000587425,ZIGZAG,,2026-04-01T12:27:00,구매확정,89000
ORD-000358315,CUST-000250707,ZIGZAG,,2025-08-05T11:53:00,구매확정,35000
ORD-001008150,CUST-000705512,ZIGZAG,,2026-06-09T13:47:00,구매확정,35000
ORD-001048855,CUST-000059237,ZIGZAG,,2026-06-26T16:21:00,구매확정,49000
ORD-000362701,CUST-000253761,ZIGZAG,,2025-08-06T16:33:00,구매확정,74000
ORD-001043993,CUST-000469300,OFFLINE,STORE-02,2026-06-24T14:37:00,구매확정,109000
ORD-001063850,CUST-000624440,ZIGZAG,,2026-07-02T10:47:00,구매확정,89000
ORD-000246336,CUST-000172398,ZIGZAG,,2025-05-05T12:10:00,구매확정,89000
ORD-000391688,CUST-000030321,ZIGZAG,,2025-08-27T22:21:00,구매확정,128000
ORD-000582662,CUST-000407723,ZIGZAG,,2025-12-20T21:24:00,구매확정,39000
ORD-000649209,CUST-000450739,OFFLINE,STORE-02,2026-01-14T12:56:00,구매확정,35000
ORD-000642785,CUST-000449742,ZIGZAG,,2026-01-11T20:52:00,구매확정,49000
ORD-001109984,CUST-000776925,ZIGZAG,,2026-07-20T19:23:00,배송완료,78000
ORD-000096218,CUST-000067360,ZIGZAG,,2024-11-13T16:14:00,구매확정,35000
ORD-000664579,CUST-000465030,ZIGZAG,,2026-01-24T10:13:00,구매확정,163000
ORD-001018133,CUST-000663311,ZIGZAG,,2026-06-13T19:31:00,구매확정,89000
ORD-000983552,CUST-000688270,ZIGZAG,,2026-05-31T13:54:00,구매확정,19000
ORD-000426016,CUST-000298054,ZIGZAG,,2025-09-23T20:27:00,구매확정,74000
ORD-000992502,CUST-000694595,ZIGZAG,,2026-06-03T20:11:00,구매확정,74000
ORD-000331568,CUST-000232054,ZIGZAG,,2025-07-26T10:28:00,구매확정,35000
ORD-000712361,CUST-000498570,ZIGZAG,,2026-03-01T08:54:00,구매확정,207000
ORD-001174004,CUST-000821755,ZIGZAG,,2026-08-02T14:57:00,배송완료,89000
ORD-000057283,CUST-000023697,ZIGZAG,,2024-08-05T19:01:00,구매확정,39000
ORD-000074804,CUST-000052346,ZIGZAG,,2024-09-20T14:52:00,구매확정,70000
ORD-000705003,CUST-000229304,ZIGZAG,,2026-02-23T15:22:00,구매확정,89000
ORD-001162563,CUST-000704181,ZIGZAG,,2026-07-31T10:24:00,배송완료,39000
ORD-000316400,CUST-000221450,ZIGZAG,,2025-07-12T23:15:00,구매확정,78000
ORD-001184649,CUST-000829180,ZIGZAG,,2026-08-03T11:30:00,배송완료,49000
ORD-000747271,CUST-000224701,ZIGZAG,,2026-03-07T23:01:00,구매확정,19000
ORD-000917556,CUST-000642123,ZIGZAG,,2026-05-03T18:02:00,구매확정,49000
ORD-000225649,CUST-000157985,ZIGZAG,,2025-04-14T09:35:00,구매확정,35000
ORD-000738137,CUST-000516720,ZIGZAG,,2026-03-05T16:43:00,구매확정,39000
ORD-000609788,CUST-000311810,ZIGZAG,,2025-12-30T08:48:00,구매확정,39000
ORD-000705047,CUST-000493416,ZIGZAG,,2026-02-23T12:14:00,구매확정,128000
ORD-000994900,CUST-000142124,ZIGZAG,,2026-06-04T10:35:00,구매확정,88000
ORD-000365235,CUST-000255550,ZIGZAG,,2025-08-07T13:19:00,구매확정,39000
ORD-001175063,CUST-000822485,ZIGZAG,,2026-08-02T11:27:00,배송완료,49000
ORD-000392440,CUST-000203805,ZIGZAG,,2025-08-28T23:37:00,구매확정,35000
ORD-000835042,CUST-000584436,ZIGZAG,,2026-03-30T12:08:00,구매확정,39000
ORD-001009258,CUST-000706300,ZIGZAG,,2026-06-10T22:10:00,구매확정,49000
ORD-000129859,CUST-000090981,ZIGZAG,,2024-12-30T17:44:00,구매확정,49000
ORD-000620177,CUST-000433931,ZIGZAG,,2026-01-03T09:10:00,구매확정,98000
ORD-001245661,CUST-000871768,ZIGZAG,,2026-08-17T08:24:00,배송중,78000
ORD-000247802,CUST-000173398,ZIGZAG,,2025-05-07T14:19:00,구매확정,39000
ORD-000839708,CUST-000521816,ZIGZAG,,2026-04-01T12:47:00,구매확정,89000
ORD-000295291,CUST-000097158,ZIGZAG,,2025-06-22T11:11:00,구매확정,84000
ORD-000014966,CUST-000010463,ZIGZAG,,2024-04-01T19:01:00,구매확정,98000
ORD-001082211,CUST-000004293,ZIGZAG,,2026-07-09T11:40:00,구매확정,88000
ORD-001228243,CUST-000859668,ZIGZAG,,2026-08-10T10:54:00,배송완료,39000
ORD-000078304,CUST-000018774,ZIGZAG,,2024-09-29T11:39:00,구매확정,84000
ORD-000380965,CUST-000266545,ZIGZAG,,2025-08-17T15:10:00,구매확정,39000
ORD-001239540,CUST-000867456,ZIGZAG,,2026-08-15T17:09:00,배송완료,68000
ORD-000023574,CUST-000016512,ZIGZAG,,2024-05-02T23:22:00,구매확정,70000
ORD-000718117,CUST-000502641,ZIGZAG,,2026-03-01T19:51:00,구매확정,49000
ORD-000991134,CUST-000693618,ZIGZAG,,2026-06-03T12:57:00,구매확정,39000
ORD-000439009,CUST-000307112,ZIGZAG,,2025-10-03T13:55:00,구매확정,127000
ORD-001120128,CUST-000784028,ZIGZAG,,2026-07-25T10:58:00,배송완료,113000
ORD-000125665,CUST-000088035,ZIGZAG,,2024-12-25T13:01:00,구매확정,88000
ORD-000756968,CUST-000384136,ZIGZAG,,2026-03-08T09:35:00,구매확정,68000
ORD-000270213,CUST-000189118,ZIGZAG,,2025-05-29T21:09:00,구매확정,35000
ORD-000570462,CUST-000399148,ZIGZAG,,2025-12-16T17:13:00,구매확정,49000
ORD-000089009,CUST-000007787,ZIGZAG,,2024-10-26T10:37:00,구매확정,35000
ORD-000997561,CUST-000698087,ZIGZAG,,2026-06-05T17:21:00,구매확정,89000
ORD-001195672,CUST-000836859,ZIGZAG,,2026-08-05T18:08:00,배송완료,107000
ORD-001247217,CUST-000872873,ZIGZAG,,2026-08-18T09:59:00,배송중,49000
ORD-000748160,CUST-000523750,ZIGZAG,,2026-03-07T18:42:00,구매확정,89000
ORD-001009111,CUST-000706201,ZIGZAG,,2026-06-10T13:34:00,구매확정,98000
ORD-000501949,CUST-000351170,ZIGZAG,,2025-11-19T08:28:00,구매확정,74000
ORD-000032736,CUST-000022926,ZIGZAG,,2024-06-02T17:58:00,구매확정,35000
ORD-000526073,CUST-000019956,ZIGZAG,,2025-11-25T12:05:00,구매확정,49000
ORD-000684553,CUST-000479033,ZIGZAG,,2026-02-08T14:37:00,구매확정,98000
ORD-001014966,CUST-000041565,ZIGZAG,,2026-06-12T19:05:00,구매확정,49000
ORD-000472878,CUST-000330758,ZIGZAG,,2025-10-28T18:46:00,구매확정,89000
ORD-000696161,CUST-000487196,ZIGZAG,,2026-02-17T08:29:00,구매확정,49000
ORD-000557648,CUST-000004533,ZIGZAG,,2025-12-07T10:13:00,구매확정,49000
ORD-000676555,CUST-000473415,ZIGZAG,,2026-02-02T20:12:00,구매확정,88000
ORD-000390531,CUST-000243023,ZIGZAG,,2025-08-26T16:47:00,구매확정,128000
ORD-001227241,CUST-000858967,ZIGZAG,,2026-08-10T16:46:00,배송완료,39000
ORD-000970198,CUST-000678879,ZIGZAG,,2026-05-25T08:41:00,구매확정,138000
ORD-001230658,CUST-000861310,ZIGZAG,,2026-08-12T08:18:00,배송완료,49000
ORD-000721272,CUST-000288392,ZIGZAG,,2026-03-02T21:50:00,구매확정,49000
ORD-000745670,CUST-000521987,ZIGZAG,,2026-03-06T23:08:00,구매확정,54000
ORD-000293398,CUST-000046389,ZIGZAG,,2025-06-21T14:06:00,구매확정,35000
ORD-000524556,CUST-000367024,ZIGZAG,,2025-11-25T20:30:00,구매확정,98000
ORD-001059298,CUST-000741347,OFFLINE,STORE-02,2026-06-30T16:32:00,구매확정,39000
ORD-000132868,CUST-000022009,ZIGZAG,,2025-01-03T13:20:00,구매확정,39000
ORD-000943728,CUST-000580408,ZIGZAG,,2026-05-14T09:10:00,구매확정,108000
ORD-000503258,CUST-000352097,ZIGZAG,,2025-11-20T09:13:00,구매확정,49000
ORD-001227557,CUST-000859185,ZIGZAG,,2026-08-10T18:38:00,배송완료,217000
ORD-001075397,CUST-000137775,ZIGZAG,,2026-07-06T09:18:00,구매확정,39000
ORD-000659495,CUST-000461478,ZIGZAG,,2026-01-20T16:04:00,구매확정,128000
ORD-000735219,CUST-000514620,ZIGZAG,,2026-03-04T23:19:00,구매확정,69000
ORD-001210727,CUST-000847422,ZIGZAG,,2026-08-08T09:55:00,배송완료,117000
ORD-001132849,CUST-000792936,ZIGZAG,,2026-07-26T19:09:00,배송완료,89000
ORD-000955598,CUST-000668630,ZIGZAG,,2026-05-19T20:43:00,구매확정,39000
ORD-000409114,CUST-000286230,ZIGZAG,,2025-09-10T14:03:00,구매확정,35000
ORD-001126891,CUST-000379475,ZIGZAG,,2026-07-25T21:03:00,배송완료,74000
ORD-000803632,CUST-000163674,ZIGZAG,,2026-03-17T08:56:00,구매확정,89000
ORD-000405933,CUST-000283991,ZIGZAG,,2025-09-08T17:53:00,구매확정,79000
ORD-000458465,CUST-000320688,ZIGZAG,,2025-10-17T17:49:00,구매확정,128000
ORD-000733147,CUST-000513173,ZIGZAG,,2026-03-04T20:07:00,구매확정,117000
ORD-000837317,CUST-000047692,ZIGZAG,,2026-03-31T15:43:00,구매확정,49000
ORD-000932652,CUST-000652607,ZIGZAG,,2026-05-10T15:02:00,구매확정,35000
ORD-000642380,CUST-000200078,ZIGZAG,,2026-01-11T19:47:00,구매확정,39000
ORD-001178123,CUST-000824615,ZIGZAG,,2026-08-02T12:09:00,배송완료,89000
ORD-000203267,CUST-000052810,ZIGZAG,,2025-03-23T13:12:00,구매확정,84000
ORD-001008123,CUST-000705491,ZIGZAG,,2026-06-09T18:56:00,구매확정,19000
ORD-000432281,CUST-000236693,ZIGZAG,,2025-09-28T23:49:00,구매확정,39000
ORD-000525914,CUST-000185434,ZIGZAG,,2025-11-25T12:57:00,구매확정,49000
ORD-000251077,CUST-000175672,ZIGZAG,,2025-05-10T17:44:00,구매확정,49000
ORD-000551366,CUST-000385849,ZIGZAG,,2025-12-03T20:05:00,구매확정,138000
ORD-001032573,CUST-000722599,ZIGZAG,,2026-06-19T22:23:00,구매확정,89000
ORD-001042989,CUST-000729861,ZIGZAG,,2026-06-23T18:41:00,구매확정,39000
ORD-000251961,CUST-000176298,ZIGZAG,,2025-05-11T22:20:00,구매확정,49000
ORD-001103027,CUST-000772047,ZIGZAG,,2026-07-18T12:04:00,배송완료,128000
ORD-000170945,CUST-000115358,ZIGZAG,,2025-03-05T12:49:00,구매확정,89000
ORD-000539702,CUST-000111510,ZIGZAG,,2025-11-29T22:01:00,구매확정,138000
ORD-000437742,CUST-000160487,ZIGZAG,,2025-10-02T22:00:00,구매확정,39000
ORD-000283492,CUST-000198374,ZIGZAG,,2025-06-11T09:06:00,구매확정,98000
ORD-001102347,CUST-000433019,ZIGZAG,,2026-07-18T10:42:00,배송완료,128000
ORD-000935688,CUST-000654682,ZIGZAG,,2026-05-11T19:34:00,구매확정,159000
ORD-000714262,CUST-000499920,ZIGZAG,,2026-03-01T22:05:00,구매확정,84000
ORD-000537431,CUST-000163265,ZIGZAG,,2025-11-28T13:01:00,구매확정,49000
ORD-000347995,CUST-000243464,ZIGZAG,,2025-08-01T16:40:00,구매확정,128000
ORD-000816801,CUST-000571694,OFFLINE,STORE-02,2026-03-23T08:59:00,구매확정,39000
ORD-001143454,CUST-000800412,ZIGZAG,,2026-07-28T10:19:00,배송완료,49000
ORD-000051186,CUST-000035814,ZIGZAG,,2024-07-28T12:37:00,구매확정,49000
ORD-000439129,CUST-000307201,ZIGZAG,,2025-10-03T11:29:00,구매확정,163000
ORD-000215449,CUST-000046408,ZIGZAG,,2025-04-04T09:38:00,구매확정,178000
ORD-001219990,CUST-000853912,ZIGZAG,,2026-08-09T08:02:00,배송완료,58000
ORD-000726143,CUST-000027584,ZIGZAG,,2026-03-03T17:48:00,구매확정,15000
ORD-000178926,CUST-000125322,ZIGZAG,,2025-03-08T11:04:00,구매확정,89000
ORD-000715689,CUST-000309136,ZIGZAG,,2026-03-01T22:20:00,구매확정,69000
ORD-000665597,CUST-000465743,ZIGZAG,,2026-01-25T19:42:00,구매확정,128000
ORD-001174412,CUST-000063372,ZIGZAG,,2026-08-02T13:11:00,배송완료,147000
ORD-000320376,CUST-000224242,ZIGZAG,,2025-07-16T16:16:00,구매확정,49000
ORD-000110064,CUST-000077110,ZIGZAG,,2024-11-29T15:18:00,구매확정,137000
ORD-000391314,CUST-000273837,ZIGZAG,,2025-08-27T17:07:00,구매확정,89000
ORD-001162698,CUST-000813918,ZIGZAG,,2026-07-31T10:23:00,배송완료,39000
ORD-000203551,CUST-000068392,ZIGZAG,,2025-03-23T11:11:00,구매확정,178000
ORD-000929893,CUST-000094039,ZIGZAG,,2026-05-09T14:46:00,구매확정,88000
ORD-001013519,CUST-000709267,ZIGZAG,,2026-06-12T10:23:00,구매확정,93000
ORD-001146640,CUST-000802646,ZIGZAG,,2026-07-28T19:21:00,배송완료,74000
ORD-000019121,CUST-000013380,ZIGZAG,,2024-04-16T21:51:00,구매확정,70000
ORD-000023335,CUST-000013436,ZIGZAG,,2024-05-01T18:39:00,구매확정,78000
ORD-000947554,CUST-000663012,ZIGZAG,,2026-05-16T12:23:00,구매확정,88000
ORD-001171648,CUST-000820114,ZIGZAG,,2026-08-02T10:08:00,배송완료,107000
ORD-001036067,CUST-000721427,ZIGZAG,,2026-06-21T10:34:00,구매확정,39000
ORD-000594801,CUST-000416208,ZIGZAG,,2025-12-25T17:05:00,구매확정,49000
ORD-000664156,CUST-000464741,ZIGZAG,,2026-01-24T15:06:00,구매확정,128000
ORD-000012147,CUST-000008447,ZIGZAG,,2024-03-23T22:06:00,구매확정,39000
ORD-000757206,CUST-000530146,ZIGZAG,,2026-03-08T21:00:00,구매확정,49000
ORD-000172565,CUST-000102500,ZIGZAG,,2025-03-05T13:10:00,구매확정,49000
ORD-000262946,CUST-000184025,ZIGZAG,,2025-05-22T11:33:00,구매확정,84000
ORD-000651763,CUST-000438975,ZIGZAG,,2026-01-15T20:53:00,구매확정,49000
ORD-000930531,CUST-000614420,ZIGZAG,,2026-05-09T14:32:00,구매확정,19000
ORD-000276693,CUST-000193633,ZIGZAG,,2025-06-05T08:33:00,구매확정,39000
ORD-000949214,CUST-000664151,ZIGZAG,,2026-05-17T20:50:00,구매확정,35000
ORD-000294717,CUST-000206281,ZIGZAG,,2025-06-22T13:32:00,구매확정,35000
ORD-000760649,CUST-000532577,ZIGZAG,,2026-03-08T13:59:00,구매확정,49000
ORD-000943862,CUST-000660459,ZIGZAG,,2026-05-14T18:27:00,구매확정,187000
ORD-000672543,CUST-000303363,OFFLINE,STORE-02,2026-01-30T17:16:00,구매확정,89000
ORD-000703204,CUST-000169787,ZIGZAG,,2026-02-22T09:58:00,구매확정,147000
ORD-001173715,CUST-000007088,ZIGZAG,,2026-08-02T15:13:00,배송완료,59000
ORD-000763793,CUST-000534784,ZIGZAG,,2026-03-09T11:20:00,구매확정,35000
ORD-000831066,CUST-000581639,ZIGZAG,,2026-03-29T12:24:00,구매확정,137000
ORD-000846434,CUST-000592345,ZIGZAG,,2026-04-04T15:46:00,구매확정,39000
ORD-000835240,CUST-000384022,ZIGZAG,,2026-03-30T17:34:00,구매확정,59000
ORD-000607165,CUST-000424800,ZIGZAG,,2025-12-29T13:12:00,구매확정,127000
ORD-000121810,CUST-000085318,ZIGZAG,,2024-12-20T11:36:00,구매확정,88000
ORD-000945106,CUST-000412078,ZIGZAG,,2026-05-15T11:23:00,구매확정,39000
ORD-000472725,CUST-000330650,ZIGZAG,,2025-10-28T13:39:00,구매확정,49000
ORD-000465488,CUST-000142157,OFFLINE,STORE-02,2025-10-22T13:47:00,구매확정,39000
ORD-000013558,CUST-000003922,ZIGZAG,,2024-03-27T19:27:00,구매확정,78000
ORD-000538531,CUST-000244981,ZIGZAG,,2025-11-29T16:18:00,구매확정,39000
ORD-000255853,CUST-000179028,ZIGZAG,,2025-05-15T21:33:00,구매확정,39000
ORD-000442659,CUST-000309662,ZIGZAG,,2025-10-05T22:06:00,구매확정,89000
ORD-001090120,CUST-000763023,ZIGZAG,,2026-07-12T15:25:00,구매확정,59000
ORD-000776951,CUST-000328300,ZIGZAG,,2026-03-11T10:45:00,구매확정,98000
ORD-001006846,CUST-000238747,ZIGZAG,,2026-06-09T11:52:00,구매확정,35000
ORD-000565422,CUST-000395690,ZIGZAG,,2025-12-13T14:59:00,구매확정,88000
ORD-001171291,CUST-000819854,ZIGZAG,,2026-08-01T18:02:00,배송완료,89000
ORD-000794511,CUST-000556156,ZIGZAG,,2026-03-14T12:58:00,구매확정,74000
ORD-000709348,CUST-000496415,ZIGZAG,,2026-02-27T21:35:00,구매확정,70000
ORD-000446106,CUST-000192874,ZIGZAG,,2025-10-08T08:44:00,구매확정,39000
ORD-000185055,CUST-000129614,ZIGZAG,,2025-03-10T23:33:00,구매확정,49000
ORD-001252104,CUST-000876288,ZIGZAG,,2026-08-20T12:48:00,배송중,35000
ORD-000613354,CUST-000429151,ZIGZAG,,2026-01-01T16:18:00,구매확정,49000
ORD-000030295,CUST-000017387,ZIGZAG,,2024-05-25T10:04:00,구매확정,88000
ORD-000740182,CUST-000518158,ZIGZAG,,2026-03-05T19:47:00,구매확정,103000
ORD-000351695,CUST-000246114,ZIGZAG,,2025-08-02T14:29:00,구매확정,105000
ORD-000607873,CUST-000229437,ZIGZAG,,2025-12-30T18:28:00,구매확정,39000
ORD-001078535,CUST-000442964,ZIGZAG,,2026-07-08T19:59:00,구매확정,88000
ORD-000738026,CUST-000108827,ZIGZAG,,2026-03-05T19:34:00,구매확정,35000
ORD-000533741,CUST-000373449,ZIGZAG,,2025-11-27T23:10:00,구매확정,138000
ORD-000038954,CUST-000022668,ZIGZAG,,2024-06-23T16:25:00,구매확정,35000
ORD-000469387,CUST-000328329,ZIGZAG,,2025-10-25T09:09:00,구매확정,167000
ORD-000273589,CUST-000191450,ZIGZAG,,2025-06-01T09:07:00,구매확정,39000
ORD-000197023,CUST-000045013,ZIGZAG,,2025-03-16T18:35:00,구매확정,39000
ORD-000588107,CUST-000085761,ZIGZAG,,2025-12-22T14:35:00,구매확정,78000
ORD-000722045,CUST-000505407,ZIGZAG,,2026-03-02T17:11:00,구매확정,35000
ORD-000071286,CUST-000044211,ZIGZAG,,2024-09-11T08:03:00,구매확정,109000
ORD-000197268,CUST-000138123,ZIGZAG,,2025-03-17T10:49:00,구매확정,39000
ORD-000465532,CUST-000043072,ZIGZAG,,2025-10-22T16:31:00,구매확정,89000
ORD-000317342,CUST-000222114,ZIGZAG,,2025-07-13T21:35:00,구매확정,39000
ORD-000445319,CUST-000311539,ZIGZAG,,2025-10-07T21:42:00,구매확정,35000
ORD-000329082,CUST-000230327,ZIGZAG,,2025-07-25T16:24:00,구매확정,35000
ORD-000884318,CUST-000618955,ZIGZAG,,2026-04-19T08:31:00,구매확정,39000
ORD-000439246,CUST-000307278,ZIGZAG,,2025-10-03T18:10:00,구매확정,35000
ORD-001096936,CUST-000767766,ZIGZAG,,2026-07-15T11:43:00,구매확정,35000
ORD-000270994,CUST-000189656,ZIGZAG,,2025-05-30T14:35:00,구매확정,39000
ORD-001020681,CUST-000714250,ZIGZAG,,2026-06-14T20:48:00,구매확정,178000
ORD-000229959,CUST-000160988,ZIGZAG,,2025-04-19T16:34:00,구매확정,138000
ORD-000764048,CUST-000417507,ZIGZAG,,2026-03-09T16:31:00,구매확정,68000
ORD-001170617,CUST-000819392,ZIGZAG,,2026-08-01T17:41:00,배송완료,128000
ORD-001013797,CUST-000407427,ZIGZAG,,2026-06-12T11:28:00,구매확정,98000
ORD-000555240,CUST-000097061,ZIGZAG,,2025-12-06T15:11:00,구매확정,89000
ORD-000068150,CUST-000047674,ZIGZAG,,2024-09-02T14:35:00,구매확정,39000
ORD-000637201,CUST-000445854,ZIGZAG,,2026-01-10T10:18:00,구매확정,84000
ORD-000623844,CUST-000436473,ZIGZAG,,2026-01-04T18:26:00,구매확정,39000
ORD-000160823,CUST-000112606,ZIGZAG,,2025-03-01T10:00:00,구매확정,49000
ORD-000896988,CUST-000627749,ZIGZAG,,2026-04-25T22:49:00,구매확정,35000
ORD-000954705,CUST-000668004,ZIGZAG,,2026-05-19T23:45:00,구매확정,39000
ORD-000943978,CUST-000118612,ZIGZAG,,2026-05-15T19:05:00,구매확정,39000
ORD-000807138,CUST-000564932,ZIGZAG,,2026-03-19T14:08:00,구매확정,35000
ORD-000573032,CUST-000074341,ZIGZAG,,2025-12-17T21:46:00,구매확정,128000
ORD-000242564,CUST-000039638,ZIGZAG,,2025-05-02T18:23:00,구매확정,74000
ORD-000439557,CUST-000307501,ZIGZAG,,2025-10-03T19:04:00,구매확정,79000
ORD-001058571,CUST-000740843,OFFLINE,STORE-02,2026-06-29T08:52:00,구매확정,89000
ORD-001148762,CUST-000595704,ZIGZAG,,2026-07-29T23:56:00,배송완료,89000
ORD-000617753,CUST-000432225,ZIGZAG,,2026-01-03T11:19:00,구매확정,39000
ORD-000991864,CUST-000694148,ZIGZAG,,2026-06-03T09:02:00,구매확정,177000
ORD-000019721,CUST-000013816,ZIGZAG,,2024-04-18T18:16:00,구매확정,84000
ORD-000317906,CUST-000222490,ZIGZAG,,2025-07-13T17:21:00,구매확정,49000
ORD-000755708,CUST-000376119,ZIGZAG,,2026-03-08T22:09:00,구매확정,49000
ORD-000985266,CUST-000316684,ZIGZAG,,2026-05-31T13:52:00,구매확정,54000
ORD-000175541,CUST-000122939,ZIGZAG,,2025-03-07T17:52:00,구매확정,98000
ORD-000320872,CUST-000137352,ZIGZAG,,2025-07-17T17:39:00,구매확정,35000
ORD-001013940,CUST-000709553,ZIGZAG,,2026-06-12T18:02:00,구매확정,39000
ORD-000251101,CUST-000175691,ZIGZAG,,2025-05-10T20:26:00,구매확정,84000
ORD-000037753,CUST-000014370,ZIGZAG,,2024-06-19T15:37:00,구매확정,49000
ORD-000527467,CUST-000369073,ZIGZAG,,2025-11-25T12:29:00,구매확정,89000
ORD-001208791,CUST-000846084,ZIGZAG,,2026-08-08T18:48:00,배송완료,127000
ORD-000363180,CUST-000254098,ZIGZAG,,2025-08-07T12:36:00,구매확정,39000
ORD-000597649,CUST-000418178,ZIGZAG,,2025-12-26T16:06:00,구매확정,49000
ORD-001095069,CUST-000766445,ZIGZAG,,2026-07-14T22:19:00,구매확정,35000
ORD-000550422,CUST-000385172,ZIGZAG,,2025-12-02T19:01:00,구매확정,138000
ORD-000839885,CUST-000587797,ZIGZAG,,2026-04-01T11:28:00,구매확정,74000
ORD-001134701,CUST-000794214,OFFLINE,STORE-02,2026-07-26T18:59:00,배송완료,49000
ORD-000930136,CUST-000002730,ZIGZAG,,2026-05-09T14:19:00,구매확정,35000
ORD-000106485,CUST-000074574,ZIGZAG,,2024-11-26T14:23:00,구매확정,74000
ORD-000570965,CUST-000399479,ZIGZAG,,2025-12-16T12:52:00,구매확정,89000
ORD-001225682,CUST-000416731,ZIGZAG,,2026-08-10T22:51:00,배송완료,88000
ORD-001010693,CUST-000707278,ZIGZAG,,2026-06-10T10:58:00,구매확정,148000
ORD-000531299,CUST-000057852,OFFLINE,STORE-02,2025-11-26T22:42:00,구매확정,35000
ORD-001202359,CUST-000841571,ZIGZAG,,2026-08-07T15:35:00,배송완료,98000
ORD-000283818,CUST-000198604,ZIGZAG,,2025-06-11T19:01:00,구매확정,35000
ORD-000913415,CUST-000639201,ZIGZAG,,2026-05-02T19:42:00,구매확정,74000
ORD-000365200,CUST-000255520,OFFLINE,STORE-02,2025-08-07T13:27:00,구매확정,39000
ORD-000192145,CUST-000134568,ZIGZAG,,2025-03-13T13:10:00,구매확정,39000
ORD-000447685,CUST-000313212,ZIGZAG,,2025-10-09T16:57:00,구매확정,88000
ORD-000540569,CUST-000378283,ZIGZAG,,2025-11-29T12:10:00,구매확정,35000
ORD-000457137,CUST-000319774,ZIGZAG,,2025-10-16T12:36:00,구매확정,49000
ORD-000127716,CUST-000089493,ZIGZAG,,2024-12-28T19:34:00,구매확정,49000
ORD-000566331,CUST-000386944,ZIGZAG,,2025-12-14T20:34:00,구매확정,39000
ORD-000827673,CUST-000579284,ZIGZAG,,2026-03-28T18:54:00,구매확정,78000
ORD-000777545,CUST-000544298,ZIGZAG,,2026-03-11T15:58:00,구매확정,39000
ORD-000181661,CUST-000127228,ZIGZAG,,2025-03-09T19:59:00,구매확정,89000
ORD-001033178,CUST-000723028,ZIGZAG,,2026-06-20T09:24:00,구매확정,167000
ORD-000104321,CUST-000073047,ZIGZAG,,2024-11-24T15:15:00,구매확정,39000
ORD-000363154,CUST-000254077,ZIGZAG,,2025-08-07T20:06:00,구매확정,88000
ORD-000676107,CUST-000473097,ZIGZAG,,2026-02-01T11:10:00,구매확정,128000
ORD-000318864,CUST-000223172,ZIGZAG,,2025-07-14T11:12:00,구매확정,35000
ORD-000791661,CUST-000554122,OFFLINE,STORE-02,2026-03-14T21:46:00,구매확정,84000
ORD-001211442,CUST-000621629,ZIGZAG,,2026-08-08T17:37:00,배송완료,39000
ORD-000594399,CUST-000415921,ZIGZAG,,2025-12-25T22:25:00,구매확정,39000
ORD-001040373,CUST-000728027,ZIGZAG,,2026-06-22T13:32:00,구매확정,98000
ORD-000500944,CUST-000350486,ZIGZAG,,2025-11-18T11:44:00,구매확정,39000
ORD-000107648,CUST-000075378,ZIGZAG,,2024-11-27T14:46:00,구매확정,35000
ORD-000600606,CUST-000420219,ZIGZAG,,2025-12-27T10:08:00,구매확정,39000
ORD-000637937,CUST-000446354,ZIGZAG,,2026-01-10T09:08:00,구매확정,35000
ORD-000675494,CUST-000472694,OFFLINE,STORE-02,2026-02-01T18:14:00,구매확정,138000
ORD-000055651,CUST-000038926,ZIGZAG,,2024-08-03T20:56:00,구매확정,35000
ORD-000259058,CUST-000181295,ZIGZAG,,2025-05-18T22:27:00,구매확정,124000
ORD-000571070,CUST-000258440,ZIGZAG,,2025-12-16T19:09:00,구매확정,49000
ORD-000043427,CUST-000030373,ZIGZAG,,2024-07-08T08:20:00,구매확정,74000
ORD-000296038,CUST-000207193,ZIGZAG,,2025-06-23T20:57:00,구매확정,49000
ORD-000477040,CUST-000333643,ZIGZAG,,2025-10-31T08:44:00,구매확정,88000
ORD-000552516,CUST-000386647,ZIGZAG,,2025-12-04T14:45:00,구매확정,39000
ORD-001016106,CUST-000711033,ZIGZAG,,2026-06-13T15:41:00,구매확정,35000
ORD-001047234,CUST-000156917,ZIGZAG,,2026-06-25T13:45:00,구매확정,39000
ORD-000604185,CUST-000417882,ZIGZAG,,2025-12-28T12:16:00,구매확정,35000
ORD-000483544,CUST-000338238,ZIGZAG,,2025-11-05T08:57:00,구매확정,89000
ORD-000577972,CUST-000404417,ZIGZAG,,2025-12-19T18:50:00,구매확정,39000
ORD-000933718,CUST-000566942,ZIGZAG,,2026-05-10T08:00:00,구매확정,70000
ORD-000985308,CUST-000689540,ZIGZAG,,2026-05-31T14:47:00,구매확정,89000
ORD-000999275,CUST-000699243,ZIGZAG,,2026-06-06T13:39:00,구매확정,78000
ORD-000082128,CUST-000057483,ZIGZAG,,2024-10-08T13:13:00,구매확정,35000
ORD-000141387,CUST-000065060,ZIGZAG,,2025-01-14T20:03:00,구매확정,39000
ORD-000418192,CUST-000292555,ZIGZAG,,2025-09-17T09:44:00,구매확정,35000
ORD-000341698,CUST-000205895,ZIGZAG,,2025-07-29T15:46:00,구매확정,35000
ORD-000629419,CUST-000222730,ZIGZAG,,2026-01-07T12:59:00,구매확정,74000
ORD-001096796,CUST-000767662,ZIGZAG,,2026-07-15T23:19:00,구매확정,39000
ORD-001149424,CUST-000804607,ZIGZAG,,2026-07-29T22:27:00,배송완료,49000
ORD-001217081,CUST-000851887,ZIGZAG,,2026-08-09T19:47:00,배송완료,89000
ORD-000868509,CUST-000607846,ZIGZAG,,2026-04-13T08:48:00,구매확정,78000
ORD-000298618,CUST-000209010,ZIGZAG,,2025-06-25T11:01:00,구매확정,89000
ORD-000714112,CUST-000499816,ZIGZAG,,2026-03-01T20:29:00,구매확정,49000
ORD-000649608,CUST-000088400,ZIGZAG,,2026-01-14T19:46:00,구매확정,49000
ORD-000009528,CUST-000006651,ZIGZAG,,2024-03-14T23:11:00,구매확정,35000
ORD-000109913,CUST-000077001,ZIGZAG,,2024-11-29T09:58:00,구매확정,84000
ORD-000040414,CUST-000028318,ZIGZAG,,2024-06-28T16:14:00,구매확정,35000
ORD-000975309,CUST-000682506,ZIGZAG,,2026-05-27T09:24:00,구매확정,78000
ORD-000680300,CUST-000265867,ZIGZAG,,2026-02-05T20:32:00,구매확정,89000
ORD-000593823,CUST-000415523,ZIGZAG,,2025-12-25T21:38:00,구매확정,35000
ORD-000343317,CUST-000124179,ZIGZAG,,2025-07-30T11:26:00,구매확정,78000
ORD-000677858,CUST-000474350,ZIGZAG,,2026-02-03T21:18:00,구매확정,89000
ORD-000700135,CUST-000489965,ZIGZAG,,2026-02-20T13:04:00,구매확정,49000
ORD-000785006,CUST-000549506,ZIGZAG,,2026-03-13T23:25:00,구매확정,89000
ORD-000763919,CUST-000294601,ZIGZAG,,2026-03-09T16:27:00,구매확정,128000
ORD-001193320,CUST-000835236,ZIGZAG,,2026-08-05T20:38:00,배송완료,89000
ORD-000305343,CUST-000213670,ZIGZAG,,2025-07-02T13:46:00,구매확정,124000
ORD-000988790,CUST-000692002,ZIGZAG,,2026-06-01T14:32:00,구매확정,163000
ORD-001127825,CUST-000385008,ZIGZAG,,2026-07-25T19:43:00,배송완료,35000
ORD-000361196,CUST-000183752,ZIGZAG,,2025-08-06T08:10:00,구매확정,78000
ORD-000812819,CUST-000568883,ZIGZAG,,2026-03-21T23:25:00,구매확정,89000
ORD-000753234,CUST-000527312,ZIGZAG,,2026-03-07T12:52:00,구매확정,127000
ORD-000905522,CUST-000633692,ZIGZAG,,2026-04-28T19:14:00,구매확정,58000
ORD-000677694,CUST-000474244,ZIGZAG,,2026-02-03T16:35:00,구매확정,138000
ORD-001211507,CUST-000361818,ZIGZAG,,2026-08-08T10:11:00,배송완료,128000
ORD-000362712,CUST-000103472,ZIGZAG,,2025-08-06T15:45:00,구매확정,89000
ORD-000965350,CUST-000058746,ZIGZAG,,2026-05-23T10:28:00,구매확정,163000
ORD-001237970,CUST-000866381,ZIGZAG,,2026-08-15T23:30:00,배송완료,19000
ORD-000245263,CUST-000057084,ZIGZAG,,2025-05-04T16:43:00,구매확정,39000
ORD-001220699,CUST-000854405,ZIGZAG,,2026-08-09T11:47:00,배송완료,58000
ORD-000360332,CUST-000252084,ZIGZAG,,2025-08-05T19:13:00,구매확정,49000
ORD-000678348,CUST-000474702,ZIGZAG,,2026-02-03T23:04:00,구매확정,138000
ORD-000925464,CUST-000647606,ZIGZAG,,2026-05-07T11:48:00,구매확정,35000
ORD-000557935,CUST-000390495,ZIGZAG,,2025-12-07T09:13:00,구매확정,128000
ORD-000549319,CUST-000384394,ZIGZAG,,2025-12-01T19:39:00,구매확정,89000
ORD-001066326,CUST-000003996,ZIGZAG,,2026-07-03T12:25:00,구매확정,124000
ORD-000334832,CUST-000234303,ZIGZAG,,2025-07-27T22:14:00,구매확정,39000
ORD-000246670,CUST-000172639,ZIGZAG,,2025-05-05T17:58:00,구매확정,39000
ORD-001156397,CUST-000809516,ZIGZAG,,2026-07-30T08:56:00,배송완료,128000
ORD-000531672,CUST-000004284,ZIGZAG,,2025-11-27T10:01:00,구매확정,49000
ORD-000642284,CUST-000449389,ZIGZAG,,2026-01-11T20:41:00,구매확정,39000
ORD-000069442,CUST-000023745,ZIGZAG,,2024-09-06T21:28:00,구매확정,39000
ORD-000717731,CUST-000029333,ZIGZAG,,2026-03-01T14:42:00,구매확정,35000
ORD-000461043,CUST-000138019,ZIGZAG,,2025-10-19T13:34:00,구매확정,39000
ORD-001066088,CUST-000746148,ZIGZAG,,2026-07-03T08:35:00,구매확정,35000
ORD-000812641,CUST-000568763,ZIGZAG,,2026-03-21T10:56:00,구매확정,88000
ORD-000019662,CUST-000000786,ZIGZAG,,2024-04-18T18:06:00,구매확정,39000
ORD-000108736,CUST-000022142,ZIGZAG,,2024-11-28T15:55:00,구매확정,35000
ORD-000697809,CUST-000488325,ZIGZAG,,2026-02-18T12:53:00,구매확정,49000
ORD-000796743,CUST-000557717,ZIGZAG,,2026-03-15T20:08:00,구매확정,89000
ORD-000139135,CUST-000097455,ZIGZAG,,2025-01-11T13:35:00,구매확정,39000
ORD-001219002,CUST-000853243,ZIGZAG,,2026-08-09T14:25:00,배송완료,49000
ORD-000481594,CUST-000150727,ZIGZAG,,2025-11-03T09:04:00,구매확정,39000
ORD-000420328,CUST-000294036,ZIGZAG,,2025-09-19T15:13:00,구매확정,39000
ORD-000531776,CUST-000372099,ZIGZAG,,2025-11-27T16:57:00,구매확정,35000
ORD-000307944,CUST-000215516,ZIGZAG,,2025-07-04T19:30:00,구매확정,128000
ORD-001017210,CUST-000711803,ZIGZAG,,2026-06-13T15:17:00,구매확정,128000
ORD-000417743,CUST-000292239,ZIGZAG,,2025-09-17T23:03:00,구매확정,39000
ORD-001160430,CUST-000744713,ZIGZAG,,2026-07-31T19:29:00,배송완료,88000
ORD-000491190,CUST-000343638,ZIGZAG,,2025-11-10T22:26:00,구매확정,35000
ORD-000252474,CUST-000176668,ZIGZAG,,2025-05-11T18:23:00,구매확정,39000
ORD-000587435,CUST-000411080,OFFLINE,STORE-02,2025-12-22T20:05:00,구매확정,49000
ORD-000704798,CUST-000493234,ZIGZAG,,2026-02-23T19:04:00,구매확정,89000
ORD-000753385,CUST-000527425,ZIGZAG,,2026-03-07T09:00:00,구매확정,35000
ORD-000491896,CUST-000344118,ZIGZAG,,2025-11-11T09:41:00,구매확정,39000
ORD-001035610,CUST-000724721,ZIGZAG,,2026-06-20T22:52:00,구매확정,39000
ORD-000788413,CUST-000147999,ZIGZAG,,2026-03-13T10:14:00,구매확정,88000
ORD-000713413,CUST-000499333,ZIGZAG,,2026-03-01T08:00:00,구매확정,19000
ORD-000445362,CUST-000311567,ZIGZAG,,2025-10-07T16:59:00,구매확정,117000
ORD-001170014,CUST-000819001,ZIGZAG,,2026-08-01T14:50:00,배송완료,88000
ORD-000728276,CUST-000509791,ZIGZAG,,2026-03-03T19:35:00,구매확정,39000
ORD-000391560,CUST-000116542,ZIGZAG,,2025-08-27T11:53:00,구매확정,89000
ORD-000337316,CUST-000236068,ZIGZAG,,2025-07-27T23:34:00,구매확정,213000
ORD-000765707,CUST-000135403,ZIGZAG,,2026-03-09T10:22:00,구매확정,68000
ORD-000235233,CUST-000164679,ZIGZAG,,2025-04-24T22:37:00,구매확정,89000
ORD-000978105,CUST-000684460,ZIGZAG,,2026-05-28T22:58:00,구매확정,39000
ORD-000332271,CUST-000232553,ZIGZAG,,2025-07-26T14:13:00,구매확정,159000
ORD-000644439,CUST-000336150,ZIGZAG,,2026-01-12T13:15:00,구매확정,127000
ORD-001084674,CUST-000759166,ZIGZAG,,2026-07-10T10:13:00,구매확정,98000
ORD-000423700,CUST-000296430,ZIGZAG,,2025-09-21T23:30:00,구매확정,116000
ORD-000432132,CUST-000302315,ZIGZAG,,2025-09-27T16:57:00,구매확정,128000
ORD-001226780,CUST-000858651,ZIGZAG,,2026-08-10T18:34:00,배송완료,19000
ORD-000108697,CUST-000024406,ZIGZAG,,2024-11-28T20:08:00,구매확정,98000
ORD-000301424,CUST-000210966,ZIGZAG,,2025-06-28T21:07:00,구매확정,49000
ORD-000769714,CUST-000538853,OFFLINE,STORE-02,2026-03-10T17:46:00,구매확정,89000
ORD-000470109,CUST-000328830,ZIGZAG,,2025-10-26T18:55:00,구매확정,39000
ORD-000972330,CUST-000680377,ZIGZAG,,2026-05-26T23:28:00,구매확정,113000
ORD-001234629,CUST-000049311,ZIGZAG,,2026-08-13T15:38:00,배송완료,39000
ORD-000441207,CUST-000202887,ZIGZAG,,2025-10-04T18:58:00,구매확정,128000
ORD-001108503,CUST-000775887,ZIGZAG,,2026-07-19T16:38:00,배송완료,49000
ORD-000893212,CUST-000625090,ZIGZAG,,2026-04-24T19:56:00,구매확정,113000
ORD-000205110,CUST-000050678,ZIGZAG,,2025-03-25T11:26:00,구매확정,74000
ORD-000299494,CUST-000209627,ZIGZAG,,2025-06-26T15:49:00,구매확정,123000
ORD-001016406,CUST-000711247,ZIGZAG,,2026-06-13T16:04:00,구매확정,89000
ORD-000850379,CUST-000595125,ZIGZAG,,2026-04-05T11:53:00,구매확정,78000
ORD-000338294,CUST-000236741,ZIGZAG,,2025-07-28T11:51:00,구매확정,49000
ORD-000394837,CUST-000276269,ZIGZAG,,2025-08-30T08:51:00,구매확정,49000
ORD-000444675,CUST-000088445,ZIGZAG,,2025-10-07T09:46:00,구매확정,49000
ORD-000778805,CUST-000545175,ZIGZAG,,2026-03-12T11:11:00,구매확정,49000
ORD-000611553,CUST-000427878,ZIGZAG,,2025-12-31T08:13:00,구매확정,74000
ORD-000811621,CUST-000568075,OFFLINE,STORE-02,2026-03-21T19:22:00,구매확정,39000
ORD-001035145,CUST-000724386,ZIGZAG,,2026-06-20T12:27:00,구매확정,89000
ORD-000820519,CUST-000574259,ZIGZAG,,2026-03-24T14:01:00,구매확정,35000
ORD-000423629,CUST-000122946,ZIGZAG,,2025-09-21T12:43:00,구매확정,35000
ORD-000087445,CUST-000061202,ZIGZAG,,2024-10-21T17:22:00,구매확정,84000
ORD-001105275,CUST-000773635,ZIGZAG,,2026-07-18T15:21:00,배송완료,148000
ORD-001135549,CUST-000741158,ZIGZAG,,2026-07-26T15:36:00,배송완료,39000
ORD-001111063,CUST-000777665,ZIGZAG,,2026-07-21T21:53:00,배송완료,88000
ORD-001057834,CUST-000740312,ZIGZAG,,2026-06-29T23:40:00,구매확정,93000
ORD-000672027,CUST-000470240,ZIGZAG,,2026-01-30T12:55:00,구매확정,217000
ORD-000378330,CUST-000264729,ZIGZAG,,2025-08-15T08:10:00,구매확정,39000
ORD-001138213,CUST-000095431,ZIGZAG,,2026-07-27T21:25:00,배송완료,138000
ORD-001128875,CUST-000790203,ZIGZAG,,2026-07-26T23:37:00,배송완료,59000
ORD-001135186,CUST-000794553,ZIGZAG,,2026-07-26T17:06:00,배송완료,118000
ORD-000533120,CUST-000373035,ZIGZAG,,2025-11-27T14:07:00,구매확정,173000
ORD-000375333,CUST-000262627,ZIGZAG,,2025-08-12T10:14:00,구매확정,39000
ORD-000177408,CUST-000124245,ZIGZAG,,2025-03-08T15:38:00,구매확정,39000
ORD-000515491,CUST-000282441,ZIGZAG,,2025-11-23T21:43:00,구매확정,35000
ORD-000448185,CUST-000289492,ZIGZAG,,2025-10-10T23:18:00,구매확정,35000
ORD-001175807,CUST-000131753,ZIGZAG,,2026-08-02T15:43:00,배송완료,39000
ORD-000882257,CUST-000617491,ZIGZAG,,2026-04-19T15:08:00,구매확정,49000
ORD-000298060,CUST-000015576,ZIGZAG,,2025-06-25T09:43:00,구매확정,173000
ORD-000768160,CUST-000069185,ZIGZAG,,2026-03-10T13:23:00,구매확정,39000
ORD-000490951,CUST-000343470,ZIGZAG,,2025-11-10T08:59:00,구매확정,227000
ORD-001104065,CUST-000772765,ZIGZAG,,2026-07-18T15:32:00,배송완료,118000
ORD-000379094,CUST-000174069,ZIGZAG,,2025-08-16T23:14:00,구매확정,128000
ORD-000032670,CUST-000022880,ZIGZAG,,2024-06-02T16:34:00,구매확정,39000
ORD-000952564,CUST-000666501,ZIGZAG,,2026-05-18T23:15:00,구매확정,98000
ORD-000396605,CUST-000277488,ZIGZAG,,2025-09-01T13:56:00,구매확정,39000
ORD-000837521,CUST-000586173,ZIGZAG,,2026-03-31T12:29:00,구매확정,58000
ORD-000077404,CUST-000054132,ZIGZAG,,2024-09-27T15:59:00,구매확정,35000
ORD-000402295,CUST-000281455,ZIGZAG,,2025-09-05T14:59:00,구매확정,128000
ORD-000042814,CUST-000029949,ZIGZAG,,2024-07-06T18:59:00,구매확정,39000
ORD-000426051,CUST-000298077,ZIGZAG,,2025-09-23T15:45:00,구매확정,157000
ORD-000602211,CUST-000369838,ZIGZAG,,2025-12-28T08:37:00,구매확정,39000
ORD-000731266,CUST-000261953,ZIGZAG,,2026-03-04T21:11:00,구매확정,39000
ORD-001120174,CUST-000784060,ZIGZAG,,2026-07-25T19:43:00,배송완료,70000
ORD-000916349,CUST-000641264,ZIGZAG,,2026-05-03T13:21:00,구매확정,84000
ORD-000188124,CUST-000131743,ZIGZAG,,2025-03-12T16:28:00,구매확정,35000
ORD-000065523,CUST-000045819,ZIGZAG,,2024-08-25T14:40:00,구매확정,88000
ORD-000341213,CUST-000135234,ZIGZAG,,2025-07-29T14:34:00,구매확정,173000
ORD-000821784,CUST-000340365,ZIGZAG,,2026-03-25T16:25:00,구매확정,39000
ORD-000188071,CUST-000008280,ZIGZAG,,2025-03-12T16:38:00,구매확정,35000
ORD-000192848,CUST-000135062,ZIGZAG,,2025-03-14T14:11:00,구매확정,89000
ORD-000979545,CUST-000599777,ZIGZAG,,2026-05-29T19:58:00,구매확정,19000
ORD-000330041,CUST-000230989,ZIGZAG,,2025-07-25T09:01:00,구매확정,74000
ORD-000124235,CUST-000010645,ZIGZAG,,2024-12-23T14:24:00,구매확정,39000
ORD-001080776,CUST-000756414,ZIGZAG,,2026-07-09T15:11:00,구매확정,35000
ORD-000669658,CUST-000468596,ZIGZAG,,2026-01-28T18:34:00,구매확정,49000
ORD-001036886,CUST-000487163,ZIGZAG,,2026-06-21T10:48:00,구매확정,89000
ORD-000069216,CUST-000001775,ZIGZAG,,2024-09-05T18:21:00,구매확정,49000
ORD-000311528,CUST-000161089,ZIGZAG,,2025-07-08T17:02:00,구매확정,49000
ORD-001161094,CUST-000812815,ZIGZAG,,2026-07-31T12:01:00,배송완료,74000
ORD-000196099,CUST-000137321,ZIGZAG,,2025-03-16T15:46:00,구매확정,35000
ORD-000316172,CUST-000221294,ZIGZAG,,2025-07-12T15:50:00,구매확정,49000
ORD-001122704,CUST-000785872,ZIGZAG,,2026-07-25T13:56:00,배송완료,39000
ORD-000409194,CUST-000286286,OFFLINE,STORE-02,2025-09-10T18:16:00,구매확정,35000
ORD-000387022,CUST-000185917,ZIGZAG,,2025-08-23T17:06:00,구매확정,39000
ORD-000195638,CUST-000137001,ZIGZAG,,2025-03-15T17:14:00,구매확정,123000
ORD-000451316,CUST-000315715,ZIGZAG,,2025-10-12T20:55:00,구매확정,39000
ORD-000469518,CUST-000291777,ZIGZAG,,2025-10-25T18:22:00,구매확정,49000
ORD-001068868,CUST-000748071,ZIGZAG,,2026-07-04T15:34:00,구매확정,167000
ORD-000231474,CUST-000162039,ZIGZAG,,2025-04-20T19:57:00,구매확정,39000
ORD-001220698,CUST-000854404,ZIGZAG,,2026-08-09T23:05:00,배송완료,128000
ORD-000260309,CUST-000182166,ZIGZAG,,2025-05-19T14:07:00,구매확정,70000
ORD-000422307,CUST-000295461,ZIGZAG,,2025-09-20T22:20:00,구매확정,49000
ORD-000431859,CUST-000302121,ZIGZAG,,2025-09-27T18:09:00,구매확정,79000
ORD-000336642,CUST-000106233,ZIGZAG,,2025-07-27T11:02:00,구매확정,49000
ORD-000049009,CUST-000034277,ZIGZAG,,2024-07-25T20:41:00,구매확정,39000
ORD-000129757,CUST-000021630,ZIGZAG,,2024-12-30T22:29:00,구매확정,78000
ORD-000608855,CUST-000425992,ZIGZAG,,2025-12-30T20:35:00,구매확정,39000
ORD-000053184,CUST-000037216,ZIGZAG,,2024-07-31T11:44:00,구매확정,113000
ORD-000866004,CUST-000326933,OFFLINE,STORE-02,2026-04-12T18:57:00,구매확정,49000
ORD-001153793,CUST-000807711,ZIGZAG,,2026-07-30T10:45:00,배송완료,49000
ORD-000836864,CUST-000585713,ZIGZAG,,2026-03-31T14:38:00,구매확정,49000
ORD-000067058,CUST-000046895,ZIGZAG,,2024-08-31T16:12:00,구매확정,127000
ORD-000486617,CUST-000340412,ZIGZAG,,2025-11-07T13:35:00,구매확정,35000
ORD-000230443,CUST-000161329,ZIGZAG,,2025-04-19T14:09:00,구매확정,35000
ORD-000320813,CUST-000224545,ZIGZAG,,2025-07-17T23:53:00,구매확정,123000
ORD-000895841,CUST-000444126,ZIGZAG,,2026-04-25T13:59:00,구매확정,39000
ORD-000357574,CUST-000250199,ZIGZAG,,2025-08-04T19:59:00,구매확정,88000
ORD-001167821,CUST-000817493,OFFLINE,STORE-02,2026-08-01T20:41:00,배송완료,39000
ORD-000412772,CUST-000148686,ZIGZAG,,2025-09-13T18:09:00,구매확정,35000
ORD-000925061,CUST-000647313,ZIGZAG,,2026-05-07T21:39:00,구매확정,163000
ORD-000628027,CUST-000014512,ZIGZAG,,2026-01-06T18:27:00,구매확정,35000
ORD-000109529,CUST-000074630,ZIGZAG,,2024-11-29T16:46:00,구매확정,35000
ORD-000605745,CUST-000423809,ZIGZAG,,2025-12-29T21:46:00,구매확정,74000
ORD-001094558,CUST-000517371,ZIGZAG,,2026-07-14T12:12:00,구매확정,35000
ORD-000456667,CUST-000319460,ZIGZAG,,2025-10-16T23:07:00,구매확정,128000
ORD-001070651,CUST-000131820,ZIGZAG,,2026-07-04T23:16:00,구매확정,84000
ORD-000641833,CUST-000449085,ZIGZAG,,2026-01-11T15:21:00,구매확정,84000
ORD-001201509,CUST-000840968,ZIGZAG,,2026-08-07T08:33:00,배송완료,217000
ORD-001233547,CUST-000863290,ZIGZAG,,2026-08-13T20:24:00,배송완료,49000
ORD-000139463,CUST-000097688,ZIGZAG,,2025-01-11T15:26:00,구매확정,117000
ORD-000263606,CUST-000097302,ZIGZAG,,2025-05-23T16:58:00,구매확정,74000
ORD-000752243,CUST-000175220,ZIGZAG,,2026-03-07T12:12:00,구매확정,69000
ORD-000923178,CUST-000646008,ZIGZAG,,2026-05-06T16:47:00,구매확정,35000
ORD-000109707,CUST-000045729,ZIGZAG,,2024-11-29T12:57:00,구매확정,84000
ORD-001050417,CUST-000735075,ZIGZAG,,2026-06-27T17:52:00,구매확정,19000
ORD-001188384,CUST-000178172,ZIGZAG,,2026-08-04T17:08:00,배송완료,39000
ORD-000125816,CUST-000033260,ZIGZAG,,2024-12-25T14:05:00,구매확정,127000
ORD-000328438,CUST-000229870,ZIGZAG,,2025-07-24T22:43:00,구매확정,49000
ORD-000602732,CUST-000421715,ZIGZAG,,2025-12-28T20:54:00,구매확정,49000
ORD-000835458,CUST-000584736,ZIGZAG,,2026-03-30T20:04:00,구매확정,128000
ORD-001157491,CUST-000360694,ZIGZAG,,2026-07-30T14:15:00,배송완료,89000
ORD-000305901,CUST-000214080,ZIGZAG,,2025-07-02T17:05:00,구매확정,89000
ORD-000302014,CUST-000211375,ZIGZAG,,2025-06-28T16:54:00,구매확정,35000
ORD-000756686,CUST-000201223,ZIGZAG,,2026-03-08T09:27:00,구매확정,35000
ORD-000102339,CUST-000071625,ZIGZAG,,2024-11-23T14:18:00,구매확정,39000
ORD-000825510,CUST-000577778,ZIGZAG,,2026-03-27T17:35:00,구매확정,39000
ORD-000418483,CUST-000292771,ZIGZAG,,2025-09-17T15:34:00,구매확정,74000
ORD-000119236,CUST-000067459,ZIGZAG,,2024-12-16T18:43:00,구매확정,49000
ORD-001004973,CUST-000703271,ZIGZAG,,2026-06-08T11:18:00,구매확정,49000
ORD-001033526,CUST-000283998,ZIGZAG,,2026-06-20T21:47:00,구매확정,59000
ORD-001178148,CUST-000824635,ZIGZAG,,2026-08-02T13:03:00,배송완료,39000
ORD-000370898,CUST-000259518,ZIGZAG,,2025-08-09T10:10:00,구매확정,78000
ORD-000903514,CUST-000174290,ZIGZAG,,2026-04-27T18:39:00,구매확정,98000
ORD-000413859,CUST-000149334,ZIGZAG,,2025-09-14T10:18:00,구매확정,98000
ORD-001181057,CUST-000826693,ZIGZAG,,2026-08-03T15:34:00,배송완료,19000
ORD-000652644,CUST-000456658,ZIGZAG,,2026-01-15T19:48:00,구매확정,39000
ORD-000419558,CUST-000293511,ZIGZAG,,2025-09-18T18:09:00,구매확정,49000
ORD-000684227,CUST-000405719,ZIGZAG,,2026-02-08T22:56:00,구매확정,89000
ORD-000975593,CUST-000682699,ZIGZAG,,2026-05-27T21:27:00,구매확정,89000
ORD-000127346,CUST-000089230,ZIGZAG,,2024-12-27T18:01:00,구매확정,39000
ORD-000145786,CUST-000102098,ZIGZAG,,2025-01-24T14:21:00,구매확정,70000
ORD-000654190,CUST-000457755,ZIGZAG,,2026-01-17T20:44:00,구매확정,49000
ORD-000774169,CUST-000541956,OFFLINE,STORE-02,2026-03-11T16:32:00,구매확정,104000
ORD-000257705,CUST-000137009,ZIGZAG,,2025-05-17T15:23:00,구매확정,39000
ORD-001007347,CUST-000704956,ZIGZAG,,2026-06-09T21:52:00,구매확정,89000
ORD-001017801,CUST-000712251,ZIGZAG,,2026-06-13T11:10:00,구매확정,88000
ORD-000658467,CUST-000460761,ZIGZAG,,2026-01-19T14:12:00,구매확정,128000
ORD-001053809,CUST-000737456,ZIGZAG,,2026-06-28T11:17:00,구매확정,74000
ORD-000073364,CUST-000051346,ZIGZAG,,2024-09-16T10:59:00,구매확정,39000
ORD-000151934,CUST-000106401,ZIGZAG,,2025-02-08T12:14:00,구매확정,74000
ORD-001003044,CUST-000701915,ZIGZAG,,2026-06-07T12:16:00,구매확정,39000
ORD-000290095,CUST-000099774,ZIGZAG,,2025-06-17T17:38:00,구매확정,35000
ORD-000940921,CUST-000235768,ZIGZAG,,2026-05-13T21:29:00,구매확정,39000
ORD-001096367,CUST-000767362,ZIGZAG,,2026-07-15T12:40:00,구매확정,74000
ORD-000401328,CUST-000098255,ZIGZAG,,2025-09-05T11:33:00,구매확정,158000
ORD-000187252,CUST-000131159,ZIGZAG,,2025-03-11T21:43:00,구매확정,49000
ORD-000270862,CUST-000189572,ZIGZAG,,2025-05-30T23:28:00,구매확정,39000
ORD-001192029,CUST-000834342,ZIGZAG,,2026-08-05T18:48:00,배송완료,127000
ORD-000880294,CUST-000325390,ZIGZAG,,2026-04-18T18:26:00,구매확정,88000
ORD-001207656,CUST-000845262,ZIGZAG,,2026-08-08T19:44:00,배송완료,49000
ORD-000847456,CUST-000593093,ZIGZAG,,2026-04-05T16:37:00,구매확정,39000
ORD-000197921,CUST-000138570,ZIGZAG,,2025-03-17T18:42:00,구매확정,70000
ORD-000790484,CUST-000553312,ZIGZAG,,2026-03-14T13:20:00,구매확정,84000
ORD-001044686,CUST-000731018,ZIGZAG,,2026-06-24T19:03:00,구매확정,39000
ORD-000091453,CUST-000053961,ZIGZAG,,2024-11-01T13:43:00,구매확정,49000
ORD-001194294,CUST-000129926,ZIGZAG,,2026-08-05T14:46:00,배송완료,39000
ORD-001189544,CUST-000832583,ZIGZAG,,2026-08-04T15:33:00,배송완료,89000
ORD-001003725,CUST-000702403,ZIGZAG,,2026-06-07T18:17:00,구매확정,89000
ORD-001101513,CUST-000770976,ZIGZAG,,2026-07-17T22:55:00,배송완료,49000
ORD-001185571,CUST-000829826,ZIGZAG,,2026-08-04T21:03:00,배송완료,39000
ORD-000532984,CUST-000301841,ZIGZAG,,2025-11-27T08:35:00,구매확정,78000
ORD-000989504,CUST-000347076,ZIGZAG,,2026-06-02T17:09:00,구매확정,89000
ORD-000297673,CUST-000084475,ZIGZAG,,2025-06-24T17:25:00,구매확정,39000
ORD-000781924,CUST-000547339,ZIGZAG,,2026-03-12T16:23:00,구매확정,35000
ORD-000969101,CUST-000666772,ZIGZAG,,2026-05-24T19:32:00,구매확정,123000
ORD-000169754,CUST-000050493,ZIGZAG,,2025-03-04T10:26:00,구매확정,79000
ORD-001149120,CUST-000465347,ZIGZAG,,2026-07-29T12:37:00,배송완료,39000
ORD-000218405,CUST-000082138,ZIGZAG,,2025-04-07T17:52:00,구매확정,35000
ORD-000149960,CUST-000105013,ZIGZAG,,2025-02-03T23:00:00,구매확정,74000
ORD-000485900,CUST-000339907,ZIGZAG,,2025-11-07T15:42:00,구매확정,39000
ORD-000290952,CUST-000203653,ZIGZAG,,2025-06-18T14:53:00,구매확정,70000
ORD-000951619,CUST-000419886,ZIGZAG,,2026-05-17T14:02:00,구매확정,84000
ORD-001204981,CUST-000843385,ZIGZAG,,2026-08-07T17:55:00,배송완료,127000
ORD-000250059,CUST-000117696,OFFLINE,STORE-02,2025-05-09T22:17:00,구매확정,35000
ORD-000289493,CUST-000202632,ZIGZAG,,2025-06-17T17:05:00,구매확정,123000
ORD-000995567,CUST-000094340,ZIGZAG,,2026-06-05T23:11:00,구매확정,39000
ORD-000213373,CUST-000149360,ZIGZAG,,2025-04-02T08:40:00,구매확정,35000
ORD-000772485,CUST-000540791,ZIGZAG,,2026-03-10T16:18:00,구매확정,49000
ORD-001090314,CUST-000763157,ZIGZAG,,2026-07-12T13:41:00,구매확정,98000
ORD-001061884,CUST-000743169,ZIGZAG,,2026-07-01T10:47:00,구매확정,89000
ORD-001166595,CUST-000816641,ZIGZAG,,2026-08-01T09:00:00,배송완료,59000
ORD-000609455,CUST-000423495,ZIGZAG,,2025-12-30T13:23:00,구매확정,98000
ORD-001028715,CUST-000719919,ZIGZAG,,2026-06-18T12:01:00,구매확정,58000
ORD-000713784,CUST-000499588,ZIGZAG,,2026-03-01T12:31:00,구매확정,39000
ORD-000008147,CUST-000005714,ZIGZAG,,2024-03-12T10:17:00,구매확정,35000
ORD-000365494,CUST-000255726,ZIGZAG,,2025-08-08T09:12:00,구매확정,39000
ORD-000172428,CUST-000120722,ZIGZAG,,2025-03-05T16:17:00,구매확정,168000
ORD-000768525,CUST-000538036,ZIGZAG,,2026-03-10T19:08:00,구매확정,59000
ORD-000342120,CUST-000239405,ZIGZAG,,2025-07-29T11:00:00,구매확정,39000
ORD-000875213,CUST-000612508,ZIGZAG,,2026-04-16T09:13:00,구매확정,19000
ORD-000198324,CUST-000138843,ZIGZAG,,2025-03-18T22:29:00,구매확정,84000
ORD-000499727,CUST-000349612,ZIGZAG,,2025-11-17T15:54:00,구매확정,74000
ORD-001178533,CUST-000824899,ZIGZAG,,2026-08-02T16:35:00,배송완료,39000
ORD-000670192,CUST-000046597,ZIGZAG,,2026-01-29T20:10:00,구매확정,39000
ORD-000362323,CUST-000253501,ZIGZAG,,2025-08-06T19:35:00,구매확정,39000
ORD-000047563,CUST-000033281,ZIGZAG,,2024-07-22T16:46:00,구매확정,39000
ORD-001249676,CUST-000874597,ZIGZAG,,2026-08-19T17:27:00,배송중,39000
ORD-000670940,CUST-000020326,ZIGZAG,,2026-01-29T21:29:00,구매확정,39000
ORD-000439333,CUST-000307342,ZIGZAG,,2025-10-03T17:03:00,구매확정,138000
ORD-000377877,CUST-000247565,ZIGZAG,,2025-08-14T10:28:00,구매확정,88000
ORD-000083612,CUST-000058531,ZIGZAG,,2024-10-12T14:35:00,구매확정,78000
ORD-000833938,CUST-000583643,ZIGZAG,,2026-03-30T13:14:00,구매확정,138000
ORD-000545128,CUST-000381421,ZIGZAG,,2025-11-30T20:46:00,구매확정,89000
ORD-000977781,CUST-000684237,ZIGZAG,,2026-05-28T23:26:00,구매확정,119000
ORD-000803915,CUST-000562695,ZIGZAG,,2026-03-17T23:32:00,구매확정,78000
ORD-000573603,CUST-000401332,ZIGZAG,,2025-12-17T23:21:00,구매확정,39000
ORD-000862322,CUST-000603520,ZIGZAG,,2026-04-11T18:10:00,구매확정,49000
ORD-000353630,CUST-000247431,ZIGZAG,,2025-08-03T13:25:00,구매확정,35000
ORD-000679652,CUST-000002486,ZIGZAG,,2026-02-04T16:43:00,구매확정,89000
ORD-000810998,CUST-000286537,ZIGZAG,,2026-03-21T08:00:00,구매확정,39000
ORD-000320503,CUST-000224329,ZIGZAG,,2025-07-16T08:19:00,구매확정,49000
ORD-000662413,CUST-000463506,ZIGZAG,,2026-01-23T12:42:00,구매확정,39000
ORD-000357246,CUST-000249975,ZIGZAG,,2025-08-04T21:29:00,구매확정,124000
ORD-000618251,CUST-000432570,ZIGZAG,,2026-01-03T22:48:00,구매확정,39000
ORD-000021723,CUST-000015211,ZIGZAG,,2024-04-25T14:17:00,구매확정,39000
ORD-001166124,CUST-000816309,ZIGZAG,,2026-08-01T08:48:00,배송완료,147000
ORD-000163131,CUST-000114215,ZIGZAG,,2025-03-01T08:37:00,구매확정,124000
ORD-000844399,CUST-000314067,ZIGZAG,,2026-04-04T16:23:00,구매확정,19000
ORD-000018537,CUST-000012973,ZIGZAG,,2024-04-14T13:10:00,구매확정,113000
ORD-000190253,CUST-000133244,ZIGZAG,,2025-03-13T09:30:00,구매확정,39000
ORD-001112742,CUST-000778844,ZIGZAG,,2026-07-21T20:05:00,배송완료,35000
ORD-000472215,CUST-000330282,ZIGZAG,,2025-10-27T22:31:00,구매확정,42000
ORD-000202766,CUST-000046760,ZIGZAG,,2025-03-22T13:00:00,구매확정,70000
ORD-000510223,CUST-000356979,ZIGZAG,,2025-11-21T08:05:00,구매확정,49000
ORD-000560745,CUST-000392429,ZIGZAG,,2025-12-10T18:41:00,구매확정,177000
ORD-001030990,CUST-000721489,ZIGZAG,,2026-06-19T18:43:00,구매확정,35000
ORD-000863948,CUST-000604684,ZIGZAG,,2026-04-11T19:55:00,구매확정,138000
ORD-001032278,CUST-000269772,ZIGZAG,,2026-06-19T20:27:00,구매확정,157000
ORD-000897612,CUST-000628187,ZIGZAG,,2026-04-25T23:27:00,구매확정,49000
ORD-000819362,CUST-000573446,ZIGZAG,,2026-03-24T13:33:00,구매확정,78000
ORD-000134800,CUST-000077019,ZIGZAG,,2025-01-05T22:39:00,구매확정,35000
ORD-000344634,CUST-000241132,ZIGZAG,,2025-07-30T19:10:00,구매확정,35000
ORD-000737874,CUST-000516522,ZIGZAG,,2026-03-05T22:55:00,구매확정,49000
ORD-000992841,CUST-000694826,ZIGZAG,,2026-06-03T11:26:00,구매확정,167000
ORD-000166651,CUST-000012296,ZIGZAG,,2025-03-03T13:40:00,구매확정,39000
ORD-000623292,CUST-000436073,OFFLINE,STORE-02,2026-01-04T10:18:00,구매확정,35000
ORD-000330568,CUST-000231357,ZIGZAG,,2025-07-25T14:04:00,구매확정,84000
ORD-001217323,CUST-000852056,ZIGZAG,,2026-08-09T23:46:00,배송완료,78000
ORD-000105666,CUST-000041985,ZIGZAG,,2024-11-25T12:40:00,구매확정,74000
ORD-000588341,CUST-000234195,ZIGZAG,,2025-12-22T12:00:00,구매확정,49000
ORD-001052544,CUST-000736559,ZIGZAG,,2026-06-27T16:11:00,구매확정,35000
ORD-000867274,CUST-000606997,ZIGZAG,,2026-04-12T12:44:00,구매확정,128000
ORD-000598693,CUST-000075518,ZIGZAG,,2025-12-27T17:36:00,구매확정,49000
ORD-000754825,CUST-000528435,ZIGZAG,,2026-03-08T22:45:00,구매확정,69000
ORD-000237191,CUST-000089714,ZIGZAG,,2025-04-26T08:47:00,구매확정,163000
ORD-000424708,CUST-000297139,ZIGZAG,,2025-09-22T19:42:00,구매확정,39000
ORD-000488851,CUST-000341981,ZIGZAG,,2025-11-09T15:54:00,구매확정,35000
ORD-000876005,CUST-000276640,ZIGZAG,,2026-04-16T16:40:00,구매확정,89000
ORD-000099707,CUST-000069793,ZIGZAG,,2024-11-20T12:48:00,구매확정,74000
ORD-000967642,CUST-000677079,ZIGZAG,,2026-05-24T22:52:00,구매확정,49000
ORD-000924373,CUST-000646833,ZIGZAG,,2026-05-06T11:19:00,구매확정,138000
ORD-000824967,CUST-000577408,ZIGZAG,,2026-03-26T18:37:00,구매확정,49000
ORD-000523149,CUST-000366040,ZIGZAG,,2025-11-24T18:44:00,구매확정,49000
ORD-000647566,CUST-000401497,ZIGZAG,,2026-01-13T13:25:00,구매확정,70000
ORD-000620314,CUST-000434020,ZIGZAG,,2026-01-03T15:00:00,구매확정,88000
ORD-000035345,CUST-000024765,ZIGZAG,,2024-06-11T18:40:00,구매확정,123000
ORD-001161138,CUST-000565355,ZIGZAG,,2026-07-31T13:48:00,배송완료,74000
ORD-000217519,CUST-000072354,ZIGZAG,,2025-04-06T11:06:00,구매확정,35000
ORD-000306817,CUST-000214731,ZIGZAG,,2025-07-03T10:15:00,구매확정,49000
ORD-000287244,CUST-000201033,ZIGZAG,,2025-06-15T22:18:00,구매확정,39000
ORD-000647575,CUST-000453118,ZIGZAG,,2026-01-13T22:12:00,구매확정,35000
ORD-000980051,CUST-000412895,ZIGZAG,,2026-05-29T09:00:00,구매확정,89000
ORD-000348740,CUST-000243999,ZIGZAG,,2025-08-01T10:41:00,구매확정,35000
ORD-000185573,CUST-000129973,ZIGZAG,,2025-03-10T16:48:00,구매확정,49000
ORD-000412620,CUST-000288680,ZIGZAG,,2025-09-13T20:24:00,구매확정,98000
ORD-000629867,CUST-000192657,ZIGZAG,,2026-01-07T11:40:00,구매확정,35000
ORD-000877235,CUST-000613929,ZIGZAG,,2026-04-17T21:12:00,구매확정,39000
ORD-000506659,CUST-000096053,ZIGZAG,,2025-11-20T13:48:00,구매확정,39000
ORD-000442570,CUST-000309600,ZIGZAG,,2025-10-05T13:10:00,구매확정,98000
ORD-001096317,CUST-000365967,ZIGZAG,,2026-07-15T17:10:00,구매확정,35000
ORD-000224627,CUST-000157266,ZIGZAG,,2025-04-13T12:43:00,구매확정,35000
ORD-000230153,CUST-000161121,ZIGZAG,,2025-04-19T18:39:00,구매확정,35000
ORD-000666488,CUST-000466360,ZIGZAG,,2026-01-25T12:06:00,구매확정,89000
ORD-000854187,CUST-000393030,ZIGZAG,,2026-04-07T16:50:00,구매확정,89000
ORD-000639208,CUST-000447252,OFFLINE,STORE-02,2026-01-10T12:41:00,구매확정,70000
ORD-000090712,CUST-000063511,ZIGZAG,,2024-10-30T16:27:00,구매확정,35000
ORD-000019709,CUST-000013262,ZIGZAG,,2024-04-18T14:04:00,구매확정,35000
ORD-000509897,CUST-000184835,ZIGZAG,,2025-11-21T15:53:00,구매확정,113000
ORD-000300935,CUST-000210616,ZIGZAG,,2025-06-28T14:45:00,구매확정,39000
ORD-000703756,CUST-000492508,ZIGZAG,,2026-02-22T21:22:00,구매확정,78000
ORD-000116754,CUST-000081805,ZIGZAG,,2024-12-13T08:24:00,구매확정,49000
ORD-000922650,CUST-000645645,ZIGZAG,,2026-05-05T10:36:00,구매확정,49000
ORD-000188623,CUST-000132087,ZIGZAG,,2025-03-12T20:23:00,구매확정,74000
ORD-001065529,CUST-000745762,ZIGZAG,,2026-07-03T09:19:00,구매확정,35000
ORD-000263766,CUST-000184612,ZIGZAG,,2025-05-23T13:49:00,구매확정,138000
ORD-000110719,CUST-000077572,ZIGZAG,,2024-11-30T10:24:00,구매확정,35000
ORD-000904225,CUST-000632808,ZIGZAG,,2026-04-28T11:21:00,구매확정,35000
ORD-000786874,CUST-000047727,ZIGZAG,,2026-03-13T09:39:00,구매확정,39000
ORD-000233564,CUST-000163492,ZIGZAG,,2025-04-22T21:52:00,구매확정,39000
ORD-000049074,CUST-000034321,ZIGZAG,,2024-07-26T19:03:00,구매확정,84000
ORD-001085172,CUST-000457281,ZIGZAG,,2026-07-11T22:55:00,구매확정,39000
ORD-000179204,CUST-000070599,ZIGZAG,,2025-03-08T12:10:00,구매확정,213000
ORD-000094879,CUST-000066431,ZIGZAG,,2024-11-09T19:15:00,구매확정,49000
ORD-000194025,CUST-000135877,ZIGZAG,,2025-03-14T08:57:00,구매확정,39000
ORD-000540825,CUST-000355568,ZIGZAG,,2025-11-29T15:17:00,구매확정,49000
ORD-001203545,CUST-000842372,OFFLINE,STORE-02,2026-08-07T12:47:00,배송완료,178000
ORD-000053349,CUST-000037336,ZIGZAG,,2024-07-31T09:13:00,구매확정,74000
ORD-000919808,CUST-000073267,ZIGZAG,,2026-05-04T22:07:00,구매확정,74000
ORD-001216071,CUST-000503587,ZIGZAG,,2026-08-09T09:27:00,배송완료,97000
ORD-000302951,CUST-000212015,ZIGZAG,,2025-06-29T21:56:00,구매확정,39000
ORD-001197048,CUST-000837838,ZIGZAG,,2026-08-06T09:15:00,배송완료,19000
ORD-001127660,CUST-000789350,ZIGZAG,,2026-07-25T10:25:00,배송완료,105000
ORD-000621632,CUST-000434932,ZIGZAG,,2026-01-04T08:41:00,구매확정,88000
ORD-001230059,CUST-000860919,ZIGZAG,,2026-08-11T21:31:00,배송완료,49000
ORD-000049051,CUST-000012300,ZIGZAG,,2024-07-26T12:08:00,구매확정,74000
ORD-000857006,CUST-000599742,ZIGZAG,,2026-04-09T10:49:00,구매확정,137000
ORD-000068405,CUST-000038837,ZIGZAG,,2024-09-03T12:39:00,구매확정,84000
ORD-000456515,CUST-000136834,ZIGZAG,,2025-10-16T17:08:00,구매확정,84000
ORD-000316211,CUST-000049499,ZIGZAG,,2025-07-12T08:48:00,구매확정,39000
ORD-000272080,CUST-000190398,ZIGZAG,,2025-05-31T10:09:00,구매확정,84000
ORD-001045403,CUST-000731517,ZIGZAG,,2026-06-24T09:26:00,구매확정,138000
ORD-000299211,CUST-000209434,ZIGZAG,,2025-06-26T21:53:00,구매확정,35000
ORD-001037690,CUST-000726174,ZIGZAG,,2026-06-21T19:04:00,구매확정,88000
ORD-000220789,CUST-000154589,ZIGZAG,,2025-04-10T22:06:00,구매확정,39000
ORD-000911837,CUST-000283972,ZIGZAG,,2026-05-01T11:42:00,구매확정,88000
ORD-000265023,CUST-000185491,ZIGZAG,,2025-05-24T17:37:00,구매확정,35000
ORD-001013295,CUST-000709106,ZIGZAG,,2026-06-12T22:34:00,구매확정,98000
ORD-000067385,CUST-000047134,ZIGZAG,,2024-09-01T19:45:00,구매확정,117000
ORD-000324644,CUST-000227205,ZIGZAG,,2025-07-20T17:58:00,구매확정,78000
ORD-000799459,CUST-000157891,ZIGZAG,,2026-03-15T17:13:00,구매확정,147000
ORD-000691014,CUST-000483583,ZIGZAG,,2026-02-13T11:13:00,구매확정,49000
ORD-000396785,CUST-000277618,ZIGZAG,,2025-09-01T11:51:00,구매확정,88000
ORD-000263737,CUST-000038843,ZIGZAG,,2025-05-23T18:31:00,구매확정,74000
ORD-000320929,CUST-000224633,ZIGZAG,,2025-07-17T14:19:00,구매확정,74000
ORD-000806166,CUST-000564264,ZIGZAG,,2026-03-18T23:29:00,구매확정,84000
ORD-000386383,CUST-000270334,ZIGZAG,,2025-08-23T10:00:00,구매확정,39000
ORD-000872736,CUST-000610768,ZIGZAG,,2026-04-15T09:05:00,구매확정,178000
ORD-000827693,CUST-000338212,ZIGZAG,,2026-03-28T17:58:00,구매확정,78000
ORD-000241517,CUST-000169013,ZIGZAG,,2025-04-30T16:31:00,구매확정,89000
ORD-001088032,CUST-000479307,ZIGZAG,,2026-07-12T18:57:00,구매확정,89000
ORD-000264370,CUST-000165730,ZIGZAG,,2025-05-24T20:11:00,구매확정,74000
ORD-000489535,CUST-000342473,ZIGZAG,,2025-11-09T13:49:00,구매확정,89000
ORD-000551985,CUST-000386287,ZIGZAG,,2025-12-03T08:03:00,구매확정,178000
ORD-000719957,CUST-000503949,ZIGZAG,,2026-03-02T09:07:00,구매확정,38000
ORD-000707211,CUST-000275888,ZIGZAG,,2026-02-25T13:12:00,구매확정,128000
ORD-000109617,CUST-000057260,ZIGZAG,,2024-11-29T17:22:00,구매확정,35000
ORD-000657037,CUST-000158450,ZIGZAG,,2026-01-18T21:10:00,구매확정,124000
ORD-000364232,CUST-000254853,ZIGZAG,,2025-08-07T22:20:00,구매확정,89000
ORD-001057905,CUST-000740359,ZIGZAG,,2026-06-29T14:34:00,구매확정,49000
ORD-000433315,CUST-000303137,ZIGZAG,,2025-09-28T21:40:00,구매확정,123000
ORD-000761244,CUST-000533020,ZIGZAG,,2026-03-08T21:48:00,구매확정,74000
ORD-000875900,CUST-000612988,ZIGZAG,,2026-04-16T22:46:00,구매확정,49000
ORD-001170876,CUST-000000493,ZIGZAG,,2026-08-01T18:49:00,배송완료,128000
ORD-000446562,CUST-000312402,ZIGZAG,,2025-10-08T10:21:00,구매확정,42000
ORD-000427460,CUST-000299056,ZIGZAG,,2025-09-24T11:29:00,구매확정,123000
ORD-001240760,CUST-000868291,ZIGZAG,,2026-08-16T20:19:00,배송완료,19000
ORD-001013963,CUST-000709570,ZIGZAG,,2026-06-12T20:27:00,구매확정,128000
ORD-000797488,CUST-000244487,ZIGZAG,,2026-03-15T13:34:00,구매확정,59000
ORD-001053574,CUST-000737280,ZIGZAG,,2026-06-28T08:40:00,구매확정,39000
ORD-000260825,CUST-000182537,ZIGZAG,,2025-05-20T22:53:00,구매확정,39000
ORD-001057332,CUST-000739980,ZIGZAG,,2026-06-29T21:35:00,구매확정,35000
ORD-000879555,CUST-000615576,ZIGZAG,,2026-04-18T12:17:00,구매확정,89000
ORD-000682358,CUST-000477510,ZIGZAG,,2026-02-07T12:06:00,구매확정,39000
ORD-000779901,CUST-000484650,ZIGZAG,,2026-03-12T11:51:00,구매확정,54000
ORD-000996465,CUST-000490464,ZIGZAG,,2026-06-05T21:47:00,구매확정,89000
ORD-000724280,CUST-000506984,ZIGZAG,,2026-03-02T08:46:00,구매확정,19000
ORD-000385850,CUST-000166537,ZIGZAG,,2025-08-22T14:41:00,구매확정,49000
ORD-000212838,CUST-000056190,ZIGZAG,,2025-04-02T23:59:00,구매확정,78000
ORD-000878990,CUST-000615187,ZIGZAG,,2026-04-18T15:21:00,구매확정,163000
ORD-000346102,CUST-000242168,ZIGZAG,,2025-07-31T19:53:00,구매확정,49000
ORD-000468703,CUST-000327863,ZIGZAG,,2025-10-25T17:16:00,구매확정,89000
ORD-000232510,CUST-000162769,OFFLINE,STORE-02,2025-04-21T19:41:00,구매확정,35000
ORD-000958128,CUST-000670405,ZIGZAG,,2026-05-20T18:39:00,구매확정,39000
ORD-000394647,CUST-000183192,ZIGZAG,,2025-08-30T13:10:00,구매확정,128000
ORD-000169620,CUST-000118788,ZIGZAG,,2025-03-04T09:40:00,구매확정,124000
ORD-001031675,CUST-000721960,OFFLINE,STORE-02,2026-06-19T17:06:00,구매확정,227000
ORD-000534110,CUST-000373703,ZIGZAG,,2025-11-27T11:51:00,구매확정,35000
ORD-000594627,CUST-000416090,ZIGZAG,,2025-12-25T21:26:00,구매확정,35000
ORD-000807641,CUST-000565285,ZIGZAG,,2026-03-19T12:02:00,구매확정,35000
ORD-000335656,CUST-000175430,ZIGZAG,,2025-07-27T12:33:00,구매확정,39000
ORD-000724530,CUST-000507166,ZIGZAG,,2026-03-02T17:53:00,구매확정,118000
ORD-000574367,CUST-000401890,ZIGZAG,,2025-12-17T22:10:00,구매확정,138000
ORD-000756993,CUST-000207909,ZIGZAG,,2026-03-08T15:35:00,구매확정,88000
ORD-000129647,CUST-000090831,ZIGZAG,,2024-12-30T17:20:00,구매확정,49000
ORD-000832944,CUST-000582935,ZIGZAG,,2026-03-29T18:20:00,구매확정,39000
ORD-000770167,CUST-000450586,ZIGZAG,,2026-03-10T14:21:00,구매확정,49000
ORD-001091897,CUST-000764255,OFFLINE,STORE-02,2026-07-13T22:22:00,구매확정,39000
ORD-000259505,CUST-000099488,ZIGZAG,,2025-05-18T09:49:00,구매확정,89000
ORD-000627097,CUST-000438741,ZIGZAG,,2026-01-06T15:10:00,구매확정,84000
ORD-000151521,CUST-000083129,ZIGZAG,,2025-02-08T10:58:00,구매확정,35000
ORD-000797996,CUST-000558591,ZIGZAG,,2026-03-15T22:34:00,구매확정,39000
ORD-000250664,CUST-000175388,ZIGZAG,,2025-05-10T23:31:00,구매확정,89000
ORD-001205657,CUST-000649825,ZIGZAG,,2026-08-07T15:46:00,배송완료,78000
ORD-000635601,CUST-000444735,ZIGZAG,,2026-01-09T19:52:00,구매확정,74000
ORD-000768979,CUST-000538351,ZIGZAG,,2026-03-10T09:54:00,구매확정,124000
ORD-000189849,CUST-000132966,ZIGZAG,,2025-03-12T19:54:00,구매확정,124000
ORD-000127989,CUST-000089683,ZIGZAG,,2024-12-28T13:20:00,구매확정,39000
ORD-000730979,CUST-000511658,ZIGZAG,,2026-03-04T08:52:00,구매확정,78000
ORD-000524498,CUST-000305553,ZIGZAG,,2025-11-25T09:29:00,구매확정,128000
ORD-000429302,CUST-000016782,ZIGZAG,,2025-09-25T17:10:00,구매확정,118000
ORD-001083960,CUST-000758657,ZIGZAG,,2026-07-10T09:31:00,구매확정,109000
ORD-000735500,CUST-000514826,ZIGZAG,,2026-03-04T19:52:00,구매확정,35000
ORD-001235746,CUST-000864811,ZIGZAG,,2026-08-14T23:41:00,배송완료,49000
ORD-001183794,CUST-000618779,ZIGZAG,,2026-08-03T13:08:00,배송완료,147000
ORD-000217976,CUST-000110829,ZIGZAG,,2025-04-06T09:14:00,구매확정,124000
ORD-000881464,CUST-000281206,ZIGZAG,,2026-04-19T18:55:00,구매확정,84000
ORD-001010017,CUST-000706819,ZIGZAG,,2026-06-10T09:29:00,구매확정,39000
ORD-000384154,CUST-000268787,OFFLINE,STORE-02,2025-08-20T14:02:00,구매확정,39000
ORD-001155914,CUST-000266576,ZIGZAG,,2026-07-30T08:10:00,배송완료,39000
ORD-000371238,CUST-000259747,ZIGZAG,,2025-08-10T19:08:00,구매확정,78000
ORD-000753467,CUST-000527482,ZIGZAG,,2026-03-07T21:16:00,구매확정,84000
ORD-000491785,CUST-000344046,ZIGZAG,,2025-11-11T10:01:00,구매확정,35000
ORD-000473113,CUST-000330921,ZIGZAG,,2025-10-28T18:06:00,구매확정,128000
ORD-000217982,CUST-000152615,ZIGZAG,,2025-04-06T16:12:00,구매확정,39000
ORD-000579980,CUST-000405839,ZIGZAG,,2025-12-20T08:36:00,구매확정,88000
ORD-001199247,CUST-000839383,ZIGZAG,,2026-08-06T19:05:00,배송완료,49000
ORD-000369652,CUST-000258632,ZIGZAG,,2025-08-09T17:16:00,구매확정,39000
ORD-000521607,CUST-000364965,ZIGZAG,,2025-11-24T21:27:00,구매확정,84000
ORD-000955436,CUST-000668518,ZIGZAG,,2026-05-19T23:11:00,구매확정,49000
ORD-000403933,CUST-000282600,ZIGZAG,,2025-09-06T16:32:00,구매확정,49000
ORD-000254173,CUST-000072991,ZIGZAG,,2025-05-13T14:18:00,구매확정,163000
ORD-001019640,CUST-000625325,ZIGZAG,,2026-06-14T18:13:00,구매확정,74000
ORD-000367505,CUST-000007075,OFFLINE,STORE-02,2025-08-08T18:12:00,구매확정,35000
ORD-000183360,CUST-000128374,ZIGZAG,,2025-03-09T16:49:00,구매확정,35000
ORD-001249686,CUST-000737040,ZIGZAG,,2026-08-19T20:08:00,배송중,39000
ORD-000967264,CUST-000676805,ZIGZAG,,2026-05-24T17:27:00,구매확정,138000
ORD-000543707,CUST-000380448,ZIGZAG,,2025-11-30T17:44:00,구매확정,39000
ORD-000459639,CUST-000321491,ZIGZAG,,2025-10-18T11:48:00,구매확정,138000
ORD-000559349,CUST-000129746,ZIGZAG,,2025-12-08T19:50:00,구매확정,178000
ORD-000688010,CUST-000481467,ZIGZAG,,2026-02-11T09:01:00,구매확정,49000
ORD-000964201,CUST-000674653,ZIGZAG,,2026-05-23T16:43:00,구매확정,39000
ORD-000086064,CUST-000060227,ZIGZAG,,2024-10-18T12:44:00,구매확정,49000
ORD-000875757,CUST-000612892,ZIGZAG,,2026-04-16T12:08:00,구매확정,89000
ORD-000813808,CUST-000569606,OFFLINE,STORE-02,2026-03-22T18:46:00,구매확정,89000
ORD-000544473,CUST-000380962,ZIGZAG,,2025-11-30T20:04:00,구매확정,49000
ORD-000412582,CUST-000270328,ZIGZAG,,2025-09-13T18:35:00,구매확정,39000
ORD-000744924,CUST-000521452,OFFLINE,STORE-02,2026-03-06T12:18:00,구매확정,49000
ORD-001047670,CUST-000733137,ZIGZAG,,2026-06-25T08:09:00,구매확정,39000
ORD-000623046,CUST-000435903,ZIGZAG,,2026-01-04T18:16:00,구매확정,39000
ORD-000229863,CUST-000160927,ZIGZAG,,2025-04-19T22:45:00,구매확정,88000
ORD-001234508,CUST-000863955,ZIGZAG,,2026-08-13T17:32:00,배송완료,39000
ORD-000583241,CUST-000372815,ZIGZAG,,2025-12-21T19:24:00,구매확정,133000
ORD-000862137,CUST-000603390,ZIGZAG,,2026-04-11T20:18:00,구매확정,89000
ORD-000464333,CUST-000324797,ZIGZAG,,2025-10-21T20:34:00,구매확정,39000
ORD-000058946,CUST-000041225,ZIGZAG,,2024-08-08T20:30:00,구매확정,84000
ORD-000336323,CUST-000235361,ZIGZAG,,2025-07-27T22:36:00,구매확정,119000
ORD-000389347,CUST-000272448,OFFLINE,STORE-02,2025-08-25T17:38:00,구매확정,89000
ORD-000347881,CUST-000243388,ZIGZAG,,2025-08-01T21:07:00,구매확정,39000
ORD-001092565,CUST-000639440,ZIGZAG,,2026-07-13T12:18:00,구매확정,177000
ORD-000610067,CUST-000312845,ZIGZAG,,2025-12-30T09:03:00,구매확정,49000
ORD-000586782,CUST-000410623,ZIGZAG,,2025-12-22T12:40:00,구매확정,39000
ORD-000239226,CUST-000112459,ZIGZAG,,2025-04-28T11:37:00,구매확정,39000
ORD-000616076,CUST-000415986,ZIGZAG,,2026-01-02T12:42:00,구매확정,35000
ORD-000008449,CUST-000003741,ZIGZAG,,2024-03-12T22:22:00,구매확정,78000
ORD-000977235,CUST-000683865,ZIGZAG,,2026-05-28T20:57:00,구매확정,89000
ORD-000443493,CUST-000154298,ZIGZAG,,2025-10-06T15:07:00,구매확정,167000
ORD-000945177,CUST-000661394,ZIGZAG,,2026-05-15T16:29:00,구매확정,119000
ORD-000760256,CUST-000532293,ZIGZAG,,2026-03-08T10:51:00,구매확정,78000
ORD-001039373,CUST-000538456,ZIGZAG,,2026-06-22T21:05:00,구매확정,39000
ORD-001009132,CUST-000706215,ZIGZAG,,2026-06-10T23:33:00,구매확정,88000
ORD-000870598,CUST-000609322,ZIGZAG,,2026-04-14T22:35:00,구매확정,39000
ORD-001099040,CUST-000769236,ZIGZAG,,2026-07-16T10:36:00,배송완료,89000
ORD-001032553,CUST-000722584,ZIGZAG,,2026-06-19T13:25:00,구매확정,39000
ORD-000818956,CUST-000072509,ZIGZAG,,2026-03-24T19:10:00,구매확정,128000
ORD-001126549,CUST-000737861,ZIGZAG,,2026-07-25T19:49:00,배송완료,39000
ORD-000233665,CUST-000163567,ZIGZAG,,2025-04-22T08:42:00,구매확정,39000
ORD-000186563,CUST-000088754,ZIGZAG,,2025-03-11T21:30:00,구매확정,89000
ORD-000131698,CUST-000092278,ZIGZAG,,2025-01-02T14:30:00,구매확정,49000
ORD-000985675,CUST-000689789,ZIGZAG,,2026-05-31T23:51:00,구매확정,59000
ORD-000034108,CUST-000023891,ZIGZAG,,2024-06-07T15:21:00,구매확정,88000
ORD-001241960,CUST-000869153,ZIGZAG,,2026-08-16T22:10:00,배송완료,107000
ORD-000925944,CUST-000647960,OFFLINE,STORE-02,2026-05-07T21:46:00,구매확정,78000
ORD-000990295,CUST-000693015,ZIGZAG,,2026-06-02T10:08:00,구매확정,89000
ORD-000435889,CUST-000129898,ZIGZAG,,2025-09-30T11:36:00,구매확정,127000
ORD-000237697,CUST-000166394,ZIGZAG,,2025-04-27T14:36:00,구매확정,267000
ORD-001100669,CUST-000312375,ZIGZAG,,2026-07-17T11:14:00,배송완료,19000
ORD-000080305,CUST-000056198,ZIGZAG,,2024-10-04T21:18:00,구매확정,88000
ORD-000022973,CUST-000016094,ZIGZAG,,2024-04-29T17:34:00,구매확정,35000
ORD-000341606,CUST-000239037,ZIGZAG,,2025-07-29T22:11:00,구매확정,35000
ORD-000699262,CUST-000175766,ZIGZAG,,2026-02-19T08:31:00,구매확정,178000
ORD-000911392,CUST-000637782,ZIGZAG,,2026-05-01T22:35:00,구매확정,68000
ORD-000951706,CUST-000262837,ZIGZAG,,2026-05-17T17:12:00,구매확정,49000
ORD-000541541,CUST-000378964,ZIGZAG,,2025-11-29T14:23:00,구매확정,39000
ORD-000989884,CUST-000000386,ZIGZAG,,2026-06-02T22:38:00,구매확정,39000
ORD-000762678,CUST-000044060,ZIGZAG,,2026-03-09T12:02:00,구매확정,70000
ORD-000217894,CUST-000152551,ZIGZAG,,2025-04-06T23:51:00,구매확정,49000
ORD-000683424,CUST-000345753,ZIGZAG,,2026-02-07T12:32:00,구매확정,177000
ORD-000307869,CUST-000215473,ZIGZAG,,2025-07-04T15:59:00,구매확정,39000
ORD-000236678,CUST-000165691,ZIGZAG,,2025-04-26T21:09:00,구매확정,128000
ORD-001050277,CUST-000285400,ZIGZAG,,2026-06-27T12:40:00,구매확정,39000
ORD-000501006,CUST-000350529,ZIGZAG,,2025-11-18T17:08:00,구매확정,84000
ORD-000078803,CUST-000055100,ZIGZAG,,2024-09-30T12:17:00,구매확정,88000
ORD-001201159,CUST-000373510,ZIGZAG,,2026-08-06T12:56:00,배송완료,128000
ORD-000870687,CUST-000609381,ZIGZAG,,2026-04-14T11:33:00,구매확정,167000
ORD-000863863,CUST-000604620,ZIGZAG,,2026-04-11T11:48:00,구매확정,19000
ORD-000730188,CUST-000417358,ZIGZAG,,2026-03-03T22:51:00,구매확정,49000
ORD-000929508,CUST-000650405,ZIGZAG,,2026-05-09T17:07:00,구매확정,78000
ORD-000737815,CUST-000516478,ZIGZAG,,2026-03-05T23:57:00,구매확정,35000
ORD-001186722,CUST-000021874,ZIGZAG,,2026-08-04T16:26:00,배송완료,39000
ORD-000051515,CUST-000036044,ZIGZAG,,2024-07-28T21:07:00,구매확정,78000
ORD-000880718,CUST-000616405,ZIGZAG,,2026-04-18T12:25:00,구매확정,49000
ORD-000551837,CUST-000386180,ZIGZAG,,2025-12-03T08:33:00,구매확정,89000
ORD-001134823,CUST-000794303,ZIGZAG,,2026-07-26T09:50:00,배송완료,39000
ORD-000306182,CUST-000214280,ZIGZAG,,2025-07-03T10:32:00,구매확정,49000
ORD-000928636,CUST-000111706,ZIGZAG,,2026-05-08T21:06:00,구매확정,49000
ORD-000004724,CUST-000003312,ZIGZAG,,2024-03-07T20:04:00,구매확정,88000
ORD-000596819,CUST-000417617,ZIGZAG,,2025-12-26T22:34:00,구매확정,49000
ORD-000424204,CUST-000296788,OFFLINE,STORE-02,2025-09-21T08:52:00,구매확정,49000
ORD-000537598,CUST-000322944,ZIGZAG,,2025-11-28T16:40:00,구매확정,74000
ORD-000835638,CUST-000584863,ZIGZAG,,2026-03-30T11:19:00,구매확정,89000
ORD-000533423,CUST-000373242,ZIGZAG,,2025-11-27T15:45:00,구매확정,39000
ORD-000752154,CUST-000526545,ZIGZAG,,2026-03-07T08:33:00,구매확정,39000
ORD-000509281,CUST-000356330,ZIGZAG,,2025-11-21T11:10:00,구매확정,137000
ORD-000884341,CUST-000618973,ZIGZAG,,2026-04-19T20:20:00,구매확정,49000
ORD-000205665,CUST-000143977,ZIGZAG,,2025-03-25T15:02:00,구매확정,39000
ORD-000014111,CUST-000009866,ZIGZAG,,2024-03-29T08:26:00,구매확정,49000
ORD-000514293,CUST-000241802,ZIGZAG,,2025-11-22T14:14:00,구매확정,84000
ORD-001090203,CUST-000241596,ZIGZAG,,2026-07-12T18:30:00,구매확정,103000
ORD-000554914,CUST-000388351,ZIGZAG,,2025-12-06T12:49:00,구매확정,178000
ORD-000050727,CUST-000035488,ZIGZAG,,2024-07-28T13:48:00,구매확정,49000
ORD-001026553,CUST-000718412,ZIGZAG,,2026-06-17T23:20:00,구매확정,98000
ORD-000709246,CUST-000496354,ZIGZAG,,2026-02-27T09:25:00,구매확정,89000
ORD-001163520,CUST-000814510,ZIGZAG,,2026-07-31T22:41:00,배송완료,49000
ORD-001218663,CUST-000852999,ZIGZAG,,2026-08-09T18:58:00,배송완료,39000
ORD-001198486,CUST-000337184,ZIGZAG,,2026-08-06T20:23:00,배송완료,39000
ORD-000948428,CUST-000663590,ZIGZAG,,2026-05-16T18:37:00,구매확정,84000
ORD-000954822,CUST-000668089,ZIGZAG,,2026-05-19T09:18:00,구매확정,109000
ORD-000329183,CUST-000230398,ZIGZAG,,2025-07-25T19:56:00,구매확정,84000
ORD-000913752,CUST-000001121,ZIGZAG,,2026-05-02T18:42:00,구매확정,74000
ORD-000842041,CUST-000589333,ZIGZAG,,2026-04-03T14:56:00,구매확정,138000
ORD-001034517,CUST-000723937,ZIGZAG,,2026-06-20T13:39:00,구매확정,108000
ORD-000860395,CUST-000602157,ZIGZAG,,2026-04-10T17:12:00,구매확정,19000
ORD-000635077,CUST-000444346,ZIGZAG,,2026-01-09T18:50:00,구매확정,35000
ORD-000434737,CUST-000174630,ZIGZAG,,2025-09-29T11:12:00,구매확정,35000
ORD-000164739,CUST-000022300,ZIGZAG,,2025-03-02T13:28:00,구매확정,35000
ORD-000843459,CUST-000523636,ZIGZAG,,2026-04-03T09:02:00,구매확정,39000
ORD-000776611,CUST-000543637,ZIGZAG,,2026-03-11T22:30:00,구매확정,59000
ORD-001177906,CUST-000824460,ZIGZAG,,2026-08-02T11:55:00,배송완료,74000
ORD-000462480,CUST-000323510,ZIGZAG,,2025-10-20T10:26:00,구매확정,39000
ORD-000362514,CUST-000253626,ZIGZAG,,2025-08-06T18:42:00,구매확정,49000
ORD-000888991,CUST-000622212,ZIGZAG,,2026-04-22T16:39:00,구매확정,39000
ORD-000785960,CUST-000550146,ZIGZAG,,2026-03-13T08:30:00,구매확정,39000
ORD-000535649,CUST-000374785,ZIGZAG,,2025-11-28T09:15:00,구매확정,39000
ORD-000405723,CUST-000042468,ZIGZAG,,2025-09-07T22:37:00,구매확정,109000
ORD-000902413,CUST-000631546,OFFLINE,STORE-02,2026-04-27T21:11:00,구매확정,19000
ORD-000410792,CUST-000287399,ZIGZAG,,2025-09-12T14:42:00,구매확정,39000
ORD-000680947,CUST-000476518,ZIGZAG,,2026-02-06T09:12:00,구매확정,128000
ORD-000165180,CUST-000115629,ZIGZAG,,2025-03-02T19:37:00,구매확정,35000
ORD-000696863,CUST-000487679,ZIGZAG,,2026-02-17T18:48:00,구매확정,39000
ORD-000040385,CUST-000028301,ZIGZAG,,2024-06-28T11:04:00,구매확정,78000
ORD-000165734,CUST-000116022,ZIGZAG,,2025-03-02T23:31:00,구매확정,89000
ORD-000416631,CUST-000291460,ZIGZAG,,2025-09-16T19:15:00,구매확정,89000
ORD-000401904,CUST-000281179,ZIGZAG,,2025-09-05T08:22:00,구매확정,39000
ORD-000288124,CUST-000201665,ZIGZAG,,2025-06-15T17:06:00,구매확정,89000
ORD-001001889,CUST-000701091,ZIGZAG,,2026-06-07T21:28:00,구매확정,39000
ORD-000003844,CUST-000002729,ZIGZAG,,2024-03-06T11:50:00,구매확정,49000
ORD-000042157,CUST-000029502,ZIGZAG,,2024-07-04T21:14:00,구매확정,88000
ORD-000311139,CUST-000201116,ZIGZAG,,2025-07-07T14:03:00,구매확정,98000
ORD-000300997,CUST-000210655,ZIGZAG,,2025-06-28T17:11:00,구매확정,49000
ORD-000602893,CUST-000421828,ZIGZAG,,2025-12-28T09:24:00,구매확정,39000
ORD-000211197,CUST-000024241,ZIGZAG,,2025-03-31T09:12:00,구매확정,128000
ORD-000268018,CUST-000167016,ZIGZAG,,2025-05-27T22:35:00,구매확정,49000
ORD-000018725,CUST-000008218,ZIGZAG,,2024-04-14T21:44:00,구매확정,88000
ORD-000400692,CUST-000280327,ZIGZAG,,2025-09-04T15:33:00,구매확정,178000
ORD-000866187,CUST-000606256,ZIGZAG,,2026-04-12T16:59:00,구매확정,39000
ORD-001117744,CUST-000534808,ZIGZAG,,2026-07-24T23:10:00,배송완료,35000
ORD-000461562,CUST-000322851,ZIGZAG,,2025-10-19T22:13:00,구매확정,78000
ORD-001030776,CUST-000721336,ZIGZAG,,2026-06-19T14:30:00,구매확정,147000
ORD-000098752,CUST-000069139,ZIGZAG,,2024-11-19T15:47:00,구매확정,49000
ORD-000083491,CUST-000058443,ZIGZAG,,2024-10-12T20:46:00,구매확정,49000
ORD-000497723,CUST-000348238,ZIGZAG,,2025-11-15T08:59:00,구매확정,138000
ORD-000059302,CUST-000041473,ZIGZAG,,2024-08-08T09:09:00,구매확정,98000
ORD-000243376,CUST-000170307,ZIGZAG,,2025-05-02T16:22:00,구매확정,98000
ORD-000145414,CUST-000101830,ZIGZAG,,2025-01-23T17:10:00,구매확정,123000
ORD-000352035,CUST-000246345,ZIGZAG,,2025-08-02T14:45:00,구매확정,88000
ORD-000243428,CUST-000056325,ZIGZAG,,2025-05-03T17:50:00,구매확정,49000
ORD-000982182,CUST-000048499,ZIGZAG,,2026-05-30T16:11:00,구매확정,49000
ORD-000994876,CUST-000350679,ZIGZAG,,2026-06-04T13:01:00,구매확정,89000
ORD-000193659,CUST-000135616,ZIGZAG,,2025-03-14T13:25:00,구매확정,84000
ORD-000026728,CUST-000003554,ZIGZAG,,2024-05-12T14:29:00,구매확정,39000
ORD-000577610,CUST-000037225,ZIGZAG,,2025-12-19T20:34:00,구매확정,137000
ORD-000706690,CUST-000494541,OFFLINE,STORE-02,2026-02-24T17:04:00,구매확정,49000
ORD-000959464,CUST-000671314,ZIGZAG,,2026-05-21T12:08:00,구매확정,74000
ORD-001044512,CUST-000373642,ZIGZAG,,2026-06-24T18:30:00,구매확정,35000
ORD-000032716,CUST-000022913,ZIGZAG,,2024-06-02T21:43:00,구매확정,74000
ORD-000917563,CUST-000642130,ZIGZAG,,2026-05-03T20:49:00,구매확정,19000
ORD-000822703,CUST-000575808,ZIGZAG,,2026-03-25T22:21:00,구매확정,39000
ORD-001023216,CUST-000606566,ZIGZAG,,2026-06-15T10:57:00,구매확정,59000
ORD-000244004,CUST-000170756,ZIGZAG,,2025-05-03T18:43:00,구매확정,89000
ORD-000202660,CUST-000064030,ZIGZAG,,2025-03-22T16:45:00,구매확정,39000
ORD-000215813,CUST-000151081,ZIGZAG,,2025-04-05T21:34:00,구매확정,49000
ORD-001049197,CUST-000734197,ZIGZAG,,2026-06-26T13:44:00,구매확정,88000
ORD-000542882,CUST-000379862,ZIGZAG,,2025-11-29T13:44:00,구매확정,89000
ORD-001215834,CUST-000333102,OFFLINE,STORE-02,2026-08-09T11:44:00,배송완료,89000
ORD-000699162,CUST-000489267,ZIGZAG,,2026-02-19T23:51:00,구매확정,123000
ORD-000676417,CUST-000473315,ZIGZAG,,2026-02-02T22:20:00,구매확정,78000
ORD-000120587,CUST-000068328,ZIGZAG,,2024-12-18T10:49:00,구매확정,88000
ORD-000569182,CUST-000146463,ZIGZAG,,2025-12-15T17:21:00,구매확정,89000
ORD-000606603,CUST-000424408,ZIGZAG,,2025-12-29T16:07:00,구매확정,49000
ORD-000164970,CUST-000066097,ZIGZAG,,2025-03-02T17:26:00,구매확정,39000
ORD-000099818,CUST-000069870,ZIGZAG,,2024-11-20T17:33:00,구매확정,39000
ORD-000651786,CUST-000456062,ZIGZAG,,2026-01-15T09:52:00,구매확정,49000
ORD-000847984,CUST-000593453,ZIGZAG,,2026-04-05T22:37:00,구매확정,78000
ORD-001120470,CUST-000477260,ZIGZAG,,2026-07-25T22:08:00,배송완료,39000
ORD-001162959,CUST-000814099,ZIGZAG,,2026-07-31T09:22:00,배송완료,49000
ORD-000320835,CUST-000224562,ZIGZAG,,2025-07-17T09:10:00,구매확정,35000
ORD-000507551,CUST-000355128,ZIGZAG,,2025-11-21T20:49:00,구매확정,39000
ORD-000129734,CUST-000090899,ZIGZAG,,2024-12-30T11:55:00,구매확정,39000
ORD-000715829,CUST-000501017,ZIGZAG,,2026-03-01T10:25:00,구매확정,35000
ORD-000677146,CUST-000473855,ZIGZAG,,2026-02-02T15:26:00,구매확정,88000
ORD-000249840,CUST-000174820,ZIGZAG,,2025-05-09T09:12:00,구매확정,35000
ORD-000051462,CUST-000036006,ZIGZAG,,2024-07-28T08:41:00,구매확정,74000
ORD-000425862,CUST-000223841,ZIGZAG,,2025-09-23T14:45:00,구매확정,42000
ORD-001081894,CUST-000757187,ZIGZAG,,2026-07-09T21:00:00,구매확정,138000
ORD-000013361,CUST-000009334,ZIGZAG,,2024-03-26T13:52:00,구매확정,49000
ORD-001225649,CUST-000857850,ZIGZAG,,2026-08-10T21:05:00,배송완료,39000
ORD-000831408,CUST-000581877,ZIGZAG,,2026-03-29T23:21:00,구매확정,138000
ORD-000369691,CUST-000258658,ZIGZAG,,2025-08-09T10:13:00,구매확정,39000
ORD-000767616,CUST-000312013,ZIGZAG,,2026-03-10T13:21:00,구매확정,74000
ORD-000294261,CUST-000205960,ZIGZAG,,2025-06-21T11:23:00,구매확정,35000
ORD-001029699,CUST-000052247,ZIGZAG,,2026-06-18T21:07:00,구매확정,39000
ORD-000188647,CUST-000132105,ZIGZAG,,2025-03-12T14:55:00,구매확정,123000
ORD-001009792,CUST-000706667,ZIGZAG,,2026-06-10T10:39:00,구매확정,19000
ORD-001133319,CUST-000793261,OFFLINE,STORE-02,2026-07-26T17:59:00,배송완료,89000
ORD-000539812,CUST-000377749,ZIGZAG,,2025-11-29T22:06:00,구매확정,89000
ORD-000082983,CUST-000058098,ZIGZAG,,2024-10-11T14:19:00,구매확정,35000
ORD-001076742,CUST-000753555,ZIGZAG,,2026-07-07T08:08:00,구매확정,178000
ORD-000000314,CUST-000000223,ZIGZAG,,2024-03-01T18:10:00,구매확정,39000
ORD-000044017,CUST-000030796,ZIGZAG,,2024-07-10T08:10:00,구매확정,84000
ORD-000790319,CUST-000553194,ZIGZAG,,2026-03-14T20:13:00,구매확정,49000
ORD-000515987,CUST-000361021,ZIGZAG,,2025-11-23T23:06:00,구매확정,39000
ORD-000461143,CUST-000322548,ZIGZAG,,2025-10-19T08:28:00,구매확정,74000
ORD-000789041,CUST-000542686,ZIGZAG,,2026-03-14T16:20:00,구매확정,39000
ORD-000926432,CUST-000648294,ZIGZAG,,2026-05-07T16:36:00,구매확정,35000
ORD-000401242,CUST-000280719,ZIGZAG,,2025-09-05T19:37:00,구매확정,79000
ORD-000475636,CUST-000332654,ZIGZAG,,2025-10-30T21:51:00,구매확정,39000
ORD-000197493,CUST-000138285,ZIGZAG,,2025-03-17T20:47:00,구매확정,217000
ORD-000350285,CUST-000245116,ZIGZAG,,2025-08-02T19:08:00,구매확정,49000
ORD-001142967,CUST-000319441,ZIGZAG,,2026-07-28T12:28:00,배송완료,49000
ORD-000223324,CUST-000156396,ZIGZAG,,2025-04-12T09:10:00,구매확정,74000
ORD-001219582,CUST-000052445,ZIGZAG,,2026-08-09T09:07:00,배송완료,39000
ORD-000571707,CUST-000186807,ZIGZAG,,2025-12-16T12:17:00,구매확정,39000
ORD-000294092,CUST-000205838,ZIGZAG,,2025-06-21T19:26:00,구매확정,49000
ORD-000980812,CUST-000656497,ZIGZAG,,2026-05-30T15:03:00,구매확정,39000
ORD-000324261,CUST-000226937,ZIGZAG,,2025-07-20T23:53:00,구매확정,39000
ORD-000987173,CUST-000690860,ZIGZAG,,2026-06-01T22:35:00,구매확정,39000
ORD-000758021,CUST-000077735,ZIGZAG,,2026-03-08T08:12:00,구매확정,127000
ORD-000210239,CUST-000147148,ZIGZAG,,2025-03-30T14:35:00,구매확정,138000
ORD-000255962,CUST-000125264,ZIGZAG,,2025-05-15T12:53:00,구매확정,89000
ORD-000714276,CUST-000499932,ZIGZAG,,2026-03-01T22:16:00,구매확정,49000
ORD-000476336,CUST-000333139,ZIGZAG,,2025-10-31T17:35:00,구매확정,89000
ORD-000926173,CUST-000490441,ZIGZAG,,2026-05-07T12:55:00,구매확정,35000
ORD-000666121,CUST-000466110,ZIGZAG,,2026-01-25T15:02:00,구매확정,39000
ORD-000599292,CUST-000275044,ZIGZAG,,2025-12-27T09:25:00,구매확정,49000
ORD-000386820,CUST-000270648,ZIGZAG,,2025-08-23T18:20:00,구매확정,138000
ORD-000551611,CUST-000039590,ZIGZAG,,2025-12-03T19:15:00,구매확정,89000
ORD-000209658,CUST-000097488,OFFLINE,STORE-02,2025-03-29T16:53:00,구매확정,128000
ORD-000650091,CUST-000212344,ZIGZAG,,2026-01-14T18:43:00,구매확정,128000
ORD-000824585,CUST-000577116,ZIGZAG,,2026-03-26T11:38:00,구매확정,19000
ORD-000126500,CUST-000088618,ZIGZAG,,2024-12-26T19:05:00,구매확정,39000
ORD-000847191,CUST-000592893,ZIGZAG,,2026-04-04T18:04:00,구매확정,59000
ORD-000641936,CUST-000449153,ZIGZAG,,2026-01-11T20:58:00,구매확정,113000
ORD-000439423,CUST-000307410,ZIGZAG,,2025-10-03T19:52:00,구매확정,210000
ORD-000855364,CUST-000598584,OFFLINE,STORE-02,2026-04-08T09:29:00,구매확정,35000
ORD-000978106,CUST-000209332,ZIGZAG,,2026-05-28T15:27:00,구매확정,59000
ORD-000228730,CUST-000160139,ZIGZAG,,2025-04-18T22:58:00,구매확정,49000
ORD-000475189,CUST-000332363,ZIGZAG,,2025-10-30T19:18:00,구매확정,39000
ORD-000833351,CUST-000500928,ZIGZAG,,2026-03-29T10:53:00,구매확정,78000
ORD-000552877,CUST-000386916,OFFLINE,STORE-02,2025-12-04T10:37:00,구매확정,39000
ORD-000940360,CUST-000657990,ZIGZAG,,2026-05-13T22:33:00,구매확정,35000
ORD-000443906,CUST-000310561,ZIGZAG,,2025-10-06T11:49:00,구매확정,138000
ORD-001107232,CUST-000774989,ZIGZAG,,2026-07-19T10:24:00,배송완료,49000
ORD-000171168,CUST-000119824,ZIGZAG,,2025-03-05T19:19:00,구매확정,49000
ORD-000115926,CUST-000040376,ZIGZAG,,2024-12-10T21:01:00,구매확정,49000
ORD-000104077,CUST-000072861,ZIGZAG,,2024-11-24T13:01:00,구매확정,39000
ORD-001042337,CUST-000729402,ZIGZAG,,2026-06-23T20:29:00,구매확정,39000
ORD-001103531,CUST-000772382,ZIGZAG,,2026-07-18T10:06:00,배송완료,39000
ORD-000278176,CUST-000082429,ZIGZAG,,2025-06-06T12:28:00,구매확정,89000
ORD-000800475,CUST-000560305,ZIGZAG,,2026-03-16T11:11:00,구매확정,74000
ORD-000928908,CUST-000649990,ZIGZAG,,2026-05-08T14:23:00,구매확정,49000
ORD-000305277,CUST-000213621,ZIGZAG,,2025-07-02T08:04:00,구매확정,128000
ORD-000512813,CUST-000358860,ZIGZAG,,2025-11-22T08:43:00,구매확정,74000
ORD-000985788,CUST-000689878,ZIGZAG,,2026-05-31T20:34:00,구매확정,35000
ORD-001212497,CUST-000848686,ZIGZAG,,2026-08-08T19:26:00,배송완료,49000
ORD-000309889,CUST-000004877,ZIGZAG,,2025-07-06T13:32:00,구매확정,74000
ORD-000326726,CUST-000215744,ZIGZAG,,2025-07-22T14:02:00,구매확정,35000
ORD-000819464,CUST-000573516,ZIGZAG,,2026-03-24T18:12:00,구매확정,183000
ORD-000067652,CUST-000031993,ZIGZAG,,2024-09-01T21:17:00,구매확정,49000
ORD-000006820,CUST-000004795,ZIGZAG,,2024-03-10T14:46:00,구매확정,39000
ORD-000409130,CUST-000286241,ZIGZAG,,2025-09-10T14:25:00,구매확정,35000
ORD-000223831,CUST-000113288,ZIGZAG,,2025-04-13T21:45:00,구매확정,117000
ORD-000772078,CUST-000540501,ZIGZAG,,2026-03-10T14:07:00,구매확정,138000
ORD-000053792,CUST-000029186,ZIGZAG,,2024-08-01T12:39:00,구매확정,88000
ORD-000538291,CUST-000376658,ZIGZAG,,2025-11-28T12:12:00,구매확정,35000
ORD-000478623,CUST-000334774,ZIGZAG,,2025-11-01T14:09:00,구매확정,138000
ORD-000895413,CUST-000626647,ZIGZAG,,2026-04-25T20:07:00,구매확정,35000
ORD-000608091,CUST-000425450,ZIGZAG,,2025-12-30T15:32:00,구매확정,39000
ORD-000478307,CUST-000106216,ZIGZAG,,2025-11-01T12:22:00,구매확정,49000
ORD-000266175,CUST-000186278,ZIGZAG,,2025-05-25T20:45:00,구매확정,178000
ORD-000855872,CUST-000598940,ZIGZAG,,2026-04-08T21:03:00,구매확정,49000
ORD-000194121,CUST-000135944,ZIGZAG,,2025-03-14T15:53:00,구매확정,49000
ORD-000711884,CUST-000367420,ZIGZAG,,2026-02-28T10:49:00,구매확정,39000
ORD-000036648,CUST-000025670,ZIGZAG,,2024-06-16T22:49:00,구매확정,119000
ORD-001140357,CUST-000245045,ZIGZAG,,2026-07-27T18:33:00,배송완료,59000
ORD-001177788,CUST-000824370,ZIGZAG,,2026-08-02T22:06:00,배송완료,89000
ORD-000222918,CUST-000036500,ZIGZAG,,2025-04-12T14:28:00,구매확정,35000
ORD-000695672,CUST-000486849,ZIGZAG,,2026-02-16T21:48:00,구매확정,84000
ORD-000951386,CUST-000007239,ZIGZAG,,2026-05-17T10:34:00,구매확정,39000
ORD-000845825,CUST-000591931,OFFLINE,STORE-02,2026-04-04T13:19:00,구매확정,148000
ORD-000168141,CUST-000055160,ZIGZAG,,2025-03-03T18:32:00,구매확정,89000
ORD-000941294,CUST-000494736,ZIGZAG,,2026-05-13T21:03:00,구매확정,39000
ORD-000794231,CUST-000555953,ZIGZAG,,2026-03-14T18:09:00,구매확정,78000
ORD-000666939,CUST-000466667,ZIGZAG,,2026-01-26T15:02:00,구매확정,138000
ORD-000026756,CUST-000018731,ZIGZAG,,2024-05-12T18:20:00,구매확정,78000
ORD-000015169,CUST-000010610,ZIGZAG,,2024-04-02T19:42:00,구매확정,84000
ORD-001242108,CUST-000369984,ZIGZAG,,2026-08-16T18:27:00,배송완료,87000
ORD-000175493,CUST-000036274,ZIGZAG,,2025-03-07T09:29:00,구매확정,35000
ORD-000763936,CUST-000498753,ZIGZAG,,2026-03-09T08:28:00,구매확정,89000
ORD-000791008,CUST-000553677,OFFLINE,STORE-02,2026-03-14T10:29:00,구매확정,39000
ORD-000594061,CUST-000415693,ZIGZAG,,2025-12-25T09:16:00,구매확정,49000
ORD-000904167,CUST-000632766,ZIGZAG,,2026-04-28T17:35:00,구매확정,74000
ORD-000023998,CUST-000016814,ZIGZAG,,2024-05-03T12:22:00,구매확정,49000
ORD-000092782,CUST-000064979,ZIGZAG,,2024-11-04T17:41:00,구매확정,39000
ORD-000772535,CUST-000540824,ZIGZAG,,2026-03-10T13:07:00,구매확정,35000
ORD-000411999,CUST-000288246,ZIGZAG,,2025-09-13T15:04:00,구매확정,39000
ORD-000260315,CUST-000182171,ZIGZAG,,2025-05-19T19:25:00,구매확정,127000
ORD-000848350,CUST-000593711,OFFLINE,STORE-02,2026-04-05T15:47:00,구매확정,178000
ORD-001211694,CUST-000848089,ZIGZAG,,2026-08-08T08:15:00,배송완료,217000
ORD-000691416,CUST-000215035,ZIGZAG,,2026-02-13T10:50:00,구매확정,35000
ORD-000070787,CUST-000049531,ZIGZAG,,2024-09-09T12:10:00,구매확정,39000
ORD-000627792,CUST-000439237,ZIGZAG,,2026-01-06T13:08:00,구매확정,74000
ORD-000148161,CUST-000103787,ZIGZAG,,2025-01-30T18:24:00,구매확정,39000
ORD-000606455,CUST-000424301,ZIGZAG,,2025-12-29T11:08:00,구매확정,49000
ORD-001223537,CUST-000856392,ZIGZAG,,2026-08-10T21:10:00,배송완료,49000
ORD-000375831,CUST-000262972,ZIGZAG,,2025-08-12T18:24:00,구매확정,39000
ORD-000195974,CUST-000087957,OFFLINE,STORE-02,2025-03-16T16:10:00,구매확정,89000
ORD-000799583,CUST-000080728,ZIGZAG,,2026-03-15T10:04:00,구매확정,49000
ORD-000312847,CUST-000115874,ZIGZAG,,2025-07-09T09:20:00,구매확정,89000
ORD-000832405,CUST-000582563,ZIGZAG,,2026-03-29T10:40:00,구매확정,68000
ORD-000186874,CUST-000046509,ZIGZAG,,2025-03-11T20:03:00,구매확정,35000
ORD-001065847,CUST-000745983,ZIGZAG,,2026-07-03T16:06:00,구매확정,49000
ORD-000952803,CUST-000666673,ZIGZAG,,2026-05-18T08:08:00,구매확정,89000
ORD-000504145,CUST-000352722,ZIGZAG,,2025-11-20T12:38:00,구매확정,137000
ORD-000201883,CUST-000141363,ZIGZAG,,2025-03-22T12:37:00,구매확정,89000
ORD-000544947,CUST-000341580,ZIGZAG,,2025-11-30T18:00:00,구매확정,89000
ORD-001005504,CUST-000703650,ZIGZAG,,2026-06-08T16:39:00,구매확정,35000
ORD-000422885,CUST-000035327,ZIGZAG,,2025-09-21T11:51:00,구매확정,89000
ORD-000970145,CUST-000188285,ZIGZAG,,2026-05-25T15:18:00,구매확정,138000
ORD-000574585,CUST-000034301,ZIGZAG,,2025-12-17T20:52:00,구매확정,39000
ORD-001117032,CUST-000781860,ZIGZAG,,2026-07-23T17:24:00,배송완료,88000
ORD-000122239,CUST-000085627,ZIGZAG,,2024-12-21T19:40:00,구매확정,49000
ORD-000865329,CUST-000605651,ZIGZAG,,2026-04-12T21:11:00,구매확정,89000
ORD-000819714,CUST-000573692,ZIGZAG,,2026-03-24T20:43:00,구매확정,68000
ORD-000195773,CUST-000050542,ZIGZAG,,2025-03-15T23:08:00,구매확정,124000
ORD-000872561,CUST-000610663,ZIGZAG,,2026-04-15T21:50:00,구매확정,89000
ORD-000312355,CUST-000165136,ZIGZAG,,2025-07-08T09:59:00,구매확정,78000
ORD-000174156,CUST-000121958,ZIGZAG,,2025-03-06T08:12:00,구매확정,39000
ORD-000727590,CUST-000479686,ZIGZAG,,2026-03-03T19:20:00,구매확정,19000
ORD-000622090,CUST-000435253,ZIGZAG,,2026-01-04T22:19:00,구매확정,35000
ORD-000082146,CUST-000057495,ZIGZAG,,2024-10-08T10:31:00,구매확정,98000
ORD-001159617,CUST-000103921,ZIGZAG,,2026-07-31T14:58:00,배송완료,19000
ORD-000837563,CUST-000586202,ZIGZAG,,2026-03-31T15:28:00,구매확정,178000
ORD-001187490,CUST-000831162,ZIGZAG,,2026-08-04T20:35:00,배송완료,78000
ORD-000355778,CUST-000248935,ZIGZAG,,2025-08-03T17:41:00,구매확정,49000
ORD-000929487,CUST-000422712,ZIGZAG,,2026-05-09T08:03:00,구매확정,113000
ORD-000382788,CUST-000267800,ZIGZAG,,2025-08-19T20:32:00,구매확정,167000
ORD-000291711,CUST-000204181,ZIGZAG,,2025-06-19T09:02:00,구매확정,89000
ORD-000288268,CUST-000201767,ZIGZAG,,2025-06-15T08:35:00,구매확정,74000
ORD-000176283,CUST-000054757,ZIGZAG,,2025-03-07T20:31:00,구매확정,177000
ORD-000790370,CUST-000553226,ZIGZAG,,2026-03-14T18:31:00,구매확정,39000
ORD-000463291,CUST-000324069,ZIGZAG,,2025-10-21T11:28:00,구매확정,49000
ORD-000515772,CUST-000360889,ZIGZAG,,2025-11-23T21:47:00,구매확정,177000
ORD-000841036,CUST-000588627,ZIGZAG,,2026-04-02T12:59:00,구매확정,49000
ORD-001025917,CUST-000591774,ZIGZAG,,2026-06-16T13:54:00,구매확정,49000
ORD-000479669,CUST-000224567,ZIGZAG,,2025-11-02T18:55:00,구매확정,81000
ORD-000649899,CUST-000321858,ZIGZAG,,2026-01-14T17:50:00,구매확정,89000
ORD-000429600,CUST-000300530,ZIGZAG,,2025-09-26T21:54:00,구매확정,39000
ORD-000953875,CUST-000667425,ZIGZAG,,2026-05-18T19:00:00,구매확정,128000
ORD-001242158,CUST-000368381,ZIGZAG,,2026-08-16T08:27:00,배송완료,49000
ORD-001105064,CUST-000773477,ZIGZAG,,2026-07-18T08:15:00,배송완료,89000
ORD-000965405,CUST-000111232,ZIGZAG,,2026-05-23T13:16:00,구매확정,49000
ORD-000184814,CUST-000089666,ZIGZAG,,2025-03-10T15:37:00,구매확정,128000
ORD-000740299,CUST-000518242,ZIGZAG,,2026-03-05T13:10:00,구매확정,59000
ORD-000431995,CUST-000302212,ZIGZAG,,2025-09-27T15:49:00,구매확정,35000
ORD-000776166,CUST-000543337,ZIGZAG,,2026-03-11T16:46:00,구매확정,98000
ORD-000550435,CUST-000385184,ZIGZAG,,2025-12-02T14:52:00,구매확정,49000
ORD-000256330,CUST-000179371,ZIGZAG,,2025-05-15T16:31:00,구매확정,89000
ORD-001110628,CUST-000165652,ZIGZAG,,2026-07-20T21:40:00,배송완료,39000
ORD-000124183,CUST-000083908,ZIGZAG,,2024-12-23T23:39:00,구매확정,49000
ORD-000324808,CUST-000227318,ZIGZAG,,2025-07-20T12:33:00,구매확정,163000
ORD-000331361,CUST-000231913,ZIGZAG,,2025-07-26T13:38:00,구매확정,49000
ORD-000448958,CUST-000314061,ZIGZAG,,2025-10-10T23:05:00,구매확정,35000
ORD-000763628,CUST-000534680,ZIGZAG,,2026-03-09T18:22:00,구매확정,68000
ORD-000560311,CUST-000160738,ZIGZAG,,2025-12-09T20:42:00,구매확정,49000
ORD-000754761,CUST-000438332,ZIGZAG,,2026-03-08T11:48:00,구매확정,118000
ORD-000130228,CUST-000070706,ZIGZAG,,2024-12-31T09:35:00,구매확정,98000
ORD-000404604,CUST-000283061,ZIGZAG,,2025-09-07T19:29:00,구매확정,78000
ORD-000478551,CUST-000334721,ZIGZAG,,2025-11-01T21:22:00,구매확정,35000
ORD-001096374,CUST-000441531,ZIGZAG,,2026-07-15T15:13:00,구매확정,128000
ORD-000411475,CUST-000287888,ZIGZAG,,2025-09-12T09:56:00,구매확정,89000
ORD-001095660,CUST-000766852,ZIGZAG,,2026-07-15T16:30:00,구매확정,108000
ORD-001169085,CUST-000818366,ZIGZAG,,2026-08-01T17:59:00,배송완료,58000
ORD-000430826,CUST-000301381,ZIGZAG,,2025-09-27T21:58:00,구매확정,79000
ORD-001021475,CUST-000714821,ZIGZAG,,2026-06-14T20:27:00,구매확정,39000
ORD-000458619,CUST-000281207,ZIGZAG,,2025-10-17T23:00:00,구매확정,89000
ORD-000946254,CUST-000662144,ZIGZAG,,2026-05-16T10:41:00,구매확정,35000
ORD-000846705,CUST-000074310,ZIGZAG,,2026-04-04T10:19:00,구매확정,59000
ORD-000034976,CUST-000024502,ZIGZAG,,2024-06-10T20:45:00,구매확정,35000
ORD-000859923,CUST-000206265,ZIGZAG,,2026-04-10T17:22:00,구매확정,49000
ORD-000997506,CUST-000698049,ZIGZAG,,2026-06-05T21:04:00,구매확정,74000
ORD-000490025,CUST-000342816,ZIGZAG,,2025-11-09T12:16:00,구매확정,128000
ORD-000033102,CUST-000023181,ZIGZAG,,2024-06-03T10:39:00,구매확정,74000
ORD-000124131,CUST-000075630,ZIGZAG,,2024-12-23T21:54:00,구매확정,39000
ORD-001205044,CUST-000798894,ZIGZAG,,2026-08-07T13:42:00,배송완료,128000
ORD-000891289,CUST-000008177,ZIGZAG,,2026-04-23T09:25:00,구매확정,68000
ORD-000990148,CUST-000692906,ZIGZAG,,2026-06-02T19:05:00,구매확정,35000
ORD-001195544,CUST-000836763,ZIGZAG,,2026-08-05T19:01:00,배송완료,127000
ORD-000958663,CUST-000297849,ZIGZAG,,2026-05-20T10:29:00,구매확정,89000
ORD-000232379,CUST-000162672,ZIGZAG,,2025-04-21T13:42:00,구매확정,89000
ORD-000502237,CUST-000351383,ZIGZAG,,2025-11-19T16:19:00,구매확정,35000
ORD-000435343,CUST-000304566,ZIGZAG,,2025-09-30T16:11:00,구매확정,39000
ORD-000966841,CUST-000186747,ZIGZAG,,2026-05-24T15:33:00,구매확정,117000
ORD-000191789,CUST-000134330,ZIGZAG,,2025-03-13T10:42:00,구매확정,35000
ORD-000994793,CUST-000696190,ZIGZAG,,2026-06-04T12:36:00,구매확정,89000
ORD-000460959,CUST-000322426,ZIGZAG,,2025-10-19T21:13:00,구매확정,39000
ORD-000039635,CUST-000027783,ZIGZAG,,2024-06-25T08:44:00,구매확정,88000
ORD-000975040,CUST-000682315,ZIGZAG,,2026-05-27T23:16:00,구매확정,35000
ORD-000312228,CUST-000139002,ZIGZAG,,2025-07-08T09:05:00,구매확정,39000
ORD-000570284,CUST-000399026,ZIGZAG,,2025-12-16T09:15:00,구매확정,49000
ORD-000620505,CUST-000434159,ZIGZAG,,2026-01-03T10:54:00,구매확정,35000
ORD-001053037,CUST-000719787,ZIGZAG,,2026-06-27T16:25:00,구매확정,70000
ORD-001013154,CUST-000270522,ZIGZAG,,2026-06-12T18:42:00,구매확정,58000
ORD-000381480,CUST-000266900,ZIGZAG,,2025-08-17T23:13:00,구매확정,128000
ORD-000081969,CUST-000057372,ZIGZAG,,2024-10-08T14:33:00,구매확정,39000
ORD-000445728,CUST-000183078,ZIGZAG,,2025-10-08T13:36:00,구매확정,89000
ORD-000895100,CUST-000626413,ZIGZAG,,2026-04-24T14:14:00,구매확정,39000
ORD-000101423,CUST-000016243,ZIGZAG,,2024-11-22T08:38:00,구매확정,49000
ORD-000585909,CUST-000409998,ZIGZAG,,2025-12-21T16:46:00,구매확정,49000
ORD-000445606,CUST-000311730,ZIGZAG,,2025-10-08T18:44:00,구매확정,35000
ORD-000020489,CUST-000011573,ZIGZAG,,2024-04-21T13:29:00,구매확정,39000
ORD-001159804,CUST-000811931,ZIGZAG,,2026-07-31T16:09:00,배송완료,35000
ORD-000616406,CUST-000216849,ZIGZAG,,2026-01-02T09:40:00,구매확정,98000
ORD-000723841,CUST-000128647,ZIGZAG,,2026-03-02T11:18:00,구매확정,70000
ORD-000551111,CUST-000385674,ZIGZAG,,2025-12-02T14:03:00,구매확정,49000
ORD-000842968,CUST-000589989,ZIGZAG,,2026-04-03T19:10:00,구매확정,78000
ORD-000656280,CUST-000439944,ZIGZAG,,2026-01-18T22:31:00,구매확정,39000
ORD-000985768,CUST-000689863,ZIGZAG,,2026-05-31T23:23:00,구매확정,89000
ORD-001074146,CUST-000751763,OFFLINE,STORE-02,2026-07-06T22:49:00,구매확정,35000
ORD-000464978,CUST-000325252,ZIGZAG,,2025-10-22T14:41:00,구매확정,49000
ORD-000160784,CUST-000112577,ZIGZAG,,2025-03-01T08:10:00,구매확정,89000
ORD-000667560,CUST-000467103,ZIGZAG,,2026-01-26T21:15:00,구매확정,39000
ORD-000649285,CUST-000454329,ZIGZAG,,2026-01-14T09:02:00,구매확정,84000
ORD-000404399,CUST-000282920,ZIGZAG,,2025-09-07T20:35:00,구매확정,138000
ORD-000492395,CUST-000006133,ZIGZAG,,2025-11-11T11:17:00,구매확정,89000
ORD-001007451,CUST-000705022,ZIGZAG,,2026-06-09T10:39:00,구매확정,138000
ORD-000868454,CUST-000607803,ZIGZAG,,2026-04-13T21:37:00,구매확정,59000
ORD-000017632,CUST-000012346,ZIGZAG,,2024-04-11T10:57:00,구매확정,35000
ORD-000817436,CUST-000572135,ZIGZAG,,2026-03-23T14:43:00,구매확정,35000
ORD-000818218,CUST-000316391,ZIGZAG,,2026-03-23T14:38:00,구매확정,167000
ORD-001038836,CUST-000726970,OFFLINE,STORE-02,2026-06-21T16:27:00,구매확정,39000
ORD-001228692,CUST-000859984,ZIGZAG,,2026-08-11T20:19:00,배송완료,78000
ORD-000875785,CUST-000413349,ZIGZAG,,2026-04-16T10:50:00,구매확정,187000
ORD-000607101,CUST-000374931,ZIGZAG,,2025-12-29T12:11:00,구매확정,39000
ORD-000994385,CUST-000293989,ZIGZAG,,2026-06-04T20:14:00,구매확정,39000
ORD-001104302,CUST-000772929,ZIGZAG,,2026-07-18T18:52:00,배송완료,88000
ORD-000346578,CUST-000242505,ZIGZAG,,2025-07-31T23:34:00,구매확정,84000
ORD-000072330,CUST-000050617,ZIGZAG,,2024-09-14T09:14:00,구매확정,78000
ORD-000458320,CUST-000320591,OFFLINE,STORE-02,2025-10-17T11:03:00,구매확정,39000
ORD-000171130,CUST-000119801,ZIGZAG,,2025-03-05T10:37:00,구매확정,70000
ORD-000118586,CUST-000083078,ZIGZAG,,2024-12-16T08:08:00,구매확정,137000
ORD-000350250,CUST-000245090,ZIGZAG,,2025-08-02T13:27:00,구매확정,35000
ORD-000319718,CUST-000092005,ZIGZAG,,2025-07-15T21:52:00,구매확정,159000
ORD-000880374,CUST-000616156,ZIGZAG,,2026-04-18T22:32:00,구매확정,39000
ORD-000041675,CUST-000029161,ZIGZAG,,2024-07-02T21:04:00,구매확정,70000
ORD-001063253,CUST-000088435,OFFLINE,STORE-02,2026-07-02T13:10:00,구매확정,54000
ORD-000228740,CUST-000160146,ZIGZAG,,2025-04-18T22:56:00,구매확정,49000
ORD-001211985,CUST-000848312,ZIGZAG,,2026-08-08T10:41:00,배송완료,49000
ORD-000223079,CUST-000156225,ZIGZAG,,2025-04-12T23:49:00,구매확정,35000
ORD-000785120,CUST-000549579,ZIGZAG,,2026-03-13T17:39:00,구매확정,89000
ORD-001225788,CUST-000772038,ZIGZAG,,2026-08-10T19:02:00,배송완료,39000
ORD-000166127,CUST-000116298,ZIGZAG,,2025-03-02T20:03:00,구매확정,39000
ORD-000685016,CUST-000358249,ZIGZAG,,2026-02-08T17:50:00,구매확정,138000
ORD-000033879,CUST-000021355,ZIGZAG,,2024-06-06T08:21:00,구매확정,35000
ORD-000424945,CUST-000173420,ZIGZAG,,2025-09-22T15:30:00,구매확정,49000
ORD-000981836,CUST-000687068,ZIGZAG,,2026-05-30T21:05:00,구매확정,35000
ORD-001022639,CUST-000544804,ZIGZAG,,2026-06-15T18:49:00,구매확정,39000
ORD-000544118,CUST-000380729,ZIGZAG,,2025-11-30T19:30:00,구매확정,39000
ORD-000332977,CUST-000040008,ZIGZAG,,2025-07-26T16:00:00,구매확정,35000
ORD-001217414,CUST-000465859,ZIGZAG,,2026-08-09T19:43:00,배송완료,39000
ORD-001117887,CUST-000782466,ZIGZAG,,2026-07-24T13:10:00,배송완료,178000
ORD-000131835,CUST-000092367,ZIGZAG,,2025-01-02T15:22:00,구매확정,49000
ORD-000743658,CUST-000520587,ZIGZAG,,2026-03-06T12:46:00,구매확정,39000
ORD-000158603,CUST-000077530,ZIGZAG,,2025-02-25T12:23:00,구매확정,39000
ORD-000053653,CUST-000031484,ZIGZAG,,2024-08-01T10:17:00,구매확정,49000
ORD-000862048,CUST-000359485,ZIGZAG,,2026-04-11T17:04:00,구매확정,59000
ORD-000307451,CUST-000215164,ZIGZAG,,2025-07-04T23:24:00,구매확정,39000
ORD-001127192,CUST-000789019,ZIGZAG,,2026-07-25T13:55:00,배송완료,35000
ORD-000593675,CUST-000415414,ZIGZAG,,2025-12-24T19:07:00,구매확정,39000
ORD-000377055,CUST-000263807,ZIGZAG,,2025-08-14T17:58:00,구매확정,39000
ORD-000284986,CUST-000199439,ZIGZAG,,2025-06-13T16:04:00,구매확정,88000
ORD-001219688,CUST-000853714,ZIGZAG,,2026-08-09T20:31:00,배송완료,49000
ORD-000870135,CUST-000609007,ZIGZAG,,2026-04-14T17:03:00,구매확정,49000
ORD-000214280,CUST-000097157,ZIGZAG,,2025-04-03T23:18:00,구매확정,89000
ORD-000724677,CUST-000507263,ZIGZAG,,2026-03-02T16:50:00,구매확정,39000
ORD-000162533,CUST-000113781,ZIGZAG,,2025-03-01T13:04:00,구매확정,39000
ORD-001092389,CUST-000553986,ZIGZAG,,2026-07-13T11:32:00,구매확정,108000
ORD-000948961,CUST-000663973,ZIGZAG,,2026-05-16T13:22:00,구매확정,128000
ORD-000318610,CUST-000147334,ZIGZAG,,2025-07-14T14:25:00,구매확정,39000
ORD-001218349,CUST-000818548,ZIGZAG,,2026-08-09T19:57:00,배송완료,39000
ORD-001239535,CUST-000867453,ZIGZAG,,2026-08-15T22:28:00,배송완료,138000
ORD-000941591,CUST-000658859,ZIGZAG,,2026-05-13T14:17:00,구매확정,128000
ORD-000454613,CUST-000318007,ZIGZAG,,2025-10-14T18:24:00,구매확정,35000
ORD-000245588,CUST-000171874,ZIGZAG,,2025-05-04T19:52:00,구매확정,39000
ORD-000326533,CUST-000228514,ZIGZAG,,2025-07-22T13:54:00,구매확정,39000
ORD-000767213,CUST-000537154,ZIGZAG,,2026-03-09T12:59:00,구매확정,89000
ORD-000758651,CUST-000531136,ZIGZAG,,2026-03-08T21:31:00,구매확정,108000
ORD-000086701,CUST-000055191,ZIGZAG,,2024-10-20T23:45:00,구매확정,35000
ORD-000797997,CUST-000558592,ZIGZAG,,2026-03-15T13:29:00,구매확정,58000
ORD-000269526,CUST-000015733,ZIGZAG,,2025-05-28T08:48:00,구매확정,163000
ORD-000362757,CUST-000253798,OFFLINE,STORE-02,2025-08-06T16:03:00,구매확정,98000
ORD-000941805,CUST-000359931,ZIGZAG,,2026-05-13T12:52:00,구매확정,70000
ORD-000807168,CUST-000430984,ZIGZAG,,2026-03-19T08:03:00,구매확정,143000
ORD-000717041,CUST-000501871,ZIGZAG,,2026-03-01T09:24:00,구매확정,39000
ORD-000602315,CUST-000380544,ZIGZAG,,2025-12-28T23:10:00,구매확정,84000
ORD-001052184,CUST-000483849,ZIGZAG,,2026-06-27T22:16:00,구매확정,74000
ORD-000173194,CUST-000121274,ZIGZAG,,2025-03-06T19:36:00,구매확정,79000
ORD-000884695,CUST-000619218,ZIGZAG,,2026-04-20T15:07:00,구매확정,98000
ORD-001002986,CUST-000701870,ZIGZAG,,2026-06-07T19:47:00,구매확정,137000
ORD-000186776,CUST-000130835,ZIGZAG,,2025-03-11T14:51:00,구매확정,74000
ORD-000658890,CUST-000461053,ZIGZAG,,2026-01-20T15:53:00,구매확정,89000
ORD-000315546,CUST-000082941,ZIGZAG,,2025-07-12T20:17:00,구매확정,124000
ORD-000732357,CUST-000512618,ZIGZAG,,2026-03-04T08:18:00,구매확정,108000
ORD-000836814,CUST-000585674,ZIGZAG,,2026-03-31T18:44:00,구매확정,138000
ORD-000094560,CUST-000066203,ZIGZAG,,2024-11-09T13:11:00,구매확정,78000
ORD-000353026,CUST-000142543,ZIGZAG,,2025-08-03T11:10:00,구매확정,89000
ORD-000875824,CUST-000304463,ZIGZAG,,2026-04-16T12:01:00,구매확정,39000
ORD-000538882,CUST-000377091,ZIGZAG,,2025-11-29T12:04:00,구매확정,49000
ORD-000625394,CUST-000437561,ZIGZAG,,2026-01-05T20:36:00,구매확정,39000
ORD-000550522,CUST-000385248,ZIGZAG,,2025-12-02T09:23:00,구매확정,227000
ORD-000123175,CUST-000086309,ZIGZAG,,2024-12-22T19:03:00,구매확정,39000
ORD-000361427,CUST-000252859,ZIGZAG,,2025-08-06T18:59:00,구매확정,39000
ORD-000456204,CUST-000319133,ZIGZAG,,2025-10-15T08:45:00,구매확정,42000
ORD-000487271,CUST-000340869,ZIGZAG,,2025-11-08T10:16:00,구매확정,177000
ORD-001228151,CUST-000859595,OFFLINE,STORE-02,2026-08-10T15:59:00,배송완료,39000
ORD-000841522,CUST-000588968,ZIGZAG,,2026-04-02T13:45:00,구매확정,89000
ORD-000987924,CUST-000691380,ZIGZAG,,2026-06-01T09:57:00,구매확정,167000
ORD-000318152,CUST-000222675,ZIGZAG,,2025-07-14T08:17:00,구매확정,39000
ORD-000978614,CUST-000684798,ZIGZAG,,2026-05-29T20:21:00,구매확정,35000
ORD-000794294,CUST-000085886,ZIGZAG,,2026-03-14T15:09:00,구매확정,84000
ORD-000720314,CUST-000504194,ZIGZAG,,2026-03-02T16:27:00,구매확정,74000
ORD-000062942,CUST-000044009,ZIGZAG,,2024-08-17T16:43:00,구매확정,35000
ORD-000729098,CUST-000510376,ZIGZAG,,2026-03-03T13:15:00,구매확정,89000
ORD-001149854,CUST-000594174,ZIGZAG,,2026-07-29T10:02:00,배송완료,35000
ORD-000661984,CUST-000463211,ZIGZAG,,2026-01-22T12:27:00,구매확정,124000
ORD-000685958,CUST-000480017,ZIGZAG,,2026-02-09T15:59:00,구매확정,49000
ORD-000975857,CUST-000532434,ZIGZAG,,2026-05-27T16:07:00,구매확정,94000
ORD-001124706,CUST-000787263,ZIGZAG,,2026-07-25T20:47:00,배송완료,49000
ORD-000112257,CUST-000078658,ZIGZAG,,2024-12-01T08:04:00,구매확정,39000
ORD-000918207,CUST-000642572,ZIGZAG,,2026-05-03T22:18:00,구매확정,58000
ORD-000363048,CUST-000034310,ZIGZAG,,2025-08-07T16:16:00,구매확정,74000
ORD-001169808,CUST-000506521,ZIGZAG,,2026-08-01T09:17:00,배송완료,58000
ORD-000930622,CUST-000651207,ZIGZAG,,2026-05-09T23:28:00,구매확정,35000
ORD-000429176,CUST-000300251,ZIGZAG,,2025-09-25T18:04:00,구매확정,42000
ORD-000767413,CUST-000537296,ZIGZAG,,2026-03-09T18:59:00,구매확정,54000
ORD-000673188,CUST-000024268,ZIGZAG,,2026-01-31T11:00:00,구매확정,88000
ORD-000266969,CUST-000179634,ZIGZAG,,2025-05-26T22:10:00,구매확정,213000
ORD-001081529,CUST-000756933,ZIGZAG,,2026-07-09T12:38:00,구매확정,35000
ORD-000951660,CUST-000665828,ZIGZAG,,2026-05-17T13:54:00,구매확정,39000
ORD-000517457,CUST-000362061,ZIGZAG,,2025-11-23T12:28:00,구매확정,74000
ORD-000553593,CUST-000262781,ZIGZAG,,2025-12-05T23:27:00,구매확정,49000
ORD-000620739,CUST-000037412,OFFLINE,STORE-02,2026-01-03T21:29:00,구매확정,88000
ORD-000572210,CUST-000400376,ZIGZAG,,2025-12-16T22:58:00,구매확정,127000
ORD-000221766,CUST-000155275,ZIGZAG,,2025-04-11T17:17:00,구매확정,39000
ORD-000403789,CUST-000282485,ZIGZAG,,2025-09-06T21:32:00,구매확정,138000
ORD-000384075,CUST-000108343,ZIGZAG,,2025-08-20T18:55:00,구매확정,49000
ORD-000333008,CUST-000160472,ZIGZAG,,2025-07-26T15:14:00,구매확정,128000
ORD-000718873,CUST-000503173,ZIGZAG,,2026-03-01T20:17:00,구매확정,35000
ORD-000754322,CUST-000528082,ZIGZAG,,2026-03-07T18:21:00,구매확정,78000
ORD-000324507,CUST-000083539,ZIGZAG,,2025-07-20T13:46:00,구매확정,35000
ORD-000187550,CUST-000131352,ZIGZAG,,2025-03-11T10:15:00,구매확정,128000
ORD-000713930,CUST-000481554,ZIGZAG,,2026-03-01T23:56:00,구매확정,19000
ORD-001203830,CUST-000842572,ZIGZAG,,2026-08-07T09:48:00,배송완료,58000
ORD-000445900,CUST-000311928,ZIGZAG,,2025-10-08T19:29:00,구매확정,39000
ORD-000740502,CUST-000000551,ZIGZAG,,2026-03-05T18:32:00,구매확정,69000
ORD-000958041,CUST-000670340,ZIGZAG,,2026-05-20T10:43:00,구매확정,128000
ORD-000325360,CUST-000227709,ZIGZAG,,2025-07-21T16:16:00,구매확정,39000
ORD-000419837,CUST-000293689,ZIGZAG,,2025-09-18T20:31:00,구매확정,74000
ORD-000890118,CUST-000165606,ZIGZAG,,2026-04-22T15:17:00,구매확정,49000
ORD-000047386,CUST-000033151,ZIGZAG,,2024-07-21T23:45:00,구매확정,39000
ORD-000019877,CUST-000013923,ZIGZAG,,2024-04-19T23:44:00,구매확정,49000
ORD-000000766,CUST-000000144,ZIGZAG,,2024-03-02T18:56:00,구매확정,70000
ORD-001000150,CUST-000308371,ZIGZAG,,2026-06-06T18:29:00,구매확정,39000
ORD-001015623,CUST-000710714,ZIGZAG,,2026-06-13T18:24:00,구매확정,39000
ORD-000541084,CUST-000011188,ZIGZAG,,2025-11-29T22:03:00,구매확정,113000
ORD-000319467,CUST-000223597,OFFLINE,STORE-02,2025-07-15T16:59:00,구매확정,39000
ORD-000952041,CUST-000666122,ZIGZAG,,2026-05-17T23:26:00,구매확정,49000
ORD-001126014,CUST-000524114,ZIGZAG,,2026-07-25T21:06:00,배송완료,35000
ORD-000442412,CUST-000182151,ZIGZAG,,2025-10-05T20:12:00,구매확정,35000
ORD-000173538,CUST-000121524,ZIGZAG,,2025-03-06T13:05:00,구매확정,257000
ORD-000425758,CUST-000297876,ZIGZAG,,2025-09-22T17:09:00,구매확정,35000
ORD-000012468,CUST-000006616,ZIGZAG,,2024-03-23T08:27:00,구매확정,113000
ORD-001052399,CUST-000391612,ZIGZAG,,2026-06-27T19:24:00,구매확정,84000
ORD-000072424,CUST-000050686,ZIGZAG,,2024-09-14T10:56:00,구매확정,74000
ORD-000450410,CUST-000094432,ZIGZAG,,2025-10-11T18:09:00,구매확정,70000
ORD-000023825,CUST-000016686,ZIGZAG,,2024-05-03T22:34:00,구매확정,39000
ORD-000860119,CUST-000601957,ZIGZAG,,2026-04-10T08:48:00,구매확정,178000
ORD-000472615,CUST-000330566,ZIGZAG,,2025-10-27T16:15:00,구매확정,35000
ORD-000446139,CUST-000039457,ZIGZAG,,2025-10-08T16:29:00,구매확정,39000
ORD-000916522,CUST-000173088,ZIGZAG,,2026-05-03T15:02:00,구매확정,89000
ORD-000595308,CUST-000301347,ZIGZAG,,2025-12-25T09:21:00,구매확정,84000
ORD-000495424,CUST-000346610,ZIGZAG,,2025-11-14T12:57:00,구매확정,78000
ORD-000459033,CUST-000321083,ZIGZAG,,2025-10-18T09:58:00,구매확정,49000
ORD-000301580,CUST-000211073,ZIGZAG,,2025-06-28T10:52:00,구매확정,88000
ORD-000675001,CUST-000472335,ZIGZAG,,2026-02-01T19:17:00,구매확정,39000
ORD-000834489,CUST-000584050,ZIGZAG,,2026-03-30T14:37:00,구매확정,39000
ORD-000390254,CUST-000273096,ZIGZAG,,2025-08-26T21:00:00,구매확정,39000
ORD-001188522,CUST-000759282,ZIGZAG,,2026-08-04T14:32:00,배송완료,39000
ORD-000940740,CUST-000658269,ZIGZAG,,2026-05-13T10:17:00,구매확정,35000
ORD-000899650,CUST-000629622,ZIGZAG,,2026-04-26T19:33:00,구매확정,35000
ORD-000805692,CUST-000563927,ZIGZAG,,2026-03-18T21:13:00,구매확정,138000
ORD-000739276,CUST-000517522,ZIGZAG,,2026-03-05T22:25:00,구매확정,68000
ORD-000118985,CUST-000083343,ZIGZAG,,2024-12-16T17:28:00,구매확정,39000
ORD-000685549,CUST-000479727,ZIGZAG,,2026-02-08T18:32:00,구매확정,89000
ORD-000320340,CUST-000220537,ZIGZAG,,2025-07-16T16:24:00,구매확정,39000
ORD-001061561,CUST-000464435,ZIGZAG,,2026-07-01T20:42:00,구매확정,74000
ORD-001075505,CUST-000752682,ZIGZAG,,2026-07-06T12:36:00,구매확정,74000
ORD-000695558,CUST-000217793,ZIGZAG,,2026-02-16T11:36:00,구매확정,187000
ORD-001095443,CUST-000766706,ZIGZAG,,2026-07-14T10:12:00,구매확정,35000
ORD-000288540,CUST-000201963,ZIGZAG,,2025-06-16T22:54:00,구매확정,70000
ORD-000168049,CUST-000117672,ZIGZAG,,2025-03-03T12:48:00,구매확정,138000
ORD-001112329,CUST-000778548,ZIGZAG,,2026-07-21T10:26:00,배송완료,59000
ORD-000661420,CUST-000462826,ZIGZAG,,2026-01-22T23:00:00,구매확정,128000
ORD-000218721,CUST-000153133,ZIGZAG,,2025-04-07T11:34:00,구매확정,39000
ORD-001009454,CUST-000261826,ZIGZAG,,2026-06-10T16:22:00,구매확정,98000
ORD-000211708,CUST-000148206,OFFLINE,STORE-02,2025-03-31T22:56:00,구매확정,89000
ORD-000476473,CUST-000129058,ZIGZAG,,2025-10-31T22:48:00,구매확정,89000
ORD-001198908,CUST-000082769,ZIGZAG,,2026-08-06T09:23:00,배송완료,39000
ORD-001159775,CUST-000811909,ZIGZAG,,2026-07-31T12:47:00,배송완료,39000
ORD-000805206,CUST-000362904,ZIGZAG,,2026-03-18T10:24:00,구매확정,39000
ORD-000937355,CUST-000655857,ZIGZAG,,2026-05-11T13:36:00,구매확정,74000
ORD-000143231,CUST-000090269,ZIGZAG,,2025-01-17T14:25:00,구매확정,49000
ORD-000941570,CUST-000658848,ZIGZAG,,2026-05-13T14:29:00,구매확정,89000
ORD-000071311,CUST-000049895,ZIGZAG,,2024-09-11T13:00:00,구매확정,84000
ORD-000939304,CUST-000657256,ZIGZAG,,2026-05-12T18:10:00,구매확정,74000
ORD-000086109,CUST-000060255,ZIGZAG,,2024-10-19T15:51:00,구매확정,117000
ORD-001118397,CUST-000782820,ZIGZAG,,2026-07-24T22:15:00,배송완료,74000
ORD-001055149,CUST-000738416,ZIGZAG,,2026-06-28T08:05:00,구매확정,49000
ORD-000004033,CUST-000002862,ZIGZAG,,2024-03-06T22:07:00,구매확정,39000
ORD-000142939,CUST-000100097,ZIGZAG,,2025-01-17T12:49:00,구매확정,39000
ORD-001132009,CUST-000398836,ZIGZAG,,2026-07-26T11:16:00,배송완료,70000
ORD-000523342,CUST-000366172,ZIGZAG,,2025-11-24T23:35:00,구매확정,98000
ORD-000254021,CUST-000177765,ZIGZAG,,2025-05-13T19:09:00,구매확정,39000
ORD-000312264,CUST-000099426,ZIGZAG,,2025-07-08T13:34:00,구매확정,78000
ORD-000995363,CUST-000286876,ZIGZAG,,2026-06-04T11:02:00,구매확정,39000
ORD-000838597,CUST-000312414,ZIGZAG,,2026-04-01T15:14:00,구매확정,39000
ORD-000376336,CUST-000263314,ZIGZAG,,2025-08-13T15:24:00,구매확정,49000
ORD-000131034,CUST-000031916,ZIGZAG,,2025-01-01T22:14:00,구매확정,49000
ORD-000012611,CUST-000001552,ZIGZAG,,2024-03-24T13:48:00,구매확정,88000
ORD-000465210,CUST-000325408,ZIGZAG,,2025-10-22T13:58:00,구매확정,89000
ORD-000627258,CUST-000150209,ZIGZAG,,2026-01-06T17:26:00,구매확정,49000
ORD-000391968,CUST-000274271,ZIGZAG,,2025-08-28T17:57:00,구매확정,35000
ORD-000436090,CUST-000305073,ZIGZAG,,2025-09-30T17:09:00,구매확정,35000
ORD-000841570,CUST-000589002,ZIGZAG,,2026-04-02T14:09:00,구매확정,19000
ORD-000268442,CUST-000187873,ZIGZAG,,2025-05-27T14:22:00,구매확정,35000
ORD-000206335,CUST-000144447,ZIGZAG,,2025-03-26T18:03:00,구매확정,39000
ORD-000859995,CUST-000560452,ZIGZAG,,2026-04-10T15:21:00,구매확정,89000
ORD-000937629,CUST-000656062,ZIGZAG,,2026-05-12T17:04:00,구매확정,39000
ORD-000041235,CUST-000028869,ZIGZAG,,2024-06-30T22:43:00,구매확정,84000
ORD-000262523,CUST-000013338,ZIGZAG,,2025-05-22T15:13:00,구매확정,35000
ORD-000503920,CUST-000352573,ZIGZAG,,2025-11-20T18:55:00,구매확정,39000
ORD-001135612,CUST-000794856,ZIGZAG,,2026-07-26T18:48:00,배송완료,35000
ORD-000911390,CUST-000637780,ZIGZAG,,2026-05-01T14:23:00,구매확정,88000
ORD-000386720,CUST-000270576,ZIGZAG,,2025-08-23T10:12:00,구매확정,89000
ORD-000581494,CUST-000320317,ZIGZAG,,2025-12-20T16:19:00,구매확정,49000
ORD-000932067,CUST-000652208,ZIGZAG,,2026-05-09T19:58:00,구매확정,49000
ORD-001082337,CUST-000757494,ZIGZAG,,2026-07-09T15:42:00,구매확정,88000
ORD-000535661,CUST-000374792,ZIGZAG,,2025-11-28T12:33:00,구매확정,39000
ORD-000244940,CUST-000171420,ZIGZAG,,2025-05-04T14:55:00,구매확정,49000
ORD-000821386,CUST-000574880,ZIGZAG,,2026-03-25T20:26:00,구매확정,39000
ORD-000334226,CUST-000233892,ZIGZAG,,2025-07-26T21:55:00,구매확정,49000
ORD-000680868,CUST-000476463,ZIGZAG,,2026-02-05T09:10:00,구매확정,89000
ORD-000547168,CUST-000382864,ZIGZAG,,2025-11-30T21:03:00,구매확정,78000
ORD-000387164,CUST-000270884,ZIGZAG,,2025-08-23T23:24:00,구매확정,89000
ORD-000941444,CUST-000658755,ZIGZAG,,2026-05-13T22:35:00,구매확정,123000
ORD-001148413,CUST-000028011,ZIGZAG,,2026-07-29T13:11:00,배송완료,124000
ORD-000323973,CUST-000226730,ZIGZAG,,2025-07-20T18:13:00,구매확정,127000
ORD-001167390,CUST-000817199,ZIGZAG,,2026-08-01T18:51:00,배송완료,88000
ORD-000812600,CUST-000568737,OFFLINE,STORE-02,2026-03-21T19:25:00,구매확정,39000
ORD-001015733,CUST-000710787,ZIGZAG,,2026-06-13T23:49:00,구매확정,39000
ORD-000932360,CUST-000652403,ZIGZAG,,2026-05-10T18:22:00,구매확정,177000
ORD-000617079,CUST-000431736,ZIGZAG,,2026-01-02T11:27:00,구매확정,39000
ORD-000310180,CUST-000217074,ZIGZAG,,2025-07-06T10:17:00,구매확정,84000
ORD-000768811,CUST-000133717,ZIGZAG,,2026-03-10T23:58:00,구매확정,19000
ORD-000225732,CUST-000062481,ZIGZAG,,2025-04-14T08:08:00,구매확정,119000
ORD-000143258,CUST-000100304,ZIGZAG,,2025-01-18T19:33:00,구매확정,35000
