order_id,sku_code,qty,unit_price
ORD-000000314,NQ-TOP-002-2XL-NVY,1,39000
ORD-000000766,NQ-CLR-MUT-006-L-IVR,1,35000
ORD-000000766,NQ-CLR-MUT-003-M-IVR,1,35000
ORD-000003052,NQ-TOP-001-3XL-LYL,1,39000
ORD-000003844,NQ-PNT-001-M-BEG,1,49000
ORD-000004033,NQ-TOP-001-L-GRY,1,39000
ORD-000004724,NQ-PNT-003-S-GRY,1,49000
ORD-000004724,NQ-TOP-001-M-GRY,1,39000
ORD-000006820,NQ-TOP-001-S-LYL,1,39000
ORD-000008147,NQ-CLR-MUT-003-M-IVR,1,35000
ORD-000008449,NQ-TOP-002-2XL-WHT,1,39000
ORD-000008449,NQ-TOP-001-XL-WHT,1,39000
ORD-000008749,NQ-PNT-001-M-KHK,1,49000
ORD-000008970,NQ-TOP-001-M-GRY,1,39000
ORD-000008983,NQ-TOP-005-M-BLK,1,39000
ORD-000009528,NQ-CLR-MUT-006-S-IVR,1,35000
ORD-000011886,NQ-TOP-001-2XL-GRY,1,39000
ORD-000011886,NQ-PNT-002-L-BEG,1,49000
ORD-000012147,NQ-TOP-001-L-NVY,1,39000
ORD-000012468,NQ-TOP-003-L-BLK,1,39000
ORD-000012468,NQ-CLR-MUT-006-M-ASH,1,35000
ORD-000012468,NQ-TOP-005-L-GRY,1,39000
ORD-000012611,NQ-PNT-001-S-GRY,1,49000
ORD-000012611,NQ-TOP-001-L-SKB,1,39000
ORD-000013336,NQ-CLR-WRM-001-M-IVR,1,35000
ORD-000013336,NQ-CLR-WRM-004-M-CRM,1,35000
ORD-000013361,NQ-PNT-001-S-KHK,1,49000
ORD-000013558,NQ-TOP-004-S-WHT,1,39000
ORD-000013558,NQ-TOP-001-3XL-NVY,1,39000
ORD-000014111,NQ-PNT-001-XL-GRY,1,49000
ORD-000014186,NQ-CLR-MUT-003-S-CRM,1,35000
ORD-000014966,NQ-PNT-001-M-GRY,1,49000
ORD-000014966,NQ-PNT-001-2XL-BLK,1,49000
ORD-000015169,NQ-CLR-COOL-002-L-CRM,1,35000
ORD-000015169,NQ-PNT-001-S-BLK,1,49000
ORD-000017632,NQ-CLR-WRM-004-S-CRM,1,35000
ORD-000017814,NQ-CLR-WRM-001-M-CRM,1,35000
ORD-000018537,NQ-TOP-002-M-GRY,1,39000
ORD-000018537,NQ-TOP-001-4XL-LYL,1,39000
ORD-000018537,NQ-CLR-COOL-005-S-ASH,1,35000
ORD-000018725,NQ-TOP-002-M-NVY,1,39000
ORD-000018725,NQ-PNT-003-S-GRY,1,49000
ORD-000018923,NQ-PNT-003-XL-BEG,1,49000
ORD-000019121,NQ-CLR-MUT-006-M-ASH,1,35000
ORD-000019121,NQ-CLR-COOL-002-L-IVR,1,35000
ORD-000019662,NQ-TOP-001-L-LYL,1,39000
ORD-000019709,NQ-CLR-MUT-003-L-CRM,1,35000
ORD-000019721,NQ-CLR-WRM-001-M-IVR,1,35000
ORD-000019721,NQ-PNT-002-M-GRY,1,49000
ORD-000019877,NQ-PNT-001-XS-GRY,1,49000
ORD-000020489,NQ-TOP-001-2XL-SKB,1,39000
ORD-000021723,NQ-TOP-001-M-BLK,1,39000
ORD-000021979,NQ-TOP-002-L-BLK,1,39000
ORD-000021979,NQ-TOP-001-S-SKB,1,39000
ORD-000022973,NQ-CLR-COOL-002-M-IVR,1,35000
ORD-000023335,NQ-TOP-001-L-LYL,1,39000
ORD-000023335,NQ-TOP-002-M-BLK,1,39000
ORD-000023574,NQ-CLR-COOL-002-L-CRM,1,35000
ORD-000023574,NQ-CLR-WRM-001-M-IVR,1,35000
ORD-000023825,NQ-TOP-001-L-WHT,1,39000
ORD-000023998,NQ-PNT-001-S-BLK,1,49000
ORD-000026728,NQ-TOP-001-3XL-SKB,1,39000
ORD-000026756,NQ-TOP-001-M-GRY,1,39000
ORD-000026756,NQ-TOP-001-M-LYL,1,39000
ORD-000028866,NQ-CLR-MUT-003-L-IVR,1,35000
ORD-000028866,NQ-TOP-001-L-GRY,1,39000
ORD-000029836,NQ-PNT-002-2XL-BLK,1,49000
ORD-000029836,NQ-TOP-001-S-WHT,1,39000
ORD-000030055,NQ-TOP-001-3XL-ORC,1,39000
ORD-000030055,NQ-PNT-002-S-BLK,1,49000
ORD-000030295,NQ-PNT-003-S-GRY,1,49000
ORD-000030295,NQ-TOP-003-M-BLK,1,39000
ORD-000032476,NQ-TOP-001-M-GRY,1,39000
ORD-000032670,NQ-TOP-001-S-BLK,1,39000
ORD-000032716,NQ-TOP-002-L-WHT,1,39000
ORD-000032716,NQ-CLR-MUT-003-S-IVR,1,35000
ORD-000032736,NQ-CLR-MUT-003-L-ASH,1,35000
ORD-000033102,NQ-TOP-001-S-SKB,1,39000
ORD-000033102,NQ-CLR-MUT-006-L-CRM,1,35000
ORD-000033879,NQ-CLR-WRM-004-S-IVR,1,35000
ORD-000034108,NQ-TOP-001-S-WHT,1,39000
ORD-000034108,NQ-PNT-001-M-BLK,1,49000
ORD-000034976,NQ-CLR-MUT-003-S-IVR,1,35000
ORD-000035345,NQ-PNT-001-3XL-GRY,1,49000
ORD-000035345,NQ-TOP-001-M-GRY,1,39000
ORD-000035345,NQ-CLR-COOL-002-L-CRM,1,35000
ORD-000036648,NQ-CLR-COOL-002-L-IVR,1,35000
ORD-000036648,NQ-CLR-MUT-003-M-CRM,1,35000
ORD-000036648,NQ-PNT-001-M-GRY,1,49000
ORD-000036864,NQ-CLR-MUT-003-L-IVR,1,35000
ORD-000036864,NQ-PNT-001-M-BLK,1,49000
ORD-000037067,NQ-PNT-004-2XL-BLK,1,49000
ORD-000037067,NQ-PNT-001-L-KHK,1,49000
ORD-000037107,NQ-TOP-001-L-NVY,1,39000
ORD-000037753,NQ-PNT-001-M-NVY,1,49000
ORD-000038954,NQ-CLR-COOL-005-L-CRM,1,35000
ORD-000039635,NQ-TOP-002-S-GRY,1,39000
ORD-000039635,NQ-PNT-001-XL-KHK,1,49000
ORD-000040385,NQ-TOP-001-2XL-ORC,1,39000
ORD-000040385,NQ-TOP-001-2XL-WHT,1,39000
ORD-000040414,NQ-CLR-COOL-005-S-ASH,1,35000
ORD-000041235,NQ-CLR-COOL-005-L-CRM,1,35000
ORD-000041235,NQ-PNT-001-L-NVY,1,49000
ORD-000041675,NQ-CLR-WRM-004-L-IVR,1,35000
ORD-000041675,NQ-CLR-WRM-004-L-CRM,1,35000
ORD-000042157,NQ-PNT-002-2XL-GRY,1,49000
ORD-000042157,NQ-TOP-003-M-NVY,1,39000
ORD-000042553,NQ-CLR-WRM-004-M-IVR,1,35000
ORD-000042814,NQ-TOP-001-S-SKB,1,39000
ORD-000043004,NQ-TOP-001-2XL-BLK,1,39000
ORD-000043004,NQ-TOP-001-XL-ORC,1,39000
ORD-000043427,NQ-CLR-MUT-006-S-ASH,1,35000
ORD-000043427,NQ-TOP-001-L-GRY,1,39000
ORD-000044017,NQ-PNT-002-3XL-GRY,1,49000
ORD-000044017,NQ-CLR-WRM-001-L-ASH,1,35000
ORD-000045012,NQ-TOP-002-XL-NVY,1,39000
ORD-000047386,NQ-TOP-001-M-WHT,1,39000
ORD-000047563,NQ-TOP-003-M-NVY,1,39000
ORD-000047778,NQ-PNT-001-XL-BLK,1,49000
ORD-000049009,NQ-TOP-001-M-LYL,1,39000
ORD-000049051,NQ-TOP-001-S-GRY,1,39000
ORD-000049051,NQ-CLR-MUT-003-S-ASH,1,35000
ORD-000049074,NQ-CLR-COOL-005-L-CRM,1,35000
ORD-000049074,NQ-PNT-001-M-GRY,1,49000
ORD-000049247,NQ-CLR-COOL-005-L-CRM,1,35000
ORD-000049247,NQ-CLR-MUT-003-L-IVR,1,35000
ORD-000049247,NQ-PNT-003-4XL-BLK,1,49000
ORD-000050279,NQ-TOP-003-XS-GRY,1,39000
ORD-000050279,NQ-TOP-001-S-WHT,1,39000
ORD-000050279,NQ-TOP-001-XL-ORC,1,39000
ORD-000050727,NQ-PNT-001-M-BEG,1,49000
ORD-000051167,NQ-TOP-002-L-WHT,1,39000
ORD-000051167,NQ-CLR-MUT-003-M-IVR,1,35000
ORD-000051186,NQ-PNT-001-L-BEG,1,49000
ORD-000051462,NQ-TOP-001-L-BLK,1,39000
ORD-000051462,NQ-CLR-COOL-002-M-ASH,1,35000
ORD-000051515,NQ-TOP-005-M-NVY,1,39000
ORD-000051515,NQ-TOP-002-XL-GRY,1,39000
ORD-000053184,NQ-TOP-001-L-WHT,1,39000
ORD-000053184,NQ-TOP-003-L-BLK,1,39000
ORD-000053184,NQ-CLR-MUT-003-S-CRM,1,35000
ORD-000053349,NQ-TOP-001-XL-NVY,1,39000
ORD-000053349,NQ-CLR-MUT-003-L-ASH,1,35000
ORD-000053653,NQ-PNT-001-S-NVY,1,49000
ORD-000053792,NQ-PNT-004-XS-GRY,1,49000
ORD-000053792,NQ-TOP-002-L-BLK,1,39000
ORD-000054899,NQ-TOP-001-L-GRY,1,39000
ORD-000055651,NQ-CLR-MUT-003-S-CRM,1,35000
ORD-000057283,NQ-TOP-004-L-BLK,1,39000
ORD-000058946,NQ-CLR-COOL-002-L-CRM,1,35000
ORD-000058946,NQ-PNT-001-L-NVY,1,49000
ORD-000059302,NQ-PNT-001-2XL-NVY,1,49000
ORD-000059302,NQ-PNT-001-S-NVY,1,49000
ORD-000061839,NQ-TOP-001-XS-ORC,1,39000
ORD-000061839,NQ-TOP-002-M-GRY,1,39000
ORD-000062012,NQ-PNT-004-XL-GRY,1,49000
ORD-000062012,NQ-PNT-001-M-NVY,1,49000
ORD-000062327,NQ-CLR-MUT-003-M-CRM,1,35000
ORD-000062327,NQ-TOP-001-2XL-BLK,1,39000
ORD-000062942,NQ-CLR-WRM-001-S-ASH,1,35000
ORD-000065523,NQ-PNT-001-S-BLK,1,49000
ORD-000065523,NQ-TOP-001-XL-BLK,1,39000
ORD-000067058,NQ-TOP-001-XL-ORC,1,39000
ORD-000067058,NQ-TOP-001-S-SKB,1,39000
ORD-000067058,NQ-PNT-003-L-BEG,1,49000
ORD-000067385,NQ-TOP-002-L-NVY,1,39000
ORD-000067385,NQ-TOP-002-M-NVY,1,39000
ORD-000067385,NQ-TOP-001-L-WHT,1,39000
ORD-000067599,NQ-CLR-MUT-003-L-CRM,1,35000
ORD-000067652,NQ-PNT-001-XL-GRY,1,49000
ORD-000067764,NQ-TOP-001-L-BLK,1,39000
ORD-000067764,NQ-TOP-001-3XL-NVY,1,39000
ORD-000068150,NQ-TOP-001-XL-ORC,1,39000
ORD-000068405,NQ-PNT-002-L-GRY,1,49000
ORD-000068405,NQ-CLR-WRM-004-L-IVR,1,35000
ORD-000069216,NQ-PNT-001-XL-BLK,1,49000
ORD-000069405,NQ-TOP-001-XL-ORC,1,39000
ORD-000069442,NQ-TOP-005-M-NVY,1,39000
ORD-000070787,NQ-TOP-003-M-BLK,1,39000
ORD-000071286,NQ-CLR-MUT-003-L-IVR,1,35000
ORD-000071286,NQ-TOP-001-M-GRY,1,39000
ORD-000071286,NQ-CLR-COOL-002-M-IVR,1,35000
ORD-000071311,NQ-CLR-COOL-002-L-CRM,1,35000
ORD-000071311,NQ-PNT-001-3XL-BLK,1,49000
ORD-000072330,NQ-TOP-001-XL-WHT,1,39000
ORD-000072330,NQ-TOP-005-3XL-BLK,1,39000
ORD-000072424,NQ-TOP-001-3XL-BLK,1,39000
ORD-000072424,NQ-CLR-COOL-002-L-ASH,1,35000
ORD-000073364,NQ-TOP-001-M-LYL,1,39000
ORD-000074804,NQ-CLR-MUT-003-M-ASH,1,35000
ORD-000074804,NQ-CLR-COOL-002-M-CRM,1,35000
ORD-000077404,NQ-CLR-WRM-001-L-CRM,1,35000
ORD-000078124,NQ-CLR-MUT-003-L-IVR,1,35000
ORD-000078304,NQ-PNT-002-L-GRY,1,49000
ORD-000078304,NQ-CLR-COOL-002-L-IVR,1,35000
ORD-000078803,NQ-PNT-003-XL-GRY,1,49000
ORD-000078803,NQ-TOP-002-M-BLK,1,39000
ORD-000080305,NQ-TOP-003-M-WHT,1,39000
ORD-000080305,NQ-PNT-001-XL-KHK,1,49000
ORD-000081414,NQ-CLR-WRM-001-M-ASH,1,35000
ORD-000081969,NQ-TOP-001-2XL-BLK,1,39000
ORD-000082128,NQ-CLR-MUT-006-S-ASH,1,35000
ORD-000082146,NQ-PNT-003-XL-GRY,1,49000
ORD-000082146,NQ-PNT-001-S-BEG,1,49000
ORD-000082983,NQ-CLR-COOL-002-S-ASH,1,35000
ORD-000083112,NQ-TOP-001-M-LYL,1,39000
ORD-000083491,NQ-PNT-001-3XL-GRY,1,49000
ORD-000083612,NQ-TOP-003-M-BLK,1,39000
ORD-000083612,NQ-TOP-001-3XL-ORC,1,39000
ORD-000086064,NQ-PNT-003-L-GRY,1,49000
ORD-000086109,NQ-TOP-001-XL-WHT,1,39000
ORD-000086109,NQ-TOP-004-M-NVY,1,39000
ORD-000086109,NQ-TOP-001-L-LYL,1,39000
ORD-000086701,NQ-CLR-WRM-001-S-CRM,1,35000
ORD-000087445,NQ-CLR-MUT-006-M-ASH,1,35000
ORD-000087445,NQ-PNT-001-L-KHK,1,49000
ORD-000089009,NQ-CLR-COOL-002-M-CRM,1,35000
ORD-000090649,NQ-CLR-WRM-004-M-CRM,1,35000
ORD-000090649,NQ-PNT-001-XS-KHK,1,49000
ORD-000090712,NQ-CLR-COOL-005-L-IVR,1,35000
ORD-000091453,NQ-PNT-002-XL-GRY,1,49000
ORD-000092563,NQ-CLR-WRM-001-L-IVR,1,35000
ORD-000092563,NQ-TOP-001-M-WHT,1,39000
ORD-000092782,NQ-TOP-001-M-ORC,1,39000
ORD-000094231,NQ-PNT-003-XL-BEG,1,49000
ORD-000094560,NQ-TOP-001-L-GRY,1,39000
ORD-000094560,NQ-TOP-001-M-LYL,1,39000
ORD-000094879,NQ-PNT-001-M-BEG,1,49000
ORD-000096218,NQ-CLR-COOL-002-L-CRM,1,35000
ORD-000097659,NQ-PNT-003-4XL-GRY,1,49000
ORD-000097659,NQ-PNT-001-3XL-KHK,1,49000
ORD-000097723,NQ-CLR-MUT-006-L-ASH,1,35000
ORD-000098752,NQ-PNT-003-L-BEG,1,49000
ORD-000098784,NQ-TOP-002-XL-WHT,1,39000
ORD-000099707,NQ-TOP-001-M-NVY,1,39000
ORD-000099707,NQ-CLR-MUT-003-M-IVR,1,35000
ORD-000099818,NQ-TOP-001-XL-LYL,1,39000
ORD-000101423,NQ-PNT-001-L-BEG,1,49000
ORD-000102339,NQ-TOP-001-S-ORC,1,39000
ORD-000102731,NQ-CLR-COOL-002-L-CRM,1,35000
ORD-000103180,NQ-PNT-001-XS-KHK,1,49000
ORD-000103783,NQ-TOP-003-M-GRY,1,39000
ORD-000103783,NQ-TOP-001-L-LYL,1,39000
ORD-000104077,NQ-TOP-001-M-SKB,1,39000
ORD-000104321,NQ-TOP-001-3XL-NVY,1,39000
ORD-000104900,NQ-PNT-001-XL-BLK,1,49000
ORD-000104900,NQ-PNT-003-L-BEG,1,49000
ORD-000105666,NQ-TOP-001-M-LYL,1,39000
ORD-000105666,NQ-CLR-WRM-001-S-ASH,1,35000
ORD-000106485,NQ-CLR-MUT-003-M-CRM,1,35000
ORD-000106485,NQ-TOP-001-4XL-BLK,1,39000
ORD-000107648,NQ-CLR-COOL-005-S-IVR,1,35000
ORD-000108697,NQ-PNT-001-4XL-BEG,1,49000
ORD-000108697,NQ-PNT-001-XL-GRY,1,49000
ORD-000108736,NQ-CLR-WRM-004-M-CRM,1,35000
ORD-000109529,NQ-CLR-MUT-003-L-ASH,1,35000
ORD-000109617,NQ-CLR-WRM-001-M-ASH,1,35000
ORD-000109707,NQ-PNT-001-L-BEG,1,49000
ORD-000109707,NQ-CLR-MUT-003-S-CRM,1,35000
ORD-000109913,NQ-CLR-COOL-002-S-ASH,1,35000
ORD-000109913,NQ-PNT-002-4XL-BEG,1,49000
ORD-000110064,NQ-PNT-001-M-GRY,1,49000
ORD-000110064,NQ-PNT-001-3XL-GRY,1,49000
ORD-000110064,NQ-TOP-001-L-SKB,1,39000
ORD-000110719,NQ-CLR-WRM-001-S-CRM,1,35000
ORD-000112257,NQ-TOP-001-S-LYL,1,39000
ORD-000115869,NQ-TOP-001-XL-ORC,1,39000
ORD-000115869,NQ-CLR-WRM-004-M-CRM,1,35000
ORD-000115926,NQ-PNT-001-XL-GRY,1,49000
ORD-000116732,NQ-TOP-001-4XL-LYL,1,39000
ORD-000116754,NQ-PNT-001-XS-GRY,1,49000
ORD-000117445,NQ-PNT-001-M-NVY,1,49000
ORD-000117445,NQ-PNT-001-2XL-NVY,1,49000
ORD-000118586,NQ-PNT-001-S-NVY,1,49000
ORD-000118586,NQ-TOP-001-2XL-ORC,1,39000
ORD-000118586,NQ-PNT-002-XL-BEG,1,49000
ORD-000118985,NQ-TOP-001-M-WHT,1,39000
ORD-000119236,NQ-PNT-001-M-KHK,1,49000
ORD-000120587,NQ-TOP-001-2XL-NVY,1,39000
ORD-000120587,NQ-PNT-004-L-BEG,1,49000
ORD-000121810,NQ-PNT-003-XL-BEG,1,49000
ORD-000121810,NQ-TOP-001-M-NVY,1,39000
ORD-000122239,NQ-PNT-001-2XL-KHK,1,49000
ORD-000122556,NQ-TOP-004-M-GRY,1,39000
ORD-000123175,NQ-TOP-003-3XL-NVY,1,39000
ORD-000124131,NQ-TOP-003-L-NVY,1,39000
ORD-000124183,NQ-PNT-003-M-BEG,1,49000
ORD-000124235,NQ-TOP-004-4XL-NVY,1,39000
ORD-000124282,NQ-TOP-001-M-ORC,1,39000
ORD-000124282,NQ-TOP-003-2XL-WHT,1,39000
ORD-000125665,NQ-PNT-002-3XL-BEG,1,49000
ORD-000125665,NQ-TOP-003-M-WHT,1,39000
ORD-000125816,NQ-PNT-003-S-BEG,1,49000
ORD-000125816,NQ-TOP-005-3XL-BLK,1,39000
ORD-000125816,NQ-TOP-003-2XL-GRY,1,39000
ORD-000126500,NQ-TOP-001-L-BLK,1,39000
ORD-000126765,NQ-PNT-001-2XL-KHK,1,49000
ORD-000127346,NQ-TOP-001-M-ORC,1,39000
ORD-000127716,NQ-PNT-001-3XL-GRY,1,49000
ORD-000127989,NQ-TOP-001-M-ORC,1,39000
ORD-000129647,NQ-PNT-003-2XL-BEG,1,49000
ORD-000129734,NQ-TOP-002-S-NVY,1,39000
ORD-000129757,NQ-TOP-001-4XL-LYL,1,39000
ORD-000129757,NQ-TOP-001-XL-ORC,1,39000
ORD-000129859,NQ-PNT-001-4XL-KHK,1,49000
ORD-000130228,NQ-PNT-001-XS-KHK,1,49000
ORD-000130228,NQ-PNT-001-2XL-GRY,1,49000
ORD-000131034,NQ-PNT-002-4XL-BEG,1,49000
ORD-000131698,NQ-PNT-001-4XL-BEG,1,49000
ORD-000131835,NQ-PNT-001-3XL-KHK,1,49000
ORD-000132868,NQ-TOP-001-XL-WHT,1,39000
ORD-000134800,NQ-CLR-WRM-004-L-CRM,1,35000
ORD-000138642,NQ-PNT-001-M-BEG,1,49000
ORD-000138642,NQ-CLR-MUT-003-L-IVR,1,35000
ORD-000139135,NQ-TOP-001-2XL-WHT,1,39000
ORD-000139463,NQ-TOP-001-XL-NVY,1,39000
ORD-000139463,NQ-TOP-001-2XL-BLK,1,39000
ORD-000139463,NQ-TOP-001-XL-ORC,1,39000
ORD-000141115,NQ-TOP-004-2XL-GRY,1,39000
ORD-000141387,NQ-TOP-001-2XL-WHT,1,39000
ORD-000142939,NQ-TOP-001-S-GRY,1,39000
ORD-000143231,NQ-PNT-001-L-KHK,1,49000
ORD-000143258,NQ-CLR-MUT-003-M-ASH,1,35000
ORD-000145048,NQ-CLR-MUT-003-M-ASH,1,35000
ORD-000145048,NQ-TOP-001-L-BLK,1,39000
ORD-000145201,NQ-TOP-002-M-WHT,1,39000
ORD-000145414,NQ-CLR-MUT-003-L-IVR,1,35000
ORD-000145414,NQ-TOP-001-M-ORC,1,39000
ORD-000145414,NQ-PNT-001-L-KHK,1,49000
ORD-000145786,NQ-CLR-MUT-003-M-IVR,1,35000
ORD-000145786,NQ-CLR-COOL-002-M-CRM,1,35000
ORD-000146421,NQ-PNT-001-XL-KHK,1,49000
ORD-000146421,NQ-TOP-002-M-NVY,1,39000
ORD-000148161,NQ-TOP-001-M-LYL,1,39000
ORD-000148995,NQ-PNT-001-2XL-BLK,1,49000
ORD-000149357,NQ-CLR-COOL-002-S-IVR,1,35000
ORD-000149960,NQ-TOP-002-XS-BLK,1,39000
ORD-000149960,NQ-CLR-MUT-003-M-CRM,1,35000
ORD-000150721,NQ-CLR-COOL-002-M-ASH,1,35000
ORD-000150721,NQ-TOP-001-S-ORC,1,39000
ORD-000151521,NQ-CLR-WRM-001-S-IVR,1,35000
ORD-000151934,NQ-CLR-WRM-001-S-IVR,1,35000
ORD-000151934,NQ-TOP-004-L-BLK,1,39000
ORD-000151983,NQ-CLR-WRM-004-M-CRM,1,35000
ORD-000156072,NQ-TOP-001-L-WHT,1,39000
ORD-000156072,NQ-TOP-001-L-GRY,1,39000
ORD-000156072,NQ-TOP-002-M-GRY,1,39000
ORD-000158603,NQ-TOP-003-M-BLK,1,39000
ORD-000160784,NQ-OUT-001-S-BLK,1,89000
ORD-000160823,NQ-PNT-001-S-BEG,1,49000
ORD-000161578,TRD-OUT-01-NAT-003-S-BLK,1,79000
ORD-000162533,NQ-TOP-001-M-SKB,1,39000
ORD-000163131,NQ-OUT-002-M-BEG,1,89000
ORD-000163131,NQ-CLR-WRM-001-L-IVR,1,35000
ORD-000164739,NQ-CLR-COOL-002-L-ASH,1,35000
ORD-000164970,NQ-TOP-002-L-GRY,1,39000
ORD-000165180,NQ-CLR-COOL-002-L-ASH,1,35000
ORD-000165734,NQ-OUT-001-M-BLK,1,89000
ORD-000165942,NQ-TOP-001-XL-BLK,1,39000
ORD-000165942,NQ-OUT-001-L-GRY,1,89000
ORD-000166127,NQ-TOP-001-M-NVY,1,39000
ORD-000166651,NQ-TOP-001-L-NVY,1,39000
ORD-000166880,NQ-TOP-001-M-BLK,1,39000
ORD-000167268,NQ-OUT-002-M-NVY,1,89000
ORD-000167268,NQ-OUT-001-M-BLK,1,89000
ORD-000168049,NQ-PNT-002-M-BEG,1,49000
ORD-000168049,NQ-OUT-001-L-BLK,1,89000
ORD-000168141,NQ-OUT-001-L-BLK,1,89000
ORD-000169620,NQ-OUT-001-S-NVY,1,89000
ORD-000169620,NQ-CLR-MUT-006-M-IVR,1,35000
ORD-000169754,TRD-OUT-01-NAT-003-S-GRY,1,79000
ORD-000170945,NQ-OUT-002-S-BEG,1,89000
ORD-000171130,NQ-CLR-WRM-001-L-CRM,1,35000
ORD-000171130,NQ-CLR-MUT-003-L-IVR,1,35000
ORD-000171168,NQ-PNT-001-4XL-KHK,1,49000
ORD-000172428,NQ-OUT-002-M-GRY,1,89000
ORD-000172428,TRD-OUT-01-STR-001-S-GRY,1,79000
ORD-000172565,NQ-PNT-002-L-BEG,1,49000
ORD-000173194,TRD-OUT-01-WAV-002-S-GRY,1,79000
ORD-000173538,NQ-OUT-001-M-NVY,1,89000
ORD-000173538,NQ-OUT-001-M-GRY,1,89000
ORD-000173538,TRD-OUT-01-WAV-002-M-GRY,1,79000
ORD-000174156,NQ-TOP-001-M-LYL,1,39000
ORD-000175493,NQ-CLR-COOL-002-M-ASH,1,35000
ORD-000175541,NQ-PNT-001-S-KHK,1,49000
ORD-000175541,NQ-PNT-001-3XL-BEG,1,49000
ORD-000176283,NQ-OUT-001-L-GRY,1,89000
ORD-000176283,NQ-PNT-002-M-GRY,1,49000
ORD-000176283,NQ-TOP-001-S-GRY,1,39000
ORD-000177408,NQ-TOP-001-2XL-BLK,1,39000
ORD-000177631,NQ-TOP-001-M-GRY,1,39000
ORD-000177631,NQ-CLR-COOL-005-L-ASH,1,35000
ORD-000177631,NQ-OUT-002-L-GRY,1,89000
ORD-000178926,NQ-OUT-001-L-BEG,1,89000
ORD-000179204,NQ-OUT-001-M-BEG,1,89000
ORD-000179204,NQ-CLR-WRM-001-M-CRM,1,35000
ORD-000179204,NQ-OUT-001-M-BLK,1,89000
ORD-000181661,NQ-OUT-001-M-NVY,1,89000
ORD-000182966,NQ-CLR-COOL-002-S-ASH,1,35000
ORD-000183360,NQ-CLR-COOL-005-L-ASH,1,35000
ORD-000184708,TRD-OUT-01-STR-001-S-BLK,1,79000
ORD-000184708,NQ-TOP-001-2XL-GRY,1,39000
ORD-000184814,TRD-OUT-01-NAT-003-L-GRY,1,79000
ORD-000184814,NQ-PNT-002-3XL-BLK,1,49000
ORD-000184958,NQ-OUT-001-L-BLK,1,89000
ORD-000185055,NQ-PNT-003-L-BLK,1,49000
ORD-000185573,NQ-PNT-001-S-BEG,1,49000
ORD-000186563,NQ-OUT-001-S-BEG,1,89000
ORD-000186776,NQ-CLR-WRM-001-S-CRM,1,35000
ORD-000186776,NQ-TOP-001-L-SKB,1,39000
ORD-000186874,NQ-CLR-COOL-002-M-ASH,1,35000
ORD-000187252,NQ-PNT-001-L-KHK,1,49000
ORD-000187550,NQ-TOP-005-2XL-NVY,1,39000
ORD-000187550,NQ-OUT-001-L-GRY,1,89000
ORD-000187700,NQ-CLR-MUT-003-S-CRM,1,35000
ORD-000188071,NQ-CLR-WRM-001-S-CRM,1,35000
ORD-000188124,NQ-CLR-MUT-003-L-ASH,1,35000
ORD-000188623,NQ-TOP-001-S-WHT,1,39000
ORD-000188623,NQ-CLR-MUT-006-M-CRM,1,35000
ORD-000188647,NQ-TOP-002-XL-BLK,1,39000
ORD-000188647,NQ-CLR-MUT-003-S-CRM,1,35000
ORD-000188647,NQ-PNT-001-XS-BEG,1,49000
ORD-000189849,NQ-CLR-WRM-001-S-ASH,1,35000
ORD-000189849,NQ-OUT-003-M-GRY,1,89000
ORD-000190253,NQ-TOP-001-S-SKB,1,39000
ORD-000191789,NQ-CLR-WRM-001-S-IVR,1,35000
ORD-000192145,NQ-TOP-005-2XL-NVY,1,39000
ORD-000192848,NQ-OUT-002-M-BEG,1,89000
ORD-000193659,NQ-CLR-MUT-003-L-CRM,1,35000
ORD-000193659,NQ-PNT-001-S-KHK,1,49000
ORD-000193904,NQ-TOP-001-S-NVY,1,39000
ORD-000193904,NQ-PNT-001-L-BLK,1,49000
ORD-000194025,NQ-TOP-001-XS-LYL,1,39000
ORD-000194121,NQ-PNT-004-M-BEG,1,49000
ORD-000195638,NQ-PNT-001-L-GRY,1,49000
ORD-000195638,NQ-CLR-MUT-003-S-ASH,1,35000
ORD-000195638,NQ-TOP-001-M-ORC,1,39000
ORD-000195751,NQ-OUT-001-L-NVY,1,89000
ORD-000195751,NQ-CLR-WRM-001-L-CRM,1,35000
ORD-000195751,NQ-CLR-COOL-005-S-CRM,1,35000
ORD-000195773,NQ-CLR-COOL-002-L-CRM,1,35000
ORD-000195773,NQ-OUT-001-S-BLK,1,89000
ORD-000195974,NQ-OUT-001-L-BEG,1,89000
ORD-000196099,NQ-CLR-WRM-001-L-IVR,1,35000
ORD-000197023,NQ-TOP-005-L-NVY,1,39000
ORD-000197131,NQ-PNT-003-M-BEG,1,49000
ORD-000197131,NQ-OUT-002-M-BLK,1,89000
ORD-000197131,NQ-CLR-COOL-002-L-IVR,1,35000
ORD-000197268,NQ-TOP-001-2XL-SKB,1,39000
ORD-000197493,NQ-TOP-001-M-BLK,1,39000
ORD-000197493,NQ-OUT-002-S-BEG,1,89000
ORD-000197493,NQ-OUT-001-S-BLK,1,89000
ORD-000197494,NQ-CLR-WRM-001-L-CRM,1,35000
ORD-000197494,NQ-PNT-003-L-BEG,1,49000
ORD-000197921,NQ-CLR-MUT-003-S-CRM,1,35000
ORD-000197921,NQ-CLR-COOL-002-L-CRM,1,35000
ORD-000198324,NQ-CLR-MUT-003-L-CRM,1,35000
ORD-000198324,NQ-PNT-001-L-BLK,1,49000
ORD-000199388,NQ-PNT-004-XL-GRY,1,49000
ORD-000201883,NQ-OUT-003-S-BLK,1,89000
ORD-000202309,NQ-CLR-MUT-003-S-ASH,1,35000
ORD-000202660,NQ-TOP-004-M-WHT,1,39000
ORD-000202766,NQ-CLR-WRM-001-S-CRM,1,35000
ORD-000202766,NQ-CLR-WRM-001-M-ASH,1,35000
ORD-000203267,NQ-PNT-001-S-NVY,1,49000
ORD-000203267,NQ-CLR-COOL-005-M-ASH,1,35000
ORD-000203551,NQ-OUT-001-M-GRY,1,89000
ORD-000203551,NQ-OUT-001-S-BLK,1,89000
ORD-000205110,NQ-CLR-COOL-002-L-CRM,1,35000
ORD-000205110,NQ-TOP-001-L-NVY,1,39000
ORD-000205648,NQ-PNT-001-L-NVY,1,49000
ORD-000205665,NQ-TOP-001-M-WHT,1,39000
ORD-000206318,NQ-OUT-001-L-BLK,1,89000
ORD-000206318,NQ-OUT-003-L-BLK,1,89000
ORD-000206318,NQ-PNT-001-M-BLK,1,49000
ORD-000206335,NQ-TOP-001-XS-WHT,1,39000
ORD-000207534,NQ-OUT-001-S-BEG,1,89000
ORD-000209107,NQ-CLR-COOL-002-L-CRM,1,35000
ORD-000209658,NQ-TOP-001-XL-WHT,1,39000
ORD-000209658,NQ-OUT-001-M-BLK,1,89000
ORD-000210239,NQ-OUT-001-S-BEG,1,89000
ORD-000210239,NQ-PNT-001-L-KHK,1,49000
ORD-000211197,NQ-TOP-002-M-GRY,1,39000
ORD-000211197,NQ-OUT-001-L-NVY,1,89000
ORD-000211708,NQ-OUT-002-S-BLK,1,89000
ORD-000212647,NQ-OUT-001-S-NVY,1,89000
ORD-000212838,NQ-TOP-001-2XL-ORC,1,39000
ORD-000212838,NQ-TOP-001-M-GRY,1,39000
ORD-000213373,NQ-CLR-COOL-002-L-IVR,1,35000
ORD-000213422,NQ-PNT-001-2XL-NVY,1,49000
ORD-000214280,NQ-OUT-002-M-NVY,1,89000
ORD-000215449,NQ-OUT-001-L-GRY,1,89000
ORD-000215449,NQ-OUT-001-S-BLK,1,89000
ORD-000215813,NQ-PNT-001-2XL-GRY,1,49000
ORD-000215871,NQ-TOP-001-M-WHT,1,39000
ORD-000215871,NQ-CLR-WRM-001-M-CRM,1,35000
ORD-000217519,NQ-CLR-WRM-001-M-CRM,1,35000
ORD-000217894,NQ-PNT-001-XL-NVY,1,49000
ORD-000217976,NQ-CLR-WRM-001-S-IVR,1,35000
ORD-000217976,NQ-OUT-001-S-GRY,1,89000
ORD-000217982,NQ-TOP-001-S-GRY,1,39000
ORD-000218405,NQ-CLR-WRM-001-S-IVR,1,35000
ORD-000218450,NQ-OUT-001-S-GRY,1,89000
ORD-000218721,NQ-TOP-001-S-BLK,1,39000
ORD-000220789,NQ-TOP-001-M-ORC,1,39000
ORD-000220829,NQ-PNT-002-XL-BLK,1,49000
ORD-000220829,NQ-OUT-002-S-GRY,1,89000
ORD-000220829,NQ-CLR-COOL-002-S-CRM,1,35000
ORD-000221766,NQ-TOP-001-S-SKB,1,39000
ORD-000222918,NQ-CLR-WRM-001-M-ASH,1,35000
ORD-000223079,NQ-CLR-MUT-003-L-CRM,1,35000
ORD-000223324,NQ-CLR-MUT-006-M-ASH,1,35000
ORD-000223324,NQ-TOP-001-M-ORC,1,39000
ORD-000223831,NQ-TOP-002-XL-GRY,1,39000
ORD-000223831,NQ-TOP-002-3XL-NVY,1,39000
ORD-000223831,NQ-TOP-002-XS-NVY,1,39000
ORD-000224627,NQ-CLR-WRM-001-S-CRM,1,35000
ORD-000225649,NQ-CLR-WRM-004-S-IVR,1,35000
ORD-000225732,NQ-CLR-MUT-003-S-ASH,1,35000
ORD-000225732,NQ-CLR-WRM-001-L-IVR,1,35000
ORD-000225732,NQ-PNT-003-XL-BLK,1,49000
ORD-000225941,NQ-CLR-MUT-003-S-ASH,1,35000
ORD-000225941,NQ-OUT-002-S-GRY,1,89000
ORD-000226703,NQ-PNT-001-S-GRY,1,49000
ORD-000227588,NQ-PNT-001-XL-BLK,1,49000
ORD-000227588,NQ-OUT-001-M-GRY,1,89000
ORD-000227588,NQ-CLR-WRM-001-S-ASH,1,35000
ORD-000227641,NQ-TOP-001-S-BLK,1,39000
ORD-000228730,NQ-PNT-003-M-BLK,1,49000
ORD-000228740,NQ-PNT-001-3XL-BLK,1,49000
ORD-000229863,NQ-TOP-001-M-LYL,1,39000
ORD-000229863,NQ-PNT-001-S-BEG,1,49000
ORD-000229959,NQ-PNT-001-XL-BEG,1,49000
ORD-000229959,NQ-OUT-001-M-GRY,1,89000
ORD-000230153,NQ-CLR-MUT-003-L-IVR,1,35000
ORD-000230443,NQ-CLR-WRM-001-S-ASH,1,35000
ORD-000231474,NQ-TOP-001-S-BLK,1,39000
ORD-000232379,NQ-OUT-001-S-BLK,1,89000
ORD-000232510,NQ-CLR-COOL-002-S-CRM,1,35000
ORD-000233564,NQ-TOP-001-M-BLK,1,39000
ORD-000233665,NQ-TOP-001-L-WHT,1,39000
ORD-000235233,NQ-OUT-001-L-BLK,1,89000
ORD-000236678,NQ-TOP-001-M-BLK,1,39000
ORD-000236678,NQ-OUT-002-M-BLK,1,89000
ORD-000237191,NQ-OUT-001-S-BLK,1,89000
ORD-000237191,NQ-TOP-002-M-WHT,1,39000
ORD-000237191,NQ-CLR-COOL-002-S-IVR,1,35000
ORD-000237697,NQ-OUT-001-S-GRY,1,89000
ORD-000237697,NQ-OUT-001-S-BEG,1,89000
ORD-000237697,NQ-OUT-001-M-NVY,1,89000
ORD-000239226,NQ-TOP-001-3XL-LYL,1,39000
ORD-000241517,NQ-OUT-001-L-NVY,1,89000
ORD-000242564,NQ-CLR-WRM-004-M-ASH,1,35000
ORD-000242564,NQ-TOP-003-S-GRY,1,39000
ORD-000243376,NQ-PNT-002-M-GRY,1,49000
ORD-000243376,NQ-PNT-001-XL-BLK,1,49000
ORD-000243428,NQ-PNT-001-L-NVY,1,49000
ORD-000244004,NQ-OUT-001-M-GRY,1,89000
ORD-000244217,NQ-TOP-001-M-NVY,1,39000
ORD-000244743,NQ-TOP-005-XL-WHT,1,39000
ORD-000244940,NQ-PNT-003-S-GRY,1,49000
ORD-000245137,NQ-TOP-003-M-GRY,1,39000
ORD-000245263,NQ-TOP-001-S-ORC,1,39000
ORD-000245588,NQ-TOP-001-L-WHT,1,39000
ORD-000246336,NQ-OUT-001-S-GRY,1,89000
ORD-000246528,NQ-OUT-002-M-BEG,1,89000
ORD-000246670,NQ-TOP-001-L-GRY,1,39000
ORD-000246788,NQ-OUT-001-S-BEG,1,89000
ORD-000247802,NQ-TOP-001-L-LYL,1,39000
ORD-000248245,NQ-CLR-MUT-003-L-IVR,1,35000
ORD-000248245,NQ-OUT-001-S-GRY,1,89000
ORD-000248245,NQ-PNT-001-2XL-NVY,1,49000
ORD-000249840,NQ-CLR-MUT-003-L-CRM,1,35000
ORD-000250059,NQ-CLR-WRM-001-L-ASH,1,35000
ORD-000250208,NQ-TOP-001-XL-GRY,1,39000
ORD-000250664,NQ-OUT-001-L-BLK,1,89000
ORD-000251077,NQ-PNT-001-L-BLK,1,49000
ORD-000251101,NQ-PNT-003-L-GRY,1,49000
ORD-000251101,NQ-CLR-COOL-002-M-ASH,1,35000
ORD-000251961,NQ-PNT-003-L-BLK,1,49000
ORD-000252474,NQ-TOP-001-XL-NVY,1,39000
ORD-000254021,NQ-TOP-001-S-BLK,1,39000
ORD-000254173,NQ-OUT-001-M-GRY,1,89000
ORD-000254173,NQ-TOP-002-2XL-NVY,1,39000
ORD-000254173,NQ-CLR-COOL-002-M-CRM,1,35000
ORD-000254582,NQ-TOP-001-3XL-NVY,1,39000
ORD-000254877,NQ-CLR-COOL-002-S-CRM,1,35000
ORD-000254877,NQ-TOP-001-M-LYL,1,39000
ORD-000255853,NQ-TOP-001-L-WHT,1,39000
ORD-000255962,NQ-OUT-001-L-GRY,1,89000
ORD-000256330,NQ-OUT-002-M-BLK,1,89000
ORD-000257396,NQ-CLR-MUT-006-S-ASH,1,35000
ORD-000257705,NQ-TOP-001-XL-LYL,1,39000
ORD-000259033,NQ-CLR-WRM-001-M-CRM,1,35000
ORD-000259044,NQ-PNT-001-XL-BLK,1,49000
ORD-000259058,NQ-CLR-WRM-001-M-IVR,1,35000
ORD-000259058,NQ-OUT-001-S-BEG,1,89000
ORD-000259505,NQ-OUT-001-S-NVY,1,89000
ORD-000260071,NQ-TOP-001-3XL-LYL,1,39000
ORD-000260309,NQ-CLR-MUT-003-L-IVR,1,35000
ORD-000260309,NQ-CLR-COOL-002-L-CRM,1,35000
ORD-000260315,NQ-TOP-001-XL-SKB,1,39000
ORD-000260315,NQ-PNT-002-M-BLK,1,49000
ORD-000260315,NQ-TOP-004-L-BLK,1,39000
ORD-000260825,NQ-TOP-003-M-WHT,1,39000
ORD-000262523,NQ-CLR-MUT-006-M-IVR,1,35000
ORD-000262946,NQ-PNT-002-L-BLK,1,49000
ORD-000262946,NQ-CLR-MUT-003-L-CRM,1,35000
ORD-000263135,NQ-TOP-001-M-NVY,1,39000
ORD-000263441,NQ-CLR-WRM-004-S-IVR,1,35000
ORD-000263606,NQ-CLR-MUT-006-M-ASH,1,35000
ORD-000263606,NQ-TOP-001-XL-GRY,1,39000
ORD-000263737,NQ-TOP-002-3XL-WHT,1,39000
ORD-000263737,NQ-CLR-COOL-002-S-ASH,1,35000
ORD-000263766,NQ-PNT-002-L-GRY,1,49000
ORD-000263766,NQ-OUT-001-M-NVY,1,89000
ORD-000264370,NQ-CLR-WRM-001-M-CRM,1,35000
ORD-000264370,NQ-TOP-004-L-GRY,1,39000
ORD-000265023,NQ-CLR-WRM-001-S-IVR,1,35000
ORD-000266175,NQ-OUT-001-M-BEG,1,89000
ORD-000266175,NQ-OUT-001-S-BEG,1,89000
ORD-000266969,NQ-CLR-COOL-002-M-IVR,1,35000
ORD-000266969,NQ-OUT-001-L-BLK,1,89000
ORD-000266969,NQ-OUT-001-S-GRY,1,89000
ORD-000268018,NQ-PNT-001-XS-NVY,1,49000
ORD-000268442,NQ-CLR-WRM-001-S-ASH,1,35000
ORD-000268797,NQ-PNT-001-L-BLK,1,49000
ORD-000269526,NQ-OUT-003-M-NVY,1,89000
ORD-000269526,NQ-CLR-COOL-002-M-IVR,1,35000
ORD-000269526,NQ-TOP-001-M-GRY,1,39000
ORD-000270213,NQ-CLR-WRM-001-L-CRM,1,35000
ORD-000270862,NQ-TOP-001-L-WHT,1,39000
ORD-000270994,NQ-TOP-001-L-SKB,1,39000
ORD-000271837,NQ-TOP-001-S-WHT,1,39000
ORD-000271837,NQ-CLR-WRM-001-L-IVR,1,35000
ORD-000272080,NQ-CLR-WRM-001-L-ASH,1,35000
ORD-000272080,NQ-PNT-001-2XL-KHK,1,49000
ORD-000273288,NQ-PNT-001-M-BLK,1,49000
ORD-000273589,NQ-TOP-003-L-WHT,1,39000
ORD-000276693,NQ-TOP-001-XL-GRY,1,39000
ORD-000276749,NQ-PNT-003-4XL-BLK,1,49000
ORD-000276749,NQ-CLR-MUT-003-M-ASH,1,35000
ORD-000278176,NQ-OUT-001-S-BLK,1,89000
ORD-000280105,NQ-CLR-MUT-003-M-CRM,1,35000
ORD-000280183,NQ-PNT-001-S-GRY,1,49000
ORD-000282626,NQ-CLR-WRM-001-M-ASH,1,35000
ORD-000283492,NQ-PNT-001-L-KHK,1,49000
ORD-000283492,NQ-PNT-004-M-BLK,1,49000
ORD-000283818,NQ-CLR-WRM-004-S-IVR,1,35000
ORD-000284986,NQ-PNT-002-S-GRY,1,49000
ORD-000284986,NQ-TOP-001-L-NVY,1,39000
ORD-000285251,NQ-PNT-001-L-KHK,1,49000
ORD-000286195,NQ-TOP-001-L-ORC,1,39000
ORD-000286195,NQ-PNT-001-4XL-NVY,1,49000
ORD-000286195,NQ-PNT-003-M-BEG,1,49000
ORD-000287244,NQ-TOP-001-S-SKB,1,39000
ORD-000288124,NQ-OUT-001-M-NVY,1,89000
ORD-000288254,NQ-TOP-001-M-NVY,1,39000
ORD-000288268,NQ-TOP-001-3XL-BLK,1,39000
ORD-000288268,NQ-CLR-WRM-004-L-CRM,1,35000
ORD-000288540,NQ-CLR-COOL-002-L-ASH,1,35000
ORD-000288540,NQ-CLR-WRM-001-L-ASH,1,35000
ORD-000288821,NQ-OUT-003-S-NVY,1,89000
ORD-000288821,NQ-PNT-001-L-BEG,1,49000
ORD-000289493,NQ-PNT-002-S-BLK,1,49000
ORD-000289493,NQ-TOP-001-M-NVY,1,39000
ORD-000289493,NQ-CLR-WRM-001-S-CRM,1,35000
ORD-000289665,NQ-CLR-COOL-002-M-CRM,1,35000
ORD-000289665,NQ-TOP-001-XL-WHT,1,39000
ORD-000290095,NQ-CLR-COOL-002-L-IVR,1,35000
ORD-000290952,NQ-CLR-WRM-004-L-CRM,1,35000
ORD-000290952,NQ-CLR-WRM-001-M-ASH,1,35000
ORD-000291711,NQ-OUT-001-M-BLK,1,89000
ORD-000292093,NQ-TOP-001-L-BLK,1,39000
ORD-000292093,NQ-TOP-001-2XL-LYL,1,39000
ORD-000292093,NQ-TOP-003-M-BLK,1,39000
ORD-000293371,NQ-PNT-001-L-NVY,1,49000
ORD-000293398,NQ-CLR-MUT-003-S-CRM,1,35000
ORD-000293430,NQ-TOP-001-L-NVY,1,39000
ORD-000293430,NQ-PNT-001-M-NVY,1,49000
ORD-000294092,NQ-PNT-001-3XL-BEG,1,49000
ORD-000294261,NQ-CLR-WRM-001-L-ASH,1,35000
ORD-000294717,NQ-CLR-WRM-001-S-CRM,1,35000
ORD-000295291,NQ-PNT-001-XS-BEG,1,49000
ORD-000295291,NQ-CLR-MUT-003-L-ASH,1,35000
ORD-000296038,NQ-PNT-001-XL-GRY,1,49000
ORD-000297673,NQ-TOP-001-XL-GRY,1,39000
ORD-000297878,NQ-CLR-WRM-001-S-IVR,1,35000
ORD-000298060,NQ-OUT-001-L-NVY,1,89000
ORD-000298060,NQ-PNT-002-L-GRY,1,49000
ORD-000298060,NQ-CLR-WRM-001-S-CRM,1,35000
ORD-000298618,NQ-OUT-001-S-BLK,1,89000
ORD-000298627,NQ-PNT-004-XL-BLK,1,49000
ORD-000299211,NQ-CLR-COOL-002-L-CRM,1,35000
ORD-000299224,NQ-PNT-002-XL-BLK,1,49000
ORD-000299494,NQ-PNT-001-XL-GRY,1,49000
ORD-000299494,NQ-TOP-001-L-ORC,1,39000
ORD-000299494,NQ-CLR-COOL-005-L-CRM,1,35000
ORD-000300935,NQ-TOP-001-XL-ORC,1,39000
ORD-000300997,NQ-PNT-001-M-BEG,1,49000
ORD-000301424,NQ-PNT-001-S-NVY,1,49000
ORD-000301580,NQ-PNT-001-S-BEG,1,49000
ORD-000301580,NQ-TOP-001-2XL-ORC,1,39000
ORD-000302014,NQ-CLR-MUT-006-M-IVR,1,35000
ORD-000302951,NQ-TOP-001-L-SKB,1,39000
ORD-000304757,NQ-CLR-MUT-003-L-CRM,1,35000
ORD-000305277,NQ-OUT-002-L-BLK,1,89000
ORD-000305277,NQ-TOP-001-L-NVY,1,39000
ORD-000305343,NQ-OUT-002-M-BEG,1,89000
ORD-000305343,NQ-CLR-COOL-005-L-ASH,1,35000
ORD-000305901,NQ-OUT-001-S-BLK,1,89000
ORD-000306182,NQ-PNT-001-L-BEG,1,49000
ORD-000306273,NQ-PNT-001-2XL-GRY,1,49000
ORD-000306273,NQ-TOP-003-S-BLK,1,39000
ORD-000306273,NQ-TOP-001-L-BLK,1,39000
ORD-000306817,NQ-PNT-001-M-BLK,1,49000
ORD-000307451,NQ-TOP-001-L-NVY,1,39000
ORD-000307869,NQ-TOP-001-2XL-LYL,1,39000
ORD-000307944,NQ-OUT-001-L-BEG,1,89000
ORD-000307944,NQ-TOP-001-M-ORC,1,39000
ORD-000308305,NQ-TOP-001-3XL-ORC,1,39000
ORD-000308305,NQ-OUT-001-S-GRY,1,89000
ORD-000308305,NQ-TOP-001-L-BLK,1,39000
ORD-000309546,NQ-OUT-001-S-NVY,1,89000
ORD-000309889,NQ-TOP-001-XL-ORC,1,39000
ORD-000309889,NQ-CLR-WRM-001-M-IVR,1,35000
ORD-000310180,NQ-PNT-004-2XL-GRY,1,49000
ORD-000310180,NQ-CLR-WRM-001-M-IVR,1,35000
ORD-000311139,NQ-PNT-001-M-BLK,1,49000
ORD-000311139,NQ-PNT-001-2XL-KHK,1,49000
ORD-000311528,NQ-PNT-001-M-KHK,1,49000
ORD-000312228,NQ-TOP-003-XS-NVY,1,39000
ORD-000312264,NQ-TOP-003-L-NVY,1,39000
ORD-000312264,NQ-TOP-001-S-GRY,1,39000
ORD-000312355,NQ-TOP-003-L-GRY,1,39000
ORD-000312355,NQ-TOP-001-XL-SKB,1,39000
ORD-000312847,NQ-OUT-001-S-BEG,1,89000
ORD-000315546,NQ-CLR-COOL-002-M-ASH,1,35000
ORD-000315546,NQ-OUT-001-M-BLK,1,89000
ORD-000316172,NQ-PNT-001-M-KHK,1,49000
ORD-000316211,NQ-TOP-001-M-SKB,1,39000
ORD-000316400,NQ-TOP-001-2XL-NVY,1,39000
ORD-000316400,NQ-TOP-001-S-NVY,1,39000
ORD-000317342,NQ-TOP-001-XL-NVY,1,39000
ORD-000317906,NQ-PNT-001-XL-BLK,1,49000
ORD-000318152,NQ-TOP-001-L-GRY,1,39000
ORD-000318186,NQ-PNT-003-M-BLK,1,49000
ORD-000318186,NQ-PNT-001-XS-GRY,1,49000
ORD-000318610,NQ-TOP-001-XL-NVY,1,39000
ORD-000318697,NQ-CLR-MUT-003-M-ASH,1,35000
ORD-000318697,NQ-OUT-001-S-NVY,1,89000
ORD-000318864,NQ-CLR-WRM-001-S-IVR,1,35000
ORD-000319467,NQ-TOP-001-2XL-SKB,1,39000
ORD-000319718,NQ-CLR-WRM-001-S-IVR,1,35000
ORD-000319718,NQ-OUT-003-S-BLK,1,89000
ORD-000319718,NQ-CLR-MUT-003-L-ASH,1,35000
ORD-000320340,NQ-TOP-001-2XL-BLK,1,39000
ORD-000320376,NQ-PNT-001-XL-BLK,1,49000
ORD-000320503,NQ-PNT-003-2XL-GRY,1,49000
ORD-000320813,NQ-TOP-002-2XL-GRY,1,39000
ORD-000320813,NQ-CLR-WRM-001-M-CRM,1,35000
ORD-000320813,NQ-PNT-001-M-NVY,1,49000
ORD-000320835,NQ-CLR-MUT-003-S-CRM,1,35000
ORD-000320872,NQ-CLR-WRM-001-M-IVR,1,35000
ORD-000320929,NQ-CLR-COOL-002-S-ASH,1,35000
ORD-000320929,NQ-TOP-001-3XL-NVY,1,39000
ORD-000321203,NQ-TOP-001-L-GRY,1,39000
ORD-000321958,NQ-TOP-003-XL-WHT,1,39000
ORD-000321958,NQ-CLR-MUT-003-S-CRM,1,35000
ORD-000322984,NQ-CLR-MUT-006-M-ASH,1,35000
ORD-000322984,NQ-TOP-002-XL-GRY,1,39000
ORD-000322984,NQ-PNT-001-L-NVY,1,49000
ORD-000323973,NQ-TOP-001-M-SKB,1,39000
ORD-000323973,NQ-PNT-004-2XL-GRY,1,49000
ORD-000323973,NQ-TOP-001-S-BLK,1,39000
ORD-000324060,NQ-PNT-003-2XL-BLK,1,49000
ORD-000324261,NQ-TOP-002-M-GRY,1,39000
ORD-000324507,NQ-CLR-COOL-002-S-IVR,1,35000
ORD-000324644,NQ-TOP-002-L-GRY,1,39000
ORD-000324644,NQ-TOP-001-S-SKB,1,39000
ORD-000324808,NQ-OUT-002-M-NVY,1,89000
ORD-000324808,NQ-CLR-COOL-005-L-ASH,1,35000
ORD-000324808,NQ-TOP-004-XL-NVY,1,39000
ORD-000325360,NQ-TOP-001-L-BLK,1,39000
ORD-000326533,NQ-TOP-002-XL-BLK,1,39000
ORD-000326574,NQ-OUT-002-L-NVY,1,89000
ORD-000326574,NQ-PNT-003-L-GRY,1,49000
ORD-000326726,NQ-CLR-WRM-001-L-CRM,1,35000
ORD-000328438,NQ-PNT-001-XL-BLK,1,49000
ORD-000328474,NQ-PNT-001-L-BLK,1,49000
ORD-000329082,NQ-CLR-MUT-003-S-CRM,1,35000
ORD-000329183,NQ-CLR-MUT-003-S-ASH,1,35000
ORD-000329183,NQ-PNT-003-L-GRY,1,49000
ORD-000330041,NQ-TOP-001-2XL-GRY,1,39000
ORD-000330041,NQ-CLR-COOL-002-S-IVR,1,35000
ORD-000330568,NQ-CLR-COOL-002-L-ASH,1,35000
ORD-000330568,NQ-PNT-001-2XL-GRY,1,49000
ORD-000331361,NQ-PNT-001-M-KHK,1,49000
ORD-000331568,NQ-CLR-COOL-002-L-ASH,1,35000
ORD-000332271,NQ-CLR-COOL-002-S-CRM,1,35000
ORD-000332271,NQ-OUT-001-M-BEG,1,89000
ORD-000332271,NQ-CLR-MUT-006-M-ASH,1,35000
ORD-000332977,NQ-CLR-MUT-003-S-ASH,1,35000
ORD-000333008,NQ-OUT-001-L-GRY,1,89000
ORD-000333008,NQ-TOP-001-XL-WHT,1,39000
ORD-000334226,NQ-PNT-001-M-BEG,1,49000
ORD-000334457,NQ-TOP-002-3XL-GRY,1,39000
ORD-000334457,NQ-TOP-001-XL-BLK,1,39000
ORD-000334457,NQ-PNT-001-M-BLK,1,49000
ORD-000334832,NQ-TOP-001-3XL-SKB,1,39000
ORD-000335656,NQ-TOP-001-L-NVY,1,39000
ORD-000336323,NQ-PNT-004-L-GRY,1,49000
ORD-000336323,NQ-CLR-COOL-005-S-IVR,1,35000
ORD-000336323,NQ-CLR-COOL-002-S-ASH,1,35000
ORD-000336642,NQ-PNT-004-M-BEG,1,49000
ORD-000337316,NQ-CLR-MUT-003-M-ASH,1,35000
ORD-000337316,NQ-OUT-001-L-NVY,1,89000
ORD-000337316,NQ-OUT-001-M-NVY,1,89000
ORD-000338294,NQ-PNT-002-L-BLK,1,49000
ORD-000338468,NQ-PNT-001-XL-BLK,1,49000
ORD-000338468,NQ-TOP-004-L-NVY,1,39000
ORD-000341213,NQ-OUT-001-M-NVY,1,89000
ORD-000341213,NQ-CLR-WRM-004-L-ASH,1,35000
ORD-000341213,NQ-PNT-002-M-BEG,1,49000
ORD-000341606,NQ-CLR-MUT-003-M-ASH,1,35000
ORD-000341698,NQ-CLR-WRM-004-S-ASH,1,35000
ORD-000342120,NQ-TOP-001-2XL-WHT,1,39000
ORD-000343124,NQ-PNT-003-S-BLK,1,49000
ORD-000343124,NQ-TOP-001-2XL-SKB,1,39000
ORD-000343317,NQ-TOP-003-L-WHT,1,39000
ORD-000343317,NQ-TOP-001-M-ORC,1,39000
ORD-000343451,NQ-TOP-001-3XL-ORC,1,39000
ORD-000344449,NQ-PNT-001-L-BEG,1,49000
ORD-000344449,NQ-PNT-002-M-GRY,1,49000
ORD-000344634,NQ-CLR-MUT-006-L-ASH,1,35000
ORD-000346102,NQ-PNT-001-M-BLK,1,49000
ORD-000346578,NQ-CLR-MUT-006-L-IVR,1,35000
ORD-000346578,NQ-PNT-001-M-KHK,1,49000
ORD-000347443,NQ-PNT-001-3XL-BLK,1,49000
ORD-000347443,NQ-PNT-001-XS-NVY,1,49000
ORD-000347881,NQ-TOP-001-M-BLK,1,39000
ORD-000347995,NQ-TOP-002-L-GRY,1,39000
ORD-000347995,NQ-OUT-001-M-BLK,1,89000
ORD-000348740,NQ-CLR-MUT-003-S-CRM,1,35000
ORD-000350250,NQ-CLR-MUT-003-L-ASH,1,35000
ORD-000350285,NQ-PNT-001-S-BEG,1,49000
ORD-000351663,NQ-TOP-001-L-NVY,1,39000
ORD-000351695,NQ-CLR-MUT-003-L-CRM,1,35000
ORD-000351695,NQ-CLR-MUT-003-S-CRM,1,35000
ORD-000351695,NQ-CLR-MUT-003-M-ASH,1,35000
ORD-000352035,NQ-PNT-001-XL-GRY,1,49000
ORD-000352035,NQ-TOP-001-S-WHT,1,39000
ORD-000353026,NQ-OUT-002-M-NVY,1,89000
ORD-000353630,NQ-CLR-MUT-003-S-ASH,1,35000
ORD-000355778,NQ-PNT-001-L-BEG,1,49000
ORD-000357246,NQ-CLR-MUT-003-S-CRM,1,35000
ORD-000357246,NQ-OUT-001-L-BEG,1,89000
ORD-000357574,NQ-TOP-002-M-WHT,1,39000
ORD-000357574,NQ-PNT-002-4XL-BEG,1,49000
ORD-000358315,NQ-CLR-COOL-002-L-IVR,1,35000
ORD-000360332,NQ-PNT-003-3XL-GRY,1,49000
ORD-000361196,NQ-TOP-001-L-SKB,1,39000
ORD-000361196,NQ-TOP-001-XL-SKB,1,39000
ORD-000361427,NQ-TOP-001-L-LYL,1,39000
ORD-000362323,NQ-TOP-002-XL-BLK,1,39000
ORD-000362514,NQ-PNT-001-XL-BLK,1,49000
ORD-000362701,NQ-CLR-COOL-002-S-IVR,1,35000
ORD-000362701,NQ-TOP-001-XL-BLK,1,39000
ORD-000362712,NQ-OUT-001-L-NVY,1,89000
ORD-000362757,NQ-PNT-001-S-GRY,1,49000
ORD-000362757,NQ-PNT-001-XL-GRY,1,49000
ORD-000363048,NQ-CLR-COOL-002-L-CRM,1,35000
ORD-000363048,NQ-TOP-001-2XL-LYL,1,39000
ORD-000363154,NQ-PNT-001-2XL-BEG,1,49000
ORD-000363154,NQ-TOP-003-L-GRY,1,39000
ORD-000363180,NQ-TOP-003-XL-GRY,1,39000
ORD-000364232,NQ-OUT-001-M-GRY,1,89000
ORD-000364275,NQ-TOP-001-4XL-GRY,1,39000
ORD-000365200,NQ-TOP-003-2XL-GRY,1,39000
ORD-000365235,NQ-TOP-001-M-SKB,1,39000
ORD-000365494,NQ-TOP-002-2XL-WHT,1,39000
ORD-000366095,NQ-TOP-001-2XL-LYL,1,39000
ORD-000366095,NQ-TOP-001-M-SKB,1,39000
ORD-000366344,NQ-TOP-001-XL-NVY,1,39000
ORD-000366847,NQ-TOP-001-M-LYL,1,39000
ORD-000366847,NQ-CLR-COOL-002-L-ASH,1,35000
ORD-000367505,NQ-CLR-COOL-002-L-CRM,1,35000
ORD-000369652,NQ-TOP-001-4XL-WHT,1,39000
ORD-000369691,NQ-TOP-001-M-BLK,1,39000
ORD-000370898,NQ-TOP-001-3XL-WHT,1,39000
ORD-000370898,NQ-TOP-001-S-GRY,1,39000
ORD-000371238,NQ-TOP-002-S-GRY,1,39000
ORD-000371238,NQ-TOP-001-L-LYL,1,39000
ORD-000373990,NQ-TOP-001-XL-SKB,1,39000
ORD-000375333,NQ-TOP-003-S-GRY,1,39000
ORD-000375831,NQ-TOP-001-M-ORC,1,39000
ORD-000376336,NQ-PNT-001-L-BEG,1,49000
ORD-000377055,NQ-TOP-003-XS-GRY,1,39000
ORD-000377877,NQ-PNT-001-L-BLK,1,49000
ORD-000377877,NQ-TOP-001-L-ORC,1,39000
ORD-000378330,NQ-TOP-002-2XL-WHT,1,39000
ORD-000379094,NQ-TOP-001-4XL-NVY,1,39000
ORD-000379094,NQ-OUT-002-M-BLK,1,89000
ORD-000379947,NQ-TOP-001-S-SKB,1,39000
ORD-000379947,NQ-PNT-001-M-KHK,1,49000
ORD-000379947,NQ-TOP-002-L-GRY,1,39000
ORD-000380965,NQ-TOP-001-L-LYL,1,39000
ORD-000380990,NQ-TOP-001-XL-NVY,1,39000
ORD-000381354,NQ-TOP-001-M-GRY,1,39000
ORD-000381480,NQ-OUT-001-M-BEG,1,89000
ORD-000381480,NQ-TOP-005-2XL-NVY,1,39000
ORD-000382788,NQ-OUT-002-S-BLK,1,89000
ORD-000382788,NQ-TOP-002-S-WHT,1,39000
ORD-000382788,NQ-TOP-003-XL-NVY,1,39000
ORD-000384075,NQ-PNT-001-XS-NVY,1,49000
ORD-000384154,NQ-TOP-003-S-WHT,1,39000
ORD-000385850,NQ-PNT-001-L-NVY,1,49000
ORD-000386383,NQ-TOP-001-XS-WHT,1,39000
ORD-000386720,NQ-OUT-001-M-GRY,1,89000
ORD-000386820,NQ-OUT-001-S-NVY,1,89000
ORD-000386820,NQ-PNT-002-L-BEG,1,49000
ORD-000387022,NQ-TOP-001-S-BLK,1,39000
ORD-000387164,NQ-OUT-001-L-NVY,1,89000
ORD-000387379,NQ-PNT-002-L-BEG,1,49000
ORD-000387379,NQ-PNT-002-M-GRY,1,49000
ORD-000389058,NQ-TOP-001-4XL-LYL,1,39000
ORD-000389075,NQ-TOP-001-L-BLK,1,39000
ORD-000389347,NQ-OUT-001-M-GRY,1,89000
ORD-000390254,NQ-TOP-002-XL-NVY,1,39000
ORD-000390531,NQ-OUT-001-M-BLK,1,89000
ORD-000390531,NQ-TOP-001-XL-BLK,1,39000
ORD-000391314,NQ-OUT-002-M-BLK,1,89000
ORD-000391560,NQ-OUT-003-L-BEG,1,89000
ORD-000391688,NQ-OUT-003-L-NVY,1,89000
ORD-000391688,NQ-TOP-003-S-BLK,1,39000
ORD-000391968,NQ-CLR-WRM-004-S-CRM,1,35000
ORD-000392440,NQ-CLR-COOL-005-L-IVR,1,35000
ORD-000394647,NQ-TOP-004-L-GRY,1,39000
ORD-000394647,NQ-OUT-001-S-BEG,1,89000
ORD-000394837,NQ-PNT-001-S-GRY,1,49000
ORD-000395535,NQ-PNT-001-XL-NVY,1,49000
ORD-000396605,NQ-TOP-001-L-LYL,1,39000
ORD-000396785,NQ-TOP-002-L-WHT,1,39000
ORD-000396785,NQ-PNT-003-S-BLK,1,49000
ORD-000398064,NQ-PNT-001-XL-KHK,1,49000
ORD-000400692,NQ-OUT-001-M-BLK,1,89000
ORD-000400692,NQ-OUT-001-S-GRY,1,89000
ORD-000401242,TRD-OUT-02-WAV-002-S-GRN,1,79000
ORD-000401328,TRD-OUT-02-WAV-002-S-BEG,1,79000
ORD-000401328,TRD-OUT-02-STR-001-S-GRN,1,79000
ORD-000401904,NQ-TOP-004-L-BLK,1,39000
ORD-000402295,NQ-TOP-003-XL-WHT,1,39000
ORD-000402295,NQ-OUT-001-L-BEG,1,89000
ORD-000403789,NQ-PNT-001-2XL-BLK,1,49000
ORD-000403789,NQ-OUT-001-S-NVY,1,89000
ORD-000403933,NQ-PNT-004-XL-BLK,1,49000
ORD-000404399,NQ-PNT-001-XL-KHK,1,49000
ORD-000404399,NQ-OUT-002-L-BLK,1,89000
ORD-000404604,NQ-TOP-003-S-GRY,1,39000
ORD-000404604,NQ-TOP-001-L-SKB,1,39000
ORD-000405723,NQ-TOP-001-L-SKB,1,39000
ORD-000405723,NQ-CLR-COOL-002-L-CRM,1,35000
ORD-000405723,NQ-CLR-WRM-001-M-CRM,1,35000
ORD-000405933,TRD-OUT-02-NAT-003-M-BRN,1,79000
ORD-000406963,NQ-OUT-001-S-NVY,1,89000
ORD-000408262,NQ-PNT-003-L-BLK,1,49000
ORD-000408262,TRD-OUT-02-WAV-002-L-GRN,1,79000
ORD-000408406,NQ-CLR-COOL-002-M-IVR,1,35000
ORD-000408406,NQ-OUT-001-M-BLK,1,89000
ORD-000409114,NQ-CLR-COOL-002-M-IVR,1,35000
ORD-000409130,NQ-CLR-WRM-001-M-IVR,1,35000
ORD-000409194,NQ-CLR-MUT-003-M-CRM,1,35000
ORD-000409474,NQ-PNT-001-2XL-BEG,1,49000
ORD-000409474,NQ-TOP-001-M-WHT,1,39000
ORD-000410524,NQ-TOP-001-L-GRY,1,39000
ORD-000410792,NQ-TOP-001-M-NVY,1,39000
ORD-000411475,NQ-OUT-001-M-NVY,1,89000
ORD-000411999,NQ-TOP-001-M-SKB,1,39000
ORD-000412582,NQ-TOP-002-L-WHT,1,39000
ORD-000412620,NQ-PNT-001-S-BLK,1,49000
ORD-000412620,NQ-PNT-001-2XL-BLK,1,49000
ORD-000412772,NQ-CLR-MUT-003-S-IVR,1,35000
ORD-000413859,NQ-PNT-004-L-BLK,1,49000
ORD-000413859,NQ-PNT-004-M-BLK,1,49000
ORD-000416631,NQ-OUT-002-S-GRY,1,89000
ORD-000417044,NQ-PNT-002-XL-GRY,1,49000
ORD-000417044,NQ-CLR-COOL-002-S-ASH,1,35000
ORD-000417573,NQ-PNT-002-2XL-GRY,1,49000
ORD-000417743,NQ-TOP-001-M-LYL,1,39000
ORD-000418192,NQ-CLR-WRM-004-L-IVR,1,35000
ORD-000418483,NQ-CLR-WRM-001-S-ASH,1,35000
ORD-000418483,NQ-TOP-001-4XL-WHT,1,39000
ORD-000419558,NQ-PNT-001-XL-GRY,1,49000
ORD-000419837,NQ-TOP-001-XL-ORC,1,39000
ORD-000419837,NQ-CLR-WRM-001-S-ASH,1,35000
ORD-000420328,NQ-TOP-001-L-BLK,1,39000
ORD-000422307,NQ-PNT-001-2XL-GRY,1,49000
ORD-000422885,NQ-OUT-001-L-BEG,1,89000
ORD-000423126,NQ-PNT-001-L-BLK,1,49000
ORD-000423232,NQ-CLR-COOL-002-M-CRM,1,35000
ORD-000423232,NQ-CLR-MUT-003-L-CRM,1,35000
ORD-000423629,NQ-CLR-MUT-006-M-IVR,1,35000
ORD-000423700,NQ-TOP-001-2XL-WHT,1,39000
ORD-000423700,NQ-CLR-COOL-002-M-CRM,1,35000
ORD-000423700,TRD-TOP-01-NAT-003-M-IVR,1,42000
ORD-000424204,NQ-PNT-001-XL-BEG,1,49000
ORD-000424708,NQ-TOP-001-3XL-WHT,1,39000
ORD-000424823,NQ-PNT-001-XL-GRY,1,49000
ORD-000424945,NQ-PNT-001-S-BEG,1,49000
ORD-000425758,NQ-CLR-WRM-004-M-CRM,1,35000
ORD-000425862,TRD-TOP-01-STR-001-M-IVR,1,42000
ORD-000426016,NQ-CLR-WRM-001-M-ASH,1,35000
ORD-000426016,NQ-TOP-002-S-BLK,1,39000
ORD-000426051,NQ-TOP-005-S-NVY,1,39000
ORD-000426051,NQ-TOP-001-L-BLK,1,39000
ORD-000426051,TRD-OUT-02-NAT-003-M-GRN,1,79000
ORD-000427460,NQ-TOP-003-XL-WHT,1,39000
ORD-000427460,NQ-PNT-001-XS-KHK,1,49000
ORD-000427460,NQ-CLR-WRM-001-L-ASH,1,35000
ORD-000429176,TRD-TOP-01-WAV-002-M-BLK,1,42000
ORD-000429302,NQ-TOP-004-2XL-GRY,1,39000
ORD-000429302,TRD-OUT-02-WAV-002-L-BEG,1,79000
ORD-000429600,NQ-TOP-001-M-BLK,1,39000
ORD-000430826,TRD-OUT-02-STR-001-M-BEG,1,79000
ORD-000431171,NQ-TOP-001-M-WHT,1,39000
ORD-000431859,TRD-OUT-02-WAV-002-L-GRN,1,79000
ORD-000431995,NQ-CLR-WRM-001-L-ASH,1,35000
ORD-000432077,NQ-TOP-003-L-BLK,1,39000
ORD-000432077,NQ-TOP-001-S-GRY,1,39000
ORD-000432132,NQ-PNT-001-2XL-NVY,1,49000
ORD-000432132,TRD-OUT-02-WAV-002-S-BRN,1,79000
ORD-000432281,NQ-TOP-001-L-GRY,1,39000
ORD-000433315,NQ-CLR-WRM-001-M-IVR,1,35000
ORD-000433315,NQ-TOP-002-M-BLK,1,39000
ORD-000433315,NQ-PNT-003-M-BLK,1,49000
ORD-000434737,NQ-CLR-MUT-003-M-CRM,1,35000
ORD-000435343,NQ-TOP-002-S-NVY,1,39000
ORD-000435889,NQ-PNT-001-XL-BLK,1,49000
ORD-000435889,NQ-TOP-003-XL-GRY,1,39000
ORD-000435889,NQ-TOP-002-4XL-BLK,1,39000
ORD-000436090,NQ-CLR-WRM-001-M-ASH,1,35000
ORD-000436611,NQ-CLR-COOL-002-M-CRM,1,35000
ORD-000436611,TRD-OUT-02-NAT-003-M-GRN,1,79000
ORD-000436854,NQ-CLR-MUT-003-S-CRM,1,35000
ORD-000436854,NQ-TOP-001-S-NVY,1,39000
ORD-000437742,NQ-TOP-001-M-GRY,1,39000
ORD-000439009,NQ-PNT-003-3XL-BLK,1,49000
ORD-000439009,NQ-TOP-001-L-NVY,1,39000
ORD-000439009,NQ-TOP-003-L-GRY,1,39000
ORD-000439129,NQ-PNT-001-M-KHK,1,49000
ORD-000439129,TRD-OUT-02-WAV-002-M-BRN,1,79000
ORD-000439129,NQ-CLR-MUT-003-M-CRM,1,35000
ORD-000439246,NQ-CLR-WRM-004-S-IVR,1,35000
ORD-000439333,NQ-PNT-001-L-GRY,1,49000
ORD-000439333,NQ-OUT-002-L-BLK,1,89000
ORD-000439423,TRD-TOP-01-WAV-002-L-IVR,1,42000
ORD-000439423,NQ-OUT-001-M-GRY,1,89000
ORD-000439423,TRD-OUT-02-STR-001-L-BEG,1,79000
ORD-000439557,TRD-OUT-02-WAV-002-S-BRN,1,79000
ORD-000441207,NQ-TOP-001-4XL-NVY,1,39000
ORD-000441207,NQ-OUT-001-M-NVY,1,89000
ORD-000441524,NQ-PNT-001-XS-BEG,1,49000
ORD-000442412,NQ-CLR-WRM-001-M-ASH,1,35000
ORD-000442570,NQ-PNT-001-L-BEG,1,49000
ORD-000442570,NQ-PNT-003-L-BEG,1,49000
ORD-000442659,NQ-OUT-002-S-GRY,1,89000
ORD-000443493,NQ-OUT-002-M-BLK,1,89000
ORD-000443493,NQ-TOP-001-3XL-NVY,1,39000
ORD-000443493,NQ-TOP-001-XL-BLK,1,39000
ORD-000443906,NQ-PNT-001-L-BLK,1,49000
ORD-000443906,NQ-OUT-001-M-GRY,1,89000
ORD-000444675,NQ-PNT-003-M-BEG,1,49000
ORD-000445319,NQ-CLR-WRM-001-M-CRM,1,35000
ORD-000445362,NQ-TOP-002-S-BLK,1,39000
ORD-000445362,NQ-TOP-003-M-GRY,1,39000
ORD-000445362,NQ-TOP-001-M-GRY,1,39000
ORD-000445606,NQ-CLR-MUT-003-S-CRM,1,35000
ORD-000445728,NQ-OUT-001-M-NVY,1,89000
ORD-000445794,NQ-CLR-MUT-003-M-IVR,1,35000
ORD-000445794,TRD-TOP-01-STR-001-L-BLK,1,42000
ORD-000445900,NQ-TOP-001-M-SKB,1,39000
ORD-000446106,NQ-TOP-001-M-NVY,1,39000
ORD-000446139,NQ-TOP-001-S-ORC,1,39000
ORD-000446504,TRD-OUT-02-NAT-003-M-BEG,1,79000
ORD-000446504,NQ-CLR-COOL-002-L-IVR,1,35000
ORD-000446562,TRD-TOP-01-WAV-002-S-IVR,1,42000
ORD-000447023,NQ-CLR-MUT-003-S-CRM,1,35000
ORD-000447023,NQ-CLR-MUT-003-L-IVR,1,35000
ORD-000447685,NQ-PNT-001-L-KHK,1,49000
ORD-000447685,NQ-TOP-001-S-WHT,1,39000
ORD-000448185,NQ-CLR-WRM-001-S-CRM,1,35000
ORD-000448958,NQ-CLR-WRM-001-M-ASH,1,35000
ORD-000450410,NQ-CLR-WRM-001-S-ASH,1,35000
ORD-000450410,NQ-CLR-WRM-001-M-ASH,1,35000
ORD-000450767,TRD-OUT-02-STR-001-L-BRN,1,79000
ORD-000450767,NQ-OUT-001-M-BEG,1,89000
ORD-000451316,NQ-TOP-001-2XL-BLK,1,39000
ORD-000452398,NQ-PNT-001-M-BLK,1,49000
ORD-000453561,NQ-CLR-MUT-003-M-IVR,1,35000
ORD-000454613,NQ-CLR-COOL-002-L-IVR,1,35000
ORD-000454867,TRD-OUT-02-WAV-002-L-BRN,1,79000
ORD-000454867,NQ-CLR-WRM-004-S-IVR,1,35000
ORD-000455435,NQ-TOP-001-S-SKB,1,39000
ORD-000455435,NQ-PNT-001-XS-NVY,1,49000
ORD-000455435,NQ-PNT-001-M-KHK,1,49000
ORD-000456204,TRD-TOP-01-WAV-002-M-BLK,1,42000
ORD-000456515,NQ-CLR-MUT-003-S-IVR,1,35000
ORD-000456515,NQ-PNT-001-3XL-GRY,1,49000
ORD-000456667,NQ-TOP-004-M-GRY,1,39000
ORD-000456667,NQ-OUT-001-L-NVY,1,89000
ORD-000457137,NQ-PNT-003-S-BEG,1,49000
ORD-000457531,NQ-OUT-003-S-BEG,1,89000
ORD-000457531,NQ-OUT-002-M-BEG,1,89000
ORD-000457531,NQ-TOP-001-2XL-BLK,1,39000
ORD-000458251,NQ-CLR-WRM-001-S-CRM,1,35000
ORD-000458320,NQ-TOP-001-S-GRY,1,39000
ORD-000458458,TRD-OUT-02-NAT-003-S-BEG,1,79000
ORD-000458458,NQ-PNT-001-L-GRY,1,49000
ORD-000458465,NQ-PNT-002-M-BLK,1,49000
ORD-000458465,TRD-OUT-02-NAT-003-L-BEG,1,79000
ORD-000458619,NQ-OUT-003-L-NVY,1,89000
ORD-000459033,NQ-PNT-001-2XL-KHK,1,49000
ORD-000459639,NQ-OUT-001-S-BEG,1,89000
ORD-000459639,NQ-PNT-001-M-KHK,1,49000
ORD-000459757,NQ-OUT-001-M-BLK,1,89000
ORD-000459757,TRD-OUT-02-STR-001-L-BEG,1,79000
ORD-000460959,NQ-TOP-001-L-SKB,1,39000
ORD-000461043,NQ-TOP-002-L-GRY,1,39000
ORD-000461143,NQ-CLR-WRM-001-L-IVR,1,35000
ORD-000461143,NQ-TOP-002-M-WHT,1,39000
ORD-000461562,NQ-TOP-001-M-GRY,1,39000
ORD-000461562,NQ-TOP-001-S-GRY,1,39000
ORD-000462158,NQ-PNT-001-4XL-BEG,1,49000
ORD-000462480,NQ-TOP-001-L-ORC,1,39000
ORD-000463291,NQ-PNT-001-XL-KHK,1,49000
ORD-000463550,NQ-TOP-001-3XL-WHT,1,39000
ORD-000464333,NQ-TOP-002-M-BLK,1,39000
ORD-000464828,NQ-OUT-001-M-GRY,1,89000
ORD-000464828,NQ-TOP-001-2XL-WHT,1,39000
ORD-000464978,NQ-PNT-001-XL-KHK,1,49000
ORD-000465210,NQ-OUT-002-S-BLK,1,89000
ORD-000465488,NQ-TOP-002-L-NVY,1,39000
ORD-000465532,NQ-OUT-001-M-GRY,1,89000
ORD-000465745,NQ-TOP-001-XS-SKB,1,39000
ORD-000465745,NQ-PNT-001-2XL-NVY,1,49000
ORD-000465745,NQ-OUT-002-S-GRY,1,89000
ORD-000468703,NQ-OUT-002-S-GRY,1,89000
ORD-000469387,NQ-TOP-001-2XL-SKB,1,39000
ORD-000469387,NQ-TOP-001-S-ORC,1,39000
ORD-000469387,NQ-OUT-002-L-NVY,1,89000
ORD-000469518,NQ-PNT-001-3XL-BEG,1,49000
ORD-000470109,NQ-TOP-003-S-WHT,1,39000
ORD-000470638,NQ-TOP-003-L-BLK,1,39000
ORD-000472181,TRD-TOP-01-WAV-002-L-IVR,1,42000
ORD-000472181,NQ-OUT-001-S-NVY,1,89000
ORD-000472215,TRD-TOP-01-NAT-003-S-BLK,1,42000
ORD-000472615,NQ-CLR-COOL-002-L-IVR,1,35000
ORD-000472725,NQ-PNT-001-L-NVY,1,49000
ORD-000472878,NQ-OUT-001-L-GRY,1,89000
ORD-000473038,NQ-PNT-003-XL-BLK,1,49000
ORD-000473038,NQ-TOP-001-XL-LYL,1,39000
ORD-000473113,NQ-TOP-003-M-WHT,1,39000
ORD-000473113,NQ-OUT-001-S-GRY,1,89000
ORD-000475189,NQ-TOP-003-M-GRY,1,39000
ORD-000475636,NQ-TOP-001-S-BLK,1,39000
ORD-000476336,NQ-OUT-003-S-NVY,1,89000
ORD-000476473,NQ-OUT-001-M-NVY,1,89000
ORD-000476856,NQ-CLR-WRM-001-L-CRM,1,35000
ORD-000477040,NQ-TOP-003-3XL-NVY,1,39000
ORD-000477040,NQ-PNT-002-2XL-BLK,1,49000
ORD-000478307,NQ-PNT-001-L-BEG,1,49000
ORD-000478551,NQ-CLR-MUT-003-M-ASH,1,35000
ORD-000478623,NQ-PNT-001-S-BLK,1,49000
ORD-000478623,NQ-OUT-001-S-GRY,1,89000
ORD-000479669,TRD-TOP-01-WAV-002-S-BLK,1,42000
ORD-000479669,NQ-TOP-004-XL-WHT,1,39000
ORD-000481094,NQ-OUT-001-S-BEG,1,89000
ORD-000481094,NQ-OUT-001-M-BEG,1,89000
ORD-000481294,NQ-CLR-COOL-002-L-CRM,1,35000
ORD-000481594,NQ-TOP-001-S-GRY,1,39000
ORD-000483544,NQ-OUT-001-S-NVY,1,89000
ORD-000484187,NQ-OUT-002-M-GRY,1,89000
ORD-000485900,NQ-TOP-003-M-NVY,1,39000
ORD-000486617,NQ-CLR-COOL-005-M-ASH,1,35000
ORD-000487271,NQ-OUT-002-L-BEG,1,89000
ORD-000487271,NQ-PNT-001-S-GRY,1,49000
ORD-000487271,NQ-TOP-002-M-NVY,1,39000
ORD-000488851,NQ-CLR-COOL-002-S-CRM,1,35000
ORD-000489064,NQ-TOP-002-L-BLK,1,39000
ORD-000489064,NQ-CLR-WRM-001-S-CRM,1,35000
ORD-000489064,NQ-PNT-003-S-BEG,1,49000
ORD-000489535,NQ-OUT-001-M-GRY,1,89000
ORD-000490025,NQ-OUT-001-L-BLK,1,89000
ORD-000490025,NQ-TOP-001-2XL-WHT,1,39000
ORD-000490951,NQ-PNT-001-M-NVY,1,49000
ORD-000490951,NQ-OUT-001-S-NVY,1,89000
ORD-000490951,NQ-OUT-001-M-BEG,1,89000
ORD-000491190,NQ-CLR-MUT-003-S-CRM,1,35000
ORD-000491785,NQ-CLR-MUT-003-S-IVR,1,35000
ORD-000491896,NQ-TOP-003-L-BLK,1,39000
ORD-000492395,NQ-OUT-001-S-BLK,1,89000
ORD-000493725,NQ-CLR-COOL-002-S-ASH,1,35000
ORD-000493725,NQ-TOP-001-S-LYL,1,39000
ORD-000495424,NQ-TOP-001-L-ORC,1,39000
ORD-000495424,NQ-TOP-003-M-BLK,1,39000
ORD-000497723,NQ-OUT-001-L-BLK,1,89000
ORD-000497723,NQ-PNT-001-XL-BLK,1,49000
ORD-000499727,NQ-TOP-001-S-SKB,1,39000
ORD-000499727,NQ-CLR-MUT-003-M-ASH,1,35000
ORD-000500944,NQ-TOP-003-L-BLK,1,39000
ORD-000501006,NQ-CLR-MUT-003-M-CRM,1,35000
ORD-000501006,NQ-PNT-001-L-BEG,1,49000
ORD-000501949,NQ-TOP-001-4XL-BLK,1,39000
ORD-000501949,NQ-CLR-WRM-001-L-IVR,1,35000
ORD-000502237,NQ-CLR-WRM-001-L-CRM,1,35000
ORD-000503166,NQ-CLR-COOL-002-S-IVR,1,35000
ORD-000503258,NQ-PNT-001-M-NVY,1,49000
ORD-000503920,NQ-TOP-003-L-GRY,1,39000
ORD-000504145,NQ-PNT-001-L-BEG,1,49000
ORD-000504145,NQ-PNT-003-XS-BEG,1,49000
ORD-000504145,NQ-TOP-001-L-SKB,1,39000
ORD-000505563,NQ-TOP-001-XS-LYL,1,39000
ORD-000506659,NQ-TOP-001-2XL-LYL,1,39000
ORD-000507551,NQ-TOP-003-XL-GRY,1,39000
ORD-000508193,NQ-PNT-003-2XL-GRY,1,49000
ORD-000509281,NQ-PNT-001-L-BLK,1,49000
ORD-000509281,NQ-TOP-003-2XL-WHT,1,39000
ORD-000509281,NQ-PNT-001-M-KHK,1,49000
ORD-000509726,NQ-PNT-002-XS-BEG,1,49000
ORD-000509897,NQ-CLR-WRM-001-L-ASH,1,35000
ORD-000509897,NQ-TOP-003-XL-BLK,1,39000
ORD-000509897,NQ-TOP-001-S-SKB,1,39000
ORD-000510223,NQ-PNT-001-4XL-KHK,1,49000
ORD-000511815,NQ-PNT-001-XS-GRY,1,49000
ORD-000512813,NQ-TOP-001-2XL-LYL,1,39000
ORD-000512813,NQ-CLR-MUT-003-L-CRM,1,35000
ORD-000514293,NQ-CLR-WRM-004-S-CRM,1,35000
ORD-000514293,NQ-PNT-003-M-BEG,1,49000
ORD-000515491,NQ-CLR-WRM-001-S-CRM,1,35000
ORD-000515772,NQ-TOP-001-L-BLK,1,39000
ORD-000515772,NQ-OUT-001-L-GRY,1,89000
ORD-000515772,NQ-PNT-001-L-GRY,1,49000
ORD-000515987,NQ-TOP-001-2XL-SKB,1,39000
ORD-000517457,NQ-TOP-001-XS-NVY,1,39000
ORD-000517457,NQ-CLR-MUT-003-S-CRM,1,35000
ORD-000520399,NQ-TOP-001-2XL-SKB,1,39000
ORD-000520399,NQ-CLR-WRM-001-M-CRM,1,35000
ORD-000520399,NQ-CLR-MUT-006-M-CRM,1,35000
ORD-000521607,NQ-PNT-001-L-BEG,1,49000
ORD-000521607,NQ-CLR-MUT-003-M-ASH,1,35000
ORD-000522954,NQ-PNT-001-S-KHK,1,49000
ORD-000523149,NQ-PNT-003-S-BEG,1,49000
ORD-000523342,NQ-PNT-001-2XL-BLK,1,49000
ORD-000523342,NQ-PNT-001-S-GRY,1,49000
ORD-000524133,NQ-TOP-001-L-NVY,1,39000
ORD-000524148,NQ-PNT-004-L-BLK,1,49000
ORD-000524498,NQ-OUT-001-L-BEG,1,89000
ORD-000524498,NQ-TOP-001-M-SKB,1,39000
ORD-000524556,NQ-PNT-001-S-KHK,1,49000
ORD-000524556,NQ-PNT-002-S-BEG,1,49000
ORD-000525914,NQ-PNT-001-S-GRY,1,49000
ORD-000526073,NQ-PNT-003-2XL-GRY,1,49000
ORD-000527467,NQ-OUT-001-L-GRY,1,89000
ORD-000531299,NQ-CLR-COOL-002-M-ASH,1,35000
ORD-000531672,NQ-PNT-001-S-KHK,1,49000
ORD-000531776,NQ-CLR-MUT-003-M-CRM,1,35000
ORD-000532984,NQ-TOP-001-S-ORC,1,39000
ORD-000532984,NQ-TOP-001-M-LYL,1,39000
ORD-000533120,NQ-OUT-002-M-NVY,1,89000
ORD-000533120,NQ-CLR-WRM-001-M-CRM,1,35000
ORD-000533120,NQ-PNT-001-XL-BLK,1,49000
ORD-000533306,NQ-CLR-MUT-003-S-IVR,1,35000
ORD-000533423,NQ-TOP-001-S-ORC,1,39000
ORD-000533741,NQ-PNT-003-M-GRY,1,49000
ORD-000533741,NQ-OUT-002-M-NVY,1,89000
ORD-000534011,NQ-OUT-001-M-BLK,1,89000
ORD-000534110,NQ-CLR-WRM-001-S-ASH,1,35000
ORD-000535213,NQ-TOP-001-XL-BLK,1,39000
ORD-000535649,NQ-TOP-001-L-LYL,1,39000
ORD-000535661,NQ-TOP-003-XL-WHT,1,39000
ORD-000535885,NQ-CLR-WRM-004-L-CRM,1,35000
ORD-000535885,NQ-CLR-COOL-002-S-ASH,1,35000
ORD-000535885,NQ-TOP-001-XL-BLK,1,39000
ORD-000537431,NQ-PNT-003-S-BLK,1,49000
ORD-000537598,NQ-TOP-003-M-GRY,1,39000
ORD-000537598,NQ-CLR-WRM-001-S-CRM,1,35000
ORD-000538291,NQ-CLR-MUT-003-L-CRM,1,35000
ORD-000538531,NQ-TOP-003-M-GRY,1,39000
ORD-000538882,NQ-PNT-003-2XL-BLK,1,49000
ORD-000539702,NQ-OUT-001-M-GRY,1,89000
ORD-000539702,NQ-PNT-001-S-BEG,1,49000
ORD-000539812,NQ-OUT-001-M-GRY,1,89000
ORD-000540569,NQ-CLR-MUT-003-S-CRM,1,35000
ORD-000540825,NQ-PNT-001-XL-BLK,1,49000
ORD-000540948,NQ-PNT-001-S-GRY,1,49000
ORD-000541084,NQ-TOP-001-L-LYL,1,39000
ORD-000541084,NQ-CLR-MUT-003-L-ASH,1,35000
ORD-000541084,NQ-TOP-001-S-SKB,1,39000
ORD-000541541,NQ-TOP-005-L-NVY,1,39000
ORD-000542882,NQ-OUT-001-L-BLK,1,89000
ORD-000543707,NQ-TOP-001-2XL-WHT,1,39000
ORD-000544118,NQ-TOP-001-XL-ORC,1,39000
ORD-000544473,NQ-PNT-003-M-GRY,1,49000
ORD-000544947,NQ-OUT-001-L-NVY,1,89000
ORD-000545128,NQ-OUT-001-M-BLK,1,89000
ORD-000546441,NQ-OUT-003-M-GRY,1,89000
ORD-000546441,NQ-TOP-001-L-ORC,1,39000
ORD-000547168,NQ-TOP-001-4XL-GRY,1,39000
ORD-000547168,NQ-TOP-001-2XL-GRY,1,39000
ORD-000547444,NQ-OUT-002-M-NVY,1,89000
ORD-000547444,NQ-TOP-001-2XL-GRY,1,39000
ORD-000549319,NQ-OUT-001-L-NVY,1,89000
ORD-000550422,NQ-OUT-003-L-BLK,1,89000
ORD-000550422,NQ-PNT-001-L-BEG,1,49000
ORD-000550435,NQ-PNT-001-3XL-GRY,1,49000
ORD-000550522,NQ-OUT-002-M-GRY,1,89000
ORD-000550522,NQ-OUT-002-M-BLK,1,89000
ORD-000550522,NQ-PNT-001-S-NVY,1,49000
ORD-000551111,NQ-PNT-001-2XL-NVY,1,49000
ORD-000551366,NQ-OUT-001-M-NVY,1,89000
ORD-000551366,NQ-PNT-003-4XL-BLK,1,49000
ORD-000551611,NQ-OUT-001-S-GRY,1,89000
ORD-000551837,NQ-OUT-001-S-BLK,1,89000
ORD-000551985,NQ-OUT-003-S-BEG,1,89000
ORD-000551985,NQ-OUT-002-M-BLK,1,89000
ORD-000552516,NQ-TOP-001-L-NVY,1,39000
ORD-000552877,NQ-TOP-001-S-SKB,1,39000
ORD-000553593,NQ-PNT-001-M-NVY,1,49000
ORD-000554914,NQ-OUT-002-M-GRY,1,89000
ORD-000554914,NQ-OUT-002-M-NVY,1,89000
ORD-000555240,NQ-OUT-002-S-NVY,1,89000
ORD-000556058,NQ-OUT-001-S-GRY,1,89000
ORD-000556058,NQ-TOP-001-3XL-SKB,1,39000
ORD-000556617,NQ-TOP-001-XL-ORC,1,39000
ORD-000557648,NQ-PNT-001-M-BEG,1,49000
ORD-000557935,NQ-OUT-002-S-BEG,1,89000
ORD-000557935,NQ-TOP-001-M-GRY,1,39000
ORD-000559349,NQ-OUT-001-S-GRY,1,89000
ORD-000559349,NQ-OUT-001-M-NVY,1,89000
ORD-000559869,NQ-TOP-002-L-BLK,1,39000
ORD-000559869,NQ-OUT-002-S-GRY,1,89000
ORD-000560311,NQ-PNT-001-3XL-KHK,1,49000
ORD-000560745,NQ-OUT-001-M-NVY,1,89000
ORD-000560745,NQ-TOP-001-XL-GRY,1,39000
ORD-000560745,NQ-PNT-001-2XL-GRY,1,49000
ORD-000560750,NQ-TOP-001-L-GRY,1,39000
ORD-000561070,NQ-PNT-003-M-BEG,1,49000
ORD-000561070,NQ-PNT-001-M-NVY,1,49000
ORD-000561070,NQ-OUT-001-S-GRY,1,89000
ORD-000561878,NQ-OUT-001-M-NVY,1,89000
ORD-000562968,NQ-OUT-001-M-BEG,1,89000
ORD-000565422,NQ-PNT-001-4XL-KHK,1,49000
ORD-000565422,NQ-TOP-001-S-SKB,1,39000
ORD-000566331,NQ-TOP-001-XL-LYL,1,39000
ORD-000569182,NQ-OUT-001-M-BEG,1,89000
ORD-000570284,NQ-PNT-001-2XL-BEG,1,49000
ORD-000570391,NQ-TOP-001-L-LYL,1,39000
ORD-000570391,NQ-TOP-001-L-WHT,1,39000
ORD-000570462,NQ-PNT-001-M-BEG,1,49000
ORD-000570965,NQ-OUT-002-S-GRY,1,89000
ORD-000571070,NQ-PNT-001-S-NVY,1,49000
ORD-000571707,NQ-TOP-004-M-NVY,1,39000
ORD-000572210,NQ-TOP-001-XL-ORC,1,39000
ORD-000572210,NQ-PNT-001-XL-GRY,1,49000
ORD-000572210,NQ-TOP-001-XL-LYL,1,39000
ORD-000573032,NQ-TOP-001-2XL-SKB,1,39000
ORD-000573032,NQ-OUT-001-M-NVY,1,89000
ORD-000573603,NQ-TOP-001-2XL-SKB,1,39000
ORD-000574367,NQ-PNT-001-L-KHK,1,49000
ORD-000574367,NQ-OUT-001-S-BEG,1,89000
ORD-000574585,NQ-TOP-001-XL-WHT,1,39000
ORD-000577610,NQ-TOP-001-M-BLK,1,39000
ORD-000577610,NQ-PNT-001-XL-BEG,1,49000
ORD-000577610,NQ-PNT-001-L-KHK,1,49000
ORD-000577972,NQ-TOP-004-L-GRY,1,39000
ORD-000578274,NQ-PNT-001-XS-BLK,1,49000
ORD-000578274,NQ-TOP-001-M-GRY,1,39000
ORD-000579441,NQ-PNT-001-4XL-BEG,1,49000
ORD-000579980,NQ-TOP-003-2XL-BLK,1,39000
ORD-000579980,NQ-PNT-001-M-BLK,1,49000
ORD-000580171,NQ-TOP-001-M-SKB,1,39000
ORD-000580171,NQ-TOP-003-S-NVY,1,39000
ORD-000580171,NQ-TOP-001-S-LYL,1,39000
ORD-000581494,NQ-PNT-002-2XL-BEG,1,49000
ORD-000582662,NQ-TOP-003-L-BLK,1,39000
ORD-000583241,NQ-PNT-001-XL-BLK,1,49000
ORD-000583241,NQ-CLR-MUT-006-M-IVR,1,35000
ORD-000583241,NQ-PNT-001-2XL-GRY,1,49000
ORD-000585909,NQ-PNT-001-2XL-BEG,1,49000
ORD-000586626,NQ-PNT-002-2XL-BLK,1,49000
ORD-000586782,NQ-TOP-003-M-NVY,1,39000
ORD-000587435,NQ-PNT-003-XL-BLK,1,49000
ORD-000588107,NQ-TOP-001-L-ORC,1,39000
ORD-000588107,NQ-TOP-001-XL-NVY,1,39000
ORD-000588341,NQ-PNT-001-S-BEG,1,49000
ORD-000593675,NQ-TOP-001-M-WHT,1,39000
ORD-000593823,NQ-CLR-WRM-001-M-IVR,1,35000
ORD-000594061,NQ-PNT-001-S-NVY,1,49000
ORD-000594399,NQ-TOP-001-S-SKB,1,39000
ORD-000594627,NQ-CLR-WRM-001-M-IVR,1,35000
ORD-000594801,NQ-PNT-002-L-BEG,1,49000
ORD-000595308,NQ-PNT-002-S-BLK,1,49000
ORD-000595308,NQ-CLR-MUT-006-S-CRM,1,35000
ORD-000595533,NQ-TOP-001-M-ORC,1,39000
ORD-000596819,NQ-PNT-001-L-NVY,1,49000
ORD-000597649,NQ-PNT-001-S-GRY,1,49000
ORD-000598693,NQ-PNT-002-XL-BLK,1,49000
ORD-000599292,NQ-PNT-001-XL-GRY,1,49000
ORD-000599915,NQ-TOP-001-S-GRY,1,39000
ORD-000599915,NQ-PNT-002-XS-GRY,1,49000
ORD-000600606,NQ-TOP-001-M-NVY,1,39000
ORD-000602211,NQ-TOP-001-S-BLK,1,39000
ORD-000602315,NQ-PNT-001-XL-GRY,1,49000
ORD-000602315,NQ-CLR-COOL-005-M-CRM,1,35000
ORD-000602732,NQ-PNT-001-2XL-GRY,1,49000
ORD-000602893,NQ-TOP-001-L-SKB,1,39000
ORD-000603742,NQ-TOP-001-2XL-LYL,1,39000
ORD-000604185,NQ-CLR-COOL-002-M-IVR,1,35000
ORD-000605745,NQ-CLR-WRM-004-S-CRM,1,35000
ORD-000605745,NQ-TOP-005-3XL-WHT,1,39000
ORD-000606455,NQ-PNT-002-2XL-BLK,1,49000
ORD-000606603,NQ-PNT-001-XL-BLK,1,49000
ORD-000607101,NQ-TOP-001-XL-LYL,1,39000
ORD-000607165,NQ-PNT-001-S-KHK,1,49000
ORD-000607165,NQ-TOP-001-M-SKB,1,39000
ORD-000607165,NQ-TOP-001-L-GRY,1,39000
ORD-000607873,NQ-TOP-001-XL-GRY,1,39000
ORD-000608091,NQ-TOP-002-S-WHT,1,39000
ORD-000608855,NQ-TOP-001-XL-LYL,1,39000
ORD-000609267,NQ-CLR-MUT-003-M-ASH,1,35000
ORD-000609267,NQ-TOP-001-XL-LYL,1,39000
ORD-000609455,NQ-PNT-001-2XL-BEG,1,49000
ORD-000609455,NQ-PNT-001-XL-GRY,1,49000
ORD-000609788,NQ-TOP-003-L-WHT,1,39000
ORD-000610067,NQ-PNT-002-2XL-GRY,1,49000
ORD-000610450,NQ-TOP-001-S-SKB,1,39000
ORD-000611553,NQ-CLR-MUT-003-M-ASH,1,35000
ORD-000611553,NQ-TOP-001-3XL-SKB,1,39000
ORD-000613354,NQ-PNT-001-XL-BEG,1,49000
ORD-000613593,NQ-TOP-001-M-LYL,1,39000
ORD-000616076,NQ-CLR-WRM-001-M-ASH,1,35000
ORD-000616406,NQ-PNT-001-S-BLK,1,49000
ORD-000616406,NQ-PNT-001-XL-BLK,1,49000
ORD-000617079,NQ-TOP-001-XL-ORC,1,39000
ORD-000617753,NQ-TOP-002-XL-GRY,1,39000
ORD-000618251,NQ-TOP-001-S-WHT,1,39000
ORD-000619998,NQ-TOP-003-S-BLK,1,39000
ORD-000620177,NQ-PNT-001-XL-NVY,1,49000
ORD-000620177,NQ-PNT-001-2XL-NVY,1,49000
ORD-000620314,NQ-TOP-002-XL-BLK,1,39000
ORD-000620314,NQ-PNT-001-XL-KHK,1,49000
ORD-000620505,NQ-CLR-WRM-004-M-IVR,1,35000
ORD-000620739,NQ-PNT-001-2XL-KHK,1,49000
ORD-000620739,NQ-TOP-002-L-BLK,1,39000
ORD-000621632,NQ-PNT-001-S-BEG,1,49000
ORD-000621632,NQ-TOP-003-2XL-GRY,1,39000
ORD-000622090,NQ-CLR-MUT-003-S-ASH,1,35000
ORD-000622388,NQ-PNT-001-XS-BLK,1,49000
ORD-000623046,NQ-TOP-001-3XL-ORC,1,39000
ORD-000623292,NQ-CLR-COOL-005-M-ASH,1,35000
ORD-000623842,NQ-TOP-001-2XL-WHT,1,39000
ORD-000623844,NQ-TOP-001-4XL-NVY,1,39000
ORD-000624809,NQ-PNT-001-4XL-NVY,1,49000
ORD-000624809,NQ-TOP-001-XL-SKB,1,39000
ORD-000625141,NQ-TOP-001-S-BLK,1,39000
ORD-000625394,NQ-TOP-002-XS-NVY,1,39000
ORD-000627097,NQ-PNT-004-L-BEG,1,49000
ORD-000627097,NQ-CLR-WRM-001-L-IVR,1,35000
ORD-000627258,NQ-PNT-002-2XL-BLK,1,49000
ORD-000627792,NQ-TOP-004-XL-WHT,1,39000
ORD-000627792,NQ-CLR-COOL-002-S-ASH,1,35000
ORD-000628027,NQ-CLR-WRM-001-S-CRM,1,35000
ORD-000629284,NQ-CLR-COOL-002-S-ASH,1,35000
ORD-000629284,NQ-PNT-001-3XL-KHK,1,49000
ORD-000629419,NQ-CLR-WRM-001-L-CRM,1,35000
ORD-000629419,NQ-TOP-001-2XL-LYL,1,39000
ORD-000629815,NQ-CLR-COOL-002-M-ASH,1,35000
ORD-000629867,NQ-CLR-WRM-001-S-IVR,1,35000
ORD-000630700,NQ-CLR-MUT-003-M-ASH,1,35000
ORD-000635077,NQ-CLR-COOL-002-L-CRM,1,35000
ORD-000635601,NQ-TOP-001-XL-NVY,1,39000
ORD-000635601,NQ-CLR-WRM-001-L-IVR,1,35000
ORD-000636427,NQ-CLR-MUT-003-S-IVR,1,35000
ORD-000637201,NQ-PNT-001-XS-BEG,1,49000
ORD-000637201,NQ-CLR-WRM-001-S-ASH,1,35000
ORD-000637937,NQ-CLR-WRM-001-L-IVR,1,35000
ORD-000639208,NQ-CLR-MUT-006-L-ASH,1,35000
ORD-000639208,NQ-CLR-MUT-006-L-IVR,1,35000
ORD-000639562,NQ-CLR-WRM-001-L-ASH,1,35000
ORD-000641833,NQ-CLR-COOL-002-L-IVR,1,35000
ORD-000641833,NQ-PNT-001-2XL-KHK,1,49000
ORD-000641936,NQ-CLR-COOL-002-M-ASH,1,35000
ORD-000641936,NQ-TOP-001-S-GRY,1,39000
ORD-000641936,NQ-TOP-003-3XL-BLK,1,39000
ORD-000642284,NQ-TOP-001-2XL-NVY,1,39000
ORD-000642380,NQ-TOP-002-S-GRY,1,39000
ORD-000642785,NQ-PNT-001-2XL-KHK,1,49000
ORD-000643345,NQ-PNT-001-2XL-KHK,1,49000
ORD-000644439,NQ-TOP-001-S-LYL,1,39000
ORD-000644439,NQ-TOP-001-S-NVY,1,39000
ORD-000644439,NQ-PNT-001-3XL-BEG,1,49000
ORD-000645705,NQ-OUT-001-L-BLK,1,89000
ORD-000646615,NQ-CLR-MUT-003-L-CRM,1,35000
ORD-000647566,NQ-CLR-COOL-002-L-IVR,1,35000
ORD-000647566,NQ-CLR-MUT-006-S-ASH,1,35000
ORD-000647575,NQ-CLR-MUT-003-M-CRM,1,35000
ORD-000649209,NQ-CLR-WRM-001-L-IVR,1,35000
ORD-000649278,NQ-OUT-001-L-BEG,1,89000
ORD-000649285,NQ-CLR-COOL-002-M-ASH,1,35000
ORD-000649285,NQ-PNT-001-2XL-BLK,1,49000
ORD-000649608,NQ-PNT-001-2XL-GRY,1,49000
ORD-000649899,NQ-OUT-001-L-BLK,1,89000
ORD-000650091,NQ-TOP-002-2XL-NVY,1,39000
ORD-000650091,NQ-OUT-001-L-NVY,1,89000
ORD-000651763,NQ-PNT-004-M-BLK,1,49000
ORD-000651786,NQ-PNT-001-2XL-BLK,1,49000
ORD-000652644,NQ-TOP-005-2XL-NVY,1,39000
ORD-000654190,NQ-PNT-001-XS-KHK,1,49000
ORD-000655441,NQ-OUT-003-M-NVY,1,89000
ORD-000655441,NQ-TOP-001-S-NVY,1,39000
ORD-000656280,NQ-TOP-004-L-NVY,1,39000
ORD-000657037,NQ-OUT-001-L-GRY,1,89000
ORD-000657037,NQ-CLR-MUT-003-L-CRM,1,35000
ORD-000658467,NQ-OUT-001-L-GRY,1,89000
ORD-000658467,NQ-TOP-001-S-BLK,1,39000
ORD-000658511,NQ-PNT-001-L-BEG,1,49000
ORD-000658511,NQ-TOP-001-3XL-SKB,1,39000
ORD-000658890,NQ-OUT-001-L-GRY,1,89000
ORD-000659495,NQ-TOP-004-L-NVY,1,39000
ORD-000659495,NQ-OUT-001-M-BLK,1,89000
ORD-000660260,NQ-TOP-001-2XL-LYL,1,39000
ORD-000661420,NQ-OUT-001-M-BLK,1,89000
ORD-000661420,NQ-TOP-003-M-WHT,1,39000
ORD-000661984,NQ-OUT-001-M-NVY,1,89000
ORD-000661984,NQ-CLR-COOL-002-L-IVR,1,35000
ORD-000662413,NQ-TOP-001-2XL-GRY,1,39000
ORD-000664156,NQ-OUT-001-M-BEG,1,89000
ORD-000664156,NQ-TOP-001-M-ORC,1,39000
ORD-000664579,NQ-OUT-001-M-GRY,1,89000
ORD-000664579,NQ-CLR-COOL-002-L-ASH,1,35000
ORD-000664579,NQ-TOP-001-2XL-WHT,1,39000
ORD-000665294,NQ-PNT-001-2XL-KHK,1,49000
ORD-000665312,NQ-OUT-001-S-NVY,1,89000
ORD-000665597,NQ-TOP-001-4XL-SKB,1,39000
ORD-000665597,NQ-OUT-001-L-GRY,1,89000
ORD-000666121,NQ-TOP-001-XL-ORC,1,39000
ORD-000666488,NQ-OUT-001-M-BEG,1,89000
ORD-000666939,NQ-PNT-001-M-NVY,1,49000
ORD-000666939,NQ-OUT-002-M-GRY,1,89000
ORD-000667560,NQ-TOP-001-L-WHT,1,39000
ORD-000668114,NQ-TOP-001-L-SKB,1,39000
ORD-000669658,NQ-PNT-001-M-BEG,1,49000
ORD-000670192,NQ-TOP-001-S-NVY,1,39000
ORD-000670940,NQ-TOP-001-M-NVY,1,39000
ORD-000671151,NQ-PNT-003-2XL-BLK,1,49000
ORD-000671151,NQ-TOP-002-S-GRY,1,39000
ORD-000671343,NQ-OUT-001-M-BEG,1,89000
ORD-000671343,NQ-TOP-001-XS-WHT,1,39000
ORD-000672027,NQ-OUT-001-M-GRY,1,89000
ORD-000672027,NQ-OUT-001-M-NVY,1,89000
ORD-000672027,NQ-TOP-001-L-GRY,1,39000
ORD-000672543,NQ-OUT-001-S-BEG,1,89000
ORD-000673188,NQ-PNT-001-3XL-KHK,1,49000
ORD-000673188,NQ-TOP-005-XL-BLK,1,39000
ORD-000675001,NQ-TOP-001-L-LYL,1,39000
ORD-000675494,NQ-PNT-001-L-BEG,1,49000
ORD-000675494,NQ-OUT-001-S-BLK,1,89000
ORD-000675768,NQ-TOP-001-2XL-ORC,1,39000
ORD-000675768,NQ-OUT-001-S-BLK,1,89000
ORD-000675946,NQ-TOP-001-XS-LYL,1,39000
ORD-000675946,NQ-PNT-001-M-BLK,1,49000
ORD-000676107,NQ-OUT-001-M-BEG,1,89000
ORD-000676107,NQ-TOP-001-4XL-BLK,1,39000
ORD-000676335,NQ-TOP-004-S-GRY,1,39000
ORD-000676335,NQ-PNT-001-L-BLK,1,49000
ORD-000676417,NQ-TOP-001-XL-SKB,1,39000
ORD-000676417,NQ-TOP-001-M-SKB,1,39000
ORD-000676555,NQ-PNT-003-M-GRY,1,49000
ORD-000676555,NQ-TOP-001-S-ORC,1,39000
ORD-000677146,NQ-TOP-002-XL-BLK,1,39000
ORD-000677146,NQ-PNT-001-M-BLK,1,49000
ORD-000677694,NQ-OUT-001-S-NVY,1,89000
ORD-000677694,NQ-PNT-001-S-KHK,1,49000
ORD-000677858,NQ-OUT-001-S-BEG,1,89000
ORD-000678082,NQ-TOP-001-M-LYL,1,39000
ORD-000678348,NQ-OUT-001-S-NVY,1,89000
ORD-000678348,NQ-PNT-003-3XL-GRY,1,49000
ORD-000679652,NQ-OUT-001-S-BEG,1,89000
ORD-000680300,NQ-OUT-001-S-BLK,1,89000
ORD-000680705,NQ-PNT-001-L-BLK,1,49000
ORD-000680868,NQ-OUT-003-S-BEG,1,89000
ORD-000680947,NQ-OUT-002-M-NVY,1,89000
ORD-000680947,NQ-TOP-003-M-BLK,1,39000
ORD-000682358,NQ-TOP-001-M-SKB,1,39000
ORD-000683047,NQ-OUT-002-M-BLK,1,89000
ORD-000683047,NQ-PNT-002-L-BEG,1,49000
ORD-000683424,NQ-OUT-001-M-NVY,1,89000
ORD-000683424,NQ-PNT-003-S-GRY,1,49000
ORD-000683424,NQ-TOP-001-L-WHT,1,39000
ORD-000684035,NQ-TOP-001-L-LYL,1,39000
ORD-000684035,NQ-PNT-003-XL-BEG,1,49000
ORD-000684035,NQ-OUT-001-S-BEG,1,89000
ORD-000684227,NQ-OUT-001-M-NVY,1,89000
ORD-000684553,NQ-PNT-002-L-BLK,1,49000
ORD-000684553,NQ-PNT-001-XL-GRY,1,49000
ORD-000685016,NQ-OUT-001-M-BEG,1,89000
ORD-000685016,NQ-PNT-001-L-KHK,1,49000
ORD-000685549,NQ-OUT-002-S-BLK,1,89000
ORD-000685958,NQ-PNT-001-L-NVY,1,49000
ORD-000688010,NQ-PNT-002-L-GRY,1,49000
ORD-000689141,NQ-PNT-001-M-KHK,1,49000
ORD-000690942,NQ-PNT-001-XL-BEG,1,49000
ORD-000691014,NQ-PNT-001-S-GRY,1,49000
ORD-000691416,NQ-CLR-WRM-001-M-IVR,1,35000
ORD-000692983,NQ-PNT-003-S-BLK,1,49000
ORD-000692983,NQ-OUT-001-S-BLK,1,89000
ORD-000695558,NQ-PNT-001-2XL-GRY,1,49000
ORD-000695558,NQ-PNT-001-S-BEG,1,49000
ORD-000695558,NQ-OUT-001-M-BEG,1,89000
ORD-000695672,NQ-CLR-WRM-001-M-IVR,1,35000
ORD-000695672,NQ-PNT-002-M-GRY,1,49000
ORD-000696161,NQ-PNT-002-2XL-BEG,1,49000
ORD-000696863,NQ-TOP-003-2XL-NVY,1,39000
ORD-000697809,NQ-PNT-002-L-BLK,1,49000
ORD-000698430,NQ-TOP-001-4XL-WHT,1,39000
ORD-000698430,NQ-OUT-001-M-NVY,1,89000
ORD-000698934,NQ-OUT-001-M-NVY,1,89000
ORD-000698934,NQ-TOP-001-XL-BLK,1,39000
ORD-000699162,NQ-TOP-001-L-ORC,1,39000
ORD-000699162,NQ-CLR-COOL-005-M-CRM,1,35000
ORD-000699162,NQ-PNT-001-L-BEG,1,49000
ORD-000699262,NQ-OUT-001-S-BEG,1,89000
ORD-000699262,NQ-OUT-001-M-BEG,1,89000
ORD-000699378,NQ-TOP-002-2XL-GRY,1,39000
ORD-000700135,NQ-PNT-001-S-BLK,1,49000
ORD-000701398,NQ-OUT-001-S-NVY,1,89000
ORD-000702632,NQ-OUT-001-M-BEG,1,89000
ORD-000702632,NQ-TOP-001-M-SKB,1,39000
ORD-000703026,NQ-TOP-001-4XL-NVY,1,39000
ORD-000703026,NQ-OUT-001-S-BEG,1,89000
ORD-000703026,NQ-CLR-COOL-002-M-IVR,1,35000
ORD-000703204,NQ-PNT-001-L-BEG,1,49000
ORD-000703204,NQ-PNT-001-2XL-KHK,1,49000
ORD-000703204,NQ-PNT-002-M-GRY,1,49000
ORD-000703756,NQ-TOP-001-L-WHT,1,39000
ORD-000703756,NQ-TOP-001-2XL-NVY,1,39000
ORD-000704798,NQ-OUT-001-M-BEG,1,89000
ORD-000705003,NQ-OUT-001-M-BEG,1,89000
ORD-000705047,NQ-OUT-001-S-BLK,1,89000
ORD-000705047,NQ-TOP-004-M-BLK,1,39000
ORD-000706690,NQ-PNT-001-M-BLK,1,49000
ORD-000707211,NQ-TOP-001-M-NVY,1,39000
ORD-000707211,NQ-OUT-001-S-BEG,1,89000
ORD-000707745,NQ-CLR-WRM-001-M-CRM,1,35000
ORD-000707909,NQ-PNT-001-XL-KHK,1,49000
ORD-000707909,NQ-PNT-004-S-BEG,1,49000
ORD-000708509,NQ-PNT-001-S-BLK,1,49000
ORD-000708549,NQ-TOP-001-L-LYL,1,39000
ORD-000708798,NQ-TOP-001-3XL-GRY,1,39000
ORD-000709246,NQ-OUT-002-L-BLK,1,89000
ORD-000709348,NQ-CLR-WRM-001-S-CRM,1,35000
ORD-000709348,NQ-CLR-WRM-001-M-IVR,1,35000
ORD-000711884,NQ-TOP-001-XL-ORC,1,39000
ORD-000711970,NQ-OUT-001-S-GRY,1,89000
ORD-000712361,NQ-OUT-002-M-BEG,1,89000
ORD-000712361,TRD-OUT-03-WAV-002-S-BLK,1,69000
ORD-000712361,NQ-PNT-002-XL-GRY,1,49000
ORD-000712555,NQ-CLR-COOL-002-S-ASH,1,35000
ORD-000713413,NQ-ACC-BAG-001-FREE-BEG,1,19000
ORD-000713784,NQ-TOP-001-3XL-LYL,1,39000
ORD-000713930,NQ-ACC-BLT-002-FREE-BRN,1,19000
ORD-000714112,NQ-PNT-002-L-BEG,1,49000
ORD-000714262,NQ-CLR-MUT-006-S-IVR,1,35000
ORD-000714262,NQ-PNT-001-3XL-BEG,1,49000
ORD-000714276,NQ-PNT-001-M-KHK,1,49000
ORD-000715131,NQ-TOP-001-M-WHT,1,39000
ORD-000715689,TRD-OUT-03-WAV-002-S-BEG,1,69000
ORD-000715829,NQ-CLR-COOL-002-S-ASH,1,35000
ORD-000716037,NQ-PNT-001-3XL-GRY,1,49000
ORD-000717041,NQ-TOP-001-S-GRY,1,39000
ORD-000717362,NQ-CLR-WRM-001-M-CRM,1,35000
ORD-000717362,NQ-PNT-002-XL-BEG,1,49000
ORD-000717731,NQ-CLR-WRM-001-L-ASH,1,35000
ORD-000718117,NQ-PNT-003-S-BEG,1,49000
ORD-000718873,NQ-CLR-MUT-003-S-ASH,1,35000
ORD-000719957,NQ-ACC-PCH-005-FREE-BEG,1,19000
ORD-000719957,NQ-ACC-CAP-004-FREE-WHT,1,19000
ORD-000720186,NQ-PNT-004-2XL-GRY,1,49000
ORD-000720283,TRD-OUT-03-NAT-003-S-BEG,1,69000
ORD-000720283,NQ-TOP-001-M-NVY,1,39000
ORD-000720314,NQ-TOP-001-S-WHT,1,39000
ORD-000720314,NQ-CLR-COOL-002-M-ASH,1,35000
ORD-000721272,NQ-PNT-001-4XL-GRY,1,49000
ORD-000721849,NQ-TOP-001-XL-BLK,1,39000
ORD-000722045,NQ-CLR-MUT-006-S-CRM,1,35000
ORD-000723841,NQ-CLR-COOL-002-S-IVR,1,35000
ORD-000723841,NQ-CLR-MUT-003-S-ASH,1,35000
ORD-000724280,NQ-ACC-PCH-005-FREE-BLK,1,19000
ORD-000724339,NQ-ACC-BAG-001-FREE-WHT,1,19000
ORD-000724530,NQ-DRS-001-L-BLK,1,59000
ORD-000724530,NQ-DRS-001-M-BLK,1,59000
ORD-000724677,NQ-TOP-001-M-LYL,1,39000
ORD-000726017,NQ-PNT-001-L-NVY,1,49000
ORD-000726143,TRD-ACC-01-CHM-001-FREE-BLK,1,15000
ORD-000727590,NQ-ACC-BAG-001-FREE-WHT,1,19000
ORD-000727912,TRD-OUT-03-WAV-002-S-BEG,1,69000
ORD-000728276,NQ-TOP-003-L-BLK,1,39000
ORD-000729098,NQ-CLR-MUT-003-M-ASH,1,35000
ORD-000729098,NQ-CLR-MUT-003-M-CRM,1,35000
ORD-000729098,NQ-ACC-BAG-001-FREE-WHT,1,19000
ORD-000729129,NQ-TOP-001-L-NVY,1,39000
ORD-000730124,TRD-OUT-03-NAT-003-M-BEG,1,69000
ORD-000730141,NQ-PNT-004-XL-BEG,1,49000
ORD-000730141,NQ-CLR-WRM-004-M-ASH,1,35000
ORD-000730141,NQ-CLR-COOL-002-L-CRM,1,35000
ORD-000730188,NQ-PNT-001-M-NVY,1,49000
ORD-000730979,NQ-TOP-003-3XL-BLK,1,39000
ORD-000730979,NQ-TOP-001-XL-BLK,1,39000
ORD-000731266,NQ-TOP-001-M-BLK,1,39000
ORD-000732357,NQ-PNT-001-S-BEG,1,49000
ORD-000732357,NQ-DRS-001-S-BLK,1,59000
ORD-000732628,TRD-ACC-01-CHM-001-FREE-GLD,1,15000
ORD-000732628,NQ-TOP-003-XL-GRY,1,39000
ORD-000732628,NQ-PNT-001-XL-NVY,1,49000
ORD-000733147,NQ-TOP-001-L-ORC,1,39000
ORD-000733147,NQ-TOP-001-M-GRY,1,39000
ORD-000733147,NQ-TOP-001-L-SKB,1,39000
ORD-000734035,NQ-CLR-MUT-003-M-IVR,1,35000
ORD-000735219,TRD-OUT-03-WAV-002-S-BEG,1,69000
ORD-000735500,NQ-CLR-WRM-004-S-IVR,1,35000
ORD-000736678,NQ-TOP-001-3XL-ORC,1,39000
ORD-000737815,NQ-CLR-COOL-005-S-IVR,1,35000
ORD-000737874,NQ-PNT-001-XL-KHK,1,49000
ORD-000738026,NQ-CLR-COOL-002-S-ASH,1,35000
ORD-000738091,NQ-TOP-001-XL-WHT,1,39000
ORD-000738137,NQ-TOP-001-XS-NVY,1,39000
ORD-000738458,NQ-DRS-001-M-BLK,1,59000
ORD-000739276,NQ-PNT-001-2XL-KHK,1,49000
ORD-000739276,NQ-ACC-BAG-001-FREE-WHT,1,19000
ORD-000739569,NQ-CLR-MUT-003-S-ASH,1,35000
ORD-000740182,NQ-ACC-BAG-001-FREE-WHT,1,19000
ORD-000740182,NQ-CLR-COOL-002-M-IVR,1,35000
ORD-000740182,NQ-PNT-001-XL-KHK,1,49000
ORD-000740299,NQ-DRS-001-M-BLK,1,59000
ORD-000740502,TRD-OUT-03-NAT-003-M-BLK,1,69000
ORD-000743425,NQ-TOP-003-2XL-WHT,1,39000
ORD-000743425,TRD-ACC-01-CHM-001-FREE-SLV,1,15000
ORD-000743658,NQ-TOP-001-XL-SKB,1,39000
ORD-000743998,NQ-TOP-002-XL-BLK,1,39000
ORD-000744924,NQ-PNT-001-M-KHK,1,49000
ORD-000745013,NQ-PNT-001-M-GRY,1,49000
ORD-000745670,TRD-ACC-01-CHM-001-FREE-BLK,1,15000
ORD-000745670,NQ-TOP-002-XL-BLK,1,39000
ORD-000747271,NQ-ACC-PCH-005-FREE-BLK,1,19000
ORD-000747277,NQ-TOP-001-2XL-SKB,1,39000
ORD-000747708,NQ-DRS-001-S-IVR,1,59000
ORD-000747708,NQ-PNT-001-L-NVY,1,49000
ORD-000748160,NQ-OUT-001-L-BLK,1,89000
ORD-000748624,TRD-OUT-03-STR-001-S-BLK,1,69000
ORD-000750029,TRD-OUT-03-STR-001-S-BLK,1,69000
ORD-000751232,NQ-CLR-COOL-002-L-CRM,1,35000
ORD-000751924,NQ-ACC-BAG-001-FREE-BEG,1,19000
ORD-000752154,NQ-TOP-001-L-NVY,1,39000
ORD-000752232,NQ-CLR-WRM-001-S-IVR,1,35000
ORD-000752243,TRD-OUT-03-NAT-003-L-BLK,1,69000
ORD-000753234,NQ-PNT-003-M-GRY,1,49000
ORD-000753234,NQ-ACC-SCF-003-FREE-BRN,1,19000
ORD-000753234,NQ-DRS-001-M-IVR,1,59000
ORD-000753385,NQ-CLR-MUT-003-S-ASH,1,35000
ORD-000753467,NQ-PNT-001-3XL-KHK,1,49000
ORD-000753467,NQ-CLR-MUT-003-S-CRM,1,35000
ORD-000754322,NQ-TOP-002-M-NVY,1,39000
ORD-000754322,NQ-TOP-005-M-BLK,1,39000
ORD-000754761,TRD-OUT-03-NAT-003-M-BEG,1,69000
ORD-000754761,NQ-PNT-002-M-BEG,1,49000
ORD-000754825,TRD-OUT-03-STR-001-M-BEG,1,69000
ORD-000755708,NQ-PNT-001-XS-NVY,1,49000
ORD-000756686,NQ-CLR-WRM-004-L-IVR,1,35000
ORD-000756968,NQ-ACC-PCH-005-FREE-BEG,1,19000
ORD-000756968,NQ-PNT-001-XL-BLK,1,49000
ORD-000756993,NQ-PNT-001-S-BEG,1,49000
ORD-000756993,NQ-TOP-001-S-NVY,1,39000
ORD-000757206,NQ-PNT-001-M-KHK,1,49000
ORD-000758021,NQ-TOP-001-XL-WHT,1,39000
ORD-000758021,NQ-PNT-001-XL-GRY,1,49000
ORD-000758021,NQ-TOP-001-XL-BLK,1,39000
ORD-000758651,NQ-ACC-BAG-001-FREE-BLK,1,19000
ORD-000758651,NQ-OUT-001-L-BLK,1,89000
ORD-000759735,NQ-TOP-001-2XL-ORC,1,39000
ORD-000759735,TRD-OUT-03-NAT-003-S-BLK,1,69000
ORD-000759735,NQ-OUT-001-L-NVY,1,89000
ORD-000760256,NQ-TOP-002-L-GRY,1,39000
ORD-000760256,NQ-TOP-002-M-GRY,1,39000
ORD-000760649,NQ-PNT-003-S-GRY,1,49000
ORD-000761244,NQ-TOP-001-3XL-WHT,1,39000
ORD-000761244,NQ-CLR-MUT-006-S-CRM,1,35000
ORD-000761448,NQ-DRS-001-M-BLK,1,59000
ORD-000762678,NQ-CLR-WRM-004-L-CRM,1,35000
ORD-000762678,NQ-CLR-COOL-002-M-ASH,1,35000
ORD-000763615,NQ-CLR-MUT-006-M-CRM,1,35000
ORD-000763628,NQ-ACC-BAG-001-FREE-WHT,1,19000
ORD-000763628,NQ-PNT-003-XL-GRY,1,49000
ORD-000763793,NQ-CLR-MUT-003-L-CRM,1,35000
ORD-000763919,TRD-OUT-03-STR-001-S-BEG,1,69000
ORD-000763919,NQ-DRS-001-S-IVR,1,59000
ORD-000763936,NQ-OUT-001-L-BEG,1,89000
ORD-000764048,NQ-ACC-BAG-001-FREE-BEG,1,19000
ORD-000764048,NQ-PNT-002-S-GRY,1,49000
ORD-000764387,NQ-PNT-002-2XL-GRY,1,49000
ORD-000764387,NQ-CLR-COOL-005-M-ASH,1,35000
ORD-000765707,NQ-PNT-001-M-NVY,1,49000
ORD-000765707,NQ-ACC-BLT-002-FREE-BRN,1,19000
ORD-000766569,NQ-TOP-002-S-BLK,1,39000
ORD-000767213,NQ-OUT-001-L-NVY,1,89000
ORD-000767413,NQ-ACC-BAG-001-FREE-BEG,1,19000
ORD-000767413,NQ-CLR-COOL-002-M-CRM,1,35000
ORD-000767616,NQ-CLR-COOL-002-L-ASH,1,35000
ORD-000767616,NQ-TOP-005-S-GRY,1,39000
ORD-000768160,NQ-TOP-001-4XL-GRY,1,39000
ORD-000768525,NQ-DRS-001-S-BLK,1,59000
ORD-000768811,NQ-ACC-CAP-004-FREE-BLK,1,19000
ORD-000768979,NQ-OUT-001-L-NVY,1,89000
ORD-000768979,NQ-CLR-WRM-001-L-IVR,1,35000
ORD-000769714,NQ-OUT-001-L-BLK,1,89000
ORD-000769842,NQ-TOP-001-M-NVY,1,39000
ORD-000770167,NQ-PNT-001-M-NVY,1,49000
ORD-000770386,NQ-TOP-003-L-NVY,1,39000
ORD-000772078,NQ-OUT-001-L-BEG,1,89000
ORD-000772078,NQ-PNT-002-L-BEG,1,49000
ORD-000772485,NQ-PNT-003-M-GRY,1,49000
ORD-000772535,NQ-CLR-COOL-005-M-ASH,1,35000
ORD-000774169,TRD-OUT-03-NAT-003-L-BLK,1,69000
ORD-000774169,NQ-CLR-MUT-003-M-ASH,1,35000
ORD-000775579,NQ-TOP-001-L-SKB,1,39000
ORD-000776166,NQ-PNT-003-2XL-BLK,1,49000
ORD-000776166,NQ-PNT-001-L-GRY,1,49000
ORD-000776611,NQ-DRS-001-L-BLK,1,59000
ORD-000776951,NQ-DRS-001-L-BLK,1,59000
ORD-000776951,NQ-TOP-001-M-WHT,1,39000
ORD-000777545,NQ-TOP-001-M-BLK,1,39000
ORD-000778805,NQ-PNT-001-L-NVY,1,49000
ORD-000779901,NQ-ACC-BAG-001-FREE-WHT,1,19000
ORD-000779901,NQ-CLR-WRM-001-M-IVR,1,35000
ORD-000781404,NQ-OUT-001-M-BLK,1,89000
ORD-000781404,NQ-TOP-002-3XL-NVY,1,39000
ORD-000781874,NQ-ACC-BLT-002-FREE-BEG,1,19000
ORD-000781924,NQ-CLR-COOL-002-S-IVR,1,35000
ORD-000783193,NQ-OUT-001-L-BLK,1,89000
ORD-000785006,NQ-OUT-001-M-BLK,1,89000
ORD-000785120,NQ-OUT-001-L-BEG,1,89000
ORD-000785512,NQ-ACC-PCH-005-FREE-BEG,1,19000
ORD-000785641,NQ-ACC-BAG-001-FREE-BRN,1,19000
ORD-000785641,NQ-CLR-WRM-004-S-ASH,1,35000
ORD-000785960,NQ-TOP-001-M-LYL,1,39000
ORD-000786224,NQ-CLR-MUT-006-S-CRM,1,35000
ORD-000786874,NQ-TOP-001-L-ORC,1,39000
ORD-000788413,NQ-PNT-001-XS-BEG,1,49000
ORD-000788413,NQ-TOP-001-L-BLK,1,39000
ORD-000789041,NQ-TOP-001-S-NVY,1,39000
ORD-000790033,NQ-TOP-002-2XL-GRY,1,39000
ORD-000790319,NQ-PNT-001-L-NVY,1,49000
ORD-000790370,NQ-TOP-001-L-NVY,1,39000
ORD-000790484,NQ-PNT-001-L-KHK,1,49000
ORD-000790484,NQ-CLR-MUT-003-M-ASH,1,35000
ORD-000791008,NQ-TOP-001-M-GRY,1,39000
ORD-000791661,NQ-CLR-COOL-002-S-ASH,1,35000
ORD-000791661,NQ-PNT-001-XS-KHK,1,49000
ORD-000794231,NQ-DRS-002-S-BLK,1,59000
ORD-000794231,NQ-ACC-SCF-003-FREE-BLK,1,19000
ORD-000794294,NQ-CLR-WRM-001-M-CRM,1,35000
ORD-000794294,NQ-PNT-003-L-BLK,1,49000
ORD-000794511,NQ-CLR-COOL-002-L-ASH,1,35000
ORD-000794511,NQ-TOP-001-2XL-NVY,1,39000
ORD-000796743,NQ-OUT-002-L-BEG,1,89000
ORD-000796818,NQ-OUT-001-L-BLK,1,89000
ORD-000797488,NQ-DRS-001-L-IVR,1,59000
ORD-000797996,NQ-TOP-002-L-WHT,1,39000
ORD-000797997,NQ-TOP-001-L-SKB,1,39000
ORD-000797997,NQ-ACC-BLT-002-FREE-BEG,1,19000
ORD-000798973,NQ-TOP-001-S-BLK,1,39000
ORD-000798973,NQ-TOP-004-L-BLK,1,39000
ORD-000799459,NQ-OUT-001-L-GRY,1,89000
ORD-000799459,NQ-ACC-BAG-001-FREE-BEG,1,19000
ORD-000799459,NQ-TOP-003-L-NVY,1,39000
ORD-000799583,NQ-PNT-001-XL-BLK,1,49000
ORD-000800475,NQ-CLR-WRM-001-M-ASH,1,35000
ORD-000800475,NQ-TOP-001-L-WHT,1,39000
ORD-000803632,NQ-OUT-001-L-BEG,1,89000
ORD-000803915,NQ-TOP-001-3XL-WHT,1,39000
ORD-000803915,NQ-TOP-001-L-ORC,1,39000
ORD-000804365,NQ-CLR-COOL-005-L-IVR,1,35000
ORD-000805206,NQ-TOP-001-M-NVY,1,39000
ORD-000805692,NQ-OUT-001-L-GRY,1,89000
ORD-000805692,NQ-PNT-001-L-NVY,1,49000
ORD-000806166,NQ-CLR-COOL-002-M-ASH,1,35000
ORD-000806166,NQ-PNT-001-S-GRY,1,49000
ORD-000807138,NQ-CLR-WRM-001-S-IVR,1,35000
ORD-000807168,NQ-CLR-COOL-005-S-IVR,1,35000
ORD-000807168,NQ-ACC-BAG-001-FREE-BRN,1,19000
ORD-000807168,NQ-OUT-002-L-BEG,1,89000
ORD-000807591,NQ-CLR-COOL-002-S-ASH,1,35000
ORD-000807591,NQ-PNT-001-M-GRY,1,49000
ORD-000807591,NQ-ACC-BAG-001-FREE-BRN,1,19000
ORD-000807603,NQ-CLR-WRM-001-L-ASH,1,35000
ORD-000807641,NQ-CLR-COOL-002-S-IVR,1,35000
ORD-000808911,NQ-PNT-003-3XL-BEG,1,49000
ORD-000808911,NQ-TOP-001-XL-WHT,1,39000
ORD-000810998,NQ-TOP-001-S-ORC,1,39000
ORD-000811621,NQ-TOP-001-L-WHT,1,39000
ORD-000812600,NQ-TOP-001-M-ORC,1,39000
ORD-000812641,NQ-PNT-001-2XL-GRY,1,49000
ORD-000812641,NQ-TOP-003-3XL-GRY,1,39000
ORD-000812819,NQ-OUT-001-L-BLK,1,89000
ORD-000813808,NQ-OUT-001-M-GRY,1,89000
ORD-000816801,NQ-TOP-002-XL-BLK,1,39000
ORD-000816952,NQ-CLR-COOL-002-L-IVR,1,35000
ORD-000817436,NQ-CLR-COOL-005-L-IVR,1,35000
ORD-000818218,NQ-TOP-001-M-BLK,1,39000
ORD-000818218,NQ-OUT-002-L-NVY,1,89000
ORD-000818218,NQ-TOP-004-L-BLK,1,39000
ORD-000818956,NQ-OUT-001-M-GRY,1,89000
ORD-000818956,NQ-TOP-001-S-BLK,1,39000
ORD-000819362,NQ-TOP-001-2XL-BLK,1,39000
ORD-000819362,NQ-TOP-001-XS-BLK,1,39000
ORD-000819464,NQ-DRS-001-S-IVR,1,59000
ORD-000819464,NQ-CLR-MUT-003-L-CRM,1,35000
ORD-000819464,NQ-OUT-001-L-NVY,1,89000
ORD-000819714,NQ-PNT-003-S-BEG,1,49000
ORD-000819714,NQ-ACC-BAG-001-FREE-BLK,1,19000
ORD-000820519,NQ-CLR-MUT-003-L-IVR,1,35000
ORD-000821386,NQ-TOP-001-M-BLK,1,39000
ORD-000821784,NQ-TOP-002-L-WHT,1,39000
ORD-000822703,NQ-TOP-001-M-GRY,1,39000
ORD-000823536,NQ-DRS-002-L-IVR,1,59000
ORD-000824585,NQ-ACC-CAP-004-FREE-WHT,1,19000
ORD-000824967,NQ-PNT-001-XL-KHK,1,49000
ORD-000825058,NQ-OUT-001-M-NVY,1,89000
ORD-000825058,NQ-PNT-001-S-BLK,1,49000
ORD-000825510,NQ-TOP-001-XL-GRY,1,39000
ORD-000827673,NQ-DRS-001-M-IVR,1,59000
ORD-000827673,NQ-ACC-BAG-001-FREE-WHT,1,19000
ORD-000827693,NQ-TOP-005-XL-NVY,1,39000
ORD-000827693,NQ-TOP-001-L-BLK,1,39000
ORD-000829254,NQ-DRS-002-L-IVR,1,59000
ORD-000829254,NQ-OUT-001-S-BLK,1,89000
ORD-000830448,NQ-OUT-001-M-GRY,1,89000
ORD-000830448,NQ-TOP-001-L-LYL,1,39000
ORD-000831066,NQ-TOP-001-XS-NVY,1,39000
ORD-000831066,NQ-TOP-003-XL-BLK,1,39000
ORD-000831066,NQ-DRS-001-S-IVR,1,59000
ORD-000831408,NQ-PNT-001-XL-BLK,1,49000
ORD-000831408,NQ-OUT-003-M-NVY,1,89000
ORD-000832405,NQ-ACC-PCH-005-FREE-BRN,1,19000
ORD-000832405,NQ-PNT-004-XL-GRY,1,49000
ORD-000832944,NQ-TOP-001-L-ORC,1,39000
ORD-000833351,NQ-TOP-001-XL-GRY,1,39000
ORD-000833351,NQ-TOP-001-M-ORC,1,39000
ORD-000833620,NQ-TOP-002-XL-GRY,1,39000
ORD-000833620,NQ-ACC-SCF-003-FREE-WHT,1,19000
ORD-000833938,NQ-OUT-001-S-GRY,1,89000
ORD-000833938,NQ-PNT-003-L-BLK,1,49000
ORD-000834190,NQ-TOP-001-3XL-WHT,1,39000
ORD-000834235,NQ-TOP-001-M-LYL,1,39000
ORD-000834489,NQ-TOP-001-2XL-WHT,1,39000
ORD-000835042,NQ-TOP-001-4XL-GRY,1,39000
ORD-000835240,NQ-DRS-001-M-BLK,1,59000
ORD-000835458,NQ-TOP-004-S-NVY,1,39000
ORD-000835458,NQ-OUT-002-S-NVY,1,89000
ORD-000835638,NQ-OUT-001-M-BLK,1,89000
ORD-000835860,NQ-OUT-001-L-NVY,1,89000
ORD-000836814,NQ-PNT-002-2XL-BEG,1,49000
ORD-000836814,NQ-OUT-003-S-BEG,1,89000
ORD-000836864,NQ-PNT-001-M-BEG,1,49000
ORD-000837317,NQ-PNT-003-2XL-BEG,1,49000
ORD-000837444,NQ-OUT-001-S-NVY,1,89000
ORD-000837521,NQ-ACC-PCH-005-FREE-BRN,1,19000
ORD-000837521,NQ-TOP-001-M-NVY,1,39000
ORD-000837563,NQ-OUT-002-M-BEG,1,89000
ORD-000837563,NQ-OUT-002-S-BEG,1,89000
ORD-000837772,NQ-PNT-002-S-BEG,1,49000
ORD-000837772,NQ-TOP-002-XL-WHT,1,39000
ORD-000838597,NQ-TOP-003-S-BLK,1,39000
ORD-000839332,NQ-OUT-001-S-BEG,1,89000
ORD-000839708,NQ-OUT-001-M-NVY,1,89000
ORD-000839885,NQ-TOP-001-M-WHT,1,39000
ORD-000839885,NQ-CLR-MUT-006-L-CRM,1,35000
ORD-000841036,NQ-PNT-001-M-BEG,1,49000
ORD-000841522,NQ-OUT-002-L-BLK,1,89000
ORD-000841570,NQ-ACC-SCF-003-FREE-WHT,1,19000
ORD-000842041,NQ-PNT-001-4XL-NVY,1,49000
ORD-000842041,NQ-OUT-001-M-BLK,1,89000
ORD-000842107,NQ-TOP-001-XL-SKB,1,39000
ORD-000842968,NQ-TOP-001-M-LYL,1,39000
ORD-000842968,NQ-TOP-002-3XL-WHT,1,39000
ORD-000843343,NQ-OUT-002-S-BEG,1,89000
ORD-000843459,NQ-TOP-001-M-LYL,1,39000
ORD-000844399,NQ-ACC-BAG-001-FREE-BRN,1,19000
ORD-000845825,NQ-DRS-002-S-IVR,1,59000
ORD-000845825,NQ-OUT-001-M-GRY,1,89000
ORD-000845839,NQ-PNT-002-S-BLK,1,49000
ORD-000845839,NQ-TOP-004-M-BLK,1,39000
ORD-000846434,NQ-TOP-001-XS-ORC,1,39000
ORD-000846705,NQ-DRS-001-S-IVR,1,59000
ORD-000847191,NQ-DRS-001-M-IVR,1,59000
ORD-000847332,NQ-OUT-001-M-NVY,1,89000
ORD-000847456,NQ-TOP-002-XL-GRY,1,39000
ORD-000847984,NQ-TOP-002-L-NVY,1,39000
ORD-000847984,NQ-TOP-005-XL-GRY,1,39000
ORD-000848350,NQ-OUT-001-M-BEG,1,89000
ORD-000848350,NQ-OUT-001-M-GRY,1,89000
ORD-000848547,NQ-TOP-001-S-GRY,1,39000
ORD-000848547,NQ-CLR-COOL-002-L-ASH,1,35000
ORD-000850379,NQ-DRS-001-S-IVR,1,59000
ORD-000850379,NQ-ACC-SCF-003-FREE-WHT,1,19000
ORD-000854187,NQ-OUT-001-M-BEG,1,89000
ORD-000855364,NQ-CLR-WRM-004-L-IVR,1,35000
ORD-000855872,NQ-PNT-002-4XL-BEG,1,49000
ORD-000857006,NQ-TOP-002-XL-GRY,1,39000
ORD-000857006,NQ-TOP-002-S-WHT,1,39000
ORD-000857006,NQ-DRS-001-L-BLK,1,59000
ORD-000857218,NQ-OUT-002-S-BEG,1,89000
ORD-000857218,NQ-TOP-002-XS-GRY,1,39000
ORD-000857218,NQ-TOP-001-S-BLK,1,39000
ORD-000857637,NQ-PNT-001-S-GRY,1,49000
ORD-000858895,NQ-ACC-BAG-001-FREE-BEG,1,19000
ORD-000858895,NQ-PNT-001-M-BLK,1,49000
ORD-000859176,NQ-TOP-001-XS-NVY,1,39000
ORD-000859176,NQ-TOP-002-L-BLK,1,39000
ORD-000859383,NQ-PNT-001-2XL-GRY,1,49000
ORD-000859383,NQ-PNT-001-XS-NVY,1,49000
ORD-000859923,NQ-PNT-001-M-BEG,1,49000
ORD-000859995,NQ-OUT-002-S-GRY,1,89000
ORD-000860119,NQ-OUT-002-S-BEG,1,89000
ORD-000860119,NQ-OUT-001-S-BEG,1,89000
ORD-000860395,NQ-ACC-BAG-001-FREE-BEG,1,19000
ORD-000861054,NQ-CLR-COOL-005-L-CRM,1,35000
ORD-000862048,NQ-DRS-001-M-BLK,1,59000
ORD-000862137,NQ-OUT-001-S-GRY,1,89000
ORD-000862322,NQ-PNT-001-L-BLK,1,49000
ORD-000862332,NQ-TOP-005-L-GRY,1,39000
ORD-000862332,NQ-TOP-001-XL-WHT,1,39000
ORD-000863863,NQ-ACC-BAG-001-FREE-WHT,1,19000
ORD-000863948,NQ-OUT-002-S-BEG,1,89000
ORD-000863948,NQ-PNT-002-L-BLK,1,49000
ORD-000865329,NQ-OUT-001-S-BLK,1,89000
ORD-000866004,NQ-PNT-001-L-BLK,1,49000
ORD-000866187,NQ-TOP-001-2XL-NVY,1,39000
ORD-000867274,NQ-TOP-001-S-WHT,1,39000
ORD-000867274,NQ-OUT-003-M-GRY,1,89000
ORD-000868454,NQ-DRS-002-S-BLK,1,59000
ORD-000868501,NQ-PNT-001-M-NVY,1,49000
ORD-000868501,NQ-PNT-001-2XL-NVY,1,49000
ORD-000868509,NQ-TOP-001-L-WHT,1,39000
ORD-000868509,NQ-TOP-001-2XL-BLK,1,39000
ORD-000870135,NQ-PNT-001-4XL-GRY,1,49000
ORD-000870327,NQ-PNT-003-M-BEG,1,49000
ORD-000870327,NQ-PNT-003-XL-BEG,1,49000
ORD-000870598,NQ-TOP-004-4XL-GRY,1,39000
ORD-000870647,NQ-ACC-BAG-001-FREE-BEG,1,19000
ORD-000870687,NQ-OUT-002-M-BLK,1,89000
ORD-000870687,NQ-DRS-001-S-IVR,1,59000
ORD-000870687,NQ-ACC-BLT-002-FREE-BEG,1,19000
ORD-000871080,NQ-TOP-001-2XL-NVY,1,39000
ORD-000872561,NQ-OUT-002-S-BEG,1,89000
ORD-000872736,NQ-OUT-002-S-GRY,1,89000
ORD-000872736,NQ-OUT-001-S-GRY,1,89000
ORD-000873134,NQ-TOP-002-XL-GRY,1,39000
ORD-000873134,NQ-PNT-002-XS-GRY,1,49000
ORD-000873134,NQ-TOP-001-2XL-BLK,1,39000
ORD-000875213,NQ-ACC-BAG-001-FREE-BEG,1,19000
ORD-000875757,NQ-OUT-001-S-NVY,1,89000
ORD-000875785,NQ-PNT-004-M-GRY,1,49000
ORD-000875785,NQ-PNT-001-4XL-KHK,1,49000
ORD-000875785,NQ-OUT-002-S-BEG,1,89000
ORD-000875824,NQ-TOP-002-L-BLK,1,39000
ORD-000875900,NQ-PNT-003-M-GRY,1,49000
ORD-000876005,NQ-OUT-001-M-BEG,1,89000
ORD-000876463,NQ-ACC-BAG-001-FREE-WHT,1,19000
ORD-000876463,NQ-TOP-004-M-WHT,1,39000
ORD-000877235,NQ-TOP-001-M-GRY,1,39000
ORD-000878382,NQ-ACC-PCH-005-FREE-BLK,1,19000
ORD-000878673,NQ-TOP-002-2XL-GRY,1,39000
ORD-000878673,NQ-TOP-003-S-GRY,1,39000
ORD-000878673,NQ-OUT-001-S-BEG,1,89000
ORD-000878990,NQ-TOP-001-S-LYL,1,39000
ORD-000878990,NQ-CLR-MUT-006-M-IVR,1,35000
ORD-000878990,NQ-OUT-001-M-BEG,1,89000
ORD-000879555,NQ-OUT-001-M-BEG,1,89000
ORD-000880294,NQ-TOP-001-XL-SKB,1,39000
ORD-000880294,NQ-PNT-003-XL-BEG,1,49000
ORD-000880374,NQ-TOP-001-L-WHT,1,39000
ORD-000880718,NQ-PNT-002-4XL-BEG,1,49000
ORD-000881464,NQ-PNT-002-2XL-BLK,1,49000
ORD-000881464,NQ-CLR-COOL-005-M-IVR,1,35000
ORD-000882078,NQ-PNT-003-XS-BEG,1,49000
ORD-000882257,NQ-PNT-003-3XL-GRY,1,49000
ORD-000883664,NQ-TOP-001-3XL-BLK,1,39000
ORD-000883664,NQ-TOP-001-L-BLK,1,39000
ORD-000884318,NQ-TOP-004-M-WHT,1,39000
ORD-000884341,NQ-PNT-002-S-GRY,1,49000
ORD-000884695,NQ-PNT-004-M-BEG,1,49000
ORD-000884695,NQ-PNT-002-S-GRY,1,49000
ORD-000884909,NQ-PNT-004-XL-BEG,1,49000
ORD-000887177,NQ-TOP-001-2XL-SKB,1,39000
ORD-000888991,NQ-TOP-002-XL-NVY,1,39000
ORD-000890118,NQ-PNT-004-XL-BEG,1,49000
ORD-000891289,NQ-ACC-PCH-005-FREE-BRN,1,19000
ORD-000891289,NQ-PNT-001-XL-GRY,1,49000
ORD-000893212,NQ-TOP-002-L-NVY,1,39000
ORD-000893212,NQ-CLR-COOL-002-M-ASH,1,35000
ORD-000893212,NQ-TOP-002-M-WHT,1,39000
ORD-000893213,NQ-TOP-004-M-WHT,1,39000
ORD-000893213,NQ-CLR-COOL-005-M-IVR,1,35000
ORD-000895100,NQ-TOP-001-M-BLK,1,39000
ORD-000895413,NQ-CLR-WRM-004-L-ASH,1,35000
ORD-000895673,NQ-CLR-COOL-002-M-ASH,1,35000
ORD-000895673,NQ-ACC-SCF-003-FREE-BRN,1,19000
ORD-000895673,NQ-PNT-002-XL-GRY,1,49000
ORD-000895841,NQ-TOP-005-M-WHT,1,39000
ORD-000896988,NQ-CLR-COOL-002-S-ASH,1,35000
ORD-000897612,NQ-PNT-002-M-BEG,1,49000
ORD-000898086,NQ-TOP-001-L-GRY,1,39000
ORD-000898826,NQ-ACC-BLT-002-FREE-BLK,1,19000
ORD-000899650,NQ-CLR-COOL-002-S-CRM,1,35000
ORD-000902413,NQ-ACC-BAG-001-FREE-BRN,1,19000
ORD-000902634,NQ-CLR-MUT-003-L-ASH,1,35000
ORD-000903514,NQ-PNT-001-2XL-BLK,1,49000
ORD-000903514,NQ-PNT-003-M-BLK,1,49000
ORD-000904167,NQ-TOP-001-S-NVY,1,39000
ORD-000904167,NQ-CLR-COOL-002-S-ASH,1,35000
ORD-000904225,NQ-CLR-WRM-001-S-IVR,1,35000
ORD-000905522,NQ-TOP-003-XS-BLK,1,39000
ORD-000905522,NQ-ACC-BAG-001-FREE-WHT,1,19000
ORD-000906151,NQ-CLR-COOL-005-S-IVR,1,35000
ORD-000906151,NQ-ACC-CAP-004-FREE-BLK,1,19000
ORD-000907328,NQ-CLR-COOL-002-S-ASH,1,35000
ORD-000907328,NQ-TOP-002-XL-GRY,1,39000
ORD-000910000,NQ-PNT-001-S-KHK,1,49000
ORD-000911390,NQ-PNT-002-S-GRY,1,49000
ORD-000911390,NQ-TOP-001-M-NVY,1,39000
ORD-000911392,NQ-ACC-BAG-001-FREE-BRN,1,19000
ORD-000911392,NQ-PNT-001-M-BLK,1,49000
ORD-000911837,NQ-TOP-003-XL-GRY,1,39000
ORD-000911837,NQ-PNT-001-L-GRY,1,49000
ORD-000912565,NQ-CLR-MUT-003-S-CRM,1,35000
ORD-000913415,NQ-CLR-MUT-003-S-CRM,1,35000
ORD-000913415,NQ-TOP-001-M-NVY,1,39000
ORD-000913742,NQ-CLR-WRM-004-M-IVR,1,35000
ORD-000913752,NQ-CLR-MUT-003-M-IVR,1,35000
ORD-000913752,NQ-TOP-001-M-ORC,1,39000
ORD-000914174,NQ-PNT-001-L-KHK,1,49000
ORD-000914934,NQ-CLR-COOL-002-S-ASH,1,35000
ORD-000915500,NQ-CLR-WRM-004-S-CRM,1,35000
ORD-000915885,NQ-CLR-COOL-002-M-CRM,1,35000
ORD-000916349,NQ-PNT-003-S-GRY,1,49000
ORD-000916349,NQ-CLR-MUT-003-M-CRM,1,35000
ORD-000916522,NQ-ACC-BAG-001-FREE-WHT,1,19000
ORD-000916522,NQ-CLR-WRM-004-M-CRM,1,35000
ORD-000916522,NQ-CLR-MUT-003-S-IVR,1,35000
ORD-000917556,NQ-PNT-001-L-NVY,1,49000
ORD-000917563,NQ-ACC-CAP-004-FREE-BRN,1,19000
ORD-000918207,NQ-TOP-002-XL-WHT,1,39000
ORD-000918207,NQ-ACC-SCF-003-FREE-BEG,1,19000
ORD-000919808,NQ-CLR-WRM-001-S-ASH,1,35000
ORD-000919808,NQ-TOP-002-L-NVY,1,39000
ORD-000921937,NQ-TOP-001-M-BLK,1,39000
ORD-000921937,NQ-TOP-002-4XL-WHT,1,39000
ORD-000922650,NQ-PNT-001-XL-KHK,1,49000
ORD-000923178,NQ-CLR-MUT-003-S-ASH,1,35000
ORD-000924047,NQ-TOP-001-M-BLK,1,39000
ORD-000924373,NQ-OUT-001-L-BEG,1,89000
ORD-000924373,NQ-PNT-001-XL-NVY,1,49000
ORD-000925061,NQ-TOP-005-2XL-WHT,1,39000
ORD-000925061,NQ-CLR-WRM-001-M-IVR,1,35000
ORD-000925061,NQ-OUT-001-L-GRY,1,89000
ORD-000925255,NQ-PNT-001-M-GRY,1,49000
ORD-000925255,NQ-PNT-002-M-BLK,1,49000
ORD-000925322,NQ-TOP-001-XL-BLK,1,39000
ORD-000925322,NQ-CLR-MUT-003-L-IVR,1,35000
ORD-000925464,NQ-CLR-COOL-005-S-IVR,1,35000
ORD-000925944,NQ-TOP-001-XL-BLK,1,39000
ORD-000925944,NQ-TOP-001-S-ORC,1,39000
ORD-000926173,NQ-CLR-COOL-002-S-IVR,1,35000
ORD-000926432,NQ-CLR-MUT-003-S-CRM,1,35000
ORD-000928513,NQ-TOP-001-3XL-SKB,1,39000
ORD-000928636,NQ-PNT-001-2XL-KHK,1,49000
ORD-000928752,NQ-CLR-COOL-005-L-ASH,1,35000
ORD-000928752,NQ-TOP-001-XL-ORC,1,39000
ORD-000928752,NQ-PNT-001-S-NVY,1,49000
ORD-000928908,NQ-PNT-002-S-BEG,1,49000
ORD-000929487,NQ-TOP-001-L-ORC,1,39000
ORD-000929487,NQ-CLR-MUT-003-L-CRM,1,35000
ORD-000929487,NQ-TOP-001-XS-WHT,1,39000
ORD-000929508,NQ-TOP-001-S-ORC,1,39000
ORD-000929508,NQ-TOP-001-M-BLK,1,39000
ORD-000929893,NQ-PNT-001-2XL-BLK,1,49000
ORD-000929893,NQ-TOP-001-4XL-SKB,1,39000
ORD-000930136,NQ-CLR-WRM-001-M-ASH,1,35000
ORD-000930531,NQ-ACC-CAP-004-FREE-BEG,1,19000
ORD-000930622,NQ-CLR-COOL-002-M-ASH,1,35000
ORD-000931879,NQ-TOP-002-L-BLK,1,39000
ORD-000932067,NQ-PNT-001-2XL-NVY,1,49000
ORD-000932360,NQ-TOP-001-XS-NVY,1,39000
ORD-000932360,NQ-OUT-003-M-NVY,1,89000
ORD-000932360,NQ-PNT-001-XL-BEG,1,49000
ORD-000932652,NQ-CLR-COOL-002-M-IVR,1,35000
ORD-000932884,NQ-CLR-COOL-005-M-ASH,1,35000
ORD-000933718,NQ-CLR-WRM-001-M-ASH,1,35000
ORD-000933718,NQ-CLR-MUT-003-M-IVR,1,35000
ORD-000934090,NQ-PNT-001-XL-BLK,1,49000
ORD-000935688,NQ-CLR-WRM-001-M-ASH,1,35000
ORD-000935688,NQ-CLR-MUT-003-S-CRM,1,35000
ORD-000935688,NQ-OUT-001-M-BLK,1,89000
ORD-000936302,NQ-PNT-001-M-GRY,1,49000
ORD-000936302,NQ-TOP-002-S-GRY,1,39000
ORD-000936784,NQ-TOP-001-M-SKB,1,39000
ORD-000936784,NQ-CLR-MUT-003-L-CRM,1,35000
ORD-000936784,NQ-TOP-001-L-NVY,1,39000
ORD-000936808,NQ-OUT-001-L-BLK,1,89000
ORD-000937355,NQ-TOP-001-3XL-ORC,1,39000
ORD-000937355,NQ-CLR-WRM-004-L-IVR,1,35000
ORD-000937629,NQ-TOP-002-M-GRY,1,39000
ORD-000939269,NQ-TOP-001-M-WHT,1,39000
ORD-000939269,NQ-TOP-002-L-WHT,1,39000
ORD-000939304,NQ-TOP-002-M-GRY,1,39000
ORD-000939304,NQ-CLR-MUT-003-M-CRM,1,35000
ORD-000940360,NQ-CLR-COOL-002-L-ASH,1,35000
ORD-000940740,NQ-CLR-WRM-004-M-CRM,1,35000
ORD-000940921,NQ-TOP-001-2XL-ORC,1,39000
ORD-000941294,NQ-TOP-003-M-WHT,1,39000
ORD-000941444,NQ-PNT-001-M-NVY,1,49000
ORD-000941444,NQ-CLR-COOL-005-L-ASH,1,35000
ORD-000941444,NQ-TOP-003-XL-WHT,1,39000
ORD-000941570,NQ-OUT-001-M-GRY,1,89000
ORD-000941591,NQ-OUT-001-L-BLK,1,89000
ORD-000941591,NQ-TOP-001-4XL-SKB,1,39000
ORD-000941805,NQ-CLR-MUT-003-S-ASH,1,35000
ORD-000941805,NQ-CLR-WRM-001-L-ASH,1,35000
ORD-000943728,NQ-DRS-001-S-BLK,1,59000
ORD-000943728,NQ-PNT-001-M-NVY,1,49000
ORD-000943862,NQ-TOP-002-L-WHT,1,39000
ORD-000943862,NQ-OUT-001-M-GRY,1,89000
ORD-000943862,NQ-DRS-001-M-BLK,1,59000
ORD-000943978,NQ-TOP-001-XL-GRY,1,39000
ORD-000945106,NQ-TOP-001-2XL-WHT,1,39000
ORD-000945177,NQ-CLR-MUT-003-M-IVR,1,35000
ORD-000945177,NQ-PNT-001-M-NVY,1,49000
ORD-000945177,NQ-CLR-WRM-001-M-ASH,1,35000
ORD-000945801,NQ-CLR-COOL-002-L-ASH,1,35000
ORD-000946254,NQ-CLR-WRM-004-L-ASH,1,35000
ORD-000947554,NQ-TOP-001-S-SKB,1,39000
ORD-000947554,NQ-PNT-003-L-BEG,1,49000
ORD-000948428,NQ-CLR-COOL-002-S-ASH,1,35000
ORD-000948428,NQ-PNT-003-XS-GRY,1,49000
ORD-000948870,NQ-TOP-001-XL-BLK,1,39000
ORD-000948961,NQ-OUT-001-L-NVY,1,89000
ORD-000948961,NQ-TOP-001-L-ORC,1,39000
ORD-000949214,NQ-CLR-MUT-003-S-ASH,1,35000
ORD-000949235,NQ-PNT-001-L-NVY,1,49000
ORD-000949235,NQ-CLR-COOL-005-S-CRM,1,35000
ORD-000949235,NQ-PNT-003-2XL-GRY,1,49000
ORD-000951386,NQ-TOP-001-M-NVY,1,39000
ORD-000951619,NQ-PNT-001-XL-KHK,1,49000
ORD-000951619,NQ-CLR-WRM-001-L-CRM,1,35000
ORD-000951660,NQ-TOP-003-L-GRY,1,39000
ORD-000951706,NQ-PNT-001-L-KHK,1,49000
ORD-000951805,NQ-OUT-001-L-GRY,1,89000
ORD-000952041,NQ-PNT-001-M-BEG,1,49000
ORD-000952564,NQ-PNT-003-L-GRY,1,49000
ORD-000952564,NQ-PNT-001-L-BEG,1,49000
ORD-000952803,NQ-OUT-001-L-BEG,1,89000
ORD-000953875,NQ-TOP-001-L-LYL,1,39000
ORD-000953875,NQ-OUT-001-L-GRY,1,89000
ORD-000954055,NQ-PNT-001-M-GRY,1,49000
ORD-000954705,NQ-TOP-001-M-GRY,1,39000
ORD-000954822,NQ-TOP-002-S-BLK,1,39000
ORD-000954822,NQ-CLR-WRM-001-L-ASH,1,35000
ORD-000954822,NQ-CLR-WRM-001-M-CRM,1,35000
ORD-000954995,NQ-OUT-002-L-NVY,1,89000
ORD-000954995,NQ-TOP-003-XL-WHT,1,39000
ORD-000955436,NQ-PNT-001-3XL-BLK,1,49000
ORD-000955544,NQ-PNT-003-M-BLK,1,49000
ORD-000955598,NQ-TOP-001-M-ORC,1,39000
ORD-000957300,NQ-OUT-001-M-BLK,1,89000
ORD-000957300,NQ-OUT-001-L-NVY,1,89000
ORD-000957660,NQ-TOP-001-L-BLK,1,39000
ORD-000957660,NQ-TOP-001-M-LYL,1,39000
ORD-000958041,NQ-OUT-001-M-NVY,1,89000
ORD-000958041,NQ-TOP-001-S-NVY,1,39000
ORD-000958128,NQ-TOP-001-L-SKB,1,39000
ORD-000958663,NQ-OUT-002-M-NVY,1,89000
ORD-000959464,NQ-TOP-003-S-NVY,1,39000
ORD-000959464,NQ-CLR-MUT-003-M-CRM,1,35000
ORD-000960907,NQ-OUT-001-L-BLK,1,89000
ORD-000962458,NQ-TOP-004-L-WHT,1,39000
ORD-000962458,NQ-TOP-001-3XL-GRY,1,39000
ORD-000964201,NQ-TOP-003-M-BLK,1,39000
ORD-000965350,NQ-CLR-COOL-002-S-ASH,1,35000
ORD-000965350,NQ-TOP-001-M-BLK,1,39000
ORD-000965350,NQ-OUT-001-L-NVY,1,89000
ORD-000965405,NQ-PNT-001-M-NVY,1,49000
ORD-000966841,NQ-TOP-001-L-SKB,1,39000
ORD-000966841,NQ-TOP-003-M-BLK,1,39000
ORD-000966841,NQ-TOP-002-2XL-GRY,1,39000
ORD-000967264,NQ-OUT-001-M-NVY,1,89000
ORD-000967264,NQ-PNT-002-L-BLK,1,49000
ORD-000967393,NQ-CLR-WRM-001-M-IVR,1,35000
ORD-000967393,NQ-TOP-001-S-GRY,1,39000
ORD-000967642,NQ-PNT-003-S-BLK,1,49000
ORD-000968704,NQ-PNT-004-3XL-BLK,1,49000
ORD-000969101,NQ-CLR-WRM-001-S-IVR,1,35000
ORD-000969101,NQ-PNT-001-2XL-NVY,1,49000
ORD-000969101,NQ-TOP-005-S-GRY,1,39000
ORD-000970145,NQ-OUT-003-L-BEG,1,89000
ORD-000970145,NQ-PNT-001-XS-BLK,1,49000
ORD-000970198,NQ-PNT-001-M-NVY,1,49000
ORD-000970198,NQ-OUT-002-L-GRY,1,89000
ORD-000971488,NQ-PNT-002-S-GRY,1,49000
ORD-000972330,NQ-TOP-003-M-GRY,1,39000
ORD-000972330,NQ-TOP-003-L-NVY,1,39000
ORD-000972330,NQ-CLR-WRM-001-L-IVR,1,35000
ORD-000975040,NQ-CLR-WRM-001-L-IVR,1,35000
ORD-000975309,NQ-TOP-001-XL-LYL,1,39000
ORD-000975309,NQ-TOP-003-2XL-BLK,1,39000
ORD-000975593,NQ-OUT-002-M-GRY,1,89000
ORD-000975857,NQ-CLR-WRM-004-M-IVR,1,35000
ORD-000975857,NQ-DRS-001-M-BLK,1,59000
ORD-000975885,NQ-CLR-MUT-003-S-CRM,1,35000
ORD-000975885,NQ-TOP-001-2XL-GRY,1,39000
ORD-000977235,NQ-OUT-001-S-BLK,1,89000
ORD-000977781,NQ-CLR-MUT-006-L-CRM,1,35000
ORD-000977781,NQ-CLR-MUT-003-M-IVR,1,35000
ORD-000977781,NQ-PNT-001-M-GRY,1,49000
ORD-000978105,NQ-TOP-001-S-LYL,1,39000
ORD-000978106,NQ-DRS-001-M-BLK,1,59000
ORD-000978614,NQ-CLR-COOL-005-S-CRM,1,35000
ORD-000979545,NQ-ACC-BAG-001-FREE-BRN,1,19000
ORD-000980051,NQ-OUT-001-L-BEG,1,89000
ORD-000980500,NQ-PNT-001-3XL-BLK,1,49000
ORD-000980812,NQ-TOP-001-XL-ORC,1,39000
ORD-000981836,NQ-CLR-MUT-003-S-ASH,1,35000
ORD-000982182,NQ-PNT-002-S-BEG,1,49000
ORD-000983552,NQ-ACC-BLT-002-FREE-BLK,1,19000
ORD-000985266,NQ-CLR-WRM-001-S-CRM,1,35000
ORD-000985266,NQ-ACC-SCF-003-FREE-WHT,1,19000
ORD-000985308,NQ-OUT-001-M-BEG,1,89000
ORD-000985675,NQ-DRS-001-L-IVR,1,59000
ORD-000985768,NQ-OUT-001-M-GRY,1,89000
ORD-000985788,NQ-CLR-COOL-002-M-CRM,1,35000
ORD-000987173,NQ-TOP-001-XS-SKB,1,39000
ORD-000987290,NQ-DRS-001-S-IVR,1,59000
ORD-000987924,NQ-ACC-SCF-003-FREE-BEG,1,19000
ORD-000987924,NQ-OUT-002-S-NVY,1,89000
ORD-000987924,NQ-DRS-001-L-BLK,1,59000
ORD-000988232,NQ-DRS-002-S-BLK,1,59000
ORD-000988790,NQ-OUT-001-L-BEG,1,89000
ORD-000988790,NQ-TOP-001-M-LYL,1,39000
ORD-000988790,NQ-CLR-COOL-002-L-CRM,1,35000
ORD-000989504,NQ-OUT-001-M-BLK,1,89000
ORD-000989884,NQ-TOP-001-M-ORC,1,39000
ORD-000990148,NQ-CLR-COOL-002-L-CRM,1,35000
ORD-000990225,NQ-PNT-003-XL-GRY,1,49000
ORD-000990225,NQ-TOP-001-M-LYL,1,39000
ORD-000990225,NQ-CLR-MUT-006-M-CRM,1,35000
ORD-000990295,NQ-OUT-001-S-NVY,1,89000
ORD-000991134,NQ-TOP-005-M-WHT,1,39000
ORD-000991307,NQ-OUT-002-S-NVY,1,89000
ORD-000991307,NQ-TOP-001-3XL-LYL,1,39000
ORD-000991700,NQ-DRS-001-L-BLK,1,59000
ORD-000991700,NQ-PNT-001-S-GRY,1,49000
ORD-000991700,NQ-OUT-001-M-NVY,1,89000
ORD-000991864,NQ-TOP-001-M-NVY,1,39000
ORD-000991864,NQ-PNT-002-S-GRY,1,49000
ORD-000991864,NQ-OUT-001-L-GRY,1,89000
ORD-000991982,NQ-DRS-001-M-BLK,1,59000
ORD-000992502,NQ-TOP-002-M-NVY,1,39000
ORD-000992502,NQ-CLR-COOL-005-L-CRM,1,35000
ORD-000992756,NQ-CLR-WRM-001-L-IVR,1,35000
ORD-000992841,NQ-PNT-002-L-BEG,1,49000
ORD-000992841,NQ-DRS-001-M-IVR,1,59000
ORD-000992841,NQ-DRS-001-S-BLK,1,59000
ORD-000994385,NQ-TOP-002-M-WHT,1,39000
ORD-000994537,NQ-PNT-001-M-BEG,1,49000
ORD-000994537,NQ-TOP-004-4XL-WHT,1,39000
ORD-000994537,NQ-TOP-001-M-SKB,1,39000
ORD-000994793,NQ-OUT-002-L-NVY,1,89000
ORD-000994876,NQ-OUT-001-L-BEG,1,89000
ORD-000994900,NQ-TOP-001-M-BLK,1,39000
ORD-000994900,NQ-PNT-001-2XL-GRY,1,49000
ORD-000995363,NQ-TOP-001-XL-SKB,1,39000
ORD-000995567,NQ-TOP-001-L-BLK,1,39000
ORD-000996465,NQ-OUT-002-L-GRY,1,89000
ORD-000996561,NQ-CLR-MUT-006-L-ASH,1,35000
ORD-000996561,NQ-OUT-002-S-BEG,1,89000
ORD-000996561,NQ-TOP-002-2XL-NVY,1,39000
ORD-000997172,NQ-TOP-001-XL-WHT,1,39000
ORD-000997172,NQ-OUT-001-L-BEG,1,89000
ORD-000997506,NQ-CLR-MUT-006-S-ASH,1,35000
ORD-000997506,NQ-TOP-001-2XL-WHT,1,39000
ORD-000997518,NQ-CLR-MUT-003-L-IVR,1,35000
ORD-000997561,NQ-OUT-001-M-NVY,1,89000
ORD-000999263,NQ-PNT-001-S-KHK,1,49000
ORD-000999275,NQ-TOP-001-L-GRY,1,39000
ORD-000999275,NQ-TOP-003-2XL-BLK,1,39000
ORD-000999967,NQ-DRS-002-S-BLK,1,59000
ORD-000999967,NQ-TOP-002-M-NVY,1,39000
ORD-001000150,NQ-TOP-001-XL-BLK,1,39000
ORD-001000618,NQ-TOP-001-XL-LYL,1,39000
ORD-001000618,NQ-ACC-PCH-005-FREE-BLK,1,19000
ORD-001001088,NQ-TOP-001-3XL-BLK,1,39000
ORD-001001889,NQ-TOP-001-2XL-BLK,1,39000
ORD-001002975,NQ-CLR-MUT-006-L-ASH,1,35000
ORD-001002975,NQ-PNT-001-XL-BLK,1,49000
ORD-001002975,NQ-TOP-001-M-SKB,1,39000
ORD-001002986,NQ-TOP-002-M-WHT,1,39000
ORD-001002986,NQ-TOP-001-L-WHT,1,39000
ORD-001002986,NQ-DRS-002-L-IVR,1,59000
ORD-001003044,NQ-TOP-001-M-SKB,1,39000
ORD-001003725,NQ-OUT-002-S-NVY,1,89000
ORD-001003851,NQ-TOP-004-L-WHT,1,39000
ORD-001003851,NQ-DRS-001-S-BLK,1,59000
ORD-001004803,NQ-CLR-MUT-003-L-CRM,1,35000
ORD-001004973,NQ-PNT-001-M-GRY,1,49000
ORD-001005504,NQ-CLR-MUT-003-L-ASH,1,35000
ORD-001006846,NQ-CLR-COOL-002-L-ASH,1,35000
ORD-001007347,NQ-OUT-001-L-GRY,1,89000
ORD-001007451,NQ-OUT-002-M-BLK,1,89000
ORD-001007451,NQ-PNT-001-M-BEG,1,49000
ORD-001008123,NQ-ACC-BAG-001-FREE-BEG,1,19000
ORD-001008150,NQ-CLR-COOL-002-L-CRM,1,35000
ORD-001008436,NQ-DRS-001-L-BLK,1,59000
ORD-001009111,NQ-PNT-002-3XL-GRY,1,49000
ORD-001009111,NQ-PNT-002-M-BLK,1,49000
ORD-001009132,NQ-PNT-001-2XL-BEG,1,49000
ORD-001009132,NQ-TOP-001-M-ORC,1,39000
ORD-001009258,NQ-PNT-001-3XL-NVY,1,49000
ORD-001009454,NQ-PNT-001-4XL-KHK,1,49000
ORD-001009454,NQ-PNT-003-XL-GRY,1,49000
ORD-001009792,NQ-ACC-BAG-001-FREE-BEG,1,19000
ORD-001010017,NQ-TOP-002-M-NVY,1,39000
ORD-001010693,NQ-DRS-002-S-BLK,1,59000
ORD-001010693,NQ-OUT-001-M-NVY,1,89000
ORD-001012410,NQ-TOP-001-3XL-BLK,1,39000
ORD-001013154,NQ-ACC-BAG-001-FREE-WHT,1,19000
ORD-001013154,NQ-TOP-001-M-ORC,1,39000
ORD-001013295,NQ-PNT-001-L-BEG,1,49000
ORD-001013295,NQ-PNT-002-L-GRY,1,49000
ORD-001013519,NQ-TOP-001-S-BLK,1,39000
ORD-001013519,NQ-CLR-WRM-001-L-ASH,1,35000
ORD-001013519,NQ-ACC-BAG-001-FREE-BEG,1,19000
ORD-001013797,NQ-TOP-003-4XL-NVY,1,39000
ORD-001013797,NQ-DRS-001-L-IVR,1,59000
ORD-001013940,NQ-TOP-001-4XL-BLK,1,39000
ORD-001013963,NQ-TOP-001-S-NVY,1,39000
ORD-001013963,NQ-OUT-002-S-GRY,1,89000
ORD-001014966,NQ-PNT-003-M-BEG,1,49000
ORD-001014995,NQ-CLR-WRM-001-L-CRM,1,35000
ORD-001014995,NQ-ACC-CAP-004-FREE-BLK,1,19000
ORD-001015623,NQ-TOP-001-XL-NVY,1,39000
ORD-001015733,NQ-TOP-001-M-GRY,1,39000
ORD-001016106,NQ-CLR-MUT-006-M-IVR,1,35000
ORD-001016406,NQ-OUT-001-L-NVY,1,89000
ORD-001017210,NQ-TOP-001-XL-WHT,1,39000
ORD-001017210,NQ-OUT-002-M-BEG,1,89000
ORD-001017407,NQ-TOP-001-L-BLK,1,39000
ORD-001017407,NQ-TOP-001-3XL-SKB,1,39000
ORD-001017790,NQ-TOP-002-4XL-BLK,1,39000
ORD-001017790,NQ-OUT-001-S-BEG,1,89000
ORD-001017801,NQ-TOP-001-2XL-LYL,1,39000
ORD-001017801,NQ-PNT-001-XL-BLK,1,49000
ORD-001018133,NQ-OUT-001-M-BEG,1,89000
ORD-001018573,NQ-PNT-001-L-BEG,1,49000
ORD-001019640,NQ-TOP-001-XL-LYL,1,39000
ORD-001019640,NQ-CLR-MUT-003-L-ASH,1,35000
ORD-001020159,NQ-TOP-001-S-LYL,1,39000
ORD-001020400,NQ-PNT-001-XL-GRY,1,49000
ORD-001020400,NQ-OUT-001-S-NVY,1,89000
ORD-001020681,NQ-OUT-001-S-NVY,1,89000
ORD-001020681,NQ-OUT-001-L-NVY,1,89000
ORD-001020849,NQ-ACC-BAG-001-FREE-WHT,1,19000
ORD-001021475,NQ-TOP-001-L-NVY,1,39000
ORD-001022639,NQ-TOP-002-L-NVY,1,39000
ORD-001023216,NQ-DRS-001-L-IVR,1,59000
ORD-001024508,NQ-OUT-001-S-NVY,1,89000
ORD-001025917,NQ-PNT-003-2XL-GRY,1,49000
ORD-001026553,NQ-TOP-001-S-SKB,1,39000
ORD-001026553,NQ-DRS-002-L-IVR,1,59000
ORD-001028715,NQ-TOP-003-XL-WHT,1,39000
ORD-001028715,NQ-ACC-CAP-004-FREE-BRN,1,19000
ORD-001029699,NQ-TOP-001-L-SKB,1,39000
ORD-001030299,NQ-DRS-001-L-BLK,1,59000
ORD-001030776,NQ-TOP-003-L-WHT,1,39000
ORD-001030776,NQ-ACC-BAG-001-FREE-WHT,1,19000
ORD-001030776,NQ-OUT-002-M-NVY,1,89000
ORD-001030990,NQ-CLR-MUT-003-M-ASH,1,35000
ORD-001031675,NQ-OUT-001-M-BLK,1,89000
ORD-001031675,NQ-PNT-001-S-BEG,1,49000
ORD-001031675,NQ-OUT-003-S-GRY,1,89000
ORD-001031693,NQ-TOP-004-M-GRY,1,39000
ORD-001031693,NQ-TOP-002-S-BLK,1,39000
ORD-001032278,NQ-PNT-001-S-NVY,1,49000
ORD-001032278,NQ-DRS-001-L-BLK,1,59000
ORD-001032278,NQ-PNT-001-L-KHK,1,49000
ORD-001032553,NQ-TOP-002-L-BLK,1,39000
ORD-001032573,NQ-OUT-002-M-BLK,1,89000
ORD-001033178,NQ-TOP-005-3XL-BLK,1,39000
ORD-001033178,NQ-TOP-001-M-ORC,1,39000
ORD-001033178,NQ-OUT-001-M-GRY,1,89000
ORD-001033526,NQ-DRS-002-L-BLK,1,59000
ORD-001034517,NQ-ACC-CAP-004-FREE-BRN,1,19000
ORD-001034517,NQ-OUT-001-M-GRY,1,89000
ORD-001035145,NQ-OUT-001-S-BEG,1,89000
ORD-001035610,NQ-TOP-001-L-GRY,1,39000
ORD-001036067,NQ-TOP-001-L-WHT,1,39000
ORD-001036886,NQ-OUT-001-S-GRY,1,89000
ORD-001037208,NQ-PNT-001-M-BLK,1,49000
ORD-001037690,NQ-PNT-003-L-BLK,1,49000
ORD-001037690,NQ-TOP-002-L-WHT,1,39000
ORD-001038836,NQ-TOP-001-3XL-WHT,1,39000
ORD-001039373,NQ-TOP-001-L-GRY,1,39000
ORD-001039449,NQ-OUT-001-M-BLK,1,89000
ORD-001040373,NQ-DRS-001-L-BLK,1,59000
ORD-001040373,NQ-TOP-001-M-WHT,1,39000
ORD-001041185,NQ-ACC-CAP-004-FREE-BLK,1,19000
ORD-001041185,NQ-PNT-003-XL-BLK,1,49000
ORD-001041973,NQ-OUT-001-L-NVY,1,89000
ORD-001042336,NQ-PNT-001-L-KHK,1,49000
ORD-001042337,NQ-TOP-001-L-WHT,1,39000
ORD-001042989,NQ-TOP-005-S-NVY,1,39000
ORD-001043800,NQ-TOP-001-L-SKB,1,39000
ORD-001043800,NQ-OUT-001-S-BEG,1,89000
ORD-001043993,NQ-CLR-WRM-001-M-IVR,1,35000
ORD-001043993,NQ-TOP-001-M-NVY,1,39000
ORD-001043993,NQ-CLR-MUT-003-S-ASH,1,35000
ORD-001044512,NQ-CLR-COOL-002-S-CRM,1,35000
ORD-001044575,NQ-TOP-001-2XL-WHT,1,39000
ORD-001044686,NQ-TOP-001-2XL-NVY,1,39000
ORD-001044692,NQ-TOP-001-M-WHT,1,39000
ORD-001045403,NQ-OUT-001-M-BEG,1,89000
ORD-001045403,NQ-PNT-003-2XL-BLK,1,49000
ORD-001047234,NQ-TOP-001-L-WHT,1,39000
ORD-001047670,NQ-TOP-001-S-GRY,1,39000
ORD-001048068,NQ-CLR-WRM-001-M-IVR,1,35000
ORD-001048068,NQ-OUT-001-M-GRY,1,89000
ORD-001048855,NQ-PNT-001-3XL-BLK,1,49000
ORD-001049197,NQ-PNT-002-2XL-BLK,1,49000
ORD-001049197,NQ-TOP-001-4XL-WHT,1,39000
ORD-001049335,NQ-TOP-002-XL-GRY,1,39000
ORD-001050277,NQ-TOP-001-XL-BLK,1,39000
ORD-001050417,NQ-ACC-BAG-001-FREE-BLK,1,19000
ORD-001051070,NQ-TOP-001-S-BLK,1,39000
ORD-001052184,NQ-TOP-001-L-GRY,1,39000
ORD-001052184,NQ-CLR-WRM-001-S-IVR,1,35000
ORD-001052399,NQ-CLR-COOL-005-S-IVR,1,35000
ORD-001052399,NQ-PNT-003-M-GRY,1,49000
ORD-001052461,NQ-PNT-003-L-BLK,1,49000
ORD-001052544,NQ-CLR-WRM-001-M-CRM,1,35000
ORD-001053037,NQ-CLR-COOL-002-S-CRM,1,35000
ORD-001053037,NQ-CLR-WRM-001-S-CRM,1,35000
ORD-001053574,NQ-TOP-001-S-BLK,1,39000
ORD-001053809,NQ-TOP-005-M-BLK,1,39000
ORD-001053809,NQ-CLR-COOL-005-L-ASH,1,35000
ORD-001054101,NQ-TOP-001-XL-GRY,1,39000
ORD-001054101,NQ-ACC-BAG-001-FREE-BLK,1,19000
ORD-001054101,NQ-TOP-001-2XL-SKB,1,39000
ORD-001054780,NQ-OUT-001-L-BLK,1,89000
ORD-001055149,NQ-PNT-001-L-BEG,1,49000
ORD-001055890,NQ-OUT-002-L-NVY,1,89000
ORD-001056346,NQ-PNT-001-M-NVY,1,49000
ORD-001057332,NQ-CLR-COOL-002-M-CRM,1,35000
ORD-001057834,NQ-CLR-MUT-003-S-CRM,1,35000
ORD-001057834,NQ-ACC-BLT-002-FREE-BLK,1,19000
ORD-001057834,NQ-TOP-001-S-LYL,1,39000
ORD-001057905,NQ-PNT-001-L-KHK,1,49000
ORD-001058571,NQ-OUT-001-S-BLK,1,89000
ORD-001059298,NQ-TOP-001-M-LYL,1,39000
ORD-001060986,NQ-CLR-WRM-001-L-CRM,1,35000
ORD-001061072,NQ-ACC-SCF-003-FREE-BEG,1,19000
ORD-001061072,NQ-PNT-001-M-BLK,1,49000
ORD-001061515,NQ-CLR-COOL-005-M-IVR,1,35000
ORD-001061561,NQ-CLR-MUT-003-L-ASH,1,35000
ORD-001061561,NQ-TOP-001-M-GRY,1,39000
ORD-001061884,NQ-OUT-001-S-NVY,1,89000
ORD-001062251,NQ-CLR-MUT-006-L-CRM,1,35000
ORD-001063253,NQ-ACC-PCH-005-FREE-WHT,1,19000
ORD-001063253,NQ-CLR-MUT-003-S-CRM,1,35000
ORD-001063641,NQ-CLR-MUT-006-L-IVR,1,35000
ORD-001063850,NQ-OUT-001-M-BEG,1,89000
ORD-001065529,NQ-CLR-MUT-003-L-IVR,1,35000
ORD-001065847,NQ-PNT-001-L-KHK,1,49000
ORD-001066019,NQ-TOP-001-S-ORC,1,39000
ORD-001066088,NQ-CLR-MUT-006-M-IVR,1,35000
ORD-001066326,NQ-CLR-COOL-005-L-CRM,1,35000
ORD-001066326,NQ-OUT-001-S-BLK,1,89000
ORD-001067907,NQ-ACC-SCF-003-FREE-BLK,1,19000
ORD-001068868,NQ-TOP-001-L-ORC,1,39000
ORD-001068868,NQ-OUT-001-M-NVY,1,89000
ORD-001068868,NQ-TOP-002-XL-GRY,1,39000
ORD-001069069,NQ-TOP-001-2XL-GRY,1,39000
ORD-001070651,NQ-PNT-002-2XL-BLK,1,49000
ORD-001070651,NQ-CLR-WRM-004-M-CRM,1,35000
ORD-001071695,NQ-CLR-COOL-002-M-ASH,1,35000
ORD-001073769,NQ-TOP-001-S-LYL,1,39000
ORD-001074146,NQ-CLR-COOL-002-S-CRM,1,35000
ORD-001074834,NQ-ACC-BLT-002-FREE-BEG,1,19000
ORD-001075397,NQ-TOP-003-3XL-NVY,1,39000
ORD-001075505,NQ-TOP-001-2XL-SKB,1,39000
ORD-001075505,NQ-CLR-MUT-003-M-ASH,1,35000
ORD-001076742,NQ-OUT-003-S-BEG,1,89000
ORD-001076742,NQ-OUT-001-M-NVY,1,89000
ORD-001078535,NQ-PNT-001-2XL-BLK,1,49000
ORD-001078535,NQ-TOP-001-XL-LYL,1,39000
ORD-001080776,NQ-CLR-WRM-001-L-ASH,1,35000
ORD-001081529,NQ-CLR-WRM-004-L-CRM,1,35000
ORD-001081865,NQ-TOP-001-2XL-BLK,1,39000
ORD-001081865,NQ-PNT-002-2XL-GRY,1,49000
ORD-001081865,NQ-PNT-003-2XL-BEG,1,49000
ORD-001081894,NQ-OUT-001-S-GRY,1,89000
ORD-001081894,NQ-PNT-001-XS-GRY,1,49000
ORD-001082211,NQ-TOP-001-2XL-GRY,1,39000
ORD-001082211,NQ-PNT-001-XL-GRY,1,49000
ORD-001082337,NQ-TOP-001-XL-BLK,1,39000
ORD-001082337,NQ-PNT-001-2XL-KHK,1,49000
ORD-001082858,NQ-TOP-003-S-GRY,1,39000
ORD-001083960,NQ-CLR-COOL-002-S-ASH,1,35000
ORD-001083960,NQ-CLR-COOL-002-L-CRM,1,35000
ORD-001083960,NQ-TOP-002-L-BLK,1,39000
ORD-001084674,NQ-PNT-001-S-KHK,1,49000
ORD-001084674,NQ-PNT-003-L-BEG,1,49000
ORD-001085172,NQ-TOP-001-2XL-ORC,1,39000
ORD-001087911,NQ-TOP-003-2XL-GRY,1,39000
ORD-001088032,NQ-OUT-001-S-BLK,1,89000
ORD-001090120,NQ-DRS-001-M-IVR,1,59000
ORD-001090203,NQ-CLR-WRM-001-M-IVR,1,35000
ORD-001090203,NQ-ACC-PCH-005-FREE-BRN,1,19000
ORD-001090203,NQ-PNT-001-L-NVY,1,49000
ORD-001090314,NQ-TOP-001-2XL-BLK,1,39000
ORD-001090314,NQ-DRS-001-S-IVR,1,59000
ORD-001091897,NQ-TOP-002-XS-GRY,1,39000
ORD-001092389,NQ-ACC-PCH-005-FREE-BLK,1,19000
ORD-001092389,NQ-OUT-001-L-BLK,1,89000
ORD-001092565,NQ-PNT-001-M-GRY,1,49000
ORD-001092565,NQ-TOP-001-3XL-LYL,1,39000
ORD-001092565,NQ-OUT-001-M-BEG,1,89000
ORD-001093288,NQ-OUT-001-L-BEG,1,89000
ORD-001094558,NQ-CLR-WRM-001-S-CRM,1,35000
ORD-001094738,NQ-OUT-001-S-BLK,1,89000
ORD-001094738,NQ-TOP-001-L-GRY,1,39000
ORD-001094936,NQ-CLR-MUT-006-M-ASH,1,35000
ORD-001095069,NQ-CLR-MUT-006-M-IVR,1,35000
ORD-001095443,NQ-CLR-WRM-001-S-ASH,1,35000
ORD-001095660,NQ-OUT-001-S-NVY,1,89000
ORD-001095660,NQ-ACC-CAP-004-FREE-BLK,1,19000
ORD-001096317,NQ-CLR-WRM-004-S-ASH,1,35000
ORD-001096367,NQ-TOP-001-S-SKB,1,39000
ORD-001096367,NQ-CLR-COOL-005-M-ASH,1,35000
ORD-001096374,NQ-TOP-001-S-ORC,1,39000
ORD-001096374,NQ-OUT-001-S-BLK,1,89000
ORD-001096796,NQ-TOP-001-XS-LYL,1,39000
ORD-001096936,NQ-CLR-COOL-002-M-ASH,1,35000
ORD-001097637,NQ-TOP-005-XL-WHT,1,39000
ORD-001097742,NQ-TOP-001-2XL-GRY,1,39000
ORD-001099040,NQ-OUT-001-S-NVY,1,89000
ORD-001100669,NQ-ACC-SCF-003-FREE-BEG,1,19000
ORD-001101513,NQ-PNT-001-2XL-BLK,1,49000
ORD-001102347,NQ-TOP-003-M-BLK,1,39000
ORD-001102347,NQ-OUT-002-M-BEG,1,89000
ORD-001103027,NQ-OUT-001-S-BLK,1,89000
ORD-001103027,NQ-TOP-003-L-NVY,1,39000
ORD-001103531,NQ-TOP-001-2XL-BLK,1,39000
ORD-001104065,NQ-DRS-001-S-IVR,1,59000
ORD-001104065,NQ-DRS-002-M-IVR,1,59000
ORD-001104302,NQ-TOP-002-3XL-BLK,1,39000
ORD-001104302,NQ-PNT-003-XS-GRY,1,49000
ORD-001105064,NQ-OUT-002-M-BEG,1,89000
ORD-001105275,NQ-DRS-001-M-IVR,1,59000
ORD-001105275,NQ-OUT-001-S-GRY,1,89000
ORD-001107232,NQ-PNT-001-L-BLK,1,49000
ORD-001107550,NQ-CLR-WRM-001-L-ASH,1,35000
ORD-001108503,NQ-PNT-003-S-BLK,1,49000
ORD-001108783,NQ-TOP-003-M-NVY,1,39000
ORD-001109984,NQ-TOP-005-2XL-NVY,1,39000
ORD-001109984,NQ-TOP-001-L-BLK,1,39000
ORD-001110628,NQ-TOP-001-2XL-SKB,1,39000
ORD-001110740,NQ-TOP-001-XS-BLK,1,39000
ORD-001111063,NQ-PNT-001-XL-BEG,1,49000
ORD-001111063,NQ-TOP-003-L-WHT,1,39000
ORD-001112329,NQ-DRS-001-M-BLK,1,59000
ORD-001112742,NQ-CLR-WRM-004-M-ASH,1,35000
ORD-001113583,NQ-CLR-MUT-006-L-IVR,1,35000
ORD-001113583,NQ-CLR-WRM-001-S-IVR,1,35000
ORD-001117032,NQ-PNT-001-XL-BEG,1,49000
ORD-001117032,NQ-TOP-001-S-LYL,1,39000
ORD-001117551,NQ-TOP-001-S-BLK,1,39000
ORD-001117744,NQ-CLR-COOL-005-S-ASH,1,35000
ORD-001117887,NQ-OUT-002-L-BEG,1,89000
ORD-001117887,NQ-OUT-001-L-GRY,1,89000
ORD-001118397,NQ-TOP-003-S-WHT,1,39000
ORD-001118397,NQ-CLR-WRM-001-M-ASH,1,35000
ORD-001120128,NQ-TOP-001-2XL-WHT,1,39000
ORD-001120128,NQ-TOP-001-2XL-ORC,1,39000
ORD-001120128,NQ-CLR-WRM-001-S-IVR,1,35000
ORD-001120174,NQ-CLR-COOL-005-L-IVR,1,35000
ORD-001120174,NQ-CLR-WRM-001-L-ASH,1,35000
ORD-001120470,NQ-TOP-003-M-BLK,1,39000
ORD-001122704,NQ-TOP-001-L-GRY,1,39000
ORD-001123454,NQ-TOP-001-M-LYL,1,39000
ORD-001123852,NQ-CLR-MUT-006-M-ASH,1,35000
ORD-001124706,NQ-PNT-001-XS-BLK,1,49000
ORD-001126014,NQ-CLR-MUT-003-L-ASH,1,35000
ORD-001126423,NQ-PNT-004-XL-GRY,1,49000
ORD-001126423,NQ-PNT-002-L-BLK,1,49000
ORD-001126423,NQ-CLR-COOL-002-S-IVR,1,35000
ORD-001126549,NQ-TOP-001-S-WHT,1,39000
ORD-001126891,NQ-TOP-001-XL-BLK,1,39000
ORD-001126891,NQ-CLR-WRM-001-M-ASH,1,35000
ORD-001127192,NQ-CLR-MUT-006-L-IVR,1,35000
ORD-001127660,NQ-CLR-WRM-001-S-CRM,1,35000
ORD-001127660,NQ-CLR-MUT-003-L-ASH,1,35000
ORD-001127660,NQ-CLR-MUT-003-S-IVR,1,35000
ORD-001127825,NQ-CLR-WRM-004-L-ASH,1,35000
ORD-001128875,NQ-DRS-001-L-BLK,1,59000
ORD-001131134,NQ-CLR-MUT-003-S-ASH,1,35000
ORD-001131134,NQ-TOP-001-M-WHT,1,39000
ORD-001131134,NQ-PNT-003-S-GRY,1,49000
ORD-001132009,NQ-CLR-WRM-001-S-ASH,1,35000
ORD-001132009,NQ-CLR-COOL-002-S-ASH,1,35000
ORD-001132849,NQ-OUT-001-M-NVY,1,89000
ORD-001133319,NQ-OUT-001-L-GRY,1,89000
ORD-001134701,NQ-PNT-001-M-NVY,1,49000
ORD-001134823,NQ-TOP-003-L-GRY,1,39000
ORD-001135186,NQ-DRS-001-S-BLK,1,59000
ORD-001135186,NQ-DRS-002-S-BLK,1,59000
ORD-001135549,NQ-TOP-001-S-LYL,1,39000
ORD-001135612,NQ-CLR-WRM-001-M-CRM,1,35000
ORD-001136275,NQ-CLR-MUT-003-M-CRM,1,35000
ORD-001136275,NQ-DRS-002-S-IVR,1,59000
ORD-001138213,NQ-PNT-001-L-GRY,1,49000
ORD-001138213,NQ-OUT-001-M-BEG,1,89000
ORD-001139601,NQ-PNT-003-XL-BEG,1,49000
ORD-001139601,NQ-DRS-002-M-IVR,1,59000
ORD-001139853,NQ-TOP-002-4XL-GRY,1,39000
ORD-001139853,NQ-TOP-001-L-NVY,1,39000
ORD-001139853,NQ-OUT-002-S-BLK,1,89000
ORD-001140357,NQ-DRS-001-L-BLK,1,59000
ORD-001141962,NQ-TOP-001-4XL-LYL,1,39000
ORD-001142967,NQ-PNT-002-XL-BLK,1,49000
ORD-001143454,NQ-PNT-004-S-BEG,1,49000
ORD-001146640,NQ-TOP-001-XL-BLK,1,39000
ORD-001146640,NQ-CLR-MUT-003-L-IVR,1,35000
ORD-001148413,NQ-CLR-MUT-003-S-CRM,1,35000
ORD-001148413,NQ-OUT-001-M-GRY,1,89000
ORD-001148762,NQ-OUT-002-M-BEG,1,89000
ORD-001149120,NQ-TOP-002-2XL-BLK,1,39000
ORD-001149424,NQ-PNT-003-XL-BLK,1,49000
ORD-001149562,NQ-PNT-004-L-BEG,1,49000
ORD-001149854,NQ-CLR-WRM-001-L-CRM,1,35000
ORD-001150137,NQ-TOP-001-M-BLK,1,39000
ORD-001150137,NQ-OUT-001-M-BLK,1,89000
ORD-001150930,NQ-OUT-002-M-NVY,1,89000
ORD-001151004,NQ-DRS-001-L-IVR,1,59000
ORD-001151004,NQ-OUT-001-M-NVY,1,89000
ORD-001153529,NQ-CLR-MUT-003-L-CRM,1,35000
ORD-001153793,NQ-PNT-001-L-GRY,1,49000
ORD-001155914,NQ-TOP-002-M-WHT,1,39000
ORD-001156054,NQ-OUT-001-S-GRY,1,89000
ORD-001156397,NQ-OUT-001-L-BLK,1,89000
ORD-001156397,NQ-TOP-001-M-BLK,1,39000
ORD-001157491,NQ-OUT-002-M-NVY,1,89000
ORD-001158676,NQ-OUT-001-S-BEG,1,89000
ORD-001159617,NQ-ACC-PCH-005-FREE-WHT,1,19000
ORD-001159775,NQ-TOP-001-4XL-WHT,1,39000
ORD-001159804,NQ-CLR-WRM-001-L-ASH,1,35000
ORD-001160430,NQ-PNT-001-XL-KHK,1,49000
ORD-001160430,NQ-TOP-001-S-WHT,1,39000
ORD-001161094,NQ-TOP-001-L-SKB,1,39000
ORD-001161094,NQ-CLR-MUT-003-L-ASH,1,35000
ORD-001161138,NQ-TOP-001-M-SKB,1,39000
ORD-001161138,NQ-CLR-COOL-002-L-IVR,1,35000
ORD-001162560,NQ-TOP-003-L-NVY,1,39000
ORD-001162560,NQ-TOP-001-XL-BLK,1,39000
ORD-001162563,NQ-TOP-001-XL-NVY,1,39000
ORD-001162698,NQ-TOP-003-L-WHT,1,39000
ORD-001162959,NQ-PNT-001-2XL-KHK,1,49000
ORD-001163520,NQ-PNT-001-XL-BLK,1,49000
ORD-001164775,NQ-PNT-001-S-BEG,1,49000
ORD-001164775,NQ-CLR-MUT-003-L-ASH,1,35000
ORD-001166124,NQ-PNT-001-M-GRY,1,49000
ORD-001166124,NQ-PNT-001-M-BEG,1,49000
ORD-001166124,NQ-PNT-003-2XL-GRY,1,49000
ORD-001166148,NQ-PNT-004-L-GRY,1,49000
ORD-001166595,NQ-DRS-001-L-IVR,1,59000
ORD-001167390,NQ-PNT-001-XS-BLK,1,49000
ORD-001167390,NQ-TOP-002-S-NVY,1,39000
ORD-001167640,NQ-TOP-001-L-GRY,1,39000
ORD-001167640,NQ-TOP-001-XL-WHT,1,39000
ORD-001167640,NQ-PNT-001-M-BEG,1,49000
ORD-001167821,NQ-TOP-003-L-GRY,1,39000
ORD-001169085,NQ-ACC-BAG-001-FREE-BRN,1,19000
ORD-001169085,NQ-TOP-001-M-BLK,1,39000
ORD-001169334,NQ-TOP-001-XL-WHT,1,39000
ORD-001169447,NQ-ACC-BLT-002-FREE-BEG,1,19000
ORD-001169808,NQ-TOP-001-M-WHT,1,39000
ORD-001169808,NQ-ACC-BAG-001-FREE-WHT,1,19000
ORD-001170014,NQ-PNT-001-S-GRY,1,49000
ORD-001170014,NQ-TOP-001-XS-GRY,1,39000
ORD-001170617,NQ-TOP-001-4XL-BLK,1,39000
ORD-001170617,NQ-OUT-001-S-NVY,1,89000
ORD-001170876,NQ-TOP-002-XL-GRY,1,39000
ORD-001170876,NQ-OUT-002-S-BEG,1,89000
ORD-001171291,NQ-OUT-001-L-GRY,1,89000
ORD-001171648,NQ-ACC-BAG-001-FREE-WHT,1,19000
ORD-001171648,NQ-TOP-001-XS-ORC,1,39000
ORD-001171648,NQ-PNT-001-S-GRY,1,49000
ORD-001173715,NQ-DRS-002-L-BLK,1,59000
ORD-001174004,NQ-OUT-002-M-BLK,1,89000
ORD-001174412,NQ-TOP-001-S-LYL,1,39000
ORD-001174412,NQ-OUT-002-S-BLK,1,89000
ORD-001174412,NQ-ACC-BAG-001-FREE-BRN,1,19000
ORD-001174847,NQ-TOP-003-2XL-WHT,1,39000
ORD-001174847,NQ-ACC-BAG-001-FREE-BEG,1,19000
ORD-001175063,NQ-PNT-004-3XL-GRY,1,49000
ORD-001175807,NQ-TOP-002-L-WHT,1,39000
ORD-001177788,NQ-OUT-002-L-BEG,1,89000
ORD-001177906,NQ-TOP-001-XL-WHT,1,39000
ORD-001177906,NQ-CLR-MUT-003-L-ASH,1,35000
ORD-001178123,NQ-OUT-001-L-GRY,1,89000
ORD-001178148,NQ-TOP-001-S-ORC,1,39000
ORD-001178533,NQ-TOP-001-M-NVY,1,39000
ORD-001181057,NQ-ACC-BAG-001-FREE-BRN,1,19000
ORD-001183794,NQ-ACC-BAG-001-FREE-BEG,1,19000
ORD-001183794,NQ-OUT-001-M-BLK,1,89000
ORD-001183794,NQ-TOP-002-2XL-GRY,1,39000
ORD-001184649,NQ-PNT-002-S-BLK,1,49000
ORD-001185274,NQ-PNT-001-M-GRY,1,49000
ORD-001185274,NQ-OUT-001-M-BEG,1,89000
ORD-001185571,NQ-TOP-001-S-GRY,1,39000
ORD-001186722,NQ-TOP-001-L-ORC,1,39000
ORD-001187490,NQ-TOP-004-L-WHT,1,39000
ORD-001187490,NQ-TOP-002-2XL-BLK,1,39000
ORD-001187680,NQ-PNT-001-M-BEG,1,49000
ORD-001188384,NQ-TOP-004-M-NVY,1,39000
ORD-001188522,NQ-TOP-004-XL-WHT,1,39000
ORD-001189544,NQ-OUT-001-L-BLK,1,89000
ORD-001189762,NQ-PNT-001-L-NVY,1,49000
ORD-001189762,NQ-TOP-001-L-LYL,1,39000
ORD-001192029,NQ-TOP-001-M-BLK,1,39000
ORD-001192029,NQ-TOP-001-3XL-LYL,1,39000
ORD-001192029,NQ-PNT-001-XL-KHK,1,49000
ORD-001193320,NQ-OUT-001-L-NVY,1,89000
ORD-001194294,NQ-TOP-001-M-BLK,1,39000
ORD-001195200,NQ-TOP-001-L-WHT,1,39000
ORD-001195200,NQ-ACC-SCF-003-FREE-BEG,1,19000
ORD-001195544,NQ-TOP-001-3XL-WHT,1,39000
ORD-001195544,NQ-TOP-002-XS-WHT,1,39000
ORD-001195544,NQ-PNT-001-XL-NVY,1,49000
ORD-001195672,NQ-TOP-002-L-NVY,1,39000
ORD-001195672,NQ-ACC-BAG-001-FREE-BLK,1,19000
ORD-001195672,NQ-PNT-001-M-GRY,1,49000
ORD-001195977,NQ-OUT-001-L-BLK,1,89000
ORD-001196382,NQ-PNT-001-L-BEG,1,49000
ORD-001196382,NQ-PNT-001-S-KHK,1,49000
ORD-001196382,NQ-PNT-001-M-GRY,1,49000
ORD-001197048,NQ-ACC-BLT-002-FREE-WHT,1,19000
ORD-001197058,NQ-ACC-BAG-001-FREE-BRN,1,19000
ORD-001198486,NQ-TOP-001-2XL-ORC,1,39000
ORD-001198908,NQ-TOP-001-S-NVY,1,39000
ORD-001199247,NQ-PNT-001-XL-BEG,1,49000
ORD-001201159,NQ-OUT-001-S-GRY,1,89000
ORD-001201159,NQ-TOP-001-2XL-NVY,1,39000
ORD-001201509,NQ-OUT-001-L-NVY,1,89000
ORD-001201509,NQ-OUT-001-S-GRY,1,89000
ORD-001201509,NQ-TOP-001-L-ORC,1,39000
ORD-001202359,NQ-PNT-003-2XL-GRY,1,49000
ORD-001202359,NQ-PNT-002-2XL-BLK,1,49000
ORD-001203545,NQ-OUT-001-L-BLK,1,89000
ORD-001203545,NQ-OUT-002-S-GRY,1,89000
ORD-001203789,NQ-TOP-001-3XL-NVY,1,39000
ORD-001203830,NQ-TOP-002-S-NVY,1,39000
ORD-001203830,NQ-ACC-BAG-001-FREE-BRN,1,19000
ORD-001204028,NQ-ACC-PCH-005-FREE-BLK,1,19000
ORD-001204981,NQ-ACC-CAP-004-FREE-WHT,1,19000
ORD-001204981,NQ-ACC-SCF-003-FREE-WHT,1,19000
ORD-001204981,NQ-OUT-001-L-BEG,1,89000
ORD-001205044,NQ-OUT-001-M-NVY,1,89000
ORD-001205044,NQ-TOP-004-L-WHT,1,39000
ORD-001205139,NQ-OUT-001-M-GRY,1,89000
ORD-001205139,NQ-TOP-004-L-BLK,1,39000
ORD-001205657,NQ-TOP-001-XL-LYL,1,39000
ORD-001205657,NQ-TOP-001-XL-SKB,1,39000
ORD-001206131,NQ-TOP-002-XL-BLK,1,39000
ORD-001207603,NQ-TOP-002-S-BLK,1,39000
ORD-001207656,NQ-PNT-004-S-BEG,1,49000
ORD-001208791,NQ-ACC-PCH-005-FREE-BRN,1,19000
ORD-001208791,NQ-OUT-001-M-BLK,1,89000
ORD-001208791,NQ-ACC-SCF-003-FREE-BLK,1,19000
ORD-001210727,NQ-TOP-001-XS-LYL,1,39000
ORD-001210727,NQ-TOP-002-L-WHT,1,39000
ORD-001210727,NQ-TOP-001-XL-BLK,1,39000
ORD-001211442,NQ-TOP-002-XL-NVY,1,39000
ORD-001211507,NQ-TOP-003-XS-GRY,1,39000
ORD-001211507,NQ-OUT-002-S-BLK,1,89000
ORD-001211694,NQ-OUT-001-S-NVY,1,89000
ORD-001211694,NQ-OUT-003-M-GRY,1,89000
ORD-001211694,NQ-TOP-004-M-NVY,1,39000
ORD-001211842,NQ-TOP-001-S-LYL,1,39000
ORD-001211985,NQ-PNT-002-XS-GRY,1,49000
ORD-001212497,NQ-PNT-001-4XL-BEG,1,49000
ORD-001213438,NQ-PNT-002-XL-BEG,1,49000
ORD-001214290,NQ-TOP-002-XL-GRY,1,39000
ORD-001215142,NQ-OUT-001-L-BEG,1,89000
ORD-001215142,NQ-TOP-001-L-WHT,1,39000
ORD-001215834,NQ-OUT-001-M-BEG,1,89000
ORD-001216071,NQ-ACC-PCH-005-FREE-BEG,1,19000
ORD-001216071,NQ-TOP-002-XS-NVY,1,39000
ORD-001216071,NQ-TOP-001-S-NVY,1,39000
ORD-001217073,NQ-PNT-001-S-NVY,1,49000
ORD-001217081,NQ-OUT-001-M-NVY,1,89000
ORD-001217323,NQ-TOP-005-3XL-WHT,1,39000
ORD-001217323,NQ-TOP-001-S-BLK,1,39000
ORD-001217414,NQ-TOP-003-XL-GRY,1,39000
ORD-001218349,NQ-TOP-002-2XL-NVY,1,39000
ORD-001218663,NQ-TOP-001-2XL-ORC,1,39000
ORD-001219002,NQ-PNT-001-M-BLK,1,49000
ORD-001219582,NQ-TOP-002-2XL-GRY,1,39000
ORD-001219688,NQ-PNT-001-S-KHK,1,49000
ORD-001219990,NQ-TOP-001-XL-LYL,1,39000
ORD-001219990,NQ-ACC-BAG-001-FREE-BEG,1,19000
ORD-001220698,NQ-OUT-001-M-NVY,1,89000
ORD-001220698,NQ-TOP-002-S-WHT,1,39000
ORD-001220699,NQ-TOP-002-M-BLK,1,39000
ORD-001220699,NQ-ACC-BAG-001-FREE-BLK,1,19000
ORD-001221293,NQ-PNT-001-XL-BLK,1,49000
ORD-001221900,NQ-ACC-BAG-001-FREE-BEG,1,19000
ORD-001223537,NQ-PNT-001-4XL-GRY,1,49000
ORD-001225649,NQ-TOP-002-XL-WHT,1,39000
ORD-001225682,NQ-TOP-001-3XL-LYL,1,39000
ORD-001225682,NQ-PNT-001-L-KHK,1,49000
ORD-001225788,NQ-TOP-001-XS-NVY,1,39000
ORD-001226780,NQ-ACC-BAG-001-FREE-WHT,1,19000
ORD-001227241,NQ-TOP-004-S-WHT,1,39000
ORD-001227557,NQ-OUT-002-L-GRY,1,89000
ORD-001227557,NQ-OUT-001-M-NVY,1,89000
ORD-001227557,NQ-TOP-001-2XL-LYL,1,39000
ORD-001228151,NQ-TOP-002-S-BLK,1,39000
ORD-001228243,NQ-TOP-001-S-ORC,1,39000
ORD-001228692,NQ-TOP-004-XS-BLK,1,39000
ORD-001228692,NQ-TOP-001-XL-SKB,1,39000
ORD-001230059,NQ-PNT-001-M-KHK,1,49000
ORD-001230658,NQ-PNT-001-S-NVY,1,49000
ORD-001233547,NQ-PNT-001-XL-GRY,1,49000
ORD-001234508,NQ-TOP-001-XL-SKB,1,39000
ORD-001234629,NQ-TOP-003-2XL-GRY,1,39000
ORD-001235746,NQ-PNT-001-M-KHK,1,49000
ORD-001236001,NQ-TOP-003-S-WHT,1,39000
ORD-001236001,NQ-TOP-001-2XL-ORC,1,39000
ORD-001237970,NQ-ACC-BAG-001-FREE-BEG,1,19000
ORD-001239535,NQ-OUT-001-L-BEG,1,89000
ORD-001239535,NQ-PNT-001-2XL-KHK,1,49000
ORD-001239540,NQ-ACC-BAG-001-FREE-BLK,1,19000
ORD-001239540,NQ-PNT-001-L-GRY,1,49000
ORD-001239663,NQ-TOP-004-3XL-NVY,1,39000
ORD-001239663,NQ-TOP-003-M-GRY,1,39000
ORD-001240760,NQ-ACC-PCH-005-FREE-BEG,1,19000
ORD-001241960,NQ-PNT-001-M-KHK,1,49000
ORD-001241960,NQ-ACC-BAG-001-FREE-BEG,1,19000
ORD-001241960,NQ-TOP-003-S-NVY,1,39000
ORD-001242108,NQ-PNT-001-3XL-NVY,1,49000
ORD-001242108,NQ-ACC-BAG-001-FREE-BEG,1,19000
ORD-001242108,NQ-ACC-CAP-004-FREE-BRN,1,19000
ORD-001242158,NQ-PNT-001-S-NVY,1,49000
ORD-001243250,NQ-PNT-003-2XL-BLK,1,49000
ORD-001244042,NQ-OUT-001-L-GRY,1,89000
ORD-001244042,NQ-PNT-001-S-KHK,1,49000
ORD-001244363,NQ-CLR-WRM-004-M-ASH,1,35000
ORD-001245661,NQ-TOP-003-S-NVY,1,39000
ORD-001245661,NQ-TOP-003-4XL-NVY,1,39000
ORD-001247217,NQ-PNT-001-XL-BLK,1,49000
ORD-001247937,NQ-PNT-001-S-BEG,1,49000
ORD-001247937,NQ-TOP-001-XL-ORC,1,39000
ORD-001249676,NQ-TOP-004-3XL-GRY,1,39000
ORD-001249686,NQ-TOP-002-2XL-BLK,1,39000
ORD-001252104,NQ-CLR-COOL-005-M-CRM,1,35000
