po_id,sku_code,qty,unit_cost
PO-INIT-000000001,NQ-TOP-001-XS-BLK,576,18720
PO-INIT-000000002,NQ-TOP-001-XS-WHT,576,18720
PO-INIT-000000003,NQ-TOP-001-XS-GRY,576,18720
PO-INIT-000000004,NQ-TOP-001-XS-NVY,576,18720
PO-INIT-000000005,NQ-TOP-001-XS-ORC,576,18720
PO-INIT-000000006,NQ-TOP-001-XS-SKB,576,18720
PO-INIT-000000007,NQ-TOP-001-XS-LYL,576,18720
PO-INIT-000000008,NQ-TOP-001-S-BLK,576,18720
PO-INIT-000000009,NQ-TOP-001-S-WHT,576,18720
PO-INIT-000000010,NQ-TOP-001-S-GRY,576,18720
PO-INIT-000000011,NQ-TOP-001-S-NVY,576,18720
PO-INIT-000000012,NQ-TOP-001-S-ORC,576,18720
PO-INIT-000000013,NQ-TOP-001-S-SKB,576,18720
PO-INIT-000000014,NQ-TOP-001-S-LYL,576,18720
PO-INIT-000000015,NQ-TOP-001-M-BLK,576,18720
PO-INIT-000000016,NQ-TOP-001-M-WHT,576,18720
PO-INIT-000000017,NQ-TOP-001-M-GRY,576,18720
PO-INIT-000000018,NQ-TOP-001-M-NVY,576,18720
PO-INIT-000000019,NQ-TOP-001-M-ORC,576,18720
PO-INIT-000000020,NQ-TOP-001-M-SKB,576,18720
PO-INIT-000000021,NQ-TOP-001-M-LYL,576,18720
PO-INIT-000000022,NQ-TOP-001-L-BLK,576,18720
PO-INIT-000000023,NQ-TOP-001-L-WHT,576,18720
PO-INIT-000000024,NQ-TOP-001-L-GRY,576,18720
PO-INIT-000000025,NQ-TOP-001-L-NVY,576,18720
PO-INIT-000000026,NQ-TOP-001-L-ORC,576,18720
PO-INIT-000000027,NQ-TOP-001-L-SKB,576,18720
PO-INIT-000000028,NQ-TOP-001-L-LYL,576,18720
PO-INIT-000000029,NQ-TOP-001-XL-BLK,576,18720
PO-INIT-000000030,NQ-TOP-001-XL-WHT,576,18720
PO-INIT-000000031,NQ-TOP-001-XL-GRY,576,18720
PO-INIT-000000032,NQ-TOP-001-XL-NVY,576,18720
PO-INIT-000000033,NQ-TOP-001-XL-ORC,576,18720
PO-INIT-000000034,NQ-TOP-001-XL-SKB,576,18720
PO-INIT-000000035,NQ-TOP-001-XL-LYL,576,18720
PO-INIT-000000036,NQ-TOP-001-2XL-BLK,576,18720
PO-INIT-000000037,NQ-TOP-001-2XL-WHT,576,18720
PO-INIT-000000038,NQ-TOP-001-2XL-GRY,576,18720
PO-INIT-000000039,NQ-TOP-001-2XL-NVY,576,18720
PO-INIT-000000040,NQ-TOP-001-2XL-ORC,576,18720
PO-INIT-000000041,NQ-TOP-001-2XL-SKB,576,18720
PO-INIT-000000042,NQ-TOP-001-2XL-LYL,576,18720
PO-INIT-000000043,NQ-TOP-001-3XL-BLK,576,18720
PO-INIT-000000044,NQ-TOP-001-3XL-WHT,576,18720
PO-INIT-000000045,NQ-TOP-001-3XL-GRY,576,18720
PO-INIT-000000046,NQ-TOP-001-3XL-NVY,576,18720
PO-INIT-000000047,NQ-TOP-001-3XL-ORC,576,18720
PO-INIT-000000048,NQ-TOP-001-3XL-SKB,576,18720
PO-INIT-000000049,NQ-TOP-001-3XL-LYL,576,18720
PO-INIT-000000050,NQ-TOP-001-4XL-BLK,576,18720
PO-INIT-000000051,NQ-TOP-001-4XL-WHT,576,18720
PO-INIT-000000052,NQ-TOP-001-4XL-GRY,576,18720
PO-INIT-000000053,NQ-TOP-001-4XL-NVY,576,18720
PO-INIT-000000054,NQ-TOP-001-4XL-ORC,576,18720
PO-INIT-000000055,NQ-TOP-001-4XL-SKB,576,18720
PO-INIT-000000056,NQ-TOP-001-4XL-LYL,576,18720
PO-INIT-000000057,NQ-TOP-002-XS-BLK,192,18720
PO-INIT-000000058,NQ-TOP-002-XS-WHT,192,18720
PO-INIT-000000059,NQ-TOP-002-XS-GRY,192,18720
PO-INIT-000000060,NQ-TOP-002-XS-NVY,192,18720
PO-INIT-000000061,NQ-TOP-002-S-BLK,192,18720
PO-INIT-000000062,NQ-TOP-002-S-WHT,192,18720
PO-INIT-000000063,NQ-TOP-002-S-GRY,192,18720
PO-INIT-000000064,NQ-TOP-002-S-NVY,192,18720
PO-INIT-000000065,NQ-TOP-002-M-BLK,192,18720
PO-INIT-000000066,NQ-TOP-002-M-WHT,192,18720
PO-INIT-000000067,NQ-TOP-002-M-GRY,192,18720
PO-INIT-000000068,NQ-TOP-002-M-NVY,192,18720
PO-INIT-000000069,NQ-TOP-002-L-BLK,192,18720
PO-INIT-000000070,NQ-TOP-002-L-WHT,192,18720
PO-INIT-000000071,NQ-TOP-002-L-GRY,192,18720
PO-INIT-000000072,NQ-TOP-002-L-NVY,192,18720
PO-INIT-000000073,NQ-TOP-002-XL-BLK,192,18720
PO-INIT-000000074,NQ-TOP-002-XL-WHT,192,18720
PO-INIT-000000075,NQ-TOP-002-XL-GRY,192,18720
PO-INIT-000000076,NQ-TOP-002-XL-NVY,192,18720
PO-INIT-000000077,NQ-TOP-002-2XL-BLK,192,18720
PO-INIT-000000078,NQ-TOP-002-2XL-WHT,192,18720
PO-INIT-000000079,NQ-TOP-002-2XL-GRY,192,18720
PO-INIT-000000080,NQ-TOP-002-2XL-NVY,192,18720
PO-INIT-000000081,NQ-TOP-002-3XL-BLK,192,18720
PO-INIT-000000082,NQ-TOP-002-3XL-WHT,192,18720
PO-INIT-000000083,NQ-TOP-002-3XL-GRY,192,18720
PO-INIT-000000084,NQ-TOP-002-3XL-NVY,192,18720
PO-INIT-000000085,NQ-TOP-002-4XL-BLK,192,18720
PO-INIT-000000086,NQ-TOP-002-4XL-WHT,192,18720
PO-INIT-000000087,NQ-TOP-002-4XL-GRY,192,18720
PO-INIT-000000088,NQ-TOP-002-4XL-NVY,192,18720
PO-INIT-000000089,NQ-TOP-003-XS-BLK,192,18720
PO-INIT-000000090,NQ-TOP-003-XS-WHT,192,18720
PO-INIT-000000091,NQ-TOP-003-XS-GRY,192,18720
PO-INIT-000000092,NQ-TOP-003-XS-NVY,192,18720
PO-INIT-000000093,NQ-TOP-003-S-BLK,192,18720
PO-INIT-000000094,NQ-TOP-003-S-WHT,192,18720
PO-INIT-000000095,NQ-TOP-003-S-GRY,192,18720
PO-INIT-000000096,NQ-TOP-003-S-NVY,192,18720
PO-INIT-000000097,NQ-TOP-003-M-BLK,192,18720
PO-INIT-000000098,NQ-TOP-003-M-WHT,192,18720
PO-INIT-000000099,NQ-TOP-003-M-GRY,192,18720
PO-INIT-000000100,NQ-TOP-003-M-NVY,192,18720
PO-INIT-000000101,NQ-TOP-003-L-BLK,192,18720
PO-INIT-000000102,NQ-TOP-003-L-WHT,192,18720
PO-INIT-000000103,NQ-TOP-003-L-GRY,192,18720
PO-INIT-000000104,NQ-TOP-003-L-NVY,192,18720
PO-INIT-000000105,NQ-TOP-003-XL-BLK,192,18720
PO-INIT-000000106,NQ-TOP-003-XL-WHT,192,18720
PO-INIT-000000107,NQ-TOP-003-XL-GRY,192,18720
PO-INIT-000000108,NQ-TOP-003-XL-NVY,192,18720
PO-INIT-000000109,NQ-TOP-003-2XL-BLK,192,18720
PO-INIT-000000110,NQ-TOP-003-2XL-WHT,192,18720
PO-INIT-000000111,NQ-TOP-003-2XL-GRY,192,18720
PO-INIT-000000112,NQ-TOP-003-2XL-NVY,192,18720
PO-INIT-000000113,NQ-TOP-003-3XL-BLK,192,18720
PO-INIT-000000114,NQ-TOP-003-3XL-WHT,192,18720
PO-INIT-000000115,NQ-TOP-003-3XL-GRY,192,18720
PO-INIT-000000116,NQ-TOP-003-3XL-NVY,192,18720
PO-INIT-000000117,NQ-TOP-003-4XL-BLK,192,18720
PO-INIT-000000118,NQ-TOP-003-4XL-WHT,192,18720
PO-INIT-000000119,NQ-TOP-003-4XL-GRY,192,18720
PO-INIT-000000120,NQ-TOP-003-4XL-NVY,192,18720
PO-INIT-000000121,NQ-TOP-004-XS-BLK,57,18720
PO-INIT-000000122,NQ-TOP-004-XS-WHT,57,18720
PO-INIT-000000123,NQ-TOP-004-XS-GRY,57,18720
PO-INIT-000000124,NQ-TOP-004-XS-NVY,57,18720
PO-INIT-000000125,NQ-TOP-004-S-BLK,57,18720
PO-INIT-000000126,NQ-TOP-004-S-WHT,57,18720
PO-INIT-000000127,NQ-TOP-004-S-GRY,57,18720
PO-INIT-000000128,NQ-TOP-004-S-NVY,57,18720
PO-INIT-000000129,NQ-TOP-004-M-BLK,57,18720
PO-INIT-000000130,NQ-TOP-004-M-WHT,57,18720
PO-INIT-000000131,NQ-TOP-004-M-GRY,57,18720
PO-INIT-000000132,NQ-TOP-004-M-NVY,57,18720
PO-INIT-000000133,NQ-TOP-004-L-BLK,57,18720
PO-INIT-000000134,NQ-TOP-004-L-WHT,57,18720
PO-INIT-000000135,NQ-TOP-004-L-GRY,57,18720
PO-INIT-000000136,NQ-TOP-004-L-NVY,57,18720
PO-INIT-000000137,NQ-TOP-004-XL-BLK,57,18720
PO-INIT-000000138,NQ-TOP-004-XL-WHT,57,18720
PO-INIT-000000139,NQ-TOP-004-XL-GRY,57,18720
PO-INIT-000000140,NQ-TOP-004-XL-NVY,57,18720
PO-INIT-000000141,NQ-TOP-004-2XL-BLK,57,18720
PO-INIT-000000142,NQ-TOP-004-2XL-WHT,57,18720
PO-INIT-000000143,NQ-TOP-004-2XL-GRY,57,18720
PO-INIT-000000144,NQ-TOP-004-2XL-NVY,57,18720
PO-INIT-000000145,NQ-TOP-004-3XL-BLK,57,18720
PO-INIT-000000146,NQ-TOP-004-3XL-WHT,57,18720
PO-INIT-000000147,NQ-TOP-004-3XL-GRY,57,18720
PO-INIT-000000148,NQ-TOP-004-3XL-NVY,57,18720
PO-INIT-000000149,NQ-TOP-004-4XL-BLK,57,18720
PO-INIT-000000150,NQ-TOP-004-4XL-WHT,57,18720
PO-INIT-000000151,NQ-TOP-004-4XL-GRY,57,18720
PO-INIT-000000152,NQ-TOP-004-4XL-NVY,57,18720
PO-INIT-000000153,NQ-TOP-005-XS-BLK,57,18720
PO-INIT-000000154,NQ-TOP-005-XS-WHT,57,18720
PO-INIT-000000155,NQ-TOP-005-XS-GRY,57,18720
PO-INIT-000000156,NQ-TOP-005-XS-NVY,57,18720
PO-INIT-000000157,NQ-TOP-005-S-BLK,57,18720
PO-INIT-000000158,NQ-TOP-005-S-WHT,57,18720
PO-INIT-000000159,NQ-TOP-005-S-GRY,57,18720
PO-INIT-000000160,NQ-TOP-005-S-NVY,57,18720
PO-INIT-000000161,NQ-TOP-005-M-BLK,57,18720
PO-INIT-000000162,NQ-TOP-005-M-WHT,57,18720
PO-INIT-000000163,NQ-TOP-005-M-GRY,57,18720
PO-INIT-000000164,NQ-TOP-005-M-NVY,57,18720
PO-INIT-000000165,NQ-TOP-005-L-BLK,57,18720
PO-INIT-000000166,NQ-TOP-005-L-WHT,57,18720
PO-INIT-000000167,NQ-TOP-005-L-GRY,57,18720
PO-INIT-000000168,NQ-TOP-005-L-NVY,57,18720
PO-INIT-000000169,NQ-TOP-005-XL-BLK,57,18720
PO-INIT-000000170,NQ-TOP-005-XL-WHT,57,18720
PO-INIT-000000171,NQ-TOP-005-XL-GRY,57,18720
PO-INIT-000000172,NQ-TOP-005-XL-NVY,57,18720
PO-INIT-000000173,NQ-TOP-005-2XL-BLK,57,18720
PO-INIT-000000174,NQ-TOP-005-2XL-WHT,57,18720
PO-INIT-000000175,NQ-TOP-005-2XL-GRY,57,18720
PO-INIT-000000176,NQ-TOP-005-2XL-NVY,57,18720
PO-INIT-000000177,NQ-TOP-005-3XL-BLK,57,18720
PO-INIT-000000178,NQ-TOP-005-3XL-WHT,57,18720
PO-INIT-000000179,NQ-TOP-005-3XL-GRY,57,18720
PO-INIT-000000180,NQ-TOP-005-3XL-NVY,57,18720
PO-INIT-000000181,NQ-TOP-005-4XL-BLK,57,18720
PO-INIT-000000182,NQ-TOP-005-4XL-WHT,57,18720
PO-INIT-000000183,NQ-TOP-005-4XL-GRY,57,18720
PO-INIT-000000184,NQ-TOP-005-4XL-NVY,57,18720
PO-INIT-000000185,NQ-PNT-001-XS-BLK,491,23520
PO-INIT-000000186,NQ-PNT-001-XS-GRY,491,23520
PO-INIT-000000187,NQ-PNT-001-XS-BEG,491,23520
PO-INIT-000000188,NQ-PNT-001-XS-KHK,491,23520
PO-INIT-000000189,NQ-PNT-001-XS-NVY,491,23520
PO-INIT-000000190,NQ-PNT-001-S-BLK,491,23520
PO-INIT-000000191,NQ-PNT-001-S-GRY,491,23520
PO-INIT-000000192,NQ-PNT-001-S-BEG,491,23520
PO-INIT-000000193,NQ-PNT-001-S-KHK,491,23520
PO-INIT-000000194,NQ-PNT-001-S-NVY,491,23520
PO-INIT-000000195,NQ-PNT-001-M-BLK,491,23520
PO-INIT-000000196,NQ-PNT-001-M-GRY,491,23520
PO-INIT-000000197,NQ-PNT-001-M-BEG,491,23520
PO-INIT-000000198,NQ-PNT-001-M-KHK,491,23520
PO-INIT-000000199,NQ-PNT-001-M-NVY,491,23520
PO-INIT-000000200,NQ-PNT-001-L-BLK,491,23520
PO-INIT-000000201,NQ-PNT-001-L-GRY,491,23520
PO-INIT-000000202,NQ-PNT-001-L-BEG,491,23520
PO-INIT-000000203,NQ-PNT-001-L-KHK,491,23520
PO-INIT-000000204,NQ-PNT-001-L-NVY,491,23520
PO-INIT-000000205,NQ-PNT-001-XL-BLK,491,23520
PO-INIT-000000206,NQ-PNT-001-XL-GRY,491,23520
PO-INIT-000000207,NQ-PNT-001-XL-BEG,491,23520
PO-INIT-000000208,NQ-PNT-001-XL-KHK,491,23520
PO-INIT-000000209,NQ-PNT-001-XL-NVY,491,23520
PO-INIT-000000210,NQ-PNT-001-2XL-BLK,491,23520
PO-INIT-000000211,NQ-PNT-001-2XL-GRY,491,23520
PO-INIT-000000212,NQ-PNT-001-2XL-BEG,491,23520
PO-INIT-000000213,NQ-PNT-001-2XL-KHK,491,23520
PO-INIT-000000214,NQ-PNT-001-2XL-NVY,491,23520
PO-INIT-000000215,NQ-PNT-001-3XL-BLK,491,23520
PO-INIT-000000216,NQ-PNT-001-3XL-GRY,491,23520
PO-INIT-000000217,NQ-PNT-001-3XL-BEG,491,23520
PO-INIT-000000218,NQ-PNT-001-3XL-KHK,491,23520
PO-INIT-000000219,NQ-PNT-001-3XL-NVY,491,23520
PO-INIT-000000220,NQ-PNT-001-4XL-BLK,491,23520
PO-INIT-000000221,NQ-PNT-001-4XL-GRY,491,23520
PO-INIT-000000222,NQ-PNT-001-4XL-BEG,491,23520
PO-INIT-000000223,NQ-PNT-001-4XL-KHK,491,23520
PO-INIT-000000224,NQ-PNT-001-4XL-NVY,491,23520
PO-INIT-000000225,NQ-PNT-002-XS-BLK,163,23520
PO-INIT-000000226,NQ-PNT-002-XS-GRY,163,23520
PO-INIT-000000227,NQ-PNT-002-XS-BEG,163,23520
PO-INIT-000000228,NQ-PNT-002-S-BLK,163,23520
PO-INIT-000000229,NQ-PNT-002-S-GRY,163,23520
PO-INIT-000000230,NQ-PNT-002-S-BEG,163,23520
PO-INIT-000000231,NQ-PNT-002-M-BLK,163,23520
PO-INIT-000000232,NQ-PNT-002-M-GRY,163,23520
PO-INIT-000000233,NQ-PNT-002-M-BEG,163,23520
PO-INIT-000000234,NQ-PNT-002-L-BLK,163,23520
PO-INIT-000000235,NQ-PNT-002-L-GRY,163,23520
PO-INIT-000000236,NQ-PNT-002-L-BEG,163,23520
PO-INIT-000000237,NQ-PNT-002-XL-BLK,163,23520
PO-INIT-000000238,NQ-PNT-002-XL-GRY,163,23520
PO-INIT-000000239,NQ-PNT-002-XL-BEG,163,23520
PO-INIT-000000240,NQ-PNT-002-2XL-BLK,163,23520
PO-INIT-000000241,NQ-PNT-002-2XL-GRY,163,23520
PO-INIT-000000242,NQ-PNT-002-2XL-BEG,163,23520
PO-INIT-000000243,NQ-PNT-002-3XL-BLK,163,23520
PO-INIT-000000244,NQ-PNT-002-3XL-GRY,163,23520
PO-INIT-000000245,NQ-PNT-002-3XL-BEG,163,23520
PO-INIT-000000246,NQ-PNT-002-4XL-BLK,163,23520
PO-INIT-000000247,NQ-PNT-002-4XL-GRY,163,23520
PO-INIT-000000248,NQ-PNT-002-4XL-BEG,163,23520
PO-INIT-000000249,NQ-PNT-003-XS-BLK,163,23520
PO-INIT-000000250,NQ-PNT-003-XS-GRY,163,23520
PO-INIT-000000251,NQ-PNT-003-XS-BEG,163,23520
PO-INIT-000000252,NQ-PNT-003-S-BLK,163,23520
PO-INIT-000000253,NQ-PNT-003-S-GRY,163,23520
PO-INIT-000000254,NQ-PNT-003-S-BEG,163,23520
PO-INIT-000000255,NQ-PNT-003-M-BLK,163,23520
PO-INIT-000000256,NQ-PNT-003-M-GRY,163,23520
PO-INIT-000000257,NQ-PNT-003-M-BEG,163,23520
PO-INIT-000000258,NQ-PNT-003-L-BLK,163,23520
PO-INIT-000000259,NQ-PNT-003-L-GRY,163,23520
PO-INIT-000000260,NQ-PNT-003-L-BEG,163,23520
PO-INIT-000000261,NQ-PNT-003-XL-BLK,163,23520
PO-INIT-000000262,NQ-PNT-003-XL-GRY,163,23520
PO-INIT-000000263,NQ-PNT-003-XL-BEG,163,23520
PO-INIT-000000264,NQ-PNT-003-2XL-BLK,163,23520
PO-INIT-000000265,NQ-PNT-003-2XL-GRY,163,23520
PO-INIT-000000266,NQ-PNT-003-2XL-BEG,163,23520
PO-INIT-000000267,NQ-PNT-003-3XL-BLK,163,23520
PO-INIT-000000268,NQ-PNT-003-3XL-GRY,163,23520
PO-INIT-000000269,NQ-PNT-003-3XL-BEG,163,23520
PO-INIT-000000270,NQ-PNT-003-4XL-BLK,163,23520
PO-INIT-000000271,NQ-PNT-003-4XL-GRY,163,23520
PO-INIT-000000272,NQ-PNT-003-4XL-BEG,163,23520
PO-INIT-000000273,NQ-PNT-004-XS-BLK,49,23520
PO-INIT-000000274,NQ-PNT-004-XS-GRY,49,23520
PO-INIT-000000275,NQ-PNT-004-XS-BEG,49,23520
PO-INIT-000000276,NQ-PNT-004-S-BLK,49,23520
PO-INIT-000000277,NQ-PNT-004-S-GRY,49,23520
PO-INIT-000000278,NQ-PNT-004-S-BEG,49,23520
PO-INIT-000000279,NQ-PNT-004-M-BLK,49,23520
PO-INIT-000000280,NQ-PNT-004-M-GRY,49,23520
PO-INIT-000000281,NQ-PNT-004-M-BEG,49,23520
PO-INIT-000000282,NQ-PNT-004-L-BLK,49,23520
PO-INIT-000000283,NQ-PNT-004-L-GRY,49,23520
PO-INIT-000000284,NQ-PNT-004-L-BEG,49,23520
PO-INIT-000000285,NQ-PNT-004-XL-BLK,49,23520
PO-INIT-000000286,NQ-PNT-004-XL-GRY,49,23520
PO-INIT-000000287,NQ-PNT-004-XL-BEG,49,23520
PO-INIT-000000288,NQ-PNT-004-2XL-BLK,49,23520
PO-INIT-000000289,NQ-PNT-004-2XL-GRY,49,23520
PO-INIT-000000290,NQ-PNT-004-2XL-BEG,49,23520
PO-INIT-000000291,NQ-PNT-004-3XL-BLK,49,23520
PO-INIT-000000292,NQ-PNT-004-3XL-GRY,49,23520
PO-INIT-000000293,NQ-PNT-004-3XL-BEG,49,23520
PO-INIT-000000294,NQ-PNT-004-4XL-BLK,49,23520
PO-INIT-000000295,NQ-PNT-004-4XL-GRY,49,23520
PO-INIT-000000296,NQ-PNT-004-4XL-BEG,49,23520
PO-INIT-000000297,NQ-CLR-WRM-001-S-CRM,439,16800
PO-INIT-000000298,NQ-CLR-WRM-001-S-ASH,439,16800
PO-INIT-000000299,NQ-CLR-WRM-001-S-IVR,439,16800
PO-INIT-000000300,NQ-CLR-WRM-001-M-CRM,439,16800
PO-INIT-000000301,NQ-CLR-WRM-001-M-ASH,439,16800
PO-INIT-000000302,NQ-CLR-WRM-001-M-IVR,439,16800
PO-INIT-000000303,NQ-CLR-WRM-001-L-CRM,439,16800
PO-INIT-000000304,NQ-CLR-WRM-001-L-ASH,439,16800
PO-INIT-000000305,NQ-CLR-WRM-001-L-IVR,439,16800
PO-INIT-000000306,NQ-CLR-COOL-002-S-CRM,439,16800
PO-INIT-000000307,NQ-CLR-COOL-002-S-ASH,439,16800
PO-INIT-000000308,NQ-CLR-COOL-002-S-IVR,439,16800
PO-INIT-000000309,NQ-CLR-COOL-002-M-CRM,439,16800
PO-INIT-000000310,NQ-CLR-COOL-002-M-ASH,439,16800
PO-INIT-000000311,NQ-CLR-COOL-002-M-IVR,439,16800
PO-INIT-000000312,NQ-CLR-COOL-002-L-CRM,439,16800
PO-INIT-000000313,NQ-CLR-COOL-002-L-ASH,439,16800
PO-INIT-000000314,NQ-CLR-COOL-002-L-IVR,439,16800
PO-INIT-000000315,NQ-CLR-MUT-003-S-CRM,439,16800
PO-INIT-000000316,NQ-CLR-MUT-003-S-ASH,439,16800
PO-INIT-000000317,NQ-CLR-MUT-003-S-IVR,439,16800
PO-INIT-000000318,NQ-CLR-MUT-003-M-CRM,439,16800
PO-INIT-000000319,NQ-CLR-MUT-003-M-ASH,439,16800
PO-INIT-000000320,NQ-CLR-MUT-003-M-IVR,439,16800
PO-INIT-000000321,NQ-CLR-MUT-003-L-CRM,439,16800
PO-INIT-000000322,NQ-CLR-MUT-003-L-ASH,439,16800
PO-INIT-000000323,NQ-CLR-MUT-003-L-IVR,439,16800
PO-INIT-000000324,NQ-CLR-WRM-004-S-CRM,146,16800
PO-INIT-000000325,NQ-CLR-WRM-004-S-ASH,146,16800
PO-INIT-000000326,NQ-CLR-WRM-004-S-IVR,146,16800
PO-INIT-000000327,NQ-CLR-WRM-004-M-CRM,146,16800
PO-INIT-000000328,NQ-CLR-WRM-004-M-ASH,146,16800
PO-INIT-000000329,NQ-CLR-WRM-004-M-IVR,146,16800
PO-INIT-000000330,NQ-CLR-WRM-004-L-CRM,146,16800
PO-INIT-000000331,NQ-CLR-WRM-004-L-ASH,146,16800
PO-INIT-000000332,NQ-CLR-WRM-004-L-IVR,146,16800
PO-INIT-000000333,NQ-CLR-COOL-005-S-CRM,146,16800
PO-INIT-000000334,NQ-CLR-COOL-005-S-ASH,146,16800
PO-INIT-000000335,NQ-CLR-COOL-005-S-IVR,146,16800
PO-INIT-000000336,NQ-CLR-COOL-005-M-CRM,146,16800
PO-INIT-000000337,NQ-CLR-COOL-005-M-ASH,146,16800
PO-INIT-000000338,NQ-CLR-COOL-005-M-IVR,146,16800
PO-INIT-000000339,NQ-CLR-COOL-005-L-CRM,146,16800
PO-INIT-000000340,NQ-CLR-COOL-005-L-ASH,146,16800
PO-INIT-000000341,NQ-CLR-COOL-005-L-IVR,146,16800
PO-INIT-000000342,NQ-CLR-MUT-006-S-CRM,146,16800
PO-INIT-000000343,NQ-CLR-MUT-006-S-ASH,146,16800
PO-INIT-000000344,NQ-CLR-MUT-006-S-IVR,146,16800
PO-INIT-000000345,NQ-CLR-MUT-006-M-CRM,146,16800
PO-INIT-000000346,NQ-CLR-MUT-006-M-ASH,146,16800
PO-INIT-000000347,NQ-CLR-MUT-006-M-IVR,146,16800
PO-INIT-000000348,NQ-CLR-MUT-006-L-CRM,146,16800
PO-INIT-000000349,NQ-CLR-MUT-006-L-ASH,146,16800
PO-INIT-000000350,NQ-CLR-MUT-006-L-IVR,146,16800
PO-INIT-000000351,NQ-OUT-001-S-BLK,1934,42720
PO-INIT-000000352,NQ-OUT-001-S-BEG,1934,42720
PO-INIT-000000353,NQ-OUT-001-S-GRY,1934,42720
PO-INIT-000000354,NQ-OUT-001-S-NVY,1934,42720
PO-INIT-000000355,NQ-OUT-001-M-BLK,1934,42720
PO-INIT-000000356,NQ-OUT-001-M-BEG,1934,42720
PO-INIT-000000357,NQ-OUT-001-M-GRY,1934,42720
PO-INIT-000000358,NQ-OUT-001-M-NVY,1934,42720
PO-INIT-000000359,NQ-OUT-001-L-BLK,1934,42720
PO-INIT-000000360,NQ-OUT-001-L-BEG,1934,42720
PO-INIT-000000361,NQ-OUT-001-L-GRY,1934,42720
PO-INIT-000000362,NQ-OUT-001-L-NVY,1934,42720
PO-INIT-000000363,NQ-OUT-002-S-BLK,644,42720
PO-INIT-000000364,NQ-OUT-002-S-BEG,644,42720
PO-INIT-000000365,NQ-OUT-002-S-GRY,644,42720
PO-INIT-000000366,NQ-OUT-002-S-NVY,644,42720
PO-INIT-000000367,NQ-OUT-002-M-BLK,644,42720
PO-INIT-000000368,NQ-OUT-002-M-BEG,644,42720
PO-INIT-000000369,NQ-OUT-002-M-GRY,644,42720
PO-INIT-000000370,NQ-OUT-002-M-NVY,644,42720
PO-INIT-000000371,NQ-OUT-002-L-BLK,644,42720
PO-INIT-000000372,NQ-OUT-002-L-BEG,644,42720
PO-INIT-000000373,NQ-OUT-002-L-GRY,644,42720
PO-INIT-000000374,NQ-OUT-002-L-NVY,644,42720
PO-INIT-000000375,NQ-OUT-003-S-BLK,193,42720
PO-INIT-000000376,NQ-OUT-003-S-BEG,193,42720
PO-INIT-000000377,NQ-OUT-003-S-GRY,193,42720
PO-INIT-000000378,NQ-OUT-003-S-NVY,193,42720
PO-INIT-000000379,NQ-OUT-003-M-BLK,193,42720
PO-INIT-000000380,NQ-OUT-003-M-BEG,193,42720
PO-INIT-000000381,NQ-OUT-003-M-GRY,193,42720
PO-INIT-000000382,NQ-OUT-003-M-NVY,193,42720
PO-INIT-000000383,NQ-OUT-003-L-BLK,193,42720
PO-INIT-000000384,NQ-OUT-003-L-BEG,193,42720
PO-INIT-000000385,NQ-OUT-003-L-GRY,193,42720
PO-INIT-000000386,NQ-OUT-003-L-NVY,193,42720
PO-INIT-000000387,NQ-ACC-BAG-001-FREE-BLK,2879,9120
PO-INIT-000000388,NQ-ACC-BAG-001-FREE-BEG,2879,9120
PO-INIT-000000389,NQ-ACC-BAG-001-FREE-WHT,2879,9120
PO-INIT-000000390,NQ-ACC-BAG-001-FREE-BRN,2879,9120
PO-INIT-000000391,NQ-ACC-BLT-002-FREE-BLK,863,9120
PO-INIT-000000392,NQ-ACC-BLT-002-FREE-BEG,863,9120
PO-INIT-000000393,NQ-ACC-BLT-002-FREE-WHT,863,9120
PO-INIT-000000394,NQ-ACC-BLT-002-FREE-BRN,863,9120
PO-INIT-000000395,NQ-ACC-SCF-003-FREE-BLK,863,9120
PO-INIT-000000396,NQ-ACC-SCF-003-FREE-BEG,863,9120
PO-INIT-000000397,NQ-ACC-SCF-003-FREE-WHT,863,9120
PO-INIT-000000398,NQ-ACC-SCF-003-FREE-BRN,863,9120
PO-INIT-000000399,NQ-ACC-CAP-004-FREE-BLK,863,9120
PO-INIT-000000400,NQ-ACC-CAP-004-FREE-BEG,863,9120
PO-INIT-000000401,NQ-ACC-CAP-004-FREE-WHT,863,9120
PO-INIT-000000402,NQ-ACC-CAP-004-FREE-BRN,863,9120
PO-INIT-000000403,NQ-ACC-PCH-005-FREE-BLK,863,9120
PO-INIT-000000404,NQ-ACC-PCH-005-FREE-BEG,863,9120
PO-INIT-000000405,NQ-ACC-PCH-005-FREE-WHT,863,9120
PO-INIT-000000406,NQ-ACC-PCH-005-FREE-BRN,863,9120
PO-INIT-000000407,NQ-DRS-001-S-BLK,2215,28320
PO-INIT-000000408,NQ-DRS-001-S-IVR,2215,28320
PO-INIT-000000409,NQ-DRS-001-M-BLK,2215,28320
PO-INIT-000000410,NQ-DRS-001-M-IVR,2215,28320
PO-INIT-000000411,NQ-DRS-001-L-BLK,2215,28320
PO-INIT-000000412,NQ-DRS-001-L-IVR,2215,28320
PO-INIT-000000413,NQ-DRS-002-S-BLK,738,28320
PO-INIT-000000414,NQ-DRS-002-S-IVR,738,28320
PO-INIT-000000415,NQ-DRS-002-M-BLK,738,28320
PO-INIT-000000416,NQ-DRS-002-M-IVR,738,28320
PO-INIT-000000417,NQ-DRS-002-L-BLK,738,28320
PO-INIT-000000418,NQ-DRS-002-L-IVR,738,28320
PO-INIT-000000419,TRD-CLR-01-WRM-001-S-CRM,112,21600
PO-INIT-000000420,TRD-CLR-01-WRM-001-S-ASH,112,21600
PO-INIT-000000421,TRD-CLR-01-WRM-001-M-CRM,112,21600
PO-INIT-000000422,TRD-CLR-01-WRM-001-M-ASH,112,21600
PO-INIT-000000423,TRD-CLR-01-WRM-001-L-CRM,112,21600
PO-INIT-000000424,TRD-CLR-01-WRM-001-L-ASH,112,21600
PO-INIT-000000425,TRD-CLR-01-COOL-002-S-CRM,112,21600
PO-INIT-000000426,TRD-CLR-01-COOL-002-S-ASH,112,21600
PO-INIT-000000427,TRD-CLR-01-COOL-002-M-CRM,112,21600
PO-INIT-000000428,TRD-CLR-01-COOL-002-M-ASH,112,21600
PO-INIT-000000429,TRD-CLR-01-COOL-002-L-CRM,112,21600
PO-INIT-000000430,TRD-CLR-01-COOL-002-L-ASH,112,21600
PO-INIT-000000431,TRD-CLR-01-MUT-003-S-CRM,112,21600
PO-INIT-000000432,TRD-CLR-01-MUT-003-S-ASH,112,21600
PO-INIT-000000433,TRD-CLR-01-MUT-003-M-CRM,112,21600
PO-INIT-000000434,TRD-CLR-01-MUT-003-M-ASH,112,21600
PO-INIT-000000435,TRD-CLR-01-MUT-003-L-CRM,112,21600
PO-INIT-000000436,TRD-CLR-01-MUT-003-L-ASH,112,21600
PO-INIT-000000437,TRD-OUT-01-STR-001-S-BLK,248,37920
PO-INIT-000000438,TRD-OUT-01-STR-001-S-GRY,248,37920
PO-INIT-000000439,TRD-OUT-01-STR-001-M-BLK,248,37920
PO-INIT-000000440,TRD-OUT-01-STR-001-M-GRY,248,37920
PO-INIT-000000441,TRD-OUT-01-STR-001-L-BLK,248,37920
PO-INIT-000000442,TRD-OUT-01-STR-001-L-GRY,248,37920
PO-INIT-000000443,TRD-OUT-01-WAV-002-S-BLK,248,37920
PO-INIT-000000444,TRD-OUT-01-WAV-002-S-GRY,248,37920
PO-INIT-000000445,TRD-OUT-01-WAV-002-M-BLK,248,37920
PO-INIT-000000446,TRD-OUT-01-WAV-002-M-GRY,248,37920
PO-INIT-000000447,TRD-OUT-01-WAV-002-L-BLK,248,37920
PO-INIT-000000448,TRD-OUT-01-WAV-002-L-GRY,248,37920
PO-INIT-000000449,TRD-OUT-01-NAT-003-S-BLK,248,37920
PO-INIT-000000450,TRD-OUT-01-NAT-003-S-GRY,248,37920
PO-INIT-000000451,TRD-OUT-01-NAT-003-M-BLK,248,37920
PO-INIT-000000452,TRD-OUT-01-NAT-003-M-GRY,248,37920
PO-INIT-000000453,TRD-OUT-01-NAT-003-L-BLK,248,37920
PO-INIT-000000454,TRD-OUT-01-NAT-003-L-GRY,248,37920
PO-INIT-000000455,TRD-TOP-01-STR-001-S-BLK,303,20160
PO-INIT-000000456,TRD-TOP-01-STR-001-S-IVR,303,20160
PO-INIT-000000457,TRD-TOP-01-STR-001-M-BLK,303,20160
PO-INIT-000000458,TRD-TOP-01-STR-001-M-IVR,303,20160
PO-INIT-000000459,TRD-TOP-01-STR-001-L-BLK,303,20160
PO-INIT-000000460,TRD-TOP-01-STR-001-L-IVR,303,20160
PO-INIT-000000461,TRD-TOP-01-WAV-002-S-BLK,303,20160
PO-INIT-000000462,TRD-TOP-01-WAV-002-S-IVR,303,20160
PO-INIT-000000463,TRD-TOP-01-WAV-002-M-BLK,303,20160
PO-INIT-000000464,TRD-TOP-01-WAV-002-M-IVR,303,20160
PO-INIT-000000465,TRD-TOP-01-WAV-002-L-BLK,303,20160
PO-INIT-000000466,TRD-TOP-01-WAV-002-L-IVR,303,20160
PO-INIT-000000467,TRD-TOP-01-NAT-003-S-BLK,303,20160
PO-INIT-000000468,TRD-TOP-01-NAT-003-S-IVR,303,20160
PO-INIT-000000469,TRD-TOP-01-NAT-003-M-BLK,303,20160
PO-INIT-000000470,TRD-TOP-01-NAT-003-M-IVR,303,20160
PO-INIT-000000471,TRD-TOP-01-NAT-003-L-BLK,303,20160
PO-INIT-000000472,TRD-TOP-01-NAT-003-L-IVR,303,20160
PO-INIT-000000473,TRD-OUT-02-STR-001-S-BRN,303,37920
PO-INIT-000000474,TRD-OUT-02-STR-001-S-GRN,303,37920
PO-INIT-000000475,TRD-OUT-02-STR-001-S-BEG,303,37920
PO-INIT-000000476,TRD-OUT-02-STR-001-M-BRN,303,37920
PO-INIT-000000477,TRD-OUT-02-STR-001-M-GRN,303,37920
PO-INIT-000000478,TRD-OUT-02-STR-001-M-BEG,303,37920
PO-INIT-000000479,TRD-OUT-02-STR-001-L-BRN,303,37920
PO-INIT-000000480,TRD-OUT-02-STR-001-L-GRN,303,37920
PO-INIT-000000481,TRD-OUT-02-STR-001-L-BEG,303,37920
PO-INIT-000000482,TRD-OUT-02-WAV-002-S-BRN,303,37920
PO-INIT-000000483,TRD-OUT-02-WAV-002-S-GRN,303,37920
PO-INIT-000000484,TRD-OUT-02-WAV-002-S-BEG,303,37920
PO-INIT-000000485,TRD-OUT-02-WAV-002-M-BRN,303,37920
PO-INIT-000000486,TRD-OUT-02-WAV-002-M-GRN,303,37920
PO-INIT-000000487,TRD-OUT-02-WAV-002-M-BEG,303,37920
PO-INIT-000000488,TRD-OUT-02-WAV-002-L-BRN,303,37920
PO-INIT-000000489,TRD-OUT-02-WAV-002-L-GRN,303,37920
PO-INIT-000000490,TRD-OUT-02-WAV-002-L-BEG,303,37920
PO-INIT-000000491,TRD-OUT-02-NAT-003-S-BRN,303,37920
PO-INIT-000000492,TRD-OUT-02-NAT-003-S-GRN,303,37920
PO-INIT-000000493,TRD-OUT-02-NAT-003-S-BEG,303,37920
PO-INIT-000000494,TRD-OUT-02-NAT-003-M-BRN,303,37920
PO-INIT-000000495,TRD-OUT-02-NAT-003-M-GRN,303,37920
PO-INIT-000000496,TRD-OUT-02-NAT-003-M-BEG,303,37920
PO-INIT-000000497,TRD-OUT-02-NAT-003-L-BRN,303,37920
PO-INIT-000000498,TRD-OUT-02-NAT-003-L-GRN,303,37920
PO-INIT-000000499,TRD-OUT-02-NAT-003-L-BEG,303,37920
PO-INIT-000000500,TRD-OUT-03-STR-001-S-BLK,492,33120
PO-INIT-000000501,TRD-OUT-03-STR-001-S-BEG,492,33120
PO-INIT-000000502,TRD-OUT-03-STR-001-M-BLK,492,33120
PO-INIT-000000503,TRD-OUT-03-STR-001-M-BEG,492,33120
PO-INIT-000000504,TRD-OUT-03-STR-001-L-BLK,492,33120
PO-INIT-000000505,TRD-OUT-03-STR-001-L-BEG,492,33120
PO-INIT-000000506,TRD-OUT-03-WAV-002-S-BLK,492,33120
PO-INIT-000000507,TRD-OUT-03-WAV-002-S-BEG,492,33120
PO-INIT-000000508,TRD-OUT-03-WAV-002-M-BLK,492,33120
PO-INIT-000000509,TRD-OUT-03-WAV-002-M-BEG,492,33120
PO-INIT-000000510,TRD-OUT-03-WAV-002-L-BLK,492,33120
PO-INIT-000000511,TRD-OUT-03-WAV-002-L-BEG,492,33120
PO-INIT-000000512,TRD-OUT-03-NAT-003-S-BLK,492,33120
PO-INIT-000000513,TRD-OUT-03-NAT-003-S-BEG,492,33120
PO-INIT-000000514,TRD-OUT-03-NAT-003-M-BLK,492,33120
PO-INIT-000000515,TRD-OUT-03-NAT-003-M-BEG,492,33120
PO-INIT-000000516,TRD-OUT-03-NAT-003-L-BLK,492,33120
PO-INIT-000000517,TRD-OUT-03-NAT-003-L-BEG,492,33120
PO-INIT-000000518,TRD-ACC-01-CHM-001-FREE-BLK,492,7200
PO-INIT-000000519,TRD-ACC-01-CHM-001-FREE-GLD,492,7200
PO-INIT-000000520,TRD-ACC-01-CHM-001-FREE-SLV,492,7200
PO-SHOWROOM-000000001,NQ-TOP-001-XS-BLK,150,18720
PO-SHOWROOM-000000002,NQ-TOP-001-XS-WHT,150,18720
PO-SHOWROOM-000000003,NQ-TOP-001-XS-GRY,150,18720
PO-SHOWROOM-000000004,NQ-TOP-001-XS-NVY,150,18720
PO-SHOWROOM-000000005,NQ-TOP-001-XS-ORC,150,18720
PO-SHOWROOM-000000006,NQ-TOP-001-XS-SKB,150,18720
PO-SHOWROOM-000000007,NQ-TOP-001-XS-LYL,150,18720
PO-SHOWROOM-000000008,NQ-TOP-001-S-BLK,150,18720
PO-SHOWROOM-000000009,NQ-TOP-001-S-WHT,150,18720
PO-SHOWROOM-000000010,NQ-TOP-001-S-GRY,150,18720
PO-SHOWROOM-000000011,NQ-TOP-001-S-NVY,150,18720
PO-SHOWROOM-000000012,NQ-TOP-001-S-ORC,150,18720
PO-SHOWROOM-000000013,NQ-TOP-001-S-SKB,150,18720
PO-SHOWROOM-000000014,NQ-TOP-001-S-LYL,150,18720
PO-SHOWROOM-000000015,NQ-TOP-001-M-BLK,150,18720
PO-SHOWROOM-000000016,NQ-TOP-001-M-WHT,150,18720
PO-SHOWROOM-000000017,NQ-TOP-001-M-GRY,150,18720
PO-SHOWROOM-000000018,NQ-TOP-001-M-NVY,150,18720
PO-SHOWROOM-000000019,NQ-TOP-001-M-ORC,150,18720
PO-SHOWROOM-000000020,NQ-TOP-001-M-SKB,150,18720
PO-SHOWROOM-000000021,NQ-TOP-001-M-LYL,150,18720
PO-SHOWROOM-000000022,NQ-TOP-001-L-BLK,150,18720
PO-SHOWROOM-000000023,NQ-TOP-001-L-WHT,150,18720
PO-SHOWROOM-000000024,NQ-TOP-001-L-GRY,150,18720
PO-SHOWROOM-000000025,NQ-TOP-001-L-NVY,150,18720
PO-SHOWROOM-000000026,NQ-TOP-001-L-ORC,150,18720
PO-SHOWROOM-000000027,NQ-TOP-001-L-SKB,150,18720
PO-SHOWROOM-000000028,NQ-TOP-001-L-LYL,150,18720
PO-SHOWROOM-000000029,NQ-TOP-001-XL-BLK,150,18720
PO-SHOWROOM-000000030,NQ-TOP-001-XL-WHT,150,18720
PO-SHOWROOM-000000031,NQ-TOP-001-XL-GRY,150,18720
PO-SHOWROOM-000000032,NQ-TOP-001-XL-NVY,150,18720
PO-SHOWROOM-000000033,NQ-TOP-001-XL-ORC,150,18720
PO-SHOWROOM-000000034,NQ-TOP-001-XL-SKB,150,18720
PO-SHOWROOM-000000035,NQ-TOP-001-XL-LYL,150,18720
PO-SHOWROOM-000000036,NQ-TOP-001-2XL-BLK,150,18720
PO-SHOWROOM-000000037,NQ-TOP-001-2XL-WHT,150,18720
PO-SHOWROOM-000000038,NQ-TOP-001-2XL-GRY,150,18720
PO-SHOWROOM-000000039,NQ-TOP-001-2XL-NVY,150,18720
PO-SHOWROOM-000000040,NQ-TOP-001-2XL-ORC,150,18720
PO-SHOWROOM-000000041,NQ-TOP-001-2XL-SKB,150,18720
PO-SHOWROOM-000000042,NQ-TOP-001-2XL-LYL,150,18720
PO-SHOWROOM-000000043,NQ-TOP-001-3XL-BLK,150,18720
PO-SHOWROOM-000000044,NQ-TOP-001-3XL-WHT,150,18720
PO-SHOWROOM-000000045,NQ-TOP-001-3XL-GRY,150,18720
PO-SHOWROOM-000000046,NQ-TOP-001-3XL-NVY,150,18720
PO-SHOWROOM-000000047,NQ-TOP-001-3XL-ORC,150,18720
PO-SHOWROOM-000000048,NQ-TOP-001-3XL-SKB,150,18720
PO-SHOWROOM-000000049,NQ-TOP-001-3XL-LYL,150,18720
PO-SHOWROOM-000000050,NQ-TOP-001-4XL-BLK,150,18720
PO-SHOWROOM-000000051,NQ-TOP-001-4XL-WHT,150,18720
PO-SHOWROOM-000000052,NQ-TOP-001-4XL-GRY,150,18720
PO-SHOWROOM-000000053,NQ-TOP-001-4XL-NVY,150,18720
PO-SHOWROOM-000000054,NQ-TOP-001-4XL-ORC,150,18720
PO-SHOWROOM-000000055,NQ-TOP-001-4XL-SKB,150,18720
PO-SHOWROOM-000000056,NQ-TOP-001-4XL-LYL,150,18720
PO-SHOWROOM-000000057,NQ-TOP-002-XS-BLK,50,18720
PO-SHOWROOM-000000058,NQ-TOP-002-XS-WHT,50,18720
PO-SHOWROOM-000000059,NQ-TOP-002-XS-GRY,50,18720
PO-SHOWROOM-000000060,NQ-TOP-002-XS-NVY,50,18720
PO-SHOWROOM-000000061,NQ-TOP-002-S-BLK,50,18720
PO-SHOWROOM-000000062,NQ-TOP-002-S-WHT,50,18720
PO-SHOWROOM-000000063,NQ-TOP-002-S-GRY,50,18720
PO-SHOWROOM-000000064,NQ-TOP-002-S-NVY,50,18720
PO-SHOWROOM-000000065,NQ-TOP-002-M-BLK,50,18720
PO-SHOWROOM-000000066,NQ-TOP-002-M-WHT,50,18720
PO-SHOWROOM-000000067,NQ-TOP-002-M-GRY,50,18720
PO-SHOWROOM-000000068,NQ-TOP-002-M-NVY,50,18720
PO-SHOWROOM-000000069,NQ-TOP-002-L-BLK,50,18720
PO-SHOWROOM-000000070,NQ-TOP-002-L-WHT,50,18720
PO-SHOWROOM-000000071,NQ-TOP-002-L-GRY,50,18720
PO-SHOWROOM-000000072,NQ-TOP-002-L-NVY,50,18720
PO-SHOWROOM-000000073,NQ-TOP-002-XL-BLK,50,18720
PO-SHOWROOM-000000074,NQ-TOP-002-XL-WHT,50,18720
PO-SHOWROOM-000000075,NQ-TOP-002-XL-GRY,50,18720
PO-SHOWROOM-000000076,NQ-TOP-002-XL-NVY,50,18720
PO-SHOWROOM-000000077,NQ-TOP-002-2XL-BLK,50,18720
PO-SHOWROOM-000000078,NQ-TOP-002-2XL-WHT,50,18720
PO-SHOWROOM-000000079,NQ-TOP-002-2XL-GRY,50,18720
PO-SHOWROOM-000000080,NQ-TOP-002-2XL-NVY,50,18720
PO-SHOWROOM-000000081,NQ-TOP-002-3XL-BLK,50,18720
PO-SHOWROOM-000000082,NQ-TOP-002-3XL-WHT,50,18720
PO-SHOWROOM-000000083,NQ-TOP-002-3XL-GRY,50,18720
PO-SHOWROOM-000000084,NQ-TOP-002-3XL-NVY,50,18720
PO-SHOWROOM-000000085,NQ-TOP-002-4XL-BLK,50,18720
PO-SHOWROOM-000000086,NQ-TOP-002-4XL-WHT,50,18720
PO-SHOWROOM-000000087,NQ-TOP-002-4XL-GRY,50,18720
PO-SHOWROOM-000000088,NQ-TOP-002-4XL-NVY,50,18720
PO-SHOWROOM-000000089,NQ-TOP-003-XS-BLK,50,18720
PO-SHOWROOM-000000090,NQ-TOP-003-XS-WHT,50,18720
PO-SHOWROOM-000000091,NQ-TOP-003-XS-GRY,50,18720
PO-SHOWROOM-000000092,NQ-TOP-003-XS-NVY,50,18720
PO-SHOWROOM-000000093,NQ-TOP-003-S-BLK,50,18720
PO-SHOWROOM-000000094,NQ-TOP-003-S-WHT,50,18720
PO-SHOWROOM-000000095,NQ-TOP-003-S-GRY,50,18720
PO-SHOWROOM-000000096,NQ-TOP-003-S-NVY,50,18720
PO-SHOWROOM-000000097,NQ-TOP-003-M-BLK,50,18720
PO-SHOWROOM-000000098,NQ-TOP-003-M-WHT,50,18720
PO-SHOWROOM-000000099,NQ-TOP-003-M-GRY,50,18720
PO-SHOWROOM-000000100,NQ-TOP-003-M-NVY,50,18720
PO-SHOWROOM-000000101,NQ-TOP-003-L-BLK,50,18720
PO-SHOWROOM-000000102,NQ-TOP-003-L-WHT,50,18720
PO-SHOWROOM-000000103,NQ-TOP-003-L-GRY,50,18720
PO-SHOWROOM-000000104,NQ-TOP-003-L-NVY,50,18720
PO-SHOWROOM-000000105,NQ-TOP-003-XL-BLK,50,18720
PO-SHOWROOM-000000106,NQ-TOP-003-XL-WHT,50,18720
PO-SHOWROOM-000000107,NQ-TOP-003-XL-GRY,50,18720
PO-SHOWROOM-000000108,NQ-TOP-003-XL-NVY,50,18720
PO-SHOWROOM-000000109,NQ-TOP-003-2XL-BLK,50,18720
PO-SHOWROOM-000000110,NQ-TOP-003-2XL-WHT,50,18720
PO-SHOWROOM-000000111,NQ-TOP-003-2XL-GRY,50,18720
PO-SHOWROOM-000000112,NQ-TOP-003-2XL-NVY,50,18720
PO-SHOWROOM-000000113,NQ-TOP-003-3XL-BLK,50,18720
PO-SHOWROOM-000000114,NQ-TOP-003-3XL-WHT,50,18720
PO-SHOWROOM-000000115,NQ-TOP-003-3XL-GRY,50,18720
PO-SHOWROOM-000000116,NQ-TOP-003-3XL-NVY,50,18720
PO-SHOWROOM-000000117,NQ-TOP-003-4XL-BLK,50,18720
PO-SHOWROOM-000000118,NQ-TOP-003-4XL-WHT,50,18720
PO-SHOWROOM-000000119,NQ-TOP-003-4XL-GRY,50,18720
PO-SHOWROOM-000000120,NQ-TOP-003-4XL-NVY,50,18720
PO-SHOWROOM-000000121,NQ-TOP-004-XS-BLK,15,18720
PO-SHOWROOM-000000122,NQ-TOP-004-XS-WHT,15,18720
PO-SHOWROOM-000000123,NQ-TOP-004-XS-GRY,15,18720
PO-SHOWROOM-000000124,NQ-TOP-004-XS-NVY,15,18720
PO-SHOWROOM-000000125,NQ-TOP-004-S-BLK,15,18720
PO-SHOWROOM-000000126,NQ-TOP-004-S-WHT,15,18720
PO-SHOWROOM-000000127,NQ-TOP-004-S-GRY,15,18720
PO-SHOWROOM-000000128,NQ-TOP-004-S-NVY,15,18720
PO-SHOWROOM-000000129,NQ-TOP-004-M-BLK,15,18720
PO-SHOWROOM-000000130,NQ-TOP-004-M-WHT,15,18720
PO-SHOWROOM-000000131,NQ-TOP-004-M-GRY,15,18720
PO-SHOWROOM-000000132,NQ-TOP-004-M-NVY,15,18720
PO-SHOWROOM-000000133,NQ-TOP-004-L-BLK,15,18720
PO-SHOWROOM-000000134,NQ-TOP-004-L-WHT,15,18720
PO-SHOWROOM-000000135,NQ-TOP-004-L-GRY,15,18720
PO-SHOWROOM-000000136,NQ-TOP-004-L-NVY,15,18720
PO-SHOWROOM-000000137,NQ-TOP-004-XL-BLK,15,18720
PO-SHOWROOM-000000138,NQ-TOP-004-XL-WHT,15,18720
PO-SHOWROOM-000000139,NQ-TOP-004-XL-GRY,15,18720
PO-SHOWROOM-000000140,NQ-TOP-004-XL-NVY,15,18720
PO-SHOWROOM-000000141,NQ-TOP-004-2XL-BLK,15,18720
PO-SHOWROOM-000000142,NQ-TOP-004-2XL-WHT,15,18720
PO-SHOWROOM-000000143,NQ-TOP-004-2XL-GRY,15,18720
PO-SHOWROOM-000000144,NQ-TOP-004-2XL-NVY,15,18720
PO-SHOWROOM-000000145,NQ-TOP-004-3XL-BLK,15,18720
PO-SHOWROOM-000000146,NQ-TOP-004-3XL-WHT,15,18720
PO-SHOWROOM-000000147,NQ-TOP-004-3XL-GRY,15,18720
PO-SHOWROOM-000000148,NQ-TOP-004-3XL-NVY,15,18720
PO-SHOWROOM-000000149,NQ-TOP-004-4XL-BLK,15,18720
PO-SHOWROOM-000000150,NQ-TOP-004-4XL-WHT,15,18720
PO-SHOWROOM-000000151,NQ-TOP-004-4XL-GRY,15,18720
PO-SHOWROOM-000000152,NQ-TOP-004-4XL-NVY,15,18720
PO-SHOWROOM-000000153,NQ-TOP-005-XS-BLK,15,18720
PO-SHOWROOM-000000154,NQ-TOP-005-XS-WHT,15,18720
PO-SHOWROOM-000000155,NQ-TOP-005-XS-GRY,15,18720
PO-SHOWROOM-000000156,NQ-TOP-005-XS-NVY,15,18720
PO-SHOWROOM-000000157,NQ-TOP-005-S-BLK,15,18720
PO-SHOWROOM-000000158,NQ-TOP-005-S-WHT,15,18720
PO-SHOWROOM-000000159,NQ-TOP-005-S-GRY,15,18720
PO-SHOWROOM-000000160,NQ-TOP-005-S-NVY,15,18720
PO-SHOWROOM-000000161,NQ-TOP-005-M-BLK,15,18720
PO-SHOWROOM-000000162,NQ-TOP-005-M-WHT,15,18720
PO-SHOWROOM-000000163,NQ-TOP-005-M-GRY,15,18720
PO-SHOWROOM-000000164,NQ-TOP-005-M-NVY,15,18720
PO-SHOWROOM-000000165,NQ-TOP-005-L-BLK,15,18720
PO-SHOWROOM-000000166,NQ-TOP-005-L-WHT,15,18720
PO-SHOWROOM-000000167,NQ-TOP-005-L-GRY,15,18720
PO-SHOWROOM-000000168,NQ-TOP-005-L-NVY,15,18720
PO-SHOWROOM-000000169,NQ-TOP-005-XL-BLK,15,18720
PO-SHOWROOM-000000170,NQ-TOP-005-XL-WHT,15,18720
PO-SHOWROOM-000000171,NQ-TOP-005-XL-GRY,15,18720
PO-SHOWROOM-000000172,NQ-TOP-005-XL-NVY,15,18720
PO-SHOWROOM-000000173,NQ-TOP-005-2XL-BLK,15,18720
PO-SHOWROOM-000000174,NQ-TOP-005-2XL-WHT,15,18720
PO-SHOWROOM-000000175,NQ-TOP-005-2XL-GRY,15,18720
PO-SHOWROOM-000000176,NQ-TOP-005-2XL-NVY,15,18720
PO-SHOWROOM-000000177,NQ-TOP-005-3XL-BLK,15,18720
PO-SHOWROOM-000000178,NQ-TOP-005-3XL-WHT,15,18720
PO-SHOWROOM-000000179,NQ-TOP-005-3XL-GRY,15,18720
PO-SHOWROOM-000000180,NQ-TOP-005-3XL-NVY,15,18720
PO-SHOWROOM-000000181,NQ-TOP-005-4XL-BLK,15,18720
PO-SHOWROOM-000000182,NQ-TOP-005-4XL-WHT,15,18720
PO-SHOWROOM-000000183,NQ-TOP-005-4XL-GRY,15,18720
PO-SHOWROOM-000000184,NQ-TOP-005-4XL-NVY,15,18720
PO-SHOWROOM-000000185,NQ-PNT-001-XS-BLK,128,23520
PO-SHOWROOM-000000186,NQ-PNT-001-XS-GRY,128,23520
PO-SHOWROOM-000000187,NQ-PNT-001-XS-BEG,128,23520
PO-SHOWROOM-000000188,NQ-PNT-001-XS-KHK,128,23520
PO-SHOWROOM-000000189,NQ-PNT-001-XS-NVY,128,23520
PO-SHOWROOM-000000190,NQ-PNT-001-S-BLK,128,23520
PO-SHOWROOM-000000191,NQ-PNT-001-S-GRY,128,23520
PO-SHOWROOM-000000192,NQ-PNT-001-S-BEG,128,23520
PO-SHOWROOM-000000193,NQ-PNT-001-S-KHK,128,23520
PO-SHOWROOM-000000194,NQ-PNT-001-S-NVY,128,23520
PO-SHOWROOM-000000195,NQ-PNT-001-M-BLK,128,23520
PO-SHOWROOM-000000196,NQ-PNT-001-M-GRY,128,23520
PO-SHOWROOM-000000197,NQ-PNT-001-M-BEG,128,23520
PO-SHOWROOM-000000198,NQ-PNT-001-M-KHK,128,23520
PO-SHOWROOM-000000199,NQ-PNT-001-M-NVY,128,23520
PO-SHOWROOM-000000200,NQ-PNT-001-L-BLK,128,23520
PO-SHOWROOM-000000201,NQ-PNT-001-L-GRY,128,23520
PO-SHOWROOM-000000202,NQ-PNT-001-L-BEG,128,23520
PO-SHOWROOM-000000203,NQ-PNT-001-L-KHK,128,23520
PO-SHOWROOM-000000204,NQ-PNT-001-L-NVY,128,23520
PO-SHOWROOM-000000205,NQ-PNT-001-XL-BLK,128,23520
PO-SHOWROOM-000000206,NQ-PNT-001-XL-GRY,128,23520
PO-SHOWROOM-000000207,NQ-PNT-001-XL-BEG,128,23520
PO-SHOWROOM-000000208,NQ-PNT-001-XL-KHK,128,23520
PO-SHOWROOM-000000209,NQ-PNT-001-XL-NVY,128,23520
PO-SHOWROOM-000000210,NQ-PNT-001-2XL-BLK,128,23520
PO-SHOWROOM-000000211,NQ-PNT-001-2XL-GRY,128,23520
PO-SHOWROOM-000000212,NQ-PNT-001-2XL-BEG,128,23520
PO-SHOWROOM-000000213,NQ-PNT-001-2XL-KHK,128,23520
PO-SHOWROOM-000000214,NQ-PNT-001-2XL-NVY,128,23520
PO-SHOWROOM-000000215,NQ-PNT-001-3XL-BLK,128,23520
PO-SHOWROOM-000000216,NQ-PNT-001-3XL-GRY,128,23520
PO-SHOWROOM-000000217,NQ-PNT-001-3XL-BEG,128,23520
PO-SHOWROOM-000000218,NQ-PNT-001-3XL-KHK,128,23520
PO-SHOWROOM-000000219,NQ-PNT-001-3XL-NVY,128,23520
PO-SHOWROOM-000000220,NQ-PNT-001-4XL-BLK,128,23520
PO-SHOWROOM-000000221,NQ-PNT-001-4XL-GRY,128,23520
PO-SHOWROOM-000000222,NQ-PNT-001-4XL-BEG,128,23520
PO-SHOWROOM-000000223,NQ-PNT-001-4XL-KHK,128,23520
PO-SHOWROOM-000000224,NQ-PNT-001-4XL-NVY,128,23520
PO-SHOWROOM-000000225,NQ-PNT-002-XS-BLK,42,23520
PO-SHOWROOM-000000226,NQ-PNT-002-XS-GRY,42,23520
PO-SHOWROOM-000000227,NQ-PNT-002-XS-BEG,42,23520
PO-SHOWROOM-000000228,NQ-PNT-002-S-BLK,42,23520
PO-SHOWROOM-000000229,NQ-PNT-002-S-GRY,42,23520
PO-SHOWROOM-000000230,NQ-PNT-002-S-BEG,42,23520
PO-SHOWROOM-000000231,NQ-PNT-002-M-BLK,42,23520
PO-SHOWROOM-000000232,NQ-PNT-002-M-GRY,42,23520
PO-SHOWROOM-000000233,NQ-PNT-002-M-BEG,42,23520
PO-SHOWROOM-000000234,NQ-PNT-002-L-BLK,42,23520
PO-SHOWROOM-000000235,NQ-PNT-002-L-GRY,42,23520
PO-SHOWROOM-000000236,NQ-PNT-002-L-BEG,42,23520
PO-SHOWROOM-000000237,NQ-PNT-002-XL-BLK,42,23520
PO-SHOWROOM-000000238,NQ-PNT-002-XL-GRY,42,23520
PO-SHOWROOM-000000239,NQ-PNT-002-XL-BEG,42,23520
PO-SHOWROOM-000000240,NQ-PNT-002-2XL-BLK,42,23520
PO-SHOWROOM-000000241,NQ-PNT-002-2XL-GRY,42,23520
PO-SHOWROOM-000000242,NQ-PNT-002-2XL-BEG,42,23520
PO-SHOWROOM-000000243,NQ-PNT-002-3XL-BLK,42,23520
PO-SHOWROOM-000000244,NQ-PNT-002-3XL-GRY,42,23520
PO-SHOWROOM-000000245,NQ-PNT-002-3XL-BEG,42,23520
PO-SHOWROOM-000000246,NQ-PNT-002-4XL-BLK,42,23520
PO-SHOWROOM-000000247,NQ-PNT-002-4XL-GRY,42,23520
PO-SHOWROOM-000000248,NQ-PNT-002-4XL-BEG,42,23520
PO-SHOWROOM-000000249,NQ-PNT-003-XS-BLK,42,23520
PO-SHOWROOM-000000250,NQ-PNT-003-XS-GRY,42,23520
PO-SHOWROOM-000000251,NQ-PNT-003-XS-BEG,42,23520
PO-SHOWROOM-000000252,NQ-PNT-003-S-BLK,42,23520
PO-SHOWROOM-000000253,NQ-PNT-003-S-GRY,42,23520
PO-SHOWROOM-000000254,NQ-PNT-003-S-BEG,42,23520
PO-SHOWROOM-000000255,NQ-PNT-003-M-BLK,42,23520
PO-SHOWROOM-000000256,NQ-PNT-003-M-GRY,42,23520
PO-SHOWROOM-000000257,NQ-PNT-003-M-BEG,42,23520
PO-SHOWROOM-000000258,NQ-PNT-003-L-BLK,42,23520
PO-SHOWROOM-000000259,NQ-PNT-003-L-GRY,42,23520
PO-SHOWROOM-000000260,NQ-PNT-003-L-BEG,42,23520
PO-SHOWROOM-000000261,NQ-PNT-003-XL-BLK,42,23520
PO-SHOWROOM-000000262,NQ-PNT-003-XL-GRY,42,23520
PO-SHOWROOM-000000263,NQ-PNT-003-XL-BEG,42,23520
PO-SHOWROOM-000000264,NQ-PNT-003-2XL-BLK,42,23520
PO-SHOWROOM-000000265,NQ-PNT-003-2XL-GRY,42,23520
PO-SHOWROOM-000000266,NQ-PNT-003-2XL-BEG,42,23520
PO-SHOWROOM-000000267,NQ-PNT-003-3XL-BLK,42,23520
PO-SHOWROOM-000000268,NQ-PNT-003-3XL-GRY,42,23520
PO-SHOWROOM-000000269,NQ-PNT-003-3XL-BEG,42,23520
PO-SHOWROOM-000000270,NQ-PNT-003-4XL-BLK,42,23520
PO-SHOWROOM-000000271,NQ-PNT-003-4XL-GRY,42,23520
PO-SHOWROOM-000000272,NQ-PNT-003-4XL-BEG,42,23520
PO-SHOWROOM-000000273,NQ-PNT-004-XS-BLK,12,23520
PO-SHOWROOM-000000274,NQ-PNT-004-XS-GRY,12,23520
PO-SHOWROOM-000000275,NQ-PNT-004-XS-BEG,12,23520
PO-SHOWROOM-000000276,NQ-PNT-004-S-BLK,12,23520
PO-SHOWROOM-000000277,NQ-PNT-004-S-GRY,12,23520
PO-SHOWROOM-000000278,NQ-PNT-004-S-BEG,12,23520
PO-SHOWROOM-000000279,NQ-PNT-004-M-BLK,12,23520
PO-SHOWROOM-000000280,NQ-PNT-004-M-GRY,12,23520
PO-SHOWROOM-000000281,NQ-PNT-004-M-BEG,12,23520
PO-SHOWROOM-000000282,NQ-PNT-004-L-BLK,12,23520
PO-SHOWROOM-000000283,NQ-PNT-004-L-GRY,12,23520
PO-SHOWROOM-000000284,NQ-PNT-004-L-BEG,12,23520
PO-SHOWROOM-000000285,NQ-PNT-004-XL-BLK,12,23520
PO-SHOWROOM-000000286,NQ-PNT-004-XL-GRY,12,23520
PO-SHOWROOM-000000287,NQ-PNT-004-XL-BEG,12,23520
PO-SHOWROOM-000000288,NQ-PNT-004-2XL-BLK,12,23520
PO-SHOWROOM-000000289,NQ-PNT-004-2XL-GRY,12,23520
PO-SHOWROOM-000000290,NQ-PNT-004-2XL-BEG,12,23520
PO-SHOWROOM-000000291,NQ-PNT-004-3XL-BLK,12,23520
PO-SHOWROOM-000000292,NQ-PNT-004-3XL-GRY,12,23520
PO-SHOWROOM-000000293,NQ-PNT-004-3XL-BEG,12,23520
PO-SHOWROOM-000000294,NQ-PNT-004-4XL-BLK,12,23520
PO-SHOWROOM-000000295,NQ-PNT-004-4XL-GRY,12,23520
PO-SHOWROOM-000000296,NQ-PNT-004-4XL-BEG,12,23520
PO-SHOWROOM-000000297,NQ-CLR-WRM-001-S-CRM,114,16800
PO-SHOWROOM-000000298,NQ-CLR-WRM-001-S-ASH,114,16800
PO-SHOWROOM-000000299,NQ-CLR-WRM-001-S-IVR,114,16800
PO-SHOWROOM-000000300,NQ-CLR-WRM-001-M-CRM,114,16800
PO-SHOWROOM-000000301,NQ-CLR-WRM-001-M-ASH,114,16800
PO-SHOWROOM-000000302,NQ-CLR-WRM-001-M-IVR,114,16800
PO-SHOWROOM-000000303,NQ-CLR-WRM-001-L-CRM,114,16800
PO-SHOWROOM-000000304,NQ-CLR-WRM-001-L-ASH,114,16800
PO-SHOWROOM-000000305,NQ-CLR-WRM-001-L-IVR,114,16800
PO-SHOWROOM-000000306,NQ-CLR-COOL-002-S-CRM,114,16800
PO-SHOWROOM-000000307,NQ-CLR-COOL-002-S-ASH,114,16800
PO-SHOWROOM-000000308,NQ-CLR-COOL-002-S-IVR,114,16800
PO-SHOWROOM-000000309,NQ-CLR-COOL-002-M-CRM,114,16800
PO-SHOWROOM-000000310,NQ-CLR-COOL-002-M-ASH,114,16800
PO-SHOWROOM-000000311,NQ-CLR-COOL-002-M-IVR,114,16800
PO-SHOWROOM-000000312,NQ-CLR-COOL-002-L-CRM,114,16800
PO-SHOWROOM-000000313,NQ-CLR-COOL-002-L-ASH,114,16800
PO-SHOWROOM-000000314,NQ-CLR-COOL-002-L-IVR,114,16800
PO-SHOWROOM-000000315,NQ-CLR-MUT-003-S-CRM,114,16800
PO-SHOWROOM-000000316,NQ-CLR-MUT-003-S-ASH,114,16800
PO-SHOWROOM-000000317,NQ-CLR-MUT-003-S-IVR,114,16800
PO-SHOWROOM-000000318,NQ-CLR-MUT-003-M-CRM,114,16800
PO-SHOWROOM-000000319,NQ-CLR-MUT-003-M-ASH,114,16800
PO-SHOWROOM-000000320,NQ-CLR-MUT-003-M-IVR,114,16800
PO-SHOWROOM-000000321,NQ-CLR-MUT-003-L-CRM,114,16800
PO-SHOWROOM-000000322,NQ-CLR-MUT-003-L-ASH,114,16800
PO-SHOWROOM-000000323,NQ-CLR-MUT-003-L-IVR,114,16800
PO-SHOWROOM-000000324,NQ-CLR-WRM-004-S-CRM,38,16800
PO-SHOWROOM-000000325,NQ-CLR-WRM-004-S-ASH,38,16800
PO-SHOWROOM-000000326,NQ-CLR-WRM-004-S-IVR,38,16800
PO-SHOWROOM-000000327,NQ-CLR-WRM-004-M-CRM,38,16800
PO-SHOWROOM-000000328,NQ-CLR-WRM-004-M-ASH,38,16800
PO-SHOWROOM-000000329,NQ-CLR-WRM-004-M-IVR,38,16800
PO-SHOWROOM-000000330,NQ-CLR-WRM-004-L-CRM,38,16800
PO-SHOWROOM-000000331,NQ-CLR-WRM-004-L-ASH,38,16800
PO-SHOWROOM-000000332,NQ-CLR-WRM-004-L-IVR,38,16800
PO-SHOWROOM-000000333,NQ-CLR-COOL-005-S-CRM,38,16800
PO-SHOWROOM-000000334,NQ-CLR-COOL-005-S-ASH,38,16800
PO-SHOWROOM-000000335,NQ-CLR-COOL-005-S-IVR,38,16800
PO-SHOWROOM-000000336,NQ-CLR-COOL-005-M-CRM,38,16800
PO-SHOWROOM-000000337,NQ-CLR-COOL-005-M-ASH,38,16800
PO-SHOWROOM-000000338,NQ-CLR-COOL-005-M-IVR,38,16800
PO-SHOWROOM-000000339,NQ-CLR-COOL-005-L-CRM,38,16800
PO-SHOWROOM-000000340,NQ-CLR-COOL-005-L-ASH,38,16800
PO-SHOWROOM-000000341,NQ-CLR-COOL-005-L-IVR,38,16800
PO-SHOWROOM-000000342,NQ-CLR-MUT-006-S-CRM,38,16800
PO-SHOWROOM-000000343,NQ-CLR-MUT-006-S-ASH,38,16800
PO-SHOWROOM-000000344,NQ-CLR-MUT-006-S-IVR,38,16800
PO-SHOWROOM-000000345,NQ-CLR-MUT-006-M-CRM,38,16800
PO-SHOWROOM-000000346,NQ-CLR-MUT-006-M-ASH,38,16800
PO-SHOWROOM-000000347,NQ-CLR-MUT-006-M-IVR,38,16800
PO-SHOWROOM-000000348,NQ-CLR-MUT-006-L-CRM,38,16800
PO-SHOWROOM-000000349,NQ-CLR-MUT-006-L-ASH,38,16800
PO-SHOWROOM-000000350,NQ-CLR-MUT-006-L-IVR,38,16800
PO-SHOWROOM-000000351,NQ-OUT-001-S-BLK,173,42720
PO-SHOWROOM-000000352,NQ-OUT-001-S-BEG,173,42720
PO-SHOWROOM-000000353,NQ-OUT-001-S-GRY,173,42720
PO-SHOWROOM-000000354,NQ-OUT-001-S-NVY,173,42720
PO-SHOWROOM-000000355,NQ-OUT-001-M-BLK,173,42720
PO-SHOWROOM-000000356,NQ-OUT-001-M-BEG,173,42720
PO-SHOWROOM-000000357,NQ-OUT-001-M-GRY,173,42720
PO-SHOWROOM-000000358,NQ-OUT-001-M-NVY,173,42720
PO-SHOWROOM-000000359,NQ-OUT-001-L-BLK,173,42720
PO-SHOWROOM-000000360,NQ-OUT-001-L-BEG,173,42720
PO-SHOWROOM-000000361,NQ-OUT-001-L-GRY,173,42720
PO-SHOWROOM-000000362,NQ-OUT-001-L-NVY,173,42720
PO-SHOWROOM-000000363,NQ-OUT-002-S-BLK,57,42720
PO-SHOWROOM-000000364,NQ-OUT-002-S-BEG,57,42720
PO-SHOWROOM-000000365,NQ-OUT-002-S-GRY,57,42720
PO-SHOWROOM-000000366,NQ-OUT-002-S-NVY,57,42720
PO-SHOWROOM-000000367,NQ-OUT-002-M-BLK,57,42720
PO-SHOWROOM-000000368,NQ-OUT-002-M-BEG,57,42720
PO-SHOWROOM-000000369,NQ-OUT-002-M-GRY,57,42720
PO-SHOWROOM-000000370,NQ-OUT-002-M-NVY,57,42720
PO-SHOWROOM-000000371,NQ-OUT-002-L-BLK,57,42720
PO-SHOWROOM-000000372,NQ-OUT-002-L-BEG,57,42720
PO-SHOWROOM-000000373,NQ-OUT-002-L-GRY,57,42720
PO-SHOWROOM-000000374,NQ-OUT-002-L-NVY,57,42720
PO-SHOWROOM-000000375,NQ-OUT-003-S-BLK,17,42720
PO-SHOWROOM-000000376,NQ-OUT-003-S-BEG,17,42720
PO-SHOWROOM-000000377,NQ-OUT-003-S-GRY,17,42720
PO-SHOWROOM-000000378,NQ-OUT-003-S-NVY,17,42720
PO-SHOWROOM-000000379,NQ-OUT-003-M-BLK,17,42720
PO-SHOWROOM-000000380,NQ-OUT-003-M-BEG,17,42720
PO-SHOWROOM-000000381,NQ-OUT-003-M-GRY,17,42720
PO-SHOWROOM-000000382,NQ-OUT-003-M-NVY,17,42720
PO-SHOWROOM-000000383,NQ-OUT-003-L-BLK,17,42720
PO-SHOWROOM-000000384,NQ-OUT-003-L-BEG,17,42720
PO-SHOWROOM-000000385,NQ-OUT-003-L-GRY,17,42720
PO-SHOWROOM-000000386,NQ-OUT-003-L-NVY,17,42720
PO-SHOWROOM-000000387,NQ-TOP-001-XS-BLK,298,18720
PO-SHOWROOM-000000388,NQ-TOP-001-XS-WHT,298,18720
PO-SHOWROOM-000000389,NQ-TOP-001-XS-GRY,298,18720
PO-SHOWROOM-000000390,NQ-TOP-001-XS-NVY,298,18720
PO-SHOWROOM-000000391,NQ-TOP-001-XS-ORC,298,18720
PO-SHOWROOM-000000392,NQ-TOP-001-XS-SKB,298,18720
PO-SHOWROOM-000000393,NQ-TOP-001-XS-LYL,298,18720
PO-SHOWROOM-000000394,NQ-TOP-001-S-BLK,298,18720
PO-SHOWROOM-000000395,NQ-TOP-001-S-WHT,298,18720
PO-SHOWROOM-000000396,NQ-TOP-001-S-GRY,298,18720
PO-SHOWROOM-000000397,NQ-TOP-001-S-NVY,298,18720
PO-SHOWROOM-000000398,NQ-TOP-001-S-ORC,298,18720
PO-SHOWROOM-000000399,NQ-TOP-001-S-SKB,298,18720
PO-SHOWROOM-000000400,NQ-TOP-001-S-LYL,298,18720
PO-SHOWROOM-000000401,NQ-TOP-001-M-BLK,298,18720
PO-SHOWROOM-000000402,NQ-TOP-001-M-WHT,298,18720
PO-SHOWROOM-000000403,NQ-TOP-001-M-GRY,298,18720
PO-SHOWROOM-000000404,NQ-TOP-001-M-NVY,298,18720
PO-SHOWROOM-000000405,NQ-TOP-001-M-ORC,298,18720
PO-SHOWROOM-000000406,NQ-TOP-001-M-SKB,298,18720
PO-SHOWROOM-000000407,NQ-TOP-001-M-LYL,298,18720
PO-SHOWROOM-000000408,NQ-TOP-001-L-BLK,298,18720
PO-SHOWROOM-000000409,NQ-TOP-001-L-WHT,298,18720
PO-SHOWROOM-000000410,NQ-TOP-001-L-GRY,298,18720
PO-SHOWROOM-000000411,NQ-TOP-001-L-NVY,298,18720
PO-SHOWROOM-000000412,NQ-TOP-001-L-ORC,298,18720
PO-SHOWROOM-000000413,NQ-TOP-001-L-SKB,298,18720
PO-SHOWROOM-000000414,NQ-TOP-001-L-LYL,298,18720
PO-SHOWROOM-000000415,NQ-TOP-001-XL-BLK,298,18720
PO-SHOWROOM-000000416,NQ-TOP-001-XL-WHT,298,18720
PO-SHOWROOM-000000417,NQ-TOP-001-XL-GRY,298,18720
PO-SHOWROOM-000000418,NQ-TOP-001-XL-NVY,298,18720
PO-SHOWROOM-000000419,NQ-TOP-001-XL-ORC,298,18720
PO-SHOWROOM-000000420,NQ-TOP-001-XL-SKB,298,18720
PO-SHOWROOM-000000421,NQ-TOP-001-XL-LYL,298,18720
PO-SHOWROOM-000000422,NQ-TOP-001-2XL-BLK,298,18720
PO-SHOWROOM-000000423,NQ-TOP-001-2XL-WHT,298,18720
PO-SHOWROOM-000000424,NQ-TOP-001-2XL-GRY,298,18720
PO-SHOWROOM-000000425,NQ-TOP-001-2XL-NVY,298,18720
PO-SHOWROOM-000000426,NQ-TOP-001-2XL-ORC,298,18720
PO-SHOWROOM-000000427,NQ-TOP-001-2XL-SKB,298,18720
PO-SHOWROOM-000000428,NQ-TOP-001-2XL-LYL,298,18720
PO-SHOWROOM-000000429,NQ-TOP-001-3XL-BLK,298,18720
PO-SHOWROOM-000000430,NQ-TOP-001-3XL-WHT,298,18720
PO-SHOWROOM-000000431,NQ-TOP-001-3XL-GRY,298,18720
PO-SHOWROOM-000000432,NQ-TOP-001-3XL-NVY,298,18720
PO-SHOWROOM-000000433,NQ-TOP-001-3XL-ORC,298,18720
PO-SHOWROOM-000000434,NQ-TOP-001-3XL-SKB,298,18720
PO-SHOWROOM-000000435,NQ-TOP-001-3XL-LYL,298,18720
PO-SHOWROOM-000000436,NQ-TOP-001-4XL-BLK,298,18720
PO-SHOWROOM-000000437,NQ-TOP-001-4XL-WHT,298,18720
PO-SHOWROOM-000000438,NQ-TOP-001-4XL-GRY,298,18720
PO-SHOWROOM-000000439,NQ-TOP-001-4XL-NVY,298,18720
PO-SHOWROOM-000000440,NQ-TOP-001-4XL-ORC,298,18720
PO-SHOWROOM-000000441,NQ-TOP-001-4XL-SKB,298,18720
PO-SHOWROOM-000000442,NQ-TOP-001-4XL-LYL,298,18720
PO-SHOWROOM-000000443,NQ-TOP-002-XS-BLK,99,18720
PO-SHOWROOM-000000444,NQ-TOP-002-XS-WHT,99,18720
PO-SHOWROOM-000000445,NQ-TOP-002-XS-GRY,99,18720
PO-SHOWROOM-000000446,NQ-TOP-002-XS-NVY,99,18720
PO-SHOWROOM-000000447,NQ-TOP-002-S-BLK,99,18720
PO-SHOWROOM-000000448,NQ-TOP-002-S-WHT,99,18720
PO-SHOWROOM-000000449,NQ-TOP-002-S-GRY,99,18720
PO-SHOWROOM-000000450,NQ-TOP-002-S-NVY,99,18720
PO-SHOWROOM-000000451,NQ-TOP-002-M-BLK,99,18720
PO-SHOWROOM-000000452,NQ-TOP-002-M-WHT,99,18720
PO-SHOWROOM-000000453,NQ-TOP-002-M-GRY,99,18720
PO-SHOWROOM-000000454,NQ-TOP-002-M-NVY,99,18720
PO-SHOWROOM-000000455,NQ-TOP-002-L-BLK,99,18720
PO-SHOWROOM-000000456,NQ-TOP-002-L-WHT,99,18720
PO-SHOWROOM-000000457,NQ-TOP-002-L-GRY,99,18720
PO-SHOWROOM-000000458,NQ-TOP-002-L-NVY,99,18720
PO-SHOWROOM-000000459,NQ-TOP-002-XL-BLK,99,18720
PO-SHOWROOM-000000460,NQ-TOP-002-XL-WHT,99,18720
PO-SHOWROOM-000000461,NQ-TOP-002-XL-GRY,99,18720
PO-SHOWROOM-000000462,NQ-TOP-002-XL-NVY,99,18720
PO-SHOWROOM-000000463,NQ-TOP-002-2XL-BLK,99,18720
PO-SHOWROOM-000000464,NQ-TOP-002-2XL-WHT,99,18720
PO-SHOWROOM-000000465,NQ-TOP-002-2XL-GRY,99,18720
PO-SHOWROOM-000000466,NQ-TOP-002-2XL-NVY,99,18720
PO-SHOWROOM-000000467,NQ-TOP-002-3XL-BLK,99,18720
PO-SHOWROOM-000000468,NQ-TOP-002-3XL-WHT,99,18720
PO-SHOWROOM-000000469,NQ-TOP-002-3XL-GRY,99,18720
PO-SHOWROOM-000000470,NQ-TOP-002-3XL-NVY,99,18720
PO-SHOWROOM-000000471,NQ-TOP-002-4XL-BLK,99,18720
PO-SHOWROOM-000000472,NQ-TOP-002-4XL-WHT,99,18720
PO-SHOWROOM-000000473,NQ-TOP-002-4XL-GRY,99,18720
PO-SHOWROOM-000000474,NQ-TOP-002-4XL-NVY,99,18720
PO-SHOWROOM-000000475,NQ-TOP-003-XS-BLK,99,18720
PO-SHOWROOM-000000476,NQ-TOP-003-XS-WHT,99,18720
PO-SHOWROOM-000000477,NQ-TOP-003-XS-GRY,99,18720
PO-SHOWROOM-000000478,NQ-TOP-003-XS-NVY,99,18720
PO-SHOWROOM-000000479,NQ-TOP-003-S-BLK,99,18720
PO-SHOWROOM-000000480,NQ-TOP-003-S-WHT,99,18720
PO-SHOWROOM-000000481,NQ-TOP-003-S-GRY,99,18720
PO-SHOWROOM-000000482,NQ-TOP-003-S-NVY,99,18720
PO-SHOWROOM-000000483,NQ-TOP-003-M-BLK,99,18720
PO-SHOWROOM-000000484,NQ-TOP-003-M-WHT,99,18720
PO-SHOWROOM-000000485,NQ-TOP-003-M-GRY,99,18720
PO-SHOWROOM-000000486,NQ-TOP-003-M-NVY,99,18720
PO-SHOWROOM-000000487,NQ-TOP-003-L-BLK,99,18720
PO-SHOWROOM-000000488,NQ-TOP-003-L-WHT,99,18720
PO-SHOWROOM-000000489,NQ-TOP-003-L-GRY,99,18720
PO-SHOWROOM-000000490,NQ-TOP-003-L-NVY,99,18720
PO-SHOWROOM-000000491,NQ-TOP-003-XL-BLK,99,18720
PO-SHOWROOM-000000492,NQ-TOP-003-XL-WHT,99,18720
PO-SHOWROOM-000000493,NQ-TOP-003-XL-GRY,99,18720
PO-SHOWROOM-000000494,NQ-TOP-003-XL-NVY,99,18720
PO-SHOWROOM-000000495,NQ-TOP-003-2XL-BLK,99,18720
PO-SHOWROOM-000000496,NQ-TOP-003-2XL-WHT,99,18720
PO-SHOWROOM-000000497,NQ-TOP-003-2XL-GRY,99,18720
PO-SHOWROOM-000000498,NQ-TOP-003-2XL-NVY,99,18720
PO-SHOWROOM-000000499,NQ-TOP-003-3XL-BLK,99,18720
PO-SHOWROOM-000000500,NQ-TOP-003-3XL-WHT,99,18720
PO-SHOWROOM-000000501,NQ-TOP-003-3XL-GRY,99,18720
PO-SHOWROOM-000000502,NQ-TOP-003-3XL-NVY,99,18720
PO-SHOWROOM-000000503,NQ-TOP-003-4XL-BLK,99,18720
PO-SHOWROOM-000000504,NQ-TOP-003-4XL-WHT,99,18720
PO-SHOWROOM-000000505,NQ-TOP-003-4XL-GRY,99,18720
PO-SHOWROOM-000000506,NQ-TOP-003-4XL-NVY,99,18720
PO-SHOWROOM-000000507,NQ-TOP-004-XS-BLK,29,18720
PO-SHOWROOM-000000508,NQ-TOP-004-XS-WHT,29,18720
PO-SHOWROOM-000000509,NQ-TOP-004-XS-GRY,29,18720
PO-SHOWROOM-000000510,NQ-TOP-004-XS-NVY,29,18720
PO-SHOWROOM-000000511,NQ-TOP-004-S-BLK,29,18720
PO-SHOWROOM-000000512,NQ-TOP-004-S-WHT,29,18720
PO-SHOWROOM-000000513,NQ-TOP-004-S-GRY,29,18720
PO-SHOWROOM-000000514,NQ-TOP-004-S-NVY,29,18720
PO-SHOWROOM-000000515,NQ-TOP-004-M-BLK,29,18720
PO-SHOWROOM-000000516,NQ-TOP-004-M-WHT,29,18720
PO-SHOWROOM-000000517,NQ-TOP-004-M-GRY,29,18720
PO-SHOWROOM-000000518,NQ-TOP-004-M-NVY,29,18720
PO-SHOWROOM-000000519,NQ-TOP-004-L-BLK,29,18720
PO-SHOWROOM-000000520,NQ-TOP-004-L-WHT,29,18720
PO-SHOWROOM-000000521,NQ-TOP-004-L-GRY,29,18720
PO-SHOWROOM-000000522,NQ-TOP-004-L-NVY,29,18720
PO-SHOWROOM-000000523,NQ-TOP-004-XL-BLK,29,18720
PO-SHOWROOM-000000524,NQ-TOP-004-XL-WHT,29,18720
PO-SHOWROOM-000000525,NQ-TOP-004-XL-GRY,29,18720
PO-SHOWROOM-000000526,NQ-TOP-004-XL-NVY,29,18720
PO-SHOWROOM-000000527,NQ-TOP-004-2XL-BLK,29,18720
PO-SHOWROOM-000000528,NQ-TOP-004-2XL-WHT,29,18720
PO-SHOWROOM-000000529,NQ-TOP-004-2XL-GRY,29,18720
PO-SHOWROOM-000000530,NQ-TOP-004-2XL-NVY,29,18720
PO-SHOWROOM-000000531,NQ-TOP-004-3XL-BLK,29,18720
PO-SHOWROOM-000000532,NQ-TOP-004-3XL-WHT,29,18720
PO-SHOWROOM-000000533,NQ-TOP-004-3XL-GRY,29,18720
PO-SHOWROOM-000000534,NQ-TOP-004-3XL-NVY,29,18720
PO-SHOWROOM-000000535,NQ-TOP-004-4XL-BLK,29,18720
PO-SHOWROOM-000000536,NQ-TOP-004-4XL-WHT,29,18720
PO-SHOWROOM-000000537,NQ-TOP-004-4XL-GRY,29,18720
PO-SHOWROOM-000000538,NQ-TOP-004-4XL-NVY,29,18720
PO-SHOWROOM-000000539,NQ-TOP-005-XS-BLK,29,18720
PO-SHOWROOM-000000540,NQ-TOP-005-XS-WHT,29,18720
PO-SHOWROOM-000000541,NQ-TOP-005-XS-GRY,29,18720
PO-SHOWROOM-000000542,NQ-TOP-005-XS-NVY,29,18720
PO-SHOWROOM-000000543,NQ-TOP-005-S-BLK,29,18720
PO-SHOWROOM-000000544,NQ-TOP-005-S-WHT,29,18720
PO-SHOWROOM-000000545,NQ-TOP-005-S-GRY,29,18720
PO-SHOWROOM-000000546,NQ-TOP-005-S-NVY,29,18720
PO-SHOWROOM-000000547,NQ-TOP-005-M-BLK,29,18720
PO-SHOWROOM-000000548,NQ-TOP-005-M-WHT,29,18720
PO-SHOWROOM-000000549,NQ-TOP-005-M-GRY,29,18720
PO-SHOWROOM-000000550,NQ-TOP-005-M-NVY,29,18720
PO-SHOWROOM-000000551,NQ-TOP-005-L-BLK,29,18720
PO-SHOWROOM-000000552,NQ-TOP-005-L-WHT,29,18720
PO-SHOWROOM-000000553,NQ-TOP-005-L-GRY,29,18720
PO-SHOWROOM-000000554,NQ-TOP-005-L-NVY,29,18720
PO-SHOWROOM-000000555,NQ-TOP-005-XL-BLK,29,18720
PO-SHOWROOM-000000556,NQ-TOP-005-XL-WHT,29,18720
PO-SHOWROOM-000000557,NQ-TOP-005-XL-GRY,29,18720
PO-SHOWROOM-000000558,NQ-TOP-005-XL-NVY,29,18720
PO-SHOWROOM-000000559,NQ-TOP-005-2XL-BLK,29,18720
PO-SHOWROOM-000000560,NQ-TOP-005-2XL-WHT,29,18720
PO-SHOWROOM-000000561,NQ-TOP-005-2XL-GRY,29,18720
PO-SHOWROOM-000000562,NQ-TOP-005-2XL-NVY,29,18720
PO-SHOWROOM-000000563,NQ-TOP-005-3XL-BLK,29,18720
PO-SHOWROOM-000000564,NQ-TOP-005-3XL-WHT,29,18720
PO-SHOWROOM-000000565,NQ-TOP-005-3XL-GRY,29,18720
PO-SHOWROOM-000000566,NQ-TOP-005-3XL-NVY,29,18720
PO-SHOWROOM-000000567,NQ-TOP-005-4XL-BLK,29,18720
PO-SHOWROOM-000000568,NQ-TOP-005-4XL-WHT,29,18720
PO-SHOWROOM-000000569,NQ-TOP-005-4XL-GRY,29,18720
PO-SHOWROOM-000000570,NQ-TOP-005-4XL-NVY,29,18720
PO-SHOWROOM-000000571,NQ-PNT-001-XS-BLK,254,23520
PO-SHOWROOM-000000572,NQ-PNT-001-XS-GRY,254,23520
PO-SHOWROOM-000000573,NQ-PNT-001-XS-BEG,254,23520
PO-SHOWROOM-000000574,NQ-PNT-001-XS-KHK,254,23520
PO-SHOWROOM-000000575,NQ-PNT-001-XS-NVY,254,23520
PO-SHOWROOM-000000576,NQ-PNT-001-S-BLK,254,23520
PO-SHOWROOM-000000577,NQ-PNT-001-S-GRY,254,23520
PO-SHOWROOM-000000578,NQ-PNT-001-S-BEG,254,23520
PO-SHOWROOM-000000579,NQ-PNT-001-S-KHK,254,23520
PO-SHOWROOM-000000580,NQ-PNT-001-S-NVY,254,23520
PO-SHOWROOM-000000581,NQ-PNT-001-M-BLK,254,23520
PO-SHOWROOM-000000582,NQ-PNT-001-M-GRY,254,23520
PO-SHOWROOM-000000583,NQ-PNT-001-M-BEG,254,23520
PO-SHOWROOM-000000584,NQ-PNT-001-M-KHK,254,23520
PO-SHOWROOM-000000585,NQ-PNT-001-M-NVY,254,23520
PO-SHOWROOM-000000586,NQ-PNT-001-L-BLK,254,23520
PO-SHOWROOM-000000587,NQ-PNT-001-L-GRY,254,23520
PO-SHOWROOM-000000588,NQ-PNT-001-L-BEG,254,23520
PO-SHOWROOM-000000589,NQ-PNT-001-L-KHK,254,23520
PO-SHOWROOM-000000590,NQ-PNT-001-L-NVY,254,23520
PO-SHOWROOM-000000591,NQ-PNT-001-XL-BLK,254,23520
PO-SHOWROOM-000000592,NQ-PNT-001-XL-GRY,254,23520
PO-SHOWROOM-000000593,NQ-PNT-001-XL-BEG,254,23520
PO-SHOWROOM-000000594,NQ-PNT-001-XL-KHK,254,23520
PO-SHOWROOM-000000595,NQ-PNT-001-XL-NVY,254,23520
PO-SHOWROOM-000000596,NQ-PNT-001-2XL-BLK,254,23520
PO-SHOWROOM-000000597,NQ-PNT-001-2XL-GRY,254,23520
PO-SHOWROOM-000000598,NQ-PNT-001-2XL-BEG,254,23520
PO-SHOWROOM-000000599,NQ-PNT-001-2XL-KHK,254,23520
PO-SHOWROOM-000000600,NQ-PNT-001-2XL-NVY,254,23520
PO-SHOWROOM-000000601,NQ-PNT-001-3XL-BLK,254,23520
PO-SHOWROOM-000000602,NQ-PNT-001-3XL-GRY,254,23520
PO-SHOWROOM-000000603,NQ-PNT-001-3XL-BEG,254,23520
PO-SHOWROOM-000000604,NQ-PNT-001-3XL-KHK,254,23520
PO-SHOWROOM-000000605,NQ-PNT-001-3XL-NVY,254,23520
PO-SHOWROOM-000000606,NQ-PNT-001-4XL-BLK,254,23520
PO-SHOWROOM-000000607,NQ-PNT-001-4XL-GRY,254,23520
PO-SHOWROOM-000000608,NQ-PNT-001-4XL-BEG,254,23520
PO-SHOWROOM-000000609,NQ-PNT-001-4XL-KHK,254,23520
PO-SHOWROOM-000000610,NQ-PNT-001-4XL-NVY,254,23520
PO-SHOWROOM-000000611,NQ-PNT-002-XS-BLK,84,23520
PO-SHOWROOM-000000612,NQ-PNT-002-XS-GRY,84,23520
PO-SHOWROOM-000000613,NQ-PNT-002-XS-BEG,84,23520
PO-SHOWROOM-000000614,NQ-PNT-002-S-BLK,84,23520
PO-SHOWROOM-000000615,NQ-PNT-002-S-GRY,84,23520
PO-SHOWROOM-000000616,NQ-PNT-002-S-BEG,84,23520
PO-SHOWROOM-000000617,NQ-PNT-002-M-BLK,84,23520
PO-SHOWROOM-000000618,NQ-PNT-002-M-GRY,84,23520
PO-SHOWROOM-000000619,NQ-PNT-002-M-BEG,84,23520
PO-SHOWROOM-000000620,NQ-PNT-002-L-BLK,84,23520
PO-SHOWROOM-000000621,NQ-PNT-002-L-GRY,84,23520
PO-SHOWROOM-000000622,NQ-PNT-002-L-BEG,84,23520
PO-SHOWROOM-000000623,NQ-PNT-002-XL-BLK,84,23520
PO-SHOWROOM-000000624,NQ-PNT-002-XL-GRY,84,23520
PO-SHOWROOM-000000625,NQ-PNT-002-XL-BEG,84,23520
PO-SHOWROOM-000000626,NQ-PNT-002-2XL-BLK,84,23520
PO-SHOWROOM-000000627,NQ-PNT-002-2XL-GRY,84,23520
PO-SHOWROOM-000000628,NQ-PNT-002-2XL-BEG,84,23520
PO-SHOWROOM-000000629,NQ-PNT-002-3XL-BLK,84,23520
PO-SHOWROOM-000000630,NQ-PNT-002-3XL-GRY,84,23520
PO-SHOWROOM-000000631,NQ-PNT-002-3XL-BEG,84,23520
PO-SHOWROOM-000000632,NQ-PNT-002-4XL-BLK,84,23520
PO-SHOWROOM-000000633,NQ-PNT-002-4XL-GRY,84,23520
PO-SHOWROOM-000000634,NQ-PNT-002-4XL-BEG,84,23520
PO-SHOWROOM-000000635,NQ-PNT-003-XS-BLK,84,23520
PO-SHOWROOM-000000636,NQ-PNT-003-XS-GRY,84,23520
PO-SHOWROOM-000000637,NQ-PNT-003-XS-BEG,84,23520
PO-SHOWROOM-000000638,NQ-PNT-003-S-BLK,84,23520
PO-SHOWROOM-000000639,NQ-PNT-003-S-GRY,84,23520
PO-SHOWROOM-000000640,NQ-PNT-003-S-BEG,84,23520
PO-SHOWROOM-000000641,NQ-PNT-003-M-BLK,84,23520
PO-SHOWROOM-000000642,NQ-PNT-003-M-GRY,84,23520
PO-SHOWROOM-000000643,NQ-PNT-003-M-BEG,84,23520
PO-SHOWROOM-000000644,NQ-PNT-003-L-BLK,84,23520
PO-SHOWROOM-000000645,NQ-PNT-003-L-GRY,84,23520
PO-SHOWROOM-000000646,NQ-PNT-003-L-BEG,84,23520
PO-SHOWROOM-000000647,NQ-PNT-003-XL-BLK,84,23520
PO-SHOWROOM-000000648,NQ-PNT-003-XL-GRY,84,23520
PO-SHOWROOM-000000649,NQ-PNT-003-XL-BEG,84,23520
PO-SHOWROOM-000000650,NQ-PNT-003-2XL-BLK,84,23520
PO-SHOWROOM-000000651,NQ-PNT-003-2XL-GRY,84,23520
PO-SHOWROOM-000000652,NQ-PNT-003-2XL-BEG,84,23520
PO-SHOWROOM-000000653,NQ-PNT-003-3XL-BLK,84,23520
PO-SHOWROOM-000000654,NQ-PNT-003-3XL-GRY,84,23520
PO-SHOWROOM-000000655,NQ-PNT-003-3XL-BEG,84,23520
PO-SHOWROOM-000000656,NQ-PNT-003-4XL-BLK,84,23520
PO-SHOWROOM-000000657,NQ-PNT-003-4XL-GRY,84,23520
PO-SHOWROOM-000000658,NQ-PNT-003-4XL-BEG,84,23520
PO-SHOWROOM-000000659,NQ-PNT-004-XS-BLK,25,23520
PO-SHOWROOM-000000660,NQ-PNT-004-XS-GRY,25,23520
PO-SHOWROOM-000000661,NQ-PNT-004-XS-BEG,25,23520
PO-SHOWROOM-000000662,NQ-PNT-004-S-BLK,25,23520
PO-SHOWROOM-000000663,NQ-PNT-004-S-GRY,25,23520
PO-SHOWROOM-000000664,NQ-PNT-004-S-BEG,25,23520
PO-SHOWROOM-000000665,NQ-PNT-004-M-BLK,25,23520
PO-SHOWROOM-000000666,NQ-PNT-004-M-GRY,25,23520
PO-SHOWROOM-000000667,NQ-PNT-004-M-BEG,25,23520
PO-SHOWROOM-000000668,NQ-PNT-004-L-BLK,25,23520
PO-SHOWROOM-000000669,NQ-PNT-004-L-GRY,25,23520
PO-SHOWROOM-000000670,NQ-PNT-004-L-BEG,25,23520
PO-SHOWROOM-000000671,NQ-PNT-004-XL-BLK,25,23520
PO-SHOWROOM-000000672,NQ-PNT-004-XL-GRY,25,23520
PO-SHOWROOM-000000673,NQ-PNT-004-XL-BEG,25,23520
PO-SHOWROOM-000000674,NQ-PNT-004-2XL-BLK,25,23520
PO-SHOWROOM-000000675,NQ-PNT-004-2XL-GRY,25,23520
PO-SHOWROOM-000000676,NQ-PNT-004-2XL-BEG,25,23520
PO-SHOWROOM-000000677,NQ-PNT-004-3XL-BLK,25,23520
PO-SHOWROOM-000000678,NQ-PNT-004-3XL-GRY,25,23520
PO-SHOWROOM-000000679,NQ-PNT-004-3XL-BEG,25,23520
PO-SHOWROOM-000000680,NQ-PNT-004-4XL-BLK,25,23520
PO-SHOWROOM-000000681,NQ-PNT-004-4XL-GRY,25,23520
PO-SHOWROOM-000000682,NQ-PNT-004-4XL-BEG,25,23520
PO-SHOWROOM-000000683,NQ-CLR-WRM-001-S-CRM,227,16800
PO-SHOWROOM-000000684,NQ-CLR-WRM-001-S-ASH,227,16800
PO-SHOWROOM-000000685,NQ-CLR-WRM-001-S-IVR,227,16800
PO-SHOWROOM-000000686,NQ-CLR-WRM-001-M-CRM,227,16800
PO-SHOWROOM-000000687,NQ-CLR-WRM-001-M-ASH,227,16800
PO-SHOWROOM-000000688,NQ-CLR-WRM-001-M-IVR,227,16800
PO-SHOWROOM-000000689,NQ-CLR-WRM-001-L-CRM,227,16800
PO-SHOWROOM-000000690,NQ-CLR-WRM-001-L-ASH,227,16800
PO-SHOWROOM-000000691,NQ-CLR-WRM-001-L-IVR,227,16800
PO-SHOWROOM-000000692,NQ-CLR-COOL-002-S-CRM,227,16800
PO-SHOWROOM-000000693,NQ-CLR-COOL-002-S-ASH,227,16800
PO-SHOWROOM-000000694,NQ-CLR-COOL-002-S-IVR,227,16800
PO-SHOWROOM-000000695,NQ-CLR-COOL-002-M-CRM,227,16800
PO-SHOWROOM-000000696,NQ-CLR-COOL-002-M-ASH,227,16800
PO-SHOWROOM-000000697,NQ-CLR-COOL-002-M-IVR,227,16800
PO-SHOWROOM-000000698,NQ-CLR-COOL-002-L-CRM,227,16800
PO-SHOWROOM-000000699,NQ-CLR-COOL-002-L-ASH,227,16800
PO-SHOWROOM-000000700,NQ-CLR-COOL-002-L-IVR,227,16800
PO-SHOWROOM-000000701,NQ-CLR-MUT-003-S-CRM,227,16800
PO-SHOWROOM-000000702,NQ-CLR-MUT-003-S-ASH,227,16800
PO-SHOWROOM-000000703,NQ-CLR-MUT-003-S-IVR,227,16800
PO-SHOWROOM-000000704,NQ-CLR-MUT-003-M-CRM,227,16800
PO-SHOWROOM-000000705,NQ-CLR-MUT-003-M-ASH,227,16800
PO-SHOWROOM-000000706,NQ-CLR-MUT-003-M-IVR,227,16800
PO-SHOWROOM-000000707,NQ-CLR-MUT-003-L-CRM,227,16800
PO-SHOWROOM-000000708,NQ-CLR-MUT-003-L-ASH,227,16800
PO-SHOWROOM-000000709,NQ-CLR-MUT-003-L-IVR,227,16800
PO-SHOWROOM-000000710,NQ-CLR-WRM-004-S-CRM,75,16800
PO-SHOWROOM-000000711,NQ-CLR-WRM-004-S-ASH,75,16800
PO-SHOWROOM-000000712,NQ-CLR-WRM-004-S-IVR,75,16800
PO-SHOWROOM-000000713,NQ-CLR-WRM-004-M-CRM,75,16800
PO-SHOWROOM-000000714,NQ-CLR-WRM-004-M-ASH,75,16800
PO-SHOWROOM-000000715,NQ-CLR-WRM-004-M-IVR,75,16800
PO-SHOWROOM-000000716,NQ-CLR-WRM-004-L-CRM,75,16800
PO-SHOWROOM-000000717,NQ-CLR-WRM-004-L-ASH,75,16800
PO-SHOWROOM-000000718,NQ-CLR-WRM-004-L-IVR,75,16800
PO-SHOWROOM-000000719,NQ-CLR-COOL-005-S-CRM,75,16800
PO-SHOWROOM-000000720,NQ-CLR-COOL-005-S-ASH,75,16800
PO-SHOWROOM-000000721,NQ-CLR-COOL-005-S-IVR,75,16800
PO-SHOWROOM-000000722,NQ-CLR-COOL-005-M-CRM,75,16800
PO-SHOWROOM-000000723,NQ-CLR-COOL-005-M-ASH,75,16800
PO-SHOWROOM-000000724,NQ-CLR-COOL-005-M-IVR,75,16800
PO-SHOWROOM-000000725,NQ-CLR-COOL-005-L-CRM,75,16800
PO-SHOWROOM-000000726,NQ-CLR-COOL-005-L-ASH,75,16800
PO-SHOWROOM-000000727,NQ-CLR-COOL-005-L-IVR,75,16800
PO-SHOWROOM-000000728,NQ-CLR-MUT-006-S-CRM,75,16800
PO-SHOWROOM-000000729,NQ-CLR-MUT-006-S-ASH,75,16800
PO-SHOWROOM-000000730,NQ-CLR-MUT-006-S-IVR,75,16800
PO-SHOWROOM-000000731,NQ-CLR-MUT-006-M-CRM,75,16800
PO-SHOWROOM-000000732,NQ-CLR-MUT-006-M-ASH,75,16800
PO-SHOWROOM-000000733,NQ-CLR-MUT-006-M-IVR,75,16800
PO-SHOWROOM-000000734,NQ-CLR-MUT-006-L-CRM,75,16800
PO-SHOWROOM-000000735,NQ-CLR-MUT-006-L-ASH,75,16800
PO-SHOWROOM-000000736,NQ-CLR-MUT-006-L-IVR,75,16800
PO-SHOWROOM-000000737,NQ-OUT-001-S-BLK,343,42720
PO-SHOWROOM-000000738,NQ-OUT-001-S-BEG,343,42720
PO-SHOWROOM-000000739,NQ-OUT-001-S-GRY,343,42720
PO-SHOWROOM-000000740,NQ-OUT-001-S-NVY,343,42720
PO-SHOWROOM-000000741,NQ-OUT-001-M-BLK,343,42720
PO-SHOWROOM-000000742,NQ-OUT-001-M-BEG,343,42720
PO-SHOWROOM-000000743,NQ-OUT-001-M-GRY,343,42720
PO-SHOWROOM-000000744,NQ-OUT-001-M-NVY,343,42720
PO-SHOWROOM-000000745,NQ-OUT-001-L-BLK,343,42720
PO-SHOWROOM-000000746,NQ-OUT-001-L-BEG,343,42720
PO-SHOWROOM-000000747,NQ-OUT-001-L-GRY,343,42720
PO-SHOWROOM-000000748,NQ-OUT-001-L-NVY,343,42720
PO-SHOWROOM-000000749,NQ-OUT-002-S-BLK,114,42720
PO-SHOWROOM-000000750,NQ-OUT-002-S-BEG,114,42720
PO-SHOWROOM-000000751,NQ-OUT-002-S-GRY,114,42720
PO-SHOWROOM-000000752,NQ-OUT-002-S-NVY,114,42720
PO-SHOWROOM-000000753,NQ-OUT-002-M-BLK,114,42720
PO-SHOWROOM-000000754,NQ-OUT-002-M-BEG,114,42720
PO-SHOWROOM-000000755,NQ-OUT-002-M-GRY,114,42720
PO-SHOWROOM-000000756,NQ-OUT-002-M-NVY,114,42720
PO-SHOWROOM-000000757,NQ-OUT-002-L-BLK,114,42720
PO-SHOWROOM-000000758,NQ-OUT-002-L-BEG,114,42720
PO-SHOWROOM-000000759,NQ-OUT-002-L-GRY,114,42720
PO-SHOWROOM-000000760,NQ-OUT-002-L-NVY,114,42720
PO-SHOWROOM-000000761,NQ-OUT-003-S-BLK,34,42720
PO-SHOWROOM-000000762,NQ-OUT-003-S-BEG,34,42720
PO-SHOWROOM-000000763,NQ-OUT-003-S-GRY,34,42720
PO-SHOWROOM-000000764,NQ-OUT-003-S-NVY,34,42720
PO-SHOWROOM-000000765,NQ-OUT-003-M-BLK,34,42720
PO-SHOWROOM-000000766,NQ-OUT-003-M-BEG,34,42720
PO-SHOWROOM-000000767,NQ-OUT-003-M-GRY,34,42720
PO-SHOWROOM-000000768,NQ-OUT-003-M-NVY,34,42720
PO-SHOWROOM-000000769,NQ-OUT-003-L-BLK,34,42720
PO-SHOWROOM-000000770,NQ-OUT-003-L-BEG,34,42720
PO-SHOWROOM-000000771,NQ-OUT-003-L-GRY,34,42720
PO-SHOWROOM-000000772,NQ-OUT-003-L-NVY,34,42720
PO-SHOWROOM-000000773,NQ-ACC-BAG-001-FREE-BLK,258,9120
PO-SHOWROOM-000000774,NQ-ACC-BAG-001-FREE-BEG,258,9120
PO-SHOWROOM-000000775,NQ-ACC-BAG-001-FREE-WHT,258,9120
PO-SHOWROOM-000000776,NQ-ACC-BAG-001-FREE-BRN,258,9120
PO-SHOWROOM-000000777,NQ-ACC-BLT-002-FREE-BLK,77,9120
PO-SHOWROOM-000000778,NQ-ACC-BLT-002-FREE-BEG,77,9120
PO-SHOWROOM-000000779,NQ-ACC-BLT-002-FREE-WHT,77,9120
PO-SHOWROOM-000000780,NQ-ACC-BLT-002-FREE-BRN,77,9120
PO-SHOWROOM-000000781,NQ-ACC-SCF-003-FREE-BLK,77,9120
PO-SHOWROOM-000000782,NQ-ACC-SCF-003-FREE-BEG,77,9120
PO-SHOWROOM-000000783,NQ-ACC-SCF-003-FREE-WHT,77,9120
PO-SHOWROOM-000000784,NQ-ACC-SCF-003-FREE-BRN,77,9120
PO-SHOWROOM-000000785,NQ-ACC-CAP-004-FREE-BLK,77,9120
PO-SHOWROOM-000000786,NQ-ACC-CAP-004-FREE-BEG,77,9120
PO-SHOWROOM-000000787,NQ-ACC-CAP-004-FREE-WHT,77,9120
PO-SHOWROOM-000000788,NQ-ACC-CAP-004-FREE-BRN,77,9120
PO-SHOWROOM-000000789,NQ-ACC-PCH-005-FREE-BLK,77,9120
PO-SHOWROOM-000000790,NQ-ACC-PCH-005-FREE-BEG,77,9120
PO-SHOWROOM-000000791,NQ-ACC-PCH-005-FREE-WHT,77,9120
PO-SHOWROOM-000000792,NQ-ACC-PCH-005-FREE-BRN,77,9120
PO-SHOWROOM-000000793,NQ-DRS-001-S-BLK,198,28320
PO-SHOWROOM-000000794,NQ-DRS-001-S-IVR,198,28320
PO-SHOWROOM-000000795,NQ-DRS-001-M-BLK,198,28320
PO-SHOWROOM-000000796,NQ-DRS-001-M-IVR,198,28320
PO-SHOWROOM-000000797,NQ-DRS-001-L-BLK,198,28320
PO-SHOWROOM-000000798,NQ-DRS-001-L-IVR,198,28320
PO-SHOWROOM-000000799,NQ-DRS-002-S-BLK,66,28320
PO-SHOWROOM-000000800,NQ-DRS-002-S-IVR,66,28320
PO-SHOWROOM-000000801,NQ-DRS-002-M-BLK,66,28320
PO-SHOWROOM-000000802,NQ-DRS-002-M-IVR,66,28320
PO-SHOWROOM-000000803,NQ-DRS-002-L-BLK,66,28320
PO-SHOWROOM-000000804,NQ-DRS-002-L-IVR,66,28320
PO-000000001,NQ-CLR-COOL-005-M-IVR,83,16800
PO-000000002,NQ-CLR-MUT-006-M-IVR,83,16800
PO-000000003,NQ-CLR-WRM-004-M-ASH,83,16800
PO-000000004,NQ-CLR-COOL-005-M-CRM,83,16800
PO-000000005,NQ-CLR-MUT-006-S-IVR,83,16800
PO-000000006,NQ-CLR-COOL-002-M-IVR,249,16800
PO-000000007,NQ-CLR-MUT-006-S-CRM,83,16800
PO-000000008,NQ-CLR-WRM-004-S-CRM,83,16800
PO-000000009,NQ-CLR-WRM-001-M-IVR,249,16800
PO-000000010,NQ-CLR-MUT-003-S-CRM,342,16800
PO-000000011,NQ-CLR-MUT-003-M-ASH,319,16800
PO-000000012,NQ-CLR-WRM-001-M-ASH,303,16800
PO-000000013,NQ-CLR-WRM-004-S-ASH,112,16800
PO-000000014,NQ-CLR-MUT-003-S-IVR,315,16800
PO-000000015,NQ-CLR-COOL-002-M-ASH,315,16800
PO-000000016,NQ-CLR-WRM-001-S-CRM,319,16800
PO-000000017,NQ-CLR-WRM-001-S-IVR,322,16800
PO-000000018,NQ-CLR-WRM-001-M-CRM,325,16800
PO-000000019,NQ-CLR-COOL-005-S-IVR,106,16800
PO-000000020,NQ-CLR-COOL-002-S-IVR,344,16800
PO-000000021,NQ-CLR-WRM-004-S-IVR,111,16800
PO-000000022,NQ-CLR-COOL-005-M-ASH,110,16800
PO-000000023,NQ-CLR-MUT-003-M-IVR,327,16800
PO-000000024,NQ-CLR-COOL-002-S-ASH,325,16800
PO-000000025,NQ-CLR-MUT-003-M-CRM,340,16800
PO-000000026,NQ-CLR-WRM-001-S-ASH,307,16800
PO-000000027,NQ-CLR-MUT-003-S-ASH,338,16800
PO-000000028,NQ-CLR-COOL-002-S-CRM,317,16800
PO-000000029,NQ-CLR-MUT-006-S-ASH,104,16800
PO-000000030,NQ-CLR-WRM-004-M-IVR,101,16800
PO-000000031,NQ-CLR-COOL-005-S-ASH,101,16800
PO-000000032,NQ-CLR-COOL-005-S-CRM,101,16800
PO-000000033,NQ-CLR-MUT-006-M-CRM,101,16800
PO-000000034,NQ-CLR-MUT-006-M-ASH,101,16800
PO-000000035,NQ-CLR-COOL-002-M-CRM,303,16800
PO-000000036,NQ-CLR-WRM-004-M-CRM,101,16800
PO-000000037,NQ-PNT-004-M-BEG,34,23520
PO-000000038,NQ-CLR-COOL-005-L-IVR,101,16800
PO-000000039,NQ-CLR-COOL-005-L-ASH,101,16800
PO-000000040,NQ-CLR-WRM-001-L-CRM,303,16800
PO-000000041,NQ-CLR-WRM-004-L-ASH,101,16800
PO-000000042,NQ-CLR-WRM-001-L-ASH,303,16800
PO-000000043,NQ-CLR-MUT-006-L-ASH,101,16800
PO-000000044,NQ-CLR-WRM-001-L-IVR,303,16800
PO-000000045,NQ-CLR-COOL-002-L-CRM,303,16800
PO-000000046,NQ-CLR-COOL-002-L-IVR,303,16800
PO-000000047,NQ-CLR-COOL-002-L-ASH,303,16800
PO-000000048,NQ-CLR-WRM-004-L-IVR,101,16800
PO-000000049,NQ-CLR-MUT-006-L-IVR,101,16800
PO-000000050,NQ-CLR-MUT-003-L-ASH,303,16800
PO-000000051,NQ-PNT-003-L-BEG,113,23520
PO-000000052,NQ-CLR-MUT-003-L-CRM,303,16800
PO-000000053,NQ-TOP-005-L-GRY,40,18720
PO-000000054,NQ-CLR-WRM-004-L-CRM,101,16800
PO-000000055,NQ-PNT-002-L-BEG,113,23520
PO-000000056,NQ-CLR-MUT-006-L-CRM,101,16800
PO-000000057,NQ-CLR-COOL-005-M-IVR,101,16800
PO-000000058,NQ-CLR-MUT-003-L-IVR,303,16800
PO-000000059,NQ-CLR-MUT-006-M-IVR,101,16800
PO-000000060,NQ-CLR-COOL-005-L-CRM,101,16800
PO-000000061,NQ-TOP-005-L-WHT,40,18720
PO-000000062,NQ-PNT-001-L-BEG,340,23520
PO-000000063,NQ-PNT-001-M-BEG,340,23520
PO-000000064,NQ-TOP-004-L-BLK,40,18720
PO-000000065,NQ-CLR-WRM-004-M-ASH,101,16800
PO-000000066,NQ-PNT-003-L-GRY,113,23520
PO-000000067,NQ-CLR-COOL-005-M-CRM,101,16800
PO-000000068,NQ-TOP-005-L-BLK,40,18720
PO-000000069,NQ-PNT-004-L-BEG,34,23520
PO-000000070,NQ-CLR-MUT-006-S-IVR,101,16800
PO-000000071,NQ-CLR-COOL-002-M-IVR,303,16800
PO-000000072,NQ-PNT-002-M-BLK,113,23520
PO-000000073,NQ-CLR-WRM-004-S-CRM,101,16800
PO-000000074,NQ-CLR-MUT-006-S-CRM,101,16800
PO-000000075,NQ-PNT-003-M-BLK,113,23520
PO-000000076,NQ-CLR-WRM-001-M-IVR,303,16800
PO-000000077,NQ-PNT-004-L-BLK,34,23520
PO-000000078,NQ-PNT-001-M-KHK,340,23520
PO-000000079,NQ-PNT-004-L-GRY,34,23520
PO-000000080,NQ-PNT-001-M-NVY,340,23520
PO-000000081,NQ-TOP-005-M-WHT,40,18720
PO-000000082,NQ-TOP-005-L-NVY,40,18720
PO-000000083,NQ-PNT-002-M-GRY,113,23520
PO-000000084,NQ-TOP-005-M-GRY,40,18720
PO-000000085,NQ-PNT-003-L-BLK,113,23520
PO-000000086,NQ-PNT-001-L-BLK,340,23520
PO-000000087,NQ-TOP-004-L-WHT,40,18720
PO-000000088,NQ-PNT-003-M-GRY,113,23520
PO-000000089,NQ-PNT-004-M-GRY,34,23520
PO-000000090,NQ-PNT-001-M-BLK,340,23520
PO-000000091,NQ-CLR-WRM-004-M-IVR,101,16800
PO-000000092,NQ-TOP-002-L-WHT,133,18720
PO-000000093,NQ-CLR-WRM-001-S-ASH,303,16800
PO-000000094,NQ-CLR-WRM-001-M-ASH,303,16800
PO-000000095,NQ-PNT-002-L-GRY,113,23520
PO-000000096,NQ-PNT-001-M-GRY,340,23520
PO-000000097,NQ-CLR-COOL-005-S-CRM,101,16800
PO-000000098,NQ-TOP-003-L-BLK,133,18720
PO-000000099,NQ-TOP-004-M-WHT,40,18720
PO-000000100,NQ-CLR-MUT-003-M-ASH,303,16800
PO-000000101,NQ-CLR-MUT-006-S-ASH,101,16800
PO-000000102,NQ-PNT-002-L-BLK,113,23520
PO-000000103,NQ-PNT-001-L-NVY,340,23520
PO-000000104,NQ-CLR-MUT-003-S-IVR,303,16800
PO-000000105,NQ-CLR-COOL-005-M-ASH,101,16800
PO-000000106,NQ-CLR-WRM-001-S-CRM,303,16800
PO-000000107,NQ-PNT-002-M-BEG,113,23520
PO-000000108,NQ-CLR-COOL-002-M-ASH,303,16800
PO-000000109,NQ-CLR-COOL-005-S-ASH,101,16800
PO-000000110,NQ-CLR-WRM-004-S-IVR,101,16800
PO-000000111,NQ-CLR-COOL-002-M-CRM,303,16800
PO-000000112,NQ-TOP-002-L-BLK,133,18720
PO-000000113,NQ-PNT-001-L-KHK,340,23520
PO-000000114,NQ-PNT-001-L-GRY,340,23520
PO-000000115,NQ-CLR-COOL-002-S-CRM,303,16800
PO-000000116,NQ-TOP-005-M-NVY,40,18720
PO-000000117,NQ-TOP-004-M-GRY,40,18720
PO-000000118,NQ-TOP-002-L-GRY,133,18720
PO-000000119,NQ-TOP-004-M-NVY,40,18720
PO-000000120,NQ-CLR-WRM-001-S-IVR,303,16800
PO-000000121,NQ-CLR-WRM-001-M-CRM,303,16800
PO-000000122,NQ-TOP-001-L-BLK,399,18720
PO-000000123,NQ-TOP-001-M-ORC,399,18720
PO-000000124,NQ-TOP-001-L-GRY,399,18720
PO-000000125,NQ-CLR-MUT-006-M-ASH,101,16800
PO-000000126,NQ-CLR-MUT-003-M-CRM,303,16800
PO-000000127,NQ-CLR-MUT-003-M-IVR,303,16800
PO-000000128,NQ-TOP-003-M-NVY,133,18720
PO-000000129,NQ-CLR-COOL-002-S-ASH,303,16800
PO-000000130,NQ-CLR-COOL-005-S-IVR,101,16800
PO-000000131,NQ-TOP-001-L-SKB,399,18720
PO-000000132,NQ-CLR-COOL-002-S-IVR,303,16800
PO-000000133,NQ-CLR-WRM-004-S-ASH,101,16800
PO-000000134,NQ-TOP-001-M-NVY,399,18720
PO-000000135,NQ-TOP-001-L-WHT,399,18720
PO-000000136,NQ-TOP-003-L-NVY,133,18720
PO-000000137,NQ-CLR-MUT-003-S-CRM,303,16800
PO-000000138,NQ-CLR-MUT-003-S-ASH,303,16800
PO-000000139,NQ-TOP-001-M-GRY,399,18720
PO-000000140,NQ-TOP-001-M-WHT,399,18720
PO-000000141,NQ-TOP-001-L-ORC,399,18720
PO-000000142,NQ-CLR-MUT-006-M-CRM,101,16800
PO-000000143,NQ-TOP-002-M-WHT,133,18720
PO-000000144,NQ-TOP-002-M-BLK,133,18720
PO-000000145,NQ-TOP-004-L-NVY,40,18720
PO-000000146,NQ-PNT-004-M-BLK,34,23520
PO-000000147,NQ-TOP-001-L-NVY,399,18720
PO-000000148,NQ-TOP-001-L-LYL,399,18720
PO-000000149,NQ-CLR-WRM-004-M-CRM,101,16800
PO-000000150,NQ-TOP-003-L-GRY,133,18720
PO-000000151,NQ-TOP-001-M-BLK,399,18720
PO-000000152,NQ-TOP-001-M-SKB,399,18720
PO-000000153,NQ-TOP-002-M-NVY,133,18720
PO-000000154,NQ-TOP-003-M-BLK,133,18720
PO-000000155,NQ-TOP-001-M-LYL,399,18720
PO-000000156,NQ-PNT-003-M-BEG,113,23520
PO-000000157,NQ-TOP-003-L-WHT,133,18720
PO-000000158,NQ-TOP-003-M-WHT,133,18720
PO-000000159,NQ-PNT-004-XL-BEG,34,23520
PO-000000160,NQ-TOP-004-M-BLK,40,18720
PO-000000161,NQ-TOP-002-L-NVY,133,18720
PO-000000162,NQ-TOP-005-M-BLK,40,18720
PO-000000163,NQ-TOP-003-M-GRY,133,18720
PO-000000164,NQ-TOP-002-M-GRY,133,18720
PO-000000165,NQ-CLR-COOL-005-L-IVR,101,16800
PO-000000166,NQ-CLR-COOL-005-L-ASH,101,16800
PO-000000167,NQ-PNT-004-M-BEG,34,23520
PO-000000168,NQ-PNT-004-XL-GRY,34,23520
PO-000000169,NQ-CLR-WRM-001-L-CRM,303,16800
PO-000000170,NQ-CLR-WRM-001-L-ASH,329,16800
PO-000000171,NQ-PNT-002-XL-GRY,130,23520
PO-000000172,NQ-CLR-WRM-004-L-IVR,110,16800
PO-000000173,NQ-CLR-WRM-004-L-ASH,111,16800
PO-000000174,NQ-TOP-004-L-GRY,44,18720
PO-000000175,NQ-PNT-001-XL-GRY,368,23520
PO-000000176,NQ-CLR-MUT-006-L-ASH,110,16800
PO-000000177,NQ-CLR-WRM-001-L-IVR,329,16800
PO-000000178,NQ-PNT-001-XL-BEG,368,23520
PO-000000179,NQ-CLR-COOL-002-L-CRM,329,16800
PO-000000180,NQ-PNT-003-XL-GRY,123,23520
PO-000000181,NQ-TOP-004-XL-GRY,43,18720
PO-000000182,NQ-PNT-002-XL-BLK,123,23520
PO-000000183,NQ-CLR-MUT-006-L-IVR,110,16800
PO-000000184,NQ-TOP-004-XL-WHT,46,18720
PO-000000185,NQ-CLR-COOL-002-L-IVR,329,16800
PO-000000186,NQ-PNT-003-XL-BLK,123,23520
PO-000000187,NQ-CLR-COOL-002-L-ASH,329,16800
PO-000000188,NQ-CLR-MUT-003-L-ASH,329,16800
PO-000000189,NQ-TOP-003-XL-WHT,143,18720
PO-000000190,NQ-PNT-003-L-BEG,123,23520
PO-000000191,NQ-CLR-WRM-004-L-CRM,110,16800
PO-000000192,NQ-CLR-MUT-003-L-CRM,329,16800
PO-000000193,NQ-TOP-005-XL-BLK,43,18720
PO-000000194,NQ-PNT-004-S-BEG,36,23520
PO-000000195,NQ-TOP-005-XL-NVY,43,18720
PO-000000196,NQ-TOP-002-XL-BLK,143,18720
PO-000000197,NQ-TOP-005-L-GRY,43,18720
PO-000000198,NQ-CLR-MUT-006-L-CRM,110,16800
PO-000000199,NQ-PNT-004-XL-BLK,36,23520
PO-000000200,NQ-TOP-003-XL-BLK,143,18720
PO-000000201,NQ-PNT-001-XL-BLK,368,23520
PO-000000202,NQ-TOP-005-L-WHT,43,18720
PO-000000203,NQ-CLR-MUT-006-M-IVR,110,16800
PO-000000204,NQ-PNT-004-S-GRY,36,23520
PO-000000205,NQ-PNT-001-XL-KHK,368,23520
PO-000000206,NQ-CLR-MUT-003-L-IVR,329,16800
PO-000000207,NQ-PNT-003-XL-BEG,123,23520
PO-000000208,NQ-PNT-002-XL-BEG,123,23520
PO-000000209,NQ-CLR-COOL-005-M-IVR,110,16800
PO-000000210,NQ-CLR-COOL-005-L-CRM,110,16800
PO-000000211,NQ-PNT-001-M-BEG,368,23520
PO-000000212,NQ-PNT-002-L-BEG,123,23520
PO-000000213,NQ-TOP-005-S-WHT,43,18720
PO-000000214,NQ-PNT-001-XL-NVY,368,23520
PO-000000215,NQ-CLR-WRM-004-M-ASH,110,16800
PO-000000216,NQ-TOP-005-XL-GRY,43,18720
PO-000000217,NQ-TOP-004-L-BLK,43,18720
PO-000000218,NQ-CLR-MUT-006-S-IVR,110,16800
PO-000000219,NQ-CLR-COOL-005-M-CRM,110,16800
PO-000000220,NQ-TOP-001-XL-GRY,431,18720
PO-000000221,NQ-TOP-002-XL-GRY,143,18720
PO-000000222,NQ-PNT-003-S-BEG,123,23520
PO-000000223,NQ-CLR-WRM-004-S-CRM,110,16800
PO-000000224,NQ-PNT-001-L-BEG,368,23520
PO-000000225,NQ-CLR-WRM-001-M-IVR,329,16800
PO-000000226,NQ-CLR-MUT-006-S-CRM,110,16800
PO-000000227,NQ-CLR-COOL-002-M-IVR,329,16800
PO-000000228,NQ-TOP-004-XL-NVY,43,18720
PO-000000229,NQ-PNT-003-S-GRY,123,23520
PO-000000230,NQ-TOP-005-L-BLK,43,18720
PO-000000231,NQ-PNT-002-S-BLK,123,23520
PO-000000232,NQ-TOP-001-XL-NVY,431,18720
PO-000000233,NQ-TOP-002-S-GRY,143,18720
PO-000000234,NQ-PNT-002-M-BLK,123,23520
PO-000000235,NQ-TOP-005-M-GRY,43,18720
PO-000000236,NQ-PNT-003-M-BLK,123,23520
PO-000000237,NQ-TOP-005-XL-WHT,43,18720
PO-000000238,NQ-PNT-002-M-GRY,123,23520
PO-000000239,NQ-PNT-001-M-KHK,368,23520
PO-000000240,NQ-CLR-WRM-004-M-IVR,110,16800
PO-000000241,NQ-CLR-WRM-001-M-ASH,329,16800
PO-000000242,NQ-TOP-003-XL-NVY,143,18720
PO-000000243,NQ-PNT-004-L-BLK,36,23520
PO-000000244,NQ-CLR-MUT-003-S-IVR,329,16800
PO-000000245,NQ-PNT-001-M-BLK,368,23520
PO-000000246,NQ-CLR-WRM-001-S-ASH,329,16800
PO-000000247,NQ-PNT-003-L-GRY,123,23520
PO-000000248,NQ-TOP-003-S-NVY,143,18720
PO-000000249,NQ-CLR-COOL-002-M-ASH,329,16800
PO-000000250,NQ-CLR-COOL-002-M-CRM,329,16800
PO-000000251,NQ-CLR-COOL-005-M-ASH,110,16800
PO-000000252,NQ-CLR-MUT-003-M-ASH,329,16800
PO-000000253,NQ-CLR-MUT-006-M-ASH,110,16800
PO-000000254,NQ-CLR-COOL-002-S-CRM,329,16800
PO-000000255,NQ-CLR-WRM-004-S-IVR,110,16800
PO-000000256,NQ-CLR-WRM-004-S-ASH,110,16800
PO-000000257,NQ-PNT-001-L-BLK,368,23520
PO-000000258,NQ-CLR-WRM-001-S-CRM,329,16800
PO-000000259,NQ-PNT-004-L-GRY,36,23520
PO-000000260,NQ-TOP-005-L-NVY,43,18720
PO-000000261,NQ-TOP-001-XL-BLK,431,18720
PO-000000262,NQ-CLR-COOL-005-S-CRM,110,16800
PO-000000263,NQ-CLR-COOL-005-S-ASH,110,16800
PO-000000264,NQ-TOP-005-S-BLK,43,18720
PO-000000265,NQ-CLR-COOL-002-S-ASH,329,16800
PO-000000266,NQ-CLR-MUT-003-M-IVR,329,16800
PO-000000267,NQ-TOP-005-M-NVY,43,18720
PO-000000268,NQ-TOP-004-M-WHT,43,18720
PO-000000269,NQ-TOP-004-L-WHT,43,18720
PO-000000270,NQ-CLR-WRM-001-S-IVR,329,16800
PO-000000271,NQ-PNT-003-L-BLK,123,23520
PO-000000272,NQ-PNT-002-L-GRY,123,23520
PO-000000273,NQ-TOP-001-XL-SKB,431,18720
PO-000000274,NQ-CLR-MUT-006-S-ASH,110,16800
PO-000000275,NQ-PNT-001-S-GRY,368,23520
PO-000000276,NQ-CLR-WRM-001-M-CRM,329,16800
PO-000000277,NQ-PNT-001-M-NVY,368,23520
PO-000000278,NQ-TOP-003-S-BLK,143,18720
PO-000000279,NQ-CLR-COOL-005-S-IVR,110,16800
PO-000000280,NQ-TOP-004-M-NVY,43,18720
PO-000000281,NQ-CLR-MUT-003-M-CRM,329,16800
PO-000000282,NQ-TOP-001-XL-LYL,431,18720
PO-000000283,NQ-PNT-004-M-GRY,36,23520
PO-000000284,NQ-TOP-005-M-WHT,43,18720
PO-000000285,NQ-CLR-MUT-003-S-ASH,329,16800
PO-000000286,NQ-TOP-004-S-GRY,43,18720
PO-000000287,NQ-PNT-001-S-BEG,368,23520
PO-000000288,NQ-TOP-003-L-GRY,143,18720
PO-000000289,NQ-PNT-001-L-KHK,368,23520
PO-000000290,NQ-CLR-MUT-003-S-CRM,329,16800
PO-000000291,NQ-PNT-001-L-GRY,368,23520
PO-000000292,NQ-CLR-COOL-002-S-IVR,329,16800
PO-000000293,NQ-TOP-004-L-NVY,43,18720
PO-000000294,NQ-CLR-MUT-006-M-CRM,110,16800
PO-000000295,NQ-TOP-002-L-WHT,143,18720
PO-000000296,NQ-TOP-001-XL-WHT,431,18720
PO-000000297,NQ-TOP-001-L-BLK,431,18720
PO-000000298,NQ-TOP-002-L-BLK,143,18720
PO-000000299,NQ-TOP-001-L-GRY,431,18720
PO-000000300,NQ-PNT-004-L-BEG,36,23520
PO-000000301,NQ-CLR-WRM-004-M-CRM,110,16800
PO-000000302,NQ-PNT-002-M-BEG,123,23520
PO-000000303,NQ-TOP-002-S-BLK,143,18720
PO-000000304,NQ-TOP-003-L-BLK,143,18720
PO-000000305,NQ-TOP-003-S-WHT,143,18720
PO-000000306,NQ-TOP-001-XL-ORC,431,18720
PO-000000307,NQ-PNT-001-L-NVY,368,23520
PO-000000308,NQ-PNT-002-L-BLK,123,23520
PO-000000309,NQ-TOP-003-XL-GRY,143,18720
PO-000000310,NQ-TOP-004-M-GRY,43,18720
PO-000000311,NQ-PNT-001-S-BLK,368,23520
PO-000000312,NQ-TOP-002-XL-NVY,143,18720
PO-000000313,NQ-TOP-001-M-ORC,431,18720
PO-000000314,NQ-PNT-002-S-GRY,123,23520
PO-000000315,NQ-TOP-001-M-NVY,431,18720
PO-000000316,NQ-PNT-001-M-GRY,368,23520
PO-000000317,NQ-TOP-001-M-WHT,431,18720
PO-000000318,NQ-TOP-003-M-NVY,143,18720
PO-000000319,NQ-TOP-001-M-SKB,431,18720
PO-000000320,NQ-TOP-001-L-ORC,431,18720
PO-000000321,NQ-PNT-004-S-BLK,36,23520
PO-000000322,NQ-TOP-002-M-WHT,143,18720
PO-000000323,NQ-TOP-003-M-WHT,143,18720
PO-000000324,NQ-TOP-002-L-GRY,143,18720
PO-000000325,NQ-TOP-001-M-GRY,431,18720
PO-000000326,NQ-TOP-001-L-NVY,431,18720
PO-000000327,NQ-PNT-001-S-NVY,368,23520
PO-000000328,NQ-TOP-001-L-SKB,431,18720
PO-000000329,NQ-TOP-002-M-NVY,143,18720
PO-000000330,NQ-TOP-001-M-LYL,431,18720
PO-000000331,NQ-PNT-003-M-GRY,123,23520
PO-000000332,NQ-TOP-001-L-WHT,431,18720
PO-000000333,NQ-TOP-001-L-LYL,431,18720
PO-000000334,NQ-PNT-001-S-KHK,368,23520
PO-000000335,NQ-TOP-002-M-BLK,143,18720
PO-000000336,NQ-TOP-001-M-BLK,431,18720
PO-000000337,NQ-TOP-003-S-GRY,143,18720
PO-000000338,NQ-PNT-003-M-BEG,123,23520
PO-000000339,NQ-PNT-004-M-BLK,36,23520
PO-000000340,NQ-TOP-003-M-GRY,143,18720
PO-000000341,NQ-TOP-003-M-BLK,143,18720
PO-000000342,NQ-TOP-002-S-WHT,143,18720
PO-000000343,NQ-TOP-003-L-WHT,143,18720
PO-000000344,NQ-TOP-004-M-BLK,43,18720
PO-000000345,NQ-PNT-002-S-BEG,123,23520
PO-000000346,NQ-TOP-002-L-NVY,143,18720
PO-000000347,NQ-TOP-003-L-NVY,143,18720
PO-000000348,NQ-TOP-002-S-NVY,143,18720
PO-000000349,NQ-TOP-005-S-NVY,43,18720
PO-000000350,NQ-TOP-005-S-GRY,43,18720
PO-000000351,NQ-TOP-001-S-WHT,431,18720
PO-000000352,NQ-TOP-005-M-BLK,43,18720
PO-000000353,NQ-TOP-002-M-GRY,143,18720
PO-000000354,NQ-CLR-COOL-005-L-IVR,110,16800
PO-000000355,NQ-PNT-003-S-BLK,123,23520
PO-000000356,NQ-CLR-COOL-005-L-ASH,110,16800
PO-000000357,NQ-TOP-001-S-ORC,431,18720
PO-000000358,NQ-TOP-001-S-SKB,431,18720
PO-000000359,NQ-TOP-004-S-NVY,43,18720
PO-000000360,NQ-TOP-001-S-BLK,431,18720
PO-000000361,NQ-TOP-002-XL-WHT,143,18720
PO-000000362,NQ-TOP-004-XL-BLK,43,18720
PO-000000363,NQ-TOP-004-S-BLK,43,18720
PO-000000364,NQ-TOP-001-S-GRY,431,18720
PO-000000365,NQ-CLR-WRM-001-L-CRM,329,16800
PO-000000366,NQ-PNT-004-XL-GRY,36,23520
PO-000000367,NQ-PNT-004-M-BEG,36,23520
PO-000000368,NQ-PNT-004-XL-BEG,36,23520
PO-000000369,NQ-TOP-001-S-LYL,431,18720
PO-000000370,NQ-CLR-WRM-001-L-ASH,329,16800
PO-000000371,NQ-CLR-COOL-002-L-CRM,329,16800
PO-000000372,NQ-CLR-MUT-006-L-ASH,110,16800
PO-000000373,NQ-CLR-WRM-004-L-ASH,110,16800
PO-000000374,NQ-CLR-WRM-001-L-IVR,329,16800
PO-000000375,NQ-CLR-WRM-004-L-CRM,110,16800
PO-000000376,NQ-CLR-COOL-002-L-IVR,329,16800
PO-000000377,NQ-CLR-WRM-004-L-IVR,110,16800
PO-000000378,NQ-CLR-MUT-003-L-ASH,329,16800
PO-000000379,NQ-TOP-004-2XL-BLK,43,18720
PO-000000380,NQ-CLR-MUT-006-L-IVR,110,16800
PO-000000381,NQ-TOP-001-S-NVY,431,18720
PO-000000382,NQ-CLR-COOL-002-L-ASH,329,16800
PO-000000383,NQ-PNT-003-2XL-BLK,123,23520
PO-000000384,NQ-CLR-MUT-006-M-IVR,110,16800
PO-000000385,NQ-CLR-MUT-003-L-CRM,329,16800
PO-000000386,NQ-CLR-COOL-005-M-IVR,110,16800
PO-000000387,NQ-CLR-WRM-004-M-ASH,110,16800
PO-000000388,NQ-CLR-MUT-006-L-CRM,110,16800
PO-000000389,NQ-TOP-004-L-GRY,43,18720
PO-000000390,NQ-PNT-003-L-BEG,123,23520
PO-000000391,NQ-CLR-COOL-005-M-CRM,110,16800
PO-000000392,NQ-TOP-005-L-GRY,43,18720
PO-000000393,NQ-CLR-MUT-006-S-IVR,110,16800
PO-000000394,NQ-TOP-004-S-WHT,43,18720
PO-000000395,NQ-CLR-WRM-004-S-CRM,110,16800
PO-000000396,NQ-CLR-COOL-002-M-IVR,329,16800
PO-000000397,NQ-CLR-COOL-005-L-CRM,110,16800
PO-000000398,NQ-CLR-WRM-001-M-IVR,329,16800
PO-000000399,NQ-PNT-001-L-BEG,368,23520
PO-000000400,NQ-PNT-001-M-BEG,368,23520
PO-000000401,NQ-CLR-MUT-006-S-CRM,110,16800
PO-000000402,NQ-CLR-MUT-003-L-IVR,329,16800
PO-000000403,NQ-PNT-004-2XL-BLK,36,23520
PO-000000404,NQ-PNT-002-M-BLK,123,23520
PO-000000405,NQ-TOP-005-L-BLK,43,18720
PO-000000406,NQ-PNT-002-L-BEG,123,23520
PO-000000407,NQ-CLR-WRM-004-M-IVR,110,16800
PO-000000408,NQ-TOP-004-L-BLK,43,18720
PO-000000409,NQ-PNT-001-2XL-KHK,368,23520
PO-000000410,NQ-CLR-WRM-001-M-ASH,329,16800
PO-000000411,NQ-CLR-MUT-003-S-IVR,329,16800
PO-000000412,NQ-CLR-COOL-005-S-ASH,110,16800
PO-000000413,NQ-PNT-002-M-GRY,123,23520
PO-000000414,NQ-CLR-MUT-006-M-ASH,110,16800
PO-000000415,NQ-CLR-MUT-003-M-ASH,329,16800
PO-000000416,NQ-CLR-WRM-001-S-ASH,329,16800
PO-000000417,NQ-PNT-002-2XL-BLK,123,23520
PO-000000418,NQ-CLR-COOL-005-M-ASH,110,16800
PO-000000419,NQ-CLR-COOL-002-M-CRM,329,16800
PO-000000420,NQ-CLR-MUT-006-S-ASH,110,16800
PO-000000421,NQ-CLR-COOL-002-S-CRM,329,16800
PO-000000422,NQ-CLR-COOL-002-M-ASH,329,16800
PO-000000423,NQ-PNT-001-2XL-GRY,368,23520
PO-000000424,NQ-CLR-WRM-004-S-IVR,110,16800
PO-000000425,NQ-CLR-WRM-001-M-CRM,329,16800
PO-000000426,NQ-PNT-003-M-BLK,123,23520
PO-000000427,NQ-CLR-COOL-002-S-ASH,329,16800
PO-000000428,NQ-PNT-004-M-GRY,36,23520
PO-000000429,NQ-CLR-MUT-003-M-IVR,329,16800
PO-000000430,NQ-CLR-WRM-001-S-CRM,329,16800
PO-000000431,NQ-CLR-COOL-005-S-CRM,110,16800
PO-000000432,NQ-CLR-WRM-004-S-ASH,110,16800
PO-000000433,NQ-PNT-003-L-GRY,123,23520
PO-000000434,NQ-CLR-MUT-003-M-CRM,329,16800
PO-000000435,NQ-PNT-002-XL-GRY,123,23520
PO-000000436,NQ-CLR-COOL-005-S-IVR,110,16800
PO-000000437,NQ-PNT-002-XL-BLK,123,23520
PO-000000438,NQ-CLR-MUT-003-S-ASH,329,16800
PO-000000439,NQ-CLR-WRM-001-S-IVR,329,16800
PO-000000440,NQ-PNT-001-M-KHK,368,23520
PO-000000441,NQ-PNT-001-L-BLK,368,23520
PO-000000442,NQ-TOP-005-2XL-GRY,43,18720
PO-000000443,NQ-PNT-004-2XL-GRY,36,23520
PO-000000444,NQ-TOP-004-M-WHT,43,18720
PO-000000445,NQ-PNT-004-L-BLK,36,23520
PO-000000446,NQ-PNT-001-M-BLK,368,23520
PO-000000447,NQ-PNT-003-2XL-GRY,123,23520
PO-000000448,NQ-PNT-003-L-BLK,123,23520
PO-000000449,NQ-PNT-002-L-GRY,123,23520
PO-000000450,NQ-CLR-MUT-006-M-CRM,110,16800
PO-000000451,NQ-CLR-COOL-002-S-IVR,329,16800
PO-000000452,NQ-CLR-MUT-003-S-CRM,329,16800
PO-000000453,NQ-PNT-004-L-GRY,36,23520
PO-000000454,NQ-PNT-001-M-NVY,368,23520
PO-000000455,NQ-TOP-004-2XL-GRY,43,18720
PO-000000456,NQ-TOP-004-L-WHT,43,18720
PO-000000457,NQ-PNT-002-XL-BEG,123,23520
PO-000000458,NQ-PNT-003-XL-GRY,123,23520
PO-000000459,NQ-PNT-001-2XL-BLK,368,23520
PO-000000460,NQ-PNT-001-XL-BEG,368,23520
PO-000000461,NQ-TOP-005-M-NVY,43,18720
PO-000000462,NQ-PNT-001-L-KHK,368,23520
PO-000000463,NQ-PNT-001-XL-GRY,368,23520
PO-000000464,NQ-PNT-001-L-GRY,368,23520
PO-000000465,NQ-PNT-001-XL-NVY,368,23520
PO-000000466,NQ-PNT-004-2XL-BEG,36,23520
PO-000000467,NQ-TOP-004-XL-WHT,43,18720
PO-000000468,NQ-CLR-WRM-004-M-CRM,110,16800
PO-000000469,NQ-TOP-005-L-NVY,43,18720
PO-000000470,NQ-TOP-004-L-NVY,43,18720
PO-000000471,NQ-TOP-004-M-NVY,43,18720
PO-000000472,NQ-TOP-002-L-BLK,143,18720
PO-000000473,NQ-TOP-005-2XL-BLK,43,18720
PO-000000474,NQ-PNT-004-L-BEG,36,23520
PO-000000475,NQ-TOP-005-XL-WHT,43,18720
PO-000000476,NQ-PNT-001-XL-KHK,368,23520
PO-000000477,NQ-PNT-002-M-BEG,123,23520
PO-000000478,NQ-TOP-005-M-GRY,43,18720
PO-000000479,NQ-PNT-001-M-GRY,368,23520
PO-000000480,NQ-TOP-001-L-BLK,431,18720
PO-000000481,NQ-TOP-005-XL-NVY,43,18720
PO-000000482,NQ-TOP-002-L-WHT,143,18720
PO-000000483,NQ-PNT-001-XL-BLK,368,23520
PO-000000484,NQ-PNT-001-L-NVY,368,23520
PO-000000485,NQ-TOP-001-L-GRY,1191,18720
PO-000000486,NQ-PNT-001-2XL-BEG,1017,23520
PO-000000487,NQ-TOP-001-XL-WHT,1034,18720
PO-000000488,NQ-TOP-001-L-WHT,1133,18720
PO-000000489,NQ-TOP-001-M-NVY,1148,18720
PO-000000490,NQ-TOP-003-L-GRY,388,18720
PO-000000491,NQ-TOP-002-2XL-NVY,392,18720
PO-000000492,NQ-TOP-001-2XL-SKB,1156,18720
PO-000000493,NQ-TOP-002-M-WHT,385,18720
PO-000000494,NQ-TOP-002-2XL-WHT,392,18720
PO-000000495,NQ-PNT-001-S-NVY,904,23520
PO-000000496,NQ-TOP-001-M-SKB,1158,18720
PO-000000497,NQ-TOP-001-M-LYL,1138,18720
PO-000000498,NQ-TOP-003-XL-WHT,392,18720
PO-000000499,NQ-TOP-002-XL-NVY,336,18720
PO-000000500,NQ-TOP-001-M-BLK,1097,18720
PO-000000501,NQ-TOP-001-M-ORC,1147,18720
PO-000000502,NQ-TOP-001-XL-ORC,1026,18720
PO-000000503,NQ-TOP-001-L-ORC,1152,18720
PO-000000504,NQ-TOP-001-XL-LYL,1067,18720
PO-000000505,NQ-TOP-001-M-GRY,1143,18720
PO-000000506,NQ-TOP-003-XL-BLK,371,18720
PO-000000507,NQ-PNT-001-S-GRY,930,23520
PO-000000508,NQ-PNT-002-2XL-GRY,339,23520
PO-000000509,NQ-TOP-003-M-NVY,380,18720
PO-000000510,NQ-PNT-001-S-BEG,956,23520
PO-000000511,NQ-TOP-001-L-LYL,1110,18720
PO-000000512,NQ-TOP-001-2XL-LYL,1192,18720
PO-000000513,NQ-TOP-001-XL-SKB,1061,18720
PO-000000514,NQ-TOP-001-XL-NVY,1122,18720
PO-000000515,NQ-TOP-004-XL-NVY,118,18720
PO-000000516,NQ-TOP-002-M-NVY,379,18720
PO-000000517,NQ-TOP-001-XL-BLK,1060,18720
PO-000000518,NQ-TOP-001-XL-GRY,1112,18720
PO-000000519,NQ-TOP-005-3XL-NVY,92,18720
PO-000000520,NQ-TOP-001-2XL-WHT,1180,18720
PO-000000521,NQ-TOP-001-L-NVY,1132,18720
PO-000000522,NQ-TOP-002-L-GRY,375,18720
PO-000000523,NQ-TOP-002-2XL-GRY,389,18720
PO-000000524,NQ-PNT-002-L-BLK,340,23520
PO-000000525,NQ-TOP-001-L-SKB,1141,18720
PO-000000526,NQ-TOP-001-2XL-ORC,1146,18720
PO-000000527,NQ-TOP-004-M-GRY,117,18720
PO-000000528,NQ-TOP-005-XL-GRY,111,18720
PO-000000529,NQ-TOP-002-M-BLK,372,18720
PO-000000530,NQ-PNT-001-3XL-NVY,749,23520
PO-000000531,NQ-PNT-003-S-BEG,321,23520
PO-000000532,NQ-PNT-001-3XL-GRY,740,23520
PO-000000533,NQ-TOP-001-2XL-GRY,1132,18720
PO-000000534,NQ-PNT-003-XL-BEG,329,23520
PO-000000535,NQ-TOP-003-S-BLK,340,18720
PO-000000536,NQ-TOP-001-2XL-NVY,1132,18720
PO-000000537,NQ-PNT-001-S-BLK,911,23520
PO-000000538,NQ-PNT-001-2XL-NVY,1001,23520
PO-000000539,NQ-PNT-002-3XL-GRY,247,23520
PO-000000540,NQ-TOP-001-M-WHT,1156,18720
PO-000000541,NQ-TOP-003-XL-GRY,334,18720
PO-000000542,NQ-TOP-001-2XL-BLK,1144,18720
PO-000000543,NQ-PNT-001-S-KHK,907,23520
PO-000000544,NQ-PNT-003-XL-BLK,336,23520
PO-000000545,NQ-PNT-002-S-GRY,292,23520
PO-000000546,NQ-PNT-002-2XL-BEG,332,23520
PO-000000547,NQ-TOP-002-XL-GRY,370,18720
PO-000000548,NQ-TOP-004-2XL-NVY,118,18720
PO-000000549,NQ-TOP-002-XL-BLK,382,18720
PO-000000550,NQ-TOP-003-XL-NVY,350,18720
PO-000000551,NQ-TOP-002-2XL-BLK,381,18720
PO-000000552,NQ-PNT-003-2XL-BEG,325,23520
PO-000000553,NQ-PNT-003-M-GRY,338,23520
PO-000000554,NQ-TOP-003-L-BLK,395,18720
PO-000000555,NQ-TOP-003-M-WHT,382,18720
PO-000000556,NQ-TOP-003-2XL-NVY,370,18720
PO-000000557,NQ-TOP-005-3XL-WHT,92,18720
PO-000000558,NQ-PNT-004-XL-BLK,92,23520
PO-000000559,NQ-TOP-003-S-NVY,343,18720
PO-000000560,NQ-TOP-003-S-WHT,335,18720
PO-000000561,NQ-PNT-003-M-BEG,311,23520
PO-000000562,NQ-PNT-003-S-GRY,309,23520
PO-000000563,NQ-TOP-005-XS-WHT,86,18720
PO-000000564,NQ-PNT-002-S-BLK,338,23520
PO-000000565,NQ-TOP-003-2XL-WHT,387,18720
PO-000000566,NQ-PNT-004-S-GRY,102,23520
PO-000000567,NQ-TOP-002-S-BLK,336,18720
PO-000000568,NQ-TOP-005-XL-BLK,113,18720
PO-000000569,NQ-TOP-002-S-WHT,334,18720
PO-000000570,NQ-TOP-004-XL-GRY,118,18720
PO-000000571,NQ-TOP-003-3XL-WHT,293,18720
PO-000000572,NQ-TOP-003-S-GRY,348,18720
PO-000000573,NQ-TOP-003-2XL-BLK,361,18720
PO-000000574,NQ-TOP-003-2XL-GRY,397,18720
PO-000000575,NQ-PNT-002-3XL-BEG,261,23520
PO-000000576,NQ-PNT-003-3XL-BLK,257,23520
PO-000000577,NQ-TOP-003-M-GRY,367,18720
PO-000000578,NQ-TOP-002-S-GRY,359,18720
PO-000000579,NQ-TOP-003-M-BLK,367,18720
PO-000000580,NQ-PNT-004-S-BEG,90,23520
PO-000000581,NQ-PNT-004-S-BLK,89,23520
PO-000000582,NQ-PNT-004-M-BLK,95,23520
PO-000000583,NQ-TOP-004-2XL-WHT,116,18720
PO-000000584,NQ-TOP-005-S-WHT,108,18720
PO-000000585,NQ-TOP-005-M-WHT,117,18720
PO-000000586,NQ-PNT-002-3XL-BLK,246,23520
PO-000000587,NQ-PNT-001-3XL-BEG,738,23520
PO-000000588,NQ-PNT-002-S-BEG,309,23520
PO-000000589,NQ-PNT-003-3XL-GRY,250,23520
PO-000000590,NQ-TOP-002-L-NVY,367,18720
PO-000000591,NQ-TOP-003-L-WHT,367,18720
PO-000000592,NQ-TOP-005-L-WHT,119,18720
PO-000000593,NQ-TOP-005-2XL-WHT,112,18720
PO-000000594,NQ-TOP-005-S-BLK,106,18720
PO-000000595,NQ-PNT-001-3XL-BLK,738,23520
PO-000000596,NQ-PNT-001-3XL-KHK,738,23520
PO-000000597,NQ-TOP-003-L-NVY,367,18720
PO-000000598,NQ-TOP-004-S-GRY,98,18720
PO-000000599,NQ-TOP-005-S-NVY,102,18720
PO-000000600,NQ-PNT-003-3XL-BEG,246,23520
PO-000000601,NQ-TOP-002-S-NVY,325,18720
PO-000000602,NQ-PNT-003-XS-BEG,246,23520
PO-000000603,NQ-TOP-004-XS-NVY,86,18720
PO-000000604,NQ-TOP-004-3XL-WHT,87,18720
PO-000000605,NQ-TOP-005-S-GRY,99,18720
PO-000000606,NQ-TOP-005-3XL-BLK,88,18720
PO-000000607,NQ-TOP-002-M-GRY,367,18720
PO-000000608,NQ-TOP-001-S-WHT,1014,18720
PO-000000609,NQ-TOP-005-2XL-NVY,116,18720
PO-000000610,NQ-CLR-COOL-005-L-IVR,278,16800
PO-000000611,NQ-TOP-004-M-BLK,109,18720
PO-000000612,NQ-TOP-002-3XL-NVY,289,18720
PO-000000613,NQ-CLR-COOL-005-L-ASH,278,16800
PO-000000614,NQ-PNT-003-S-BLK,294,23520
PO-000000615,NQ-TOP-005-M-BLK,110,18720
PO-000000616,NQ-TOP-001-S-ORC,997,18720
PO-000000617,NQ-TOP-002-3XL-BLK,289,18720
PO-000000618,NQ-TOP-005-3XL-GRY,88,18720
PO-000000619,NQ-TOP-001-S-SKB,1000,18720
PO-000000620,NQ-TOP-004-S-NVY,95,18720
PO-000000621,NQ-TOP-001-S-BLK,1000,18720
PO-000000622,NQ-PNT-004-3XL-BLK,79,23520
PO-000000623,NQ-PNT-004-XS-GRY,74,23520
PO-000000624,NQ-TOP-002-XL-WHT,349,18720
PO-000000625,NQ-TOP-004-XL-BLK,106,18720
PO-000000626,NQ-PNT-002-XS-BLK,246,23520
PO-000000627,NQ-TOP-001-S-GRY,1039,18720
PO-000000628,NQ-CLR-WRM-001-L-CRM,835,16800
PO-000000629,NQ-TOP-004-XS-BLK,86,18720
PO-000000630,NQ-TOP-003-3XL-NVY,289,18720
PO-000000631,NQ-TOP-004-S-BLK,99,18720
PO-000000632,NQ-PNT-001-XS-GRY,738,23520
PO-000000633,NQ-TOP-001-3XL-NVY,866,18720
PO-000000634,NQ-PNT-004-XL-GRY,95,23520
PO-000000635,NQ-TOP-004-3XL-NVY,86,18720
PO-000000636,NQ-PNT-004-3XL-BEG,74,23520
PO-000000637,NQ-PNT-004-XS-BEG,74,23520
PO-000000638,NQ-TOP-004-3XL-GRY,86,18720
PO-000000639,NQ-PNT-004-XL-BEG,95,23520
PO-000000640,NQ-TOP-004-XS-WHT,86,18720
PO-000000641,NQ-TOP-001-S-LYL,1068,18720
PO-000000642,NQ-PNT-004-M-BEG,95,23520
PO-000000643,NQ-CLR-COOL-002-L-CRM,835,16800
PO-000000644,NQ-CLR-WRM-001-L-ASH,835,16800
PO-000000645,NQ-CLR-MUT-006-L-ASH,278,16800
PO-000000646,NQ-TOP-001-3XL-SKB,866,18720
PO-000000647,NQ-TOP-005-XS-BLK,86,18720
PO-000000648,NQ-CLR-WRM-004-L-ASH,278,16800
PO-000000649,NQ-PNT-004-3XL-GRY,74,23520
PO-000000650,NQ-CLR-WRM-004-L-IVR,278,16800
PO-000000651,NQ-TOP-001-3XL-LYL,866,18720
PO-000000652,NQ-CLR-WRM-001-L-IVR,835,16800
PO-000000653,NQ-CLR-COOL-002-L-IVR,835,16800
PO-000000654,NQ-CLR-WRM-004-L-CRM,278,16800
PO-000000655,NQ-TOP-001-3XL-BLK,866,18720
PO-000000656,NQ-TOP-004-2XL-BLK,106,18720
PO-000000657,NQ-CLR-MUT-003-L-ASH,835,16800
PO-000000658,NQ-TOP-002-XS-GRY,289,18720
PO-000000659,NQ-TOP-003-3XL-BLK,289,18720
PO-000000660,NQ-CLR-COOL-002-L-ASH,835,16800
PO-000000661,NQ-PNT-001-XS-BLK,738,23520
PO-000000662,NQ-TOP-001-S-NVY,1089,18720
PO-000000663,NQ-CLR-MUT-006-L-IVR,278,16800
PO-000000664,NQ-PNT-001-XS-BEG,738,23520
PO-000000665,NQ-TOP-001-3XL-ORC,866,18720
PO-000000666,NQ-PNT-002-XS-BEG,246,23520
PO-000000667,NQ-CLR-MUT-006-M-IVR,278,16800
PO-000000668,NQ-CLR-MUT-003-L-CRM,835,16800
PO-000000669,NQ-PNT-003-2XL-BLK,311,23520
PO-000000670,NQ-CLR-COOL-005-M-IVR,278,16800
PO-000000671,NQ-CLR-WRM-004-M-ASH,278,16800
PO-000000672,NQ-CLR-MUT-006-L-CRM,278,16800
PO-000000673,NQ-TOP-002-3XL-GRY,289,18720
PO-000000674,NQ-PNT-004-XS-BLK,74,23520
PO-000000675,NQ-PNT-001-XS-KHK,738,23520
PO-000000676,NQ-PNT-003-L-BEG,311,23520
PO-000000677,NQ-PNT-004-4XL-BEG,74,23520
PO-000000678,NQ-CLR-COOL-005-M-CRM,278,16800
PO-000000679,NQ-TOP-004-L-GRY,110,18720
PO-000000680,NQ-TOP-002-XS-NVY,289,18720
PO-000000681,NQ-PNT-001-XS-NVY,738,23520
PO-000000682,NQ-TOP-001-3XL-GRY,866,18720
PO-000000683,NQ-CLR-MUT-006-S-IVR,278,16800
PO-000000684,NQ-TOP-005-L-GRY,110,18720
PO-000000685,NQ-TOP-001-3XL-WHT,866,18720
PO-000000686,NQ-PNT-002-XS-GRY,246,23520
PO-000000687,NQ-TOP-004-S-WHT,110,18720
PO-000000688,NQ-TOP-002-3XL-WHT,289,18720
PO-000000689,NQ-PNT-003-XS-BLK,246,23520
PO-000000690,NQ-TOP-001-XS-GRY,866,18720
PO-000000691,NQ-CLR-WRM-004-S-CRM,278,16800
PO-000000692,NQ-TOP-002-XS-BLK,289,18720
PO-000000693,NQ-PNT-003-XS-GRY,246,23520
PO-000000694,NQ-CLR-COOL-002-M-IVR,835,16800
PO-000000695,NQ-PNT-001-L-BEG,934,23520
PO-000000696,NQ-CLR-WRM-001-M-IVR,835,16800
PO-000000697,NQ-CLR-COOL-005-L-CRM,278,16800
PO-000000698,NQ-TOP-005-XS-NVY,86,18720
PO-000000699,NQ-CLR-MUT-003-L-IVR,835,16800
PO-000000700,NQ-PNT-001-M-BEG,934,23520
PO-000000701,NQ-CLR-MUT-006-S-CRM,278,16800
PO-000000702,NQ-TOP-003-3XL-GRY,289,18720
PO-000000703,NQ-TOP-003-XS-BLK,289,18720
PO-000000704,NQ-TOP-003-XS-GRY,289,18720
PO-000000705,NQ-TOP-001-XS-NVY,866,18720
PO-000000706,NQ-PNT-002-M-BLK,311,23520
PO-000000707,NQ-PNT-003-4XL-BLK,246,23520
PO-000000708,NQ-TOP-005-L-BLK,110,18720
PO-000000709,NQ-PNT-004-2XL-BLK,95,23520
PO-000000710,NQ-PNT-002-4XL-BEG,246,23520
PO-000000711,NQ-PNT-003-4XL-GRY,246,23520
PO-000000712,NQ-CLR-WRM-001-M-ASH,835,16800
PO-000000713,NQ-CLR-WRM-004-M-IVR,278,16800
PO-000000714,NQ-PNT-001-2XL-KHK,934,23520
PO-000000715,NQ-PNT-002-L-BEG,311,23520
PO-000000716,NQ-TOP-004-L-BLK,110,18720
PO-000000717,NQ-TOP-005-XS-GRY,86,18720
PO-000000718,NQ-CLR-MUT-003-S-IVR,835,16800
PO-000000719,NQ-CLR-WRM-001-S-ASH,835,16800
PO-000000720,NQ-CLR-MUT-003-M-ASH,835,16800
PO-000000721,NQ-CLR-COOL-005-S-ASH,278,16800
PO-000000722,NQ-CLR-COOL-005-M-ASH,278,16800
PO-000000723,NQ-CLR-MUT-006-M-ASH,278,16800
PO-000000724,NQ-PNT-002-M-GRY,311,23520
PO-000000725,NQ-PNT-002-2XL-BLK,311,23520
PO-000000726,NQ-PNT-001-4XL-GRY,738,23520
PO-000000727,NQ-CLR-COOL-002-S-ASH,835,16800
PO-000000728,NQ-CLR-COOL-002-S-CRM,835,16800
PO-000000729,NQ-CLR-COOL-002-M-CRM,835,16800
PO-000000730,NQ-PNT-001-2XL-GRY,934,23520
PO-000000731,NQ-CLR-WRM-004-S-ASH,278,16800
PO-000000732,NQ-CLR-WRM-004-S-IVR,278,16800
PO-000000733,NQ-CLR-MUT-006-S-ASH,278,16800
PO-000000734,NQ-CLR-WRM-001-M-CRM,835,16800
PO-000000735,NQ-CLR-MUT-003-M-IVR,835,16800
PO-000000736,NQ-CLR-WRM-001-S-CRM,835,16800
PO-000000737,NQ-CLR-COOL-002-M-ASH,835,16800
PO-000000738,NQ-PNT-003-M-BLK,311,23520
PO-000000739,NQ-PNT-004-M-GRY,95,23520
PO-000000740,NQ-PNT-003-4XL-BEG,246,23520
PO-000000741,NQ-CLR-COOL-005-S-CRM,278,16800
PO-000000742,NQ-TOP-002-XS-WHT,289,18720
PO-000000743,NQ-CLR-MUT-003-M-CRM,835,16800
PO-000000744,NQ-PNT-004-L-BLK,95,23520
PO-000000745,NQ-CLR-WRM-001-S-IVR,835,16800
PO-000000746,NQ-PNT-001-M-KHK,934,23520
PO-000000747,NQ-PNT-003-L-GRY,311,23520
PO-000000748,NQ-PNT-001-L-BLK,934,23520
PO-000000749,NQ-CLR-MUT-003-S-ASH,835,16800
PO-000000750,NQ-PNT-002-XL-GRY,311,23520
PO-000000751,NQ-PNT-001-M-BLK,934,23520
PO-000000752,NQ-PNT-002-XL-BLK,311,23520
PO-000000753,NQ-TOP-005-2XL-GRY,103,18720
PO-000000754,NQ-CLR-COOL-005-S-IVR,278,16800
PO-000000755,NQ-PNT-004-2XL-GRY,95,23520
PO-000000756,NQ-TOP-004-M-WHT,110,18720
PO-000000757,NQ-PNT-001-M-NVY,934,23520
PO-000000758,NQ-CLR-MUT-003-S-CRM,835,16800
PO-000000759,NQ-CLR-COOL-002-S-IVR,835,16800
PO-000000760,NQ-PNT-003-L-BLK,311,23520
PO-000000761,NQ-PNT-002-L-GRY,311,23520
PO-000000762,NQ-CLR-MUT-006-M-CRM,278,16800
PO-000000763,NQ-PNT-002-4XL-BLK,246,23520
PO-000000764,NQ-TOP-004-L-WHT,110,18720
PO-000000765,NQ-PNT-002-XL-BEG,311,23520
PO-000000766,NQ-PNT-001-XL-NVY,934,23520
PO-000000767,NQ-PNT-001-L-GRY,934,23520
PO-000000768,NQ-PNT-001-L-KHK,934,23520
PO-000000769,NQ-TOP-004-2XL-GRY,108,18720
PO-000000770,NQ-PNT-001-XL-BEG,934,23520
PO-000000771,NQ-TOP-005-M-NVY,110,18720
PO-000000772,NQ-PNT-003-2XL-GRY,311,23520
PO-000000773,NQ-PNT-001-2XL-BLK,934,23520
PO-000000774,NQ-TOP-003-XS-WHT,289,18720
PO-000000775,NQ-PNT-001-XL-GRY,934,23520
PO-000000776,NQ-PNT-003-XL-GRY,311,23520
PO-000000777,NQ-PNT-004-L-GRY,95,23520
PO-000000778,NQ-PNT-004-2XL-BEG,95,23520
PO-000000779,NQ-TOP-001-XS-WHT,866,18720
PO-000000780,NQ-TOP-003-XS-NVY,289,18720
PO-000000781,NQ-CLR-WRM-004-M-CRM,278,16800
PO-000000782,NQ-TOP-004-L-NVY,110,18720
PO-000000783,NQ-TOP-005-L-NVY,110,18720
PO-000000784,NQ-TOP-004-XL-WHT,110,18720
PO-000000785,NQ-TOP-002-L-BLK,367,18720
PO-000000786,NQ-TOP-004-M-NVY,110,18720
PO-000000787,NQ-TOP-005-2XL-BLK,110,18720
PO-000000788,NQ-TOP-001-XS-SKB,866,18720
PO-000000789,NQ-PNT-001-XL-BLK,934,23520
PO-000000790,NQ-TOP-001-L-BLK,1097,18720
PO-000000791,NQ-PNT-001-M-GRY,934,23520
PO-000000792,NQ-PNT-002-M-BEG,311,23520
PO-000000793,NQ-PNT-001-L-NVY,934,23520
PO-000000794,NQ-PNT-001-XL-KHK,934,23520
PO-000000795,NQ-TOP-002-L-WHT,367,18720
PO-000000796,NQ-TOP-005-XL-WHT,110,18720
PO-000000797,NQ-TOP-004-XS-GRY,86,18720
PO-000000798,NQ-TOP-005-M-GRY,110,18720
PO-000000799,NQ-TOP-001-XS-BLK,866,18720
PO-000000800,NQ-PNT-004-L-BEG,95,23520
PO-000000801,NQ-TOP-001-XS-ORC,866,18720
PO-000000802,NQ-TOP-005-XL-NVY,110,18720
PO-000000803,NQ-PNT-004-4XL-BLK,74,23520
PO-000000804,NQ-PNT-001-4XL-BEG,738,23520
PO-000000805,NQ-PNT-001-4XL-KHK,738,23520
PO-000000806,NQ-PNT-001-4XL-BLK,738,23520
PO-000000807,NQ-TOP-001-XS-LYL,866,18720
PO-000000808,NQ-TOP-004-3XL-BLK,86,18720
PO-000000809,NQ-PNT-001-4XL-NVY,738,23520
PO-000000810,NQ-PNT-002-4XL-GRY,246,23520
PO-000000811,NQ-TOP-004-4XL-GRY,86,18720
PO-000000812,NQ-TOP-003-4XL-BLK,289,18720
PO-000000813,NQ-TOP-001-4XL-ORC,973,18720
PO-000000814,NQ-TOP-002-4XL-GRY,331,18720
PO-000000815,NQ-TOP-001-4XL-NVY,974,18720
PO-000000816,NQ-TOP-002-4XL-BLK,323,18720
PO-000000817,NQ-TOP-001-4XL-GRY,986,18720
PO-000000818,NQ-TOP-005-4XL-GRY,101,18720
PO-000000819,NQ-TOP-003-4XL-GRY,338,18720
PO-000000820,NQ-TOP-001-4XL-BLK,960,18720
PO-000000821,NQ-TOP-004-4XL-NVY,99,18720
PO-000000822,NQ-TOP-001-4XL-WHT,953,18720
PO-000000823,NQ-PNT-004-4XL-GRY,84,23520
PO-000000824,NQ-TOP-004-4XL-WHT,98,18720
PO-000000825,NQ-PNT-003-M-GRY,271,23520
PO-000000826,NQ-PNT-004-M-BLK,81,23520
PO-000000827,NQ-TOP-002-4XL-NVY,327,18720
PO-000000828,NQ-TOP-002-4XL-WHT,324,18720
PO-000000829,NQ-PNT-004-S-BLK,81,23520
PO-000000830,NQ-TOP-001-4XL-LYL,952,18720
PO-000000831,NQ-PNT-002-S-GRY,271,23520
PO-000000832,NQ-TOP-005-4XL-BLK,100,18720
PO-000000833,NQ-CLR-COOL-005-L-IVR,242,16800
PO-000000834,NQ-PNT-003-M-BEG,271,23520
PO-000000835,NQ-TOP-001-4XL-SKB,952,18720
PO-000000836,NQ-PNT-002-L-BLK,271,23520
PO-000000837,NQ-PNT-004-XL-BLK,81,23520
PO-000000838,NQ-CLR-MUT-006-M-IVR,242,16800
PO-000000839,NQ-CLR-COOL-005-L-ASH,242,16800
PO-000000840,NQ-CLR-WRM-001-L-ASH,725,16800
PO-000000841,NQ-TOP-003-M-GRY,318,18720
PO-000000842,NQ-CLR-WRM-001-L-CRM,725,16800
PO-000000843,NQ-TOP-005-4XL-WHT,96,18720
PO-000000844,NQ-CLR-WRM-004-M-ASH,242,16800
PO-000000845,NQ-PNT-001-S-NVY,811,23520
PO-000000846,NQ-CLR-WRM-004-L-ASH,242,16800
PO-000000847,NQ-TOP-002-L-GRY,318,18720
PO-000000848,NQ-PNT-004-S-BEG,81,23520
PO-000000849,NQ-TOP-005-4XL-NVY,97,18720
PO-000000850,NQ-TOP-002-L-NVY,318,18720
PO-000000851,NQ-TOP-001-M-BLK,952,18720
PO-000000852,NQ-CLR-COOL-005-M-IVR,242,16800
PO-000000853,NQ-CLR-WRM-004-L-CRM,242,16800
PO-000000854,NQ-TOP-002-M-BLK,318,18720
PO-000000855,NQ-PNT-001-S-BLK,811,23520
PO-000000856,NQ-CLR-MUT-006-S-IVR,242,16800
PO-000000857,NQ-TOP-001-L-NVY,952,18720
PO-000000858,NQ-CLR-COOL-005-M-CRM,242,16800
PO-000000859,NQ-TOP-003-M-WHT,318,18720
PO-000000860,NQ-TOP-003-M-NVY,318,18720
PO-000000861,NQ-TOP-003-M-BLK,318,18720
PO-000000862,NQ-PNT-001-S-KHK,811,23520
PO-000000863,NQ-TOP-003-4XL-NVY,318,18720
PO-000000864,NQ-CLR-COOL-002-L-CRM,725,16800
PO-000000865,NQ-TOP-001-L-LYL,952,18720
PO-000000866,NQ-CLR-WRM-001-L-IVR,725,16800
PO-000000867,NQ-TOP-003-L-WHT,318,18720
PO-000000868,NQ-TOP-001-L-SKB,952,18720
PO-000000869,NQ-TOP-002-M-GRY,318,18720
PO-000000870,NQ-CLR-COOL-002-L-IVR,725,16800
PO-000000871,NQ-CLR-WRM-004-S-CRM,242,16800
PO-000000872,NQ-CLR-WRM-004-L-IVR,242,16800
PO-000000873,NQ-CLR-WRM-001-M-IVR,725,16800
PO-000000874,NQ-CLR-COOL-002-M-IVR,725,16800
PO-000000875,NQ-TOP-001-L-WHT,952,18720
PO-000000876,NQ-TOP-001-M-LYL,952,18720
PO-000000877,NQ-TOP-001-M-WHT,952,18720
PO-000000878,NQ-TOP-003-XL-NVY,318,18720
PO-000000879,NQ-TOP-002-M-NVY,318,18720
PO-000000880,NQ-CLR-MUT-003-L-ASH,725,16800
PO-000000881,NQ-PNT-003-XL-BEG,271,23520
PO-000000882,NQ-CLR-MUT-006-L-ASH,242,16800
PO-000000883,NQ-TOP-001-M-SKB,952,18720
PO-000000884,NQ-TOP-001-M-ORC,952,18720
PO-000000885,NQ-CLR-MUT-006-S-CRM,242,16800
PO-000000886,NQ-CLR-MUT-006-L-CRM,242,16800
PO-000000887,NQ-TOP-004-M-BLK,96,18720
PO-000000888,NQ-TOP-001-L-ORC,952,18720
PO-000000889,NQ-CLR-COOL-002-L-ASH,725,16800
PO-000000890,NQ-TOP-001-M-GRY,952,18720
PO-000000891,NQ-PNT-003-L-BEG,271,23520
PO-000000892,NQ-PNT-003-S-BLK,271,23520
PO-000000893,NQ-TOP-002-M-WHT,318,18720
PO-000000894,NQ-CLR-MUT-003-L-CRM,725,16800
PO-000000895,NQ-TOP-001-M-NVY,952,18720
PO-000000896,NQ-TOP-005-M-BLK,96,18720
PO-000000897,NQ-TOP-001-XL-WHT,952,18720
PO-000000898,NQ-CLR-MUT-006-L-IVR,242,16800
PO-000000899,NQ-TOP-004-4XL-BLK,98,18720
PO-000000900,NQ-TOP-003-L-NVY,318,18720
PO-000000901,NQ-TOP-005-L-WHT,96,18720
PO-000000902,NQ-TOP-003-L-GRY,318,18720
PO-000000903,NQ-PNT-003-S-BEG,271,23520
PO-000000904,NQ-PNT-001-S-GRY,811,23520
PO-000000905,NQ-CLR-COOL-005-L-CRM,242,16800
PO-000000906,NQ-PNT-004-M-BEG,81,23520
PO-000000907,NQ-PNT-004-S-GRY,81,23520
PO-000000908,NQ-PNT-004-XL-BEG,81,23520
PO-000000909,NQ-TOP-002-XL-NVY,318,18720
PO-000000910,NQ-PNT-002-S-BEG,271,23520
PO-000000911,NQ-PNT-001-L-BEG,811,23520
PO-000000912,NQ-TOP-004-M-GRY,96,18720
PO-000000913,NQ-TOP-001-XL-BLK,952,18720
PO-000000914,NQ-PNT-003-XL-BLK,271,23520
PO-000000915,NQ-TOP-003-XL-GRY,318,18720
PO-000000916,NQ-CLR-MUT-003-L-IVR,725,16800
PO-000000917,NQ-TOP-003-L-BLK,318,18720
PO-000000918,NQ-PNT-001-S-BEG,811,23520
PO-000000919,NQ-TOP-001-XL-ORC,952,18720
PO-000000920,NQ-TOP-001-L-GRY,952,18720
PO-000000921,NQ-PNT-003-S-GRY,271,23520
PO-000000922,NQ-PNT-001-M-BEG,811,23520
PO-000000923,NQ-TOP-003-XL-BLK,318,18720
PO-000000924,NQ-CLR-MUT-003-M-ASH,725,16800
PO-000000925,NQ-TOP-001-XL-SKB,952,18720
PO-000000926,NQ-TOP-003-4XL-WHT,318,18720
PO-000000927,NQ-CLR-WRM-004-M-IVR,242,16800
PO-000000928,NQ-CLR-WRM-001-S-ASH,725,16800
PO-000000929,NQ-TOP-001-XL-LYL,952,18720
PO-000000930,NQ-CLR-MUT-003-S-IVR,725,16800
PO-000000931,NQ-CLR-COOL-005-S-ASH,242,16800
PO-000000932,NQ-CLR-COOL-005-S-CRM,242,16800
PO-000000933,NQ-CLR-WRM-001-M-CRM,725,16800
PO-000000934,NQ-CLR-WRM-001-M-ASH,725,16800
PO-000000935,NQ-CLR-COOL-005-M-ASH,242,16800
PO-000000936,NQ-TOP-005-S-BLK,96,18720
PO-000000937,NQ-CLR-MUT-003-M-IVR,725,16800
PO-000000938,NQ-CLR-COOL-002-S-ASH,725,16800
PO-000000939,NQ-CLR-MUT-003-S-ASH,725,16800
PO-000000940,NQ-TOP-005-S-GRY,96,18720
PO-000000941,NQ-TOP-005-L-GRY,96,18720
PO-000000942,NQ-CLR-COOL-002-M-CRM,725,16800
PO-000000943,NQ-TOP-004-XL-GRY,96,18720
PO-000000944,NQ-CLR-WRM-001-S-CRM,725,16800
PO-000000945,NQ-PNT-002-M-BLK,271,23520
PO-000000946,NQ-TOP-001-XL-GRY,952,18720
PO-000000947,NQ-TOP-003-S-NVY,318,18720
PO-000000948,NQ-CLR-COOL-002-S-CRM,725,16800
PO-000000949,NQ-TOP-004-XL-BLK,96,18720
PO-000000950,NQ-TOP-003-S-WHT,318,18720
PO-000000951,NQ-CLR-COOL-002-M-ASH,725,16800
PO-000000952,NQ-TOP-002-XL-GRY,318,18720
PO-000000953,NQ-CLR-WRM-001-S-IVR,725,16800
PO-000000954,NQ-CLR-MUT-006-M-ASH,242,16800
PO-000000955,NQ-TOP-003-S-BLK,318,18720
PO-000000956,NQ-CLR-WRM-004-S-IVR,242,16800
PO-000000957,NQ-TOP-002-XL-BLK,318,18720
PO-000000958,NQ-CLR-MUT-006-S-ASH,242,16800
PO-000000959,NQ-CLR-MUT-003-M-CRM,725,16800
PO-000000960,NQ-CLR-WRM-004-S-ASH,242,16800
PO-000000961,NQ-TOP-003-XL-WHT,318,18720
PO-000000962,NQ-TOP-004-L-GRY,96,18720
PO-000000963,NQ-CLR-COOL-005-S-IVR,242,16800
PO-000000964,NQ-CLR-MUT-006-M-CRM,242,16800
PO-000000965,NQ-CLR-COOL-002-S-IVR,725,16800
PO-000000966,NQ-TOP-005-M-WHT,96,18720
PO-000000967,NQ-CLR-MUT-003-S-CRM,725,16800
PO-000000968,NQ-TOP-005-S-NVY,96,18720
PO-000000969,NQ-TOP-003-S-GRY,318,18720
PO-000000970,NQ-TOP-005-XL-GRY,96,18720
PO-000000971,NQ-TOP-001-S-SKB,952,18720
PO-000000972,NQ-PNT-004-L-BLK,81,23520
PO-000000973,NQ-PNT-004-M-GRY,81,23520
PO-000000974,NQ-TOP-005-L-BLK,96,18720
PO-000000975,NQ-PNT-001-M-BLK,811,23520
PO-000000976,NQ-TOP-002-S-WHT,318,18720
PO-000000977,NQ-TOP-001-XL-NVY,952,18720
PO-000000978,NQ-OUT-003-M-NVY,110,42720
PO-000000979,NQ-CLR-WRM-004-M-CRM,242,16800
PO-000000980,NQ-TOP-002-XL-WHT,318,18720
PO-000000981,NQ-PNT-003-L-BLK,271,23520
PO-000000982,NQ-PNT-003-M-BLK,271,23520
PO-000000983,NQ-TOP-005-XL-BLK,96,18720
PO-000000984,NQ-PNT-002-L-BEG,271,23520
PO-000000985,NQ-PNT-002-S-BLK,271,23520
PO-000000986,NQ-PNT-003-L-GRY,271,23520
PO-000000987,NQ-PNT-002-M-GRY,271,23520
PO-000000988,NQ-PNT-004-L-GRY,81,23520
PO-000000989,NQ-TOP-004-S-BLK,96,18720
PO-000000990,NQ-PNT-002-2XL-BEG,271,23520
PO-000000991,NQ-PNT-001-L-KHK,811,23520
PO-000000992,NQ-PNT-001-M-KHK,811,23520
PO-000000993,NQ-PNT-001-M-NVY,811,23520
PO-000000994,NQ-PNT-001-L-BLK,811,23520
PO-000000995,NQ-TOP-002-S-BLK,318,18720
PO-000000996,NQ-TOP-002-S-GRY,318,18720
PO-000000997,NQ-PNT-001-L-GRY,811,23520
PO-000000998,NQ-OUT-002-M-NVY,365,42720
PO-000000999,NQ-PNT-002-L-GRY,271,23520
PO-000001000,NQ-TOP-001-S-WHT,952,18720
PO-000001001,NQ-TOP-004-S-GRY,96,18720
PO-000001002,NQ-PNT-002-XL-BLK,271,23520
PO-000001003,NQ-OUT-003-S-GRY,110,42720
PO-000001004,NQ-PNT-003-2XL-BEG,271,23520
PO-000001005,NQ-TOP-001-S-BLK,952,18720
PO-000001006,NQ-OUT-001-M-BLK,1096,42720
PO-000001007,NQ-TOP-005-M-GRY,96,18720
PO-000001008,NQ-OUT-003-S-BEG,110,42720
PO-000001009,NQ-PNT-002-XL-GRY,271,23520
PO-000001010,NQ-TOP-001-S-ORC,952,18720
PO-000001011,NQ-TOP-004-L-WHT,96,18720
PO-000001012,NQ-PNT-001-2XL-NVY,811,23520
PO-000001013,NQ-OUT-002-M-GRY,365,42720
PO-000001014,NQ-TOP-002-S-NVY,318,18720
PO-000001015,NQ-OUT-002-S-BEG,365,42720
PO-000001016,NQ-OUT-002-M-BEG,365,42720
PO-000001017,NQ-OUT-001-M-GRY,1096,42720
PO-000001018,NQ-TOP-004-L-BLK,96,18720
PO-000001019,NQ-OUT-002-S-BLK,365,42720
PO-000001020,NQ-OUT-003-S-NVY,110,42720
PO-000001021,NQ-PNT-002-2XL-GRY,271,23520
PO-000001022,NQ-PNT-002-M-BEG,271,23520
PO-000001023,NQ-OUT-002-S-GRY,365,42720
PO-000001024,NQ-OUT-001-S-BLK,1096,42720
PO-000001025,NQ-OUT-002-M-BLK,365,42720
PO-000001026,NQ-OUT-003-M-BEG,110,42720
PO-000001027,NQ-OUT-001-S-NVY,1096,42720
PO-000001028,NQ-OUT-003-S-BLK,110,42720
PO-000001029,NQ-OUT-002-S-NVY,365,42720
PO-000001030,NQ-OUT-001-M-NVY,1096,42720
PO-000001031,NQ-PNT-001-M-GRY,811,23520
PO-000001032,NQ-OUT-001-M-BEG,1096,42720
PO-000001033,NQ-OUT-003-M-GRY,110,42720
PO-000001034,NQ-OUT-001-S-BEG,1096,42720
PO-000001035,NQ-PNT-001-L-NVY,811,23520
PO-000001036,NQ-PNT-001-2XL-BEG,811,23520
PO-000001037,NQ-OUT-003-M-BLK,110,42720
PO-000001038,NQ-PNT-004-XL-GRY,81,23520
PO-000001039,NQ-TOP-001-S-GRY,952,18720
PO-000001040,NQ-OUT-001-S-GRY,1096,42720
PO-000001041,NQ-TOP-005-M-NVY,96,18720
PO-000001042,NQ-TOP-002-L-BLK,318,18720
PO-000001043,NQ-TOP-005-L-NVY,96,18720
PO-000001044,NQ-PNT-004-L-BEG,81,23520
PO-000001045,NQ-TOP-004-M-NVY,96,18720
PO-000001046,NQ-PNT-003-XL-GRY,271,23520
PO-000001047,NQ-TOP-004-S-NVY,96,18720
PO-000001048,NQ-PNT-001-XL-GRY,811,23520
PO-000001049,NQ-TOP-001-L-BLK,952,18720
PO-000001050,NQ-PNT-003-2XL-BLK,271,23520
PO-000001051,NQ-TOP-004-L-NVY,96,18720
PO-000001052,NQ-PNT-002-XL-BEG,271,23520
PO-000001053,NQ-TOP-001-S-LYL,952,18720
PO-000001054,NQ-TOP-002-L-WHT,318,18720
PO-000001055,NQ-PNT-001-XL-NVY,811,23520
PO-000001056,NQ-PNT-001-XL-BEG,811,23520
PO-000001057,NQ-PNT-001-XL-BLK,811,23520
PO-000001058,NQ-PNT-001-XL-KHK,811,23520
PO-000001059,NQ-TOP-004-M-WHT,96,18720
PO-000001060,NQ-TOP-005-XL-WHT,96,18720
PO-000001061,NQ-TOP-005-S-WHT,96,18720
PO-000001062,NQ-OUT-001-L-NVY,1096,42720
PO-000001063,NQ-OUT-002-L-GRY,365,42720
PO-000001064,NQ-TOP-001-S-NVY,952,18720
PO-000001065,NQ-TOP-004-2XL-NVY,96,18720
PO-000001066,NQ-OUT-001-L-GRY,1096,42720
PO-000001067,NQ-TOP-004-XL-NVY,96,18720
PO-000001068,NQ-OUT-003-L-GRY,110,42720
PO-000001069,NQ-TOP-001-2XL-SKB,952,18720
PO-000001070,NQ-CLR-COOL-005-M-IVR,242,16800
PO-000001071,NQ-OUT-001-L-BEG,1096,42720
PO-000001072,NQ-OUT-002-L-NVY,365,42720
PO-000001073,NQ-CLR-MUT-006-M-IVR,242,16800
PO-000001074,NQ-CLR-COOL-005-L-IVR,242,16800
PO-000001075,NQ-OUT-002-L-BEG,365,42720
PO-000001076,NQ-CLR-WRM-004-M-ASH,242,16800
PO-000001077,NQ-CLR-COOL-005-M-CRM,242,16800
PO-000001078,NQ-CLR-WRM-001-M-IVR,725,16800
PO-000001079,NQ-CLR-MUT-006-S-IVR,242,16800
PO-000001080,NQ-CLR-WRM-004-L-ASH,242,16800
PO-000001081,NQ-CLR-COOL-002-M-IVR,725,16800
PO-000001082,NQ-CLR-WRM-001-L-CRM,725,16800
PO-000001083,NQ-CLR-WRM-001-L-ASH,725,16800
PO-000001084,NQ-OUT-001-L-BLK,1096,42720
PO-000001085,NQ-TOP-003-2XL-WHT,318,18720
PO-000001086,NQ-PNT-002-L-BLK,271,23520
PO-000001087,NQ-CLR-MUT-006-S-CRM,242,16800
PO-000001088,NQ-CLR-WRM-004-S-CRM,242,16800
PO-000001089,NQ-CLR-WRM-004-L-CRM,242,16800
PO-000001090,NQ-CLR-COOL-005-L-ASH,242,16800
PO-000001091,NQ-PNT-003-M-GRY,271,23520
PO-000001092,NQ-PNT-003-M-BEG,271,23520
PO-000001093,NQ-OUT-003-L-BLK,110,42720
PO-000001094,NQ-CLR-MUT-003-L-ASH,725,16800
PO-000001095,NQ-CLR-COOL-002-L-CRM,725,16800
PO-000001096,NQ-PNT-004-M-BLK,81,23520
PO-000001097,NQ-CLR-WRM-004-M-IVR,242,16800
PO-000001098,NQ-CLR-MUT-003-M-ASH,725,16800
PO-000001099,NQ-TOP-003-2XL-BLK,318,18720
PO-000001100,NQ-CLR-COOL-002-L-IVR,725,16800
PO-000001101,NQ-CLR-WRM-004-L-IVR,242,16800
PO-000001102,NQ-CLR-MUT-003-L-CRM,725,16800
PO-000001103,NQ-CLR-WRM-001-L-IVR,725,16800
PO-000001104,NQ-OUT-003-L-NVY,110,42720
PO-000001105,NQ-TOP-001-2XL-LYL,952,18720
PO-000001106,NQ-CLR-MUT-006-L-CRM,242,16800
PO-000001107,NQ-CLR-WRM-001-S-ASH,725,16800
PO-000001108,NQ-CLR-MUT-006-L-ASH,242,16800
PO-000001109,NQ-OUT-002-L-BLK,365,42720
PO-000001110,NQ-TOP-005-XL-NVY,96,18720
PO-000001111,NQ-TOP-001-2XL-BLK,952,18720
PO-000001112,NQ-TOP-004-S-WHT,96,18720
PO-000001113,NQ-CLR-COOL-005-S-ASH,242,16800
PO-000001114,NQ-TOP-002-2XL-NVY,318,18720
PO-000001115,NQ-TOP-001-2XL-WHT,952,18720
PO-000001116,NQ-CLR-COOL-005-M-ASH,242,16800
PO-000001117,NQ-CLR-WRM-001-M-ASH,725,16800
PO-000001118,NQ-CLR-MUT-003-L-IVR,725,16800
PO-000001119,NQ-TOP-001-2XL-ORC,952,18720
PO-000001120,NQ-CLR-COOL-002-L-ASH,725,16800
PO-000001121,NQ-PNT-003-L-BEG,271,23520
PO-000001122,NQ-TOP-001-2XL-NVY,952,18720
PO-000001123,NQ-CLR-MUT-006-L-IVR,242,16800
PO-000001124,NQ-CLR-WRM-001-M-CRM,725,16800
PO-000001125,NQ-CLR-MUT-003-M-IVR,725,16800
PO-000001126,NQ-CLR-MUT-003-S-ASH,725,16800
PO-000001127,NQ-CLR-COOL-005-S-CRM,242,16800
PO-000001128,NQ-CLR-MUT-003-S-IVR,725,16800
PO-000001129,NQ-CLR-COOL-002-S-CRM,725,16800
PO-000001130,NQ-CLR-COOL-002-S-ASH,725,16800
PO-000001131,NQ-PNT-004-M-BEG,81,23520
PO-000001132,NQ-CLR-COOL-002-M-CRM,725,16800
PO-000001133,NQ-CLR-COOL-002-M-ASH,725,16800
PO-000001134,NQ-CLR-MUT-006-M-ASH,242,16800
PO-000001135,NQ-TOP-002-2XL-WHT,318,18720
PO-000001136,NQ-CLR-MUT-006-M-CRM,242,16800
PO-000001137,NQ-CLR-WRM-001-S-CRM,725,16800
PO-000001138,NQ-CLR-COOL-005-L-CRM,242,16800
PO-000001139,NQ-CLR-WRM-001-S-IVR,725,16800
PO-000001140,NQ-CLR-COOL-005-S-IVR,242,16800
PO-000001141,NQ-CLR-MUT-003-M-CRM,725,16800
PO-000001142,NQ-TOP-004-M-BLK,96,18720
PO-000001143,NQ-CLR-WRM-004-S-IVR,242,16800
PO-000001144,NQ-CLR-COOL-002-S-IVR,725,16800
PO-000001145,NQ-TOP-002-2XL-GRY,318,18720
PO-000001146,NQ-CLR-WRM-004-S-ASH,242,16800
PO-000001147,NQ-CLR-MUT-006-S-ASH,242,16800
PO-000001148,NQ-OUT-003-L-BEG,110,42720
PO-000001149,NQ-TOP-004-2XL-WHT,96,18720
PO-000001150,NQ-CLR-MUT-003-S-CRM,725,16800
PO-000001151,NQ-TOP-001-2XL-GRY,952,18720
PO-000001152,NQ-TOP-003-2XL-NVY,318,18720
PO-000001153,NQ-TOP-003-2XL-GRY,318,18720
PO-000001154,NQ-TOP-002-2XL-BLK,318,18720
PO-000001155,NQ-TOP-003-M-BLK,318,18720
PO-000001156,NQ-TOP-004-XL-WHT,96,18720
PO-000001157,NQ-TOP-002-M-BLK,318,18720
PO-000001158,NQ-TOP-003-M-GRY,318,18720
PO-000001159,NQ-TOP-005-M-BLK,96,18720
PO-000001160,NQ-PNT-001-L-BEG,811,23520
PO-000001161,NQ-CLR-WRM-004-M-CRM,242,16800
PO-000001162,NQ-PNT-001-2XL-KHK,811,23520
PO-000001163,NQ-TOP-001-M-GRY,952,18720
PO-000001164,NQ-TOP-002-L-NVY,318,18720
PO-000001165,NQ-PNT-001-M-BEG,811,23520
PO-000001166,NQ-TOP-005-2XL-NVY,96,18720
PO-000001167,NQ-TOP-002-M-WHT,318,18720
PO-000001168,NQ-TOP-001-L-WHT,952,18720
PO-000001169,NQ-TOP-001-L-LYL,1128,18720
PO-000001170,NQ-TOP-001-M-NVY,1098,18720
PO-000001171,NQ-TOP-001-L-SKB,1115,18720
PO-000001172,NQ-OUT-003-M-NVY,123,42720
PO-000001173,NQ-TOP-002-L-GRY,373,18720
PO-000001174,NQ-TOP-001-M-LYL,1127,18720
PO-000001175,NQ-TOP-001-L-ORC,1114,18720
PO-000001176,NQ-TOP-003-M-NVY,368,18720
PO-000001177,NQ-TOP-001-L-NVY,1121,18720
PO-000001178,NQ-TOP-001-M-BLK,1136,18720
PO-000001179,NQ-TOP-001-M-SKB,1106,18720
PO-000001180,NQ-TOP-001-L-GRY,1087,18720
PO-000001181,NQ-TOP-002-M-GRY,384,18720
PO-000001182,NQ-PNT-001-2XL-BLK,912,23520
PO-000001183,NQ-TOP-003-L-GRY,376,18720
PO-000001184,NQ-TOP-003-L-BLK,374,18720
PO-000001185,NQ-PNT-003-M-BLK,316,23520
PO-000001186,NQ-TOP-001-M-ORC,1098,18720
PO-000001187,NQ-TOP-001-M-WHT,1139,18720
PO-000001188,NQ-PNT-004-L-BLK,96,23520
PO-000001189,NQ-TOP-002-M-NVY,359,18720
PO-000001190,NQ-PNT-001-2XL-GRY,942,23520
PO-000001191,NQ-PNT-004-2XL-GRY,94,23520
PO-000001192,NQ-PNT-004-XL-BLK,95,23520
PO-000001193,NQ-PNT-002-2XL-BLK,330,23520
PO-000001194,NQ-PNT-002-M-BLK,304,23520
PO-000001195,NQ-TOP-003-L-NVY,357,18720
PO-000001196,NQ-PNT-003-L-BLK,304,23520
PO-000001197,NQ-TOP-004-M-GRY,116,18720
PO-000001198,NQ-PNT-004-2XL-BLK,97,23520
PO-000001199,NQ-TOP-005-2XL-WHT,112,18720
PO-000001200,NQ-TOP-003-M-WHT,357,18720
PO-000001201,NQ-PNT-001-M-BLK,912,23520
PO-000001202,NQ-PNT-003-2XL-GRY,304,23520
PO-000001203,NQ-PNT-002-M-GRY,304,23520
PO-000001204,NQ-OUT-001-M-BLK,1232,42720
PO-000001205,NQ-OUT-002-M-NVY,410,42720
PO-000001206,NQ-OUT-002-S-BEG,410,42720
PO-000001207,NQ-PNT-004-M-GRY,91,23520
PO-000001208,NQ-OUT-002-M-GRY,410,42720
PO-000001209,NQ-TOP-003-L-WHT,357,18720
PO-000001210,NQ-OUT-001-M-GRY,1232,42720
PO-000001211,NQ-OUT-003-S-GRY,123,42720
PO-000001212,NQ-TOP-005-M-WHT,107,18720
PO-000001213,NQ-OUT-002-M-BEG,410,42720
PO-000001214,NQ-OUT-003-S-BEG,123,42720
PO-000001215,NQ-PNT-002-L-BEG,304,23520
PO-000001216,NQ-OUT-002-S-BLK,410,42720
PO-000001217,NQ-OUT-003-S-NVY,123,42720
PO-000001218,NQ-OUT-001-M-NVY,1232,42720
PO-000001219,NQ-OUT-003-S-BLK,123,42720
PO-000001220,NQ-PNT-001-L-KHK,912,23520
PO-000001221,NQ-PNT-003-L-GRY,304,23520
PO-000001222,NQ-PNT-001-M-NVY,912,23520
PO-000001223,NQ-OUT-003-M-GRY,123,42720
PO-000001224,NQ-TOP-005-L-WHT,107,18720
PO-000001225,NQ-PNT-002-S-GRY,304,23520
PO-000001226,NQ-PNT-001-L-BLK,912,23520
PO-000001227,NQ-OUT-002-M-BLK,410,42720
PO-000001228,NQ-OUT-003-M-BLK,123,42720
PO-000001229,NQ-PNT-001-L-GRY,912,23520
PO-000001230,NQ-TOP-004-L-GRY,107,18720
PO-000001231,NQ-OUT-001-M-BEG,1232,42720
PO-000001232,NQ-OUT-001-S-GRY,1232,42720
PO-000001233,NQ-OUT-002-S-NVY,410,42720
PO-000001234,NQ-OUT-001-S-NVY,1232,42720
PO-000001235,NQ-OUT-001-S-BEG,1232,42720
PO-000001236,NQ-OUT-001-S-BLK,1232,42720
PO-000001237,NQ-OUT-002-S-GRY,410,42720
PO-000001238,NQ-PNT-001-M-KHK,912,23520
PO-000001239,NQ-OUT-003-M-BEG,123,42720
PO-000001240,NQ-PNT-002-L-GRY,304,23520
PO-000001241,NQ-TOP-005-L-GRY,107,18720
PO-000001242,NQ-TOP-004-L-WHT,107,18720
PO-000001243,NQ-PNT-004-2XL-BEG,91,23520
PO-000001244,NQ-TOP-004-L-BLK,107,18720
PO-000001245,NQ-TOP-005-M-GRY,107,18720
PO-000001246,NQ-PNT-004-L-GRY,91,23520
PO-000001247,NQ-PNT-002-M-BEG,304,23520
PO-000001248,NQ-PNT-001-M-GRY,912,23520
PO-000001249,NQ-TOP-005-L-BLK,107,18720
PO-000001250,NQ-PNT-001-L-NVY,912,23520
PO-000001251,NQ-PNT-003-XL-BEG,304,23520
PO-000001252,NQ-TOP-004-2XL-BLK,107,18720
PO-000001253,NQ-PNT-001-S-KHK,912,23520
PO-000001254,NQ-TOP-005-2XL-GRY,107,18720
PO-000001255,NQ-TOP-002-L-BLK,357,18720
PO-000001256,NQ-PNT-004-S-BLK,91,23520
PO-000001257,NQ-PNT-004-S-GRY,91,23520
PO-000001258,NQ-TOP-004-XL-GRY,107,18720
PO-000001259,NQ-PNT-003-XL-BLK,304,23520
PO-000001260,NQ-TOP-005-S-GRY,107,18720
PO-000001261,NQ-PNT-004-XL-BEG,91,23520
PO-000001262,NQ-TOP-003-XL-NVY,357,18720
PO-000001263,NQ-PNT-001-S-BLK,912,23520
PO-000001264,NQ-TOP-005-XL-GRY,107,18720
PO-000001265,NQ-TOP-003-XL-BLK,357,18720
PO-000001266,NQ-PNT-001-S-NVY,912,23520
PO-000001267,NQ-TOP-001-XL-ORC,1071,18720
PO-000001268,NQ-PNT-003-S-BEG,304,23520
PO-000001269,NQ-TOP-001-XL-BLK,1071,18720
PO-000001270,NQ-TOP-005-M-NVY,107,18720
PO-000001271,NQ-PNT-004-L-BEG,91,23520
PO-000001272,NQ-TOP-003-XL-GRY,357,18720
PO-000001273,NQ-PNT-003-S-BLK,304,23520
PO-000001274,NQ-CLR-COOL-005-M-IVR,272,16800
PO-000001275,NQ-TOP-001-L-BLK,1071,18720
PO-000001276,NQ-CLR-MUT-006-M-IVR,272,16800
PO-000001277,NQ-TOP-004-M-WHT,107,18720
PO-000001278,NQ-TOP-005-L-NVY,107,18720
PO-000001279,NQ-TOP-001-XL-WHT,1071,18720
PO-000001280,NQ-TOP-005-2XL-BLK,107,18720
PO-000001281,NQ-TOP-001-XL-LYL,1071,18720
PO-000001282,NQ-PNT-001-S-GRY,912,23520
PO-000001283,NQ-CLR-COOL-005-L-IVR,272,16800
PO-000001284,NQ-CLR-COOL-005-M-CRM,272,16800
PO-000001285,NQ-CLR-WRM-001-M-IVR,815,16800
PO-000001286,NQ-CLR-WRM-004-M-ASH,272,16800
PO-000001287,NQ-PNT-004-S-BEG,91,23520
PO-000001288,NQ-TOP-001-XL-GRY,1071,18720
PO-000001289,NQ-CLR-COOL-002-M-IVR,815,16800
PO-000001290,NQ-TOP-004-L-NVY,107,18720
PO-000001291,NQ-CLR-MUT-006-S-IVR,272,16800
PO-000001292,NQ-TOP-002-L-WHT,357,18720
PO-000001293,NQ-CLR-WRM-004-S-CRM,272,16800
PO-000001294,NQ-TOP-002-XL-NVY,357,18720
PO-000001295,NQ-TOP-004-XL-BLK,107,18720
PO-000001296,NQ-TOP-001-XL-SKB,1071,18720
PO-000001297,NQ-CLR-WRM-001-L-ASH,815,16800
PO-000001298,NQ-CLR-WRM-004-L-ASH,272,16800
PO-000001299,NQ-CLR-WRM-001-L-CRM,815,16800
PO-000001300,NQ-TOP-002-XL-WHT,357,18720
PO-000001301,NQ-CLR-WRM-004-L-CRM,272,16800
PO-000001302,NQ-CLR-COOL-005-L-ASH,272,16800
PO-000001303,NQ-CLR-MUT-006-S-CRM,272,16800
PO-000001304,NQ-PNT-003-3XL-GRY,304,23520
PO-000001305,NQ-CLR-MUT-003-L-ASH,815,16800
PO-000001306,NQ-PNT-003-S-GRY,304,23520
PO-000001307,NQ-CLR-WRM-004-M-IVR,272,16800
PO-000001308,NQ-TOP-003-S-GRY,357,18720
PO-000001309,NQ-TOP-004-M-NVY,107,18720
PO-000001310,NQ-CLR-COOL-002-L-CRM,815,16800
PO-000001311,NQ-CLR-MUT-003-M-ASH,815,16800
PO-000001312,NQ-PNT-004-3XL-GRY,91,23520
PO-000001313,NQ-PNT-001-3XL-NVY,912,23520
PO-000001314,NQ-CLR-MUT-006-L-ASH,272,16800
PO-000001315,NQ-CLR-COOL-005-S-ASH,272,16800
PO-000001316,NQ-PNT-001-3XL-GRY,912,23520
PO-000001317,NQ-TOP-005-XL-BLK,107,18720
PO-000001318,NQ-TOP-002-XL-GRY,357,18720
PO-000001319,NQ-CLR-MUT-003-L-CRM,815,16800
PO-000001320,NQ-PNT-004-M-BLK,91,23520
PO-000001321,NQ-CLR-COOL-002-L-IVR,815,16800
PO-000001322,NQ-CLR-WRM-001-S-ASH,815,16800
PO-000001323,NQ-CLR-WRM-001-M-ASH,815,16800
PO-000001324,NQ-CLR-MUT-006-L-CRM,272,16800
PO-000001325,NQ-PNT-001-S-BEG,912,23520
PO-000001326,NQ-CLR-WRM-001-L-IVR,815,16800
PO-000001327,NQ-CLR-COOL-005-M-ASH,272,16800
PO-000001328,NQ-PNT-004-3XL-BEG,91,23520
PO-000001329,NQ-CLR-MUT-006-L-IVR,272,16800
PO-000001330,NQ-CLR-WRM-004-L-IVR,272,16800
PO-000001331,NQ-CLR-WRM-001-M-CRM,815,16800
PO-000001332,NQ-CLR-MUT-003-S-ASH,815,16800
PO-000001333,NQ-CLR-COOL-002-S-CRM,815,16800
PO-000001334,NQ-TOP-001-XL-NVY,1071,18720
PO-000001335,NQ-CLR-MUT-003-M-IVR,815,16800
PO-000001336,NQ-CLR-MUT-003-S-IVR,815,16800
PO-000001337,NQ-CLR-COOL-002-S-ASH,815,16800
PO-000001338,NQ-CLR-COOL-002-M-CRM,815,16800
PO-000001339,NQ-TOP-002-XL-BLK,357,18720
PO-000001340,NQ-CLR-COOL-005-S-CRM,272,16800
PO-000001341,NQ-PNT-002-S-BEG,304,23520
PO-000001342,NQ-OUT-002-L-GRY,410,42720
PO-000001343,NQ-CLR-MUT-006-M-ASH,272,16800
PO-000001344,NQ-PNT-003-M-GRY,304,23520
PO-000001345,NQ-TOP-005-S-BLK,107,18720
PO-000001346,NQ-CLR-COOL-002-L-ASH,815,16800
PO-000001347,NQ-PNT-002-L-BLK,304,23520
PO-000001348,NQ-CLR-WRM-001-S-CRM,815,16800
PO-000001349,NQ-CLR-WRM-001-S-IVR,815,16800
PO-000001350,NQ-PNT-001-3XL-BLK,912,23520
PO-000001351,NQ-CLR-COOL-002-M-ASH,815,16800
PO-000001352,NQ-CLR-MUT-003-L-IVR,815,16800
PO-000001353,NQ-CLR-MUT-006-M-CRM,272,16800
PO-000001354,NQ-CLR-MUT-003-M-CRM,815,16800
PO-000001355,NQ-PNT-002-XL-BLK,304,23520
PO-000001356,NQ-CLR-COOL-005-L-CRM,272,16800
PO-000001357,NQ-CLR-WRM-004-S-ASH,272,16800
PO-000001358,NQ-TOP-003-XL-WHT,357,18720
PO-000001359,NQ-CLR-COOL-002-S-IVR,815,16800
PO-000001360,NQ-CLR-MUT-006-S-ASH,272,16800
PO-000001361,NQ-CLR-COOL-005-S-IVR,272,16800
PO-000001362,NQ-TOP-003-S-BLK,357,18720
PO-000001363,NQ-CLR-WRM-004-S-IVR,272,16800
PO-000001364,NQ-OUT-002-L-BEG,410,42720
PO-000001365,NQ-TOP-004-M-BLK,107,18720
PO-000001366,NQ-PNT-004-XL-GRY,91,23520
PO-000001367,NQ-CLR-MUT-003-S-CRM,815,16800
PO-000001368,NQ-PNT-002-3XL-BLK,304,23520
PO-000001369,NQ-PNT-001-3XL-BEG,912,23520
PO-000001370,NQ-PNT-003-M-BEG,304,23520
PO-000001371,NQ-TOP-003-S-NVY,357,18720
PO-000001372,NQ-PNT-002-3XL-GRY,304,23520
PO-000001373,NQ-OUT-003-L-GRY,123,42720
PO-000001374,NQ-PNT-003-L-BEG,304,23520
PO-000001375,NQ-OUT-001-L-NVY,1232,42720
PO-000001376,NQ-TOP-004-S-BLK,107,18720
PO-000001377,NQ-TOP-002-S-BLK,357,18720
PO-000001378,NQ-PNT-003-3XL-BEG,304,23520
PO-000001379,NQ-TOP-001-S-SKB,1071,18720
PO-000001380,NQ-TOP-002-S-WHT,357,18720
PO-000001381,NQ-OUT-002-L-NVY,410,42720
PO-000001382,NQ-PNT-004-3XL-BLK,91,23520
PO-000001383,NQ-OUT-003-L-BLK,123,42720
PO-000001384,NQ-PNT-001-XL-BEG,912,23520
PO-000001385,NQ-TOP-002-M-BLK,357,18720
PO-000001386,NQ-CLR-WRM-004-M-CRM,272,16800
PO-000001387,NQ-PNT-002-S-BLK,304,23520
PO-000001388,NQ-PNT-003-XL-GRY,304,23520
PO-000001389,NQ-OUT-001-L-GRY,1232,42720
PO-000001390,NQ-TOP-001-S-WHT,1071,18720
PO-000001391,NQ-OUT-001-L-BEG,1232,42720
PO-000001392,NQ-TOP-004-S-GRY,107,18720
PO-000001393,NQ-PNT-001-3XL-KHK,912,23520
PO-000001394,NQ-PNT-004-M-BEG,91,23520
PO-000001395,NQ-TOP-004-2XL-GRY,107,18720
PO-000001396,NQ-TOP-003-S-WHT,357,18720
PO-000001397,NQ-TOP-001-L-WHT,1071,18720
PO-000001398,NQ-OUT-001-L-BLK,1232,42720
PO-000001399,NQ-PNT-001-XL-GRY,912,23520
PO-000001400,NQ-TOP-002-S-GRY,357,18720
PO-000001401,NQ-TOP-005-S-NVY,107,18720
PO-000001402,NQ-PNT-002-3XL-BEG,304,23520
PO-000001403,NQ-TOP-003-M-GRY,357,18720
PO-000001404,NQ-PNT-002-XL-GRY,304,23520
PO-000001405,NQ-TOP-001-M-GRY,1071,18720
PO-000001406,NQ-PNT-004-XS-GRY,91,23520
PO-000001407,NQ-TOP-005-M-BLK,107,18720
PO-000001408,NQ-TOP-001-S-BLK,1071,18720
PO-000001409,NQ-TOP-002-L-NVY,357,18720
PO-000001410,NQ-OUT-003-L-BEG,123,42720
PO-000001411,NQ-TOP-001-S-GRY,1071,18720
PO-000001412,NQ-PNT-001-M-BEG,912,23520
PO-000001413,NQ-PNT-001-XL-BLK,912,23520
PO-000001414,NQ-PNT-002-XL-BEG,304,23520
PO-000001415,NQ-PNT-001-XL-NVY,912,23520
PO-000001416,NQ-PNT-001-L-BEG,912,23520
PO-000001417,NQ-TOP-002-M-WHT,357,18720
PO-000001418,NQ-TOP-003-M-BLK,357,18720
PO-000001419,NQ-OUT-003-M-NVY,123,42720
PO-000001420,NQ-TOP-001-S-LYL,1071,18720
PO-000001421,NQ-OUT-003-L-NVY,123,42720
PO-000001422,NQ-TOP-005-XL-NVY,107,18720
PO-000001423,NQ-TOP-004-XL-NVY,107,18720
PO-000001424,NQ-TOP-005-XL-WHT,107,18720
PO-000001425,NQ-PNT-003-L-BLK,304,23520
PO-000001426,NQ-TOP-001-S-ORC,1071,18720
PO-000001427,NQ-PNT-001-XL-KHK,912,23520
PO-000001428,NQ-TOP-004-M-GRY,107,18720
PO-000001429,NQ-TOP-001-M-BLK,1071,18720
PO-000001430,NQ-TOP-003-M-NVY,357,18720
PO-000001431,NQ-TOP-004-S-NVY,107,18720
PO-000001432,NQ-OUT-002-L-BLK,410,42720
PO-000001433,NQ-TOP-005-S-WHT,107,18720
PO-000001434,NQ-PNT-002-M-BLK,304,23520
PO-000001435,NQ-TOP-002-S-NVY,357,18720
PO-000001436,NQ-PNT-004-M-GRY,91,23520
PO-000001437,NQ-TOP-001-L-SKB,1071,18720
PO-000001438,NQ-TOP-001-L-LYL,1071,18720
PO-000001439,NQ-OUT-001-M-GRY,1232,42720
PO-000001440,NQ-TOP-003-L-BLK,357,18720
PO-000001441,NQ-TOP-001-L-ORC,1071,18720
PO-000001442,NQ-TOP-002-3XL-NVY,357,18720
PO-000001443,NQ-TOP-001-L-NVY,1071,18720
PO-000001444,NQ-TOP-002-M-NVY,357,18720
PO-000001445,NQ-TOP-001-M-SKB,1071,18720
PO-000001446,NQ-TOP-002-L-GRY,357,18720
PO-000001447,NQ-TOP-001-M-ORC,1071,18720
PO-000001448,NQ-TOP-003-L-GRY,357,18720
PO-000001449,NQ-OUT-001-M-BLK,1232,42720
PO-000001450,NQ-PNT-002-M-GRY,304,23520
PO-000001451,NQ-TOP-001-L-GRY,1071,18720
PO-000001452,NQ-TOP-004-XL-WHT,107,18720
PO-000001453,NQ-TOP-002-M-GRY,357,18720
PO-000001454,NQ-TOP-003-L-NVY,357,18720
PO-000001455,NQ-OUT-002-M-GRY,410,42720
PO-000001456,NQ-TOP-001-M-LYL,1071,18720
PO-000001457,NQ-TOP-001-M-WHT,1071,18720
PO-000001458,NQ-OUT-002-S-BEG,410,42720
PO-000001459,NQ-TOP-001-M-NVY,1071,18720
PO-000001460,NQ-OUT-003-S-GRY,123,42720
PO-000001461,NQ-OUT-003-S-BLK,123,42720
PO-000001462,NQ-OUT-002-M-NVY,410,42720
PO-000001463,NQ-TOP-003-M-WHT,357,18720
PO-000001464,NQ-OUT-003-S-NVY,123,42720
PO-000001465,NQ-PNT-003-M-BLK,304,23520
PO-000001466,NQ-OUT-003-S-BEG,123,42720
PO-000001467,NQ-PNT-003-3XL-BLK,304,23520
PO-000001468,NQ-PNT-001-M-BLK,912,23520
PO-000001469,NQ-TOP-005-M-WHT,107,18720
PO-000001470,NQ-TOP-003-3XL-NVY,357,18720
PO-000001471,NQ-PNT-004-L-BLK,91,23520
PO-000001472,NQ-OUT-002-M-BEG,410,42720
PO-000001473,NQ-TOP-001-S-NVY,1071,18720
PO-000001474,NQ-OUT-002-S-BLK,410,42720
PO-000001475,NQ-OUT-001-M-NVY,1232,42720
PO-000001476,NQ-OUT-003-M-BLK,123,42720
PO-000001477,NQ-PNT-002-L-BEG,304,23520
PO-000001478,NQ-PNT-001-L-KHK,912,23520
PO-000001479,NQ-TOP-005-XS-WHT,107,18720
PO-000001480,NQ-TOP-004-L-GRY,107,18720
PO-000001481,NQ-OUT-003-M-GRY,123,42720
PO-000001482,NQ-TOP-005-3XL-GRY,107,18720
PO-000001483,NQ-TOP-003-L-WHT,357,18720
PO-000001484,NQ-PNT-003-L-GRY,304,23520
PO-000001485,NQ-OUT-002-M-BLK,410,42720
PO-000001486,NQ-PNT-001-L-BLK,912,23520
PO-000001487,NQ-OUT-001-S-BEG,1232,42720
PO-000001488,NQ-OUT-001-M-BEG,1232,42720
PO-000001489,NQ-PNT-003-2XL-BEG,304,23520
PO-000001490,NQ-OUT-001-S-NVY,1232,42720
PO-000001491,NQ-PNT-001-M-NVY,912,23520
PO-000001492,NQ-OUT-001-S-GRY,1232,42720
PO-000001493,NQ-OUT-003-M-BEG,123,42720
PO-000001494,NQ-PNT-001-L-GRY,912,23520
PO-000001495,NQ-OUT-002-S-NVY,410,42720
PO-000001496,NQ-PNT-001-M-KHK,912,23520
PO-000001497,NQ-OUT-001-S-BLK,1232,42720
PO-000001498,NQ-PNT-002-L-GRY,304,23520
PO-000001499,NQ-TOP-005-L-GRY,107,18720
PO-000001500,NQ-OUT-002-S-GRY,410,42720
PO-000001501,NQ-TOP-005-L-WHT,107,18720
PO-000001502,NQ-PNT-001-2XL-NVY,912,23520
PO-000001503,NQ-TOP-004-L-WHT,107,18720
PO-000001504,NQ-TOP-003-3XL-WHT,357,18720
PO-000001505,NQ-TOP-004-S-WHT,107,18720
PO-000001506,NQ-TOP-001-3XL-NVY,1071,18720
PO-000001507,NQ-TOP-001-3XL-SKB,1071,18720
PO-000001508,NQ-TOP-005-M-GRY,107,18720
PO-000001509,NQ-TOP-004-L-BLK,107,18720
PO-000001510,NQ-PNT-004-XS-BEG,91,23520
PO-000001511,NQ-PNT-004-L-GRY,91,23520
PO-000001512,NQ-PNT-004-XL-BLK,91,23520
PO-000001513,NQ-PNT-002-2XL-BEG,304,23520
PO-000001514,NQ-PNT-001-2XL-BEG,912,23520
PO-000001515,NQ-TOP-001-3XL-BLK,1071,18720
PO-000001516,NQ-TOP-004-3XL-NVY,107,18720
PO-000001517,NQ-TOP-004-2XL-NVY,107,18720
PO-000001518,NQ-TOP-004-3XL-WHT,107,18720
PO-000001519,NQ-PNT-002-M-BEG,304,23520
PO-000001520,NQ-PNT-003-XS-BEG,304,23520
PO-000001521,NQ-TOP-001-3XL-LYL,1071,18720
PO-000001522,NQ-TOP-001-3XL-ORC,1071,18720
PO-000001523,NQ-TOP-004-3XL-GRY,107,18720
PO-000001524,NQ-PNT-001-L-NVY,912,23520
PO-000001525,NQ-PNT-001-M-GRY,912,23520
PO-000001526,NQ-PNT-002-XS-BEG,304,23520
PO-000001527,NQ-PNT-001-XS-GRY,912,23520
PO-000001528,NQ-TOP-003-3XL-BLK,357,18720
PO-000001529,NQ-PNT-003-2XL-BLK,304,23520
PO-000001530,NQ-TOP-005-L-BLK,107,18720
PO-000001531,NQ-CLR-COOL-005-M-IVR,272,16800
PO-000001532,NQ-TOP-002-L-BLK,357,18720
PO-000001533,NQ-PNT-002-2XL-GRY,304,23520
PO-000001534,NQ-TOP-005-XS-BLK,107,18720
PO-000001535,NQ-CLR-MUT-006-M-IVR,272,16800
PO-000001536,NQ-TOP-001-2XL-NVY,1163,18720
PO-000001537,NQ-CLR-WRM-001-M-IVR,890,16800
PO-000001538,NQ-TOP-001-2XL-SKB,1219,18720
PO-000001539,NQ-TOP-001-L-BLK,1175,18720
PO-000001540,NQ-TOP-005-3XL-WHT,122,18720
PO-000001541,NQ-TOP-001-2XL-LYL,1172,18720
PO-000001542,NQ-TOP-003-2XL-BLK,395,18720
PO-000001543,NQ-CLR-COOL-002-M-IVR,893,16800
PO-000001544,NQ-CLR-WRM-004-M-ASH,295,16800
PO-000001545,NQ-TOP-004-XS-WHT,119,18720
PO-000001546,NQ-PNT-001-XS-NVY,1013,23520
PO-000001547,NQ-TOP-003-2XL-GRY,387,18720
PO-000001548,NQ-TOP-005-3XL-NVY,123,18720
PO-000001549,NQ-CLR-COOL-005-M-CRM,295,16800
PO-000001550,NQ-TOP-001-3XL-WHT,1206,18720
PO-000001551,NQ-TOP-001-3XL-GRY,1201,18720
PO-000001552,NQ-PNT-001-XS-KHK,988,23520
PO-000001553,NQ-PNT-001-XS-BEG,990,23520
PO-000001554,NQ-TOP-005-M-NVY,119,18720
PO-000001555,NQ-TOP-002-3XL-WHT,407,18720
PO-000001556,NQ-PNT-002-XS-BLK,344,23520
PO-000001557,NQ-CLR-COOL-005-L-IVR,294,16800
PO-000001558,NQ-TOP-003-2XL-NVY,396,18720
PO-000001559,NQ-TOP-004-XS-BLK,123,18720
PO-000001560,NQ-TOP-002-2XL-WHT,387,18720
PO-000001561,NQ-TOP-002-3XL-GRY,399,18720
PO-000001562,NQ-CLR-MUT-006-S-CRM,294,16800
PO-000001563,NQ-TOP-002-3XL-BLK,397,18720
PO-000001564,NQ-CLR-WRM-004-S-CRM,294,16800
PO-000001565,NQ-CLR-MUT-006-S-IVR,294,16800
PO-000001566,NQ-TOP-004-XL-GRY,116,18720
PO-000001567,NQ-TOP-003-2XL-WHT,387,18720
PO-000001568,NQ-CLR-WRM-001-L-CRM,883,16800
PO-000001569,NQ-TOP-005-L-NVY,116,18720
PO-000001570,NQ-TOP-001-2XL-BLK,1160,18720
PO-000001571,NQ-PNT-003-XS-GRY,330,23520
PO-000001572,NQ-CLR-WRM-001-L-ASH,883,16800
PO-000001573,NQ-TOP-003-XL-NVY,387,18720
PO-000001574,NQ-TOP-002-L-WHT,387,18720
PO-000001575,NQ-CLR-COOL-005-L-ASH,294,16800
PO-000001576,NQ-CLR-WRM-004-L-ASH,294,16800
PO-000001577,NQ-PNT-004-L-BEG,99,23520
PO-000001578,NQ-CLR-MUT-003-L-ASH,883,16800
PO-000001579,NQ-PNT-004-XL-BEG,99,23520
PO-000001580,NQ-CLR-WRM-004-L-CRM,294,16800
PO-000001581,NQ-TOP-005-3XL-BLK,116,18720
PO-000001582,NQ-CLR-WRM-004-M-IVR,294,16800
PO-000001583,NQ-TOP-004-M-WHT,116,18720
PO-000001584,NQ-CLR-COOL-005-S-ASH,294,16800
PO-000001585,NQ-CLR-MUT-003-M-ASH,883,16800
PO-000001586,NQ-TOP-004-L-NVY,116,18720
PO-000001587,NQ-TOP-004-XS-NVY,122,18720
PO-000001588,NQ-CLR-WRM-001-M-ASH,883,16800
PO-000001589,NQ-TOP-002-2XL-GRY,387,18720
PO-000001590,NQ-TOP-001-2XL-WHT,1160,18720
PO-000001591,NQ-TOP-005-S-GRY,116,18720
PO-000001592,NQ-TOP-001-2XL-ORC,1160,18720
PO-000001593,NQ-PNT-001-XS-BLK,988,23520
PO-000001594,NQ-TOP-002-2XL-BLK,387,18720
PO-000001595,NQ-PNT-003-XL-BLK,330,23520
PO-000001596,NQ-CLR-COOL-002-L-CRM,883,16800
PO-000001597,NQ-CLR-MUT-003-S-ASH,883,16800
PO-000001598,NQ-PNT-003-XL-BEG,330,23520
PO-000001599,NQ-TOP-002-XS-BLK,387,18720
PO-000001600,NQ-PNT-002-S-GRY,330,23520
PO-000001601,NQ-TOP-002-XS-NVY,387,18720
PO-000001602,NQ-CLR-WRM-001-S-ASH,883,16800
PO-000001603,NQ-CLR-MUT-006-L-ASH,294,16800
PO-000001604,NQ-CLR-WRM-001-M-CRM,883,16800
PO-000001605,NQ-CLR-WRM-001-L-IVR,883,16800
PO-000001606,NQ-CLR-COOL-005-M-ASH,294,16800
PO-000001607,NQ-TOP-003-XL-GRY,387,18720
PO-000001608,NQ-TOP-001-2XL-GRY,1160,18720
PO-000001609,NQ-CLR-COOL-002-S-CRM,883,16800
PO-000001610,NQ-TOP-002-2XL-NVY,387,18720
PO-000001611,NQ-CLR-MUT-003-S-IVR,883,16800
PO-000001612,NQ-CLR-MUT-003-L-CRM,883,16800
PO-000001613,NQ-CLR-COOL-002-M-CRM,883,16800
PO-000001614,NQ-CLR-MUT-006-L-CRM,294,16800
PO-000001615,NQ-PNT-004-S-BLK,99,23520
PO-000001616,NQ-CLR-MUT-003-M-IVR,883,16800
PO-000001617,NQ-CLR-COOL-002-S-ASH,883,16800
PO-000001618,NQ-TOP-001-XL-SKB,1160,18720
PO-000001619,NQ-CLR-COOL-002-L-IVR,883,16800
PO-000001620,NQ-CLR-WRM-004-L-IVR,294,16800
PO-000001621,NQ-CLR-COOL-005-S-CRM,294,16800
PO-000001622,NQ-CLR-MUT-006-L-IVR,294,16800
PO-000001623,NQ-TOP-004-M-NVY,116,18720
PO-000001624,NQ-PNT-004-XS-BLK,99,23520
PO-000001625,NQ-PNT-003-XS-BLK,330,23520
PO-000001626,NQ-CLR-WRM-001-S-IVR,883,16800
PO-000001627,NQ-TOP-001-XL-BLK,1160,18720
PO-000001628,NQ-CLR-WRM-001-S-CRM,883,16800
PO-000001629,NQ-CLR-COOL-002-M-ASH,883,16800
PO-000001630,NQ-CLR-MUT-006-M-ASH,294,16800
PO-000001631,NQ-CLR-MUT-006-M-CRM,294,16800
PO-000001632,NQ-TOP-004-2XL-WHT,116,18720
PO-000001633,NQ-PNT-003-M-GRY,330,23520
PO-000001634,NQ-TOP-001-XL-ORC,1160,18720
PO-000001635,NQ-CLR-COOL-002-L-ASH,883,16800
PO-000001636,NQ-CLR-MUT-003-M-CRM,883,16800
PO-000001637,NQ-TOP-001-XL-LYL,1160,18720
PO-000001638,NQ-PNT-002-XS-GRY,330,23520
PO-000001639,NQ-PNT-001-2XL-KHK,988,23520
PO-000001640,NQ-TOP-003-3XL-GRY,387,18720
PO-000001641,NQ-CLR-MUT-003-S-CRM,883,16800
PO-000001642,NQ-CLR-COOL-002-S-IVR,883,16800
PO-000001643,NQ-TOP-003-XL-BLK,387,18720
PO-000001644,NQ-CLR-MUT-006-S-ASH,294,16800
PO-000001645,NQ-TOP-005-XL-GRY,116,18720
PO-000001646,NQ-CLR-WRM-004-S-ASH,294,16800
PO-000001647,NQ-CLR-COOL-005-L-CRM,294,16800
PO-000001648,NQ-PNT-004-M-BLK,99,23520
PO-000001649,NQ-CLR-MUT-003-L-IVR,883,16800
PO-000001650,NQ-PNT-004-S-BEG,99,23520
PO-000001651,NQ-CLR-COOL-005-S-IVR,294,16800
PO-000001652,NQ-TOP-001-XL-GRY,1160,18720
PO-000001653,NQ-OUT-002-L-GRY,445,42720
PO-000001654,NQ-TOP-002-XL-WHT,387,18720
PO-000001655,NQ-TOP-004-XL-BLK,116,18720
PO-000001656,NQ-CLR-WRM-004-S-IVR,294,16800
PO-000001657,NQ-TOP-004-3XL-BLK,116,18720
PO-000001658,NQ-PNT-004-S-GRY,99,23520
PO-000001659,NQ-TOP-002-XL-NVY,387,18720
PO-000001660,NQ-PNT-002-L-BLK,330,23520
PO-000001661,NQ-OUT-002-L-BEG,445,42720
PO-000001662,NQ-TOP-001-XL-WHT,1160,18720
PO-000001663,NQ-CLR-WRM-004-M-CRM,294,16800
PO-000001664,NQ-PNT-001-S-KHK,988,23520
PO-000001665,NQ-TOP-002-XL-BLK,387,18720
PO-000001666,NQ-PNT-003-M-BEG,330,23520
PO-000001667,NQ-TOP-005-2XL-GRY,116,18720
PO-000001668,NQ-TOP-001-XL-NVY,1160,18720
PO-000001669,NQ-PNT-003-S-BLK,330,23520
PO-000001670,NQ-PNT-003-L-BEG,330,23520
PO-000001671,NQ-OUT-001-L-NVY,1336,42720
PO-000001672,NQ-PNT-001-S-BLK,988,23520
PO-000001673,NQ-TOP-001-L-WHT,1160,18720
PO-000001674,NQ-TOP-002-M-BLK,387,18720
PO-000001675,NQ-TOP-005-2XL-NVY,116,18720
PO-000001676,NQ-OUT-001-L-GRY,1336,42720
PO-000001677,NQ-TOP-003-S-GRY,387,18720
PO-000001678,NQ-TOP-003-M-GRY,387,18720
PO-000001679,NQ-OUT-002-L-NVY,445,42720
PO-000001680,NQ-PNT-001-S-NVY,988,23520
PO-000001681,NQ-OUT-001-L-BLK,1336,42720
PO-000001682,NQ-TOP-004-M-BLK,116,18720
PO-000001683,NQ-OUT-001-L-BEG,1336,42720
PO-000001684,NQ-OUT-003-L-BEG,133,42720
PO-000001685,NQ-TOP-001-M-GRY,1160,18720
PO-000001686,NQ-TOP-002-L-NVY,387,18720
PO-000001687,NQ-PNT-003-S-BEG,330,23520
PO-000001688,NQ-TOP-002-XL-GRY,387,18720
PO-000001689,NQ-PNT-001-L-BEG,988,23520
PO-000001690,NQ-TOP-001-XS-GRY,1160,18720
PO-000001691,NQ-TOP-005-M-BLK,116,18720
PO-000001692,NQ-OUT-003-L-BLK,133,42720
PO-000001693,NQ-PNT-004-M-BEG,99,23520
PO-000001694,NQ-PNT-001-M-BEG,988,23520
PO-000001695,NQ-PNT-003-L-BLK,330,23520
PO-000001696,NQ-TOP-003-M-BLK,387,18720
PO-000001697,NQ-PNT-003-2XL-GRY,330,23520
PO-000001698,NQ-OUT-003-M-NVY,133,42720
PO-000001699,NQ-TOP-003-XL-WHT,387,18720
PO-000001700,NQ-OUT-003-S-BEG,133,42720
PO-000001701,NQ-TOP-004-S-BLK,116,18720
PO-000001702,NQ-PNT-004-2XL-GRY,99,23520
PO-000001703,NQ-OUT-001-M-GRY,1336,42720
PO-000001704,NQ-OUT-001-M-BLK,1336,42720
PO-000001705,NQ-TOP-001-L-LYL,1160,18720
PO-000001706,NQ-OUT-002-M-GRY,445,42720
PO-000001707,NQ-OUT-002-M-NVY,445,42720
PO-000001708,NQ-TOP-005-S-BLK,116,18720
PO-000001709,NQ-TOP-002-M-WHT,387,18720
PO-000001710,NQ-PNT-001-S-GRY,988,23520
PO-000001711,NQ-OUT-003-L-GRY,133,42720
PO-000001712,NQ-TOP-001-L-ORC,1160,18720
PO-000001713,NQ-TOP-005-XL-BLK,116,18720
PO-000001714,NQ-TOP-001-M-NVY,1160,18720
PO-000001715,NQ-OUT-003-S-BLK,133,42720
PO-000001716,NQ-TOP-001-M-BLK,1160,18720
PO-000001717,NQ-PNT-002-M-BLK,330,23520
PO-000001718,NQ-OUT-003-S-GRY,133,42720
PO-000001719,NQ-TOP-002-L-GRY,387,18720
PO-000001720,NQ-TOP-001-L-NVY,1160,18720
PO-000001721,NQ-PNT-002-M-GRY,330,23520
PO-000001722,NQ-OUT-003-S-NVY,133,42720
PO-000001723,NQ-TOP-002-M-NVY,387,18720
PO-000001724,NQ-OUT-003-L-NVY,133,42720
PO-000001725,NQ-OUT-002-M-BEG,445,42720
PO-000001726,NQ-TOP-003-M-NVY,387,18720
PO-000001727,NQ-TOP-001-M-SKB,1160,18720
PO-000001728,NQ-OUT-003-M-BLK,133,42720
PO-000001729,NQ-OUT-002-S-BEG,445,42720
PO-000001730,NQ-OUT-003-M-GRY,133,42720
PO-000001731,NQ-TOP-003-L-NVY,387,18720
PO-000001732,NQ-TOP-001-L-GRY,1160,18720
PO-000001733,NQ-PNT-004-2XL-BLK,99,23520
PO-000001734,NQ-TOP-001-M-WHT,1160,18720
PO-000001735,NQ-TOP-003-XS-GRY,387,18720
PO-000001736,NQ-TOP-004-M-GRY,116,18720
PO-000001737,NQ-TOP-001-L-SKB,1160,18720
PO-000001738,NQ-PNT-001-M-BLK,988,23520
PO-000001739,NQ-TOP-003-L-BLK,387,18720
PO-000001740,NQ-OUT-003-M-BEG,133,42720
PO-000001741,NQ-OUT-001-M-NVY,1336,42720
PO-000001742,NQ-PNT-004-XL-GRY,99,23520
PO-000001743,NQ-TOP-001-M-ORC,1160,18720
PO-000001744,NQ-TOP-001-M-LYL,1160,18720
PO-000001745,NQ-PNT-003-XL-GRY,330,23520
PO-000001746,NQ-TOP-003-M-WHT,387,18720
PO-000001747,NQ-OUT-002-M-BLK,445,42720
PO-000001748,NQ-PNT-003-M-BLK,330,23520
PO-000001749,NQ-OUT-001-M-BEG,1336,42720
PO-000001750,NQ-OUT-002-S-BLK,445,42720
PO-000001751,NQ-OUT-001-S-NVY,1336,42720
PO-000001752,NQ-OUT-001-S-GRY,1336,42720
PO-000001753,NQ-PNT-003-L-GRY,330,23520
PO-000001754,NQ-OUT-001-S-BEG,1336,42720
PO-000001755,NQ-TOP-003-L-GRY,387,18720
PO-000001756,NQ-TOP-005-S-NVY,116,18720
PO-000001757,NQ-PNT-001-XL-BEG,988,23520
PO-000001758,NQ-TOP-005-2XL-WHT,116,18720
PO-000001759,NQ-OUT-002-L-BLK,445,42720
PO-000001760,NQ-PNT-002-XL-BLK,330,23520
PO-000001761,NQ-PNT-002-S-BEG,330,23520
PO-000001762,NQ-PNT-002-L-BEG,330,23520
PO-000001763,NQ-TOP-002-M-GRY,387,18720
PO-000001764,NQ-PNT-001-L-KHK,988,23520
PO-000001765,NQ-OUT-001-S-BLK,1336,42720
PO-000001766,NQ-PNT-001-L-BLK,988,23520
PO-000001767,NQ-PNT-001-S-BEG,988,23520
PO-000001768,NQ-PNT-003-S-GRY,330,23520
PO-000001769,NQ-TOP-002-S-BLK,387,18720
PO-000001770,NQ-PNT-004-L-BLK,99,23520
PO-000001771,NQ-TOP-005-XS-NVY,116,18720
PO-000001772,NQ-TOP-001-XS-SKB,1160,18720
PO-000001773,NQ-TOP-001-XS-NVY,1160,18720
PO-000001774,NQ-PNT-002-XL-GRY,330,23520
PO-000001775,NQ-OUT-002-S-NVY,445,42720
PO-000001776,NQ-TOP-004-S-GRY,116,18720
PO-000001777,NQ-PNT-004-M-GRY,99,23520
PO-000001778,NQ-PNT-001-L-GRY,988,23520
PO-000001779,NQ-PNT-001-M-NVY,988,23520
PO-000001780,NQ-PNT-001-M-KHK,988,23520
PO-000001781,NQ-TOP-003-L-WHT,387,18720
PO-000001782,NQ-OUT-002-S-GRY,445,42720
PO-000001783,NQ-PNT-001-2XL-BLK,988,23520
PO-000001784,NQ-TOP-001-S-WHT,1160,18720
PO-000001785,NQ-TOP-005-L-WHT,116,18720
PO-000001786,NQ-PNT-002-XL-BEG,330,23520
PO-000001787,NQ-PNT-001-XL-GRY,988,23520
PO-000001788,NQ-TOP-004-L-GRY,116,18720
PO-000001789,NQ-PNT-002-L-GRY,330,23520
PO-000001790,NQ-TOP-002-XS-WHT,387,18720
PO-000001791,NQ-TOP-005-XL-NVY,116,18720
PO-000001792,NQ-TOP-002-XS-GRY,387,18720
PO-000001793,NQ-PNT-001-XL-BLK,988,23520
PO-000001794,NQ-TOP-005-S-WHT,116,18720
PO-000001795,NQ-TOP-005-M-WHT,116,18720
PO-000001796,NQ-TOP-001-S-SKB,1160,18720
PO-000001797,NQ-TOP-004-L-WHT,116,18720
PO-000001798,NQ-TOP-004-L-BLK,116,18720
PO-000001799,NQ-TOP-001-XS-ORC,1160,18720
PO-000001800,NQ-TOP-003-XS-BLK,387,18720
PO-000001801,NQ-TOP-003-XS-WHT,387,18720
PO-000001802,NQ-PNT-001-XL-KHK,988,23520
PO-000001803,NQ-TOP-003-S-BLK,387,18720
PO-000001804,NQ-PNT-004-L-GRY,99,23520
PO-000001805,NQ-PNT-002-S-BLK,330,23520
PO-000001806,NQ-TOP-002-S-WHT,387,18720
PO-000001807,NQ-PNT-002-2XL-BLK,330,23520
PO-000001808,NQ-PNT-001-XL-NVY,988,23520
PO-000001809,NQ-CLR-COOL-005-M-IVR,294,16800
PO-000001810,NQ-PNT-001-2XL-GRY,988,23520
PO-000001811,NQ-TOP-005-M-GRY,116,18720
PO-000001812,NQ-CLR-MUT-006-M-IVR,294,16800
PO-000001813,NQ-TOP-003-S-WHT,387,18720
PO-000001814,NQ-PNT-001-L-NVY,988,23520
PO-000001815,NQ-PNT-002-M-BEG,330,23520
PO-000001816,NQ-TOP-002-S-GRY,387,18720
PO-000001817,NQ-TOP-005-XL-WHT,116,18720
PO-000001818,NQ-TOP-001-S-BLK,1160,18720
PO-000001819,NQ-TOP-004-XL-NVY,116,18720
PO-000001820,NQ-PNT-001-M-GRY,988,23520
PO-000001821,NQ-CLR-COOL-005-M-CRM,294,16800
PO-000001822,NQ-CLR-COOL-002-M-IVR,883,16800
PO-000001823,NQ-TOP-004-XL-WHT,116,18720
PO-000001824,NQ-TOP-001-S-GRY,1160,18720
PO-000001825,NQ-CLR-WRM-001-M-IVR,883,16800
PO-000001826,NQ-CLR-WRM-004-S-CRM,294,16800
PO-000001827,NQ-CLR-MUT-006-S-CRM,294,16800
PO-000001828,NQ-CLR-WRM-004-M-ASH,294,16800
PO-000001829,NQ-PNT-004-XL-BLK,99,23520
PO-000001830,NQ-TOP-005-L-GRY,116,18720
PO-000001831,NQ-CLR-COOL-005-L-IVR,294,16800
PO-000001832,NQ-CLR-MUT-006-S-IVR,294,16800
PO-000001833,NQ-TOP-003-S-NVY,387,18720
PO-000001834,NQ-PNT-003-4XL-GRY,330,23520
PO-000001835,NQ-TOP-005-L-BLK,116,18720
PO-000001836,NQ-TOP-001-XS-LYL,1160,18720
PO-000001837,NQ-CLR-COOL-005-L-ASH,294,16800
PO-000001838,NQ-CLR-WRM-004-M-IVR,294,16800
PO-000001839,NQ-CLR-WRM-001-L-CRM,883,16800
PO-000001840,NQ-CLR-MUT-003-M-ASH,883,16800
PO-000001841,NQ-TOP-002-L-BLK,387,18720
PO-000001842,NQ-TOP-001-XS-BLK,1160,18720
PO-000001843,NQ-CLR-COOL-005-S-ASH,294,16800
PO-000001844,NQ-CLR-WRM-001-M-ASH,883,16800
PO-000001845,NQ-TOP-001-S-LYL,1160,18720
PO-000001846,NQ-CLR-WRM-001-L-ASH,883,16800
PO-000001847,NQ-CLR-WRM-004-L-ASH,294,16800
PO-000001848,NQ-TOP-001-XS-WHT,1160,18720
PO-000001849,NQ-PNT-004-2XL-BEG,99,23520
PO-000001850,NQ-CLR-MUT-003-L-ASH,883,16800
PO-000001851,NQ-TOP-001-S-ORC,1160,18720
PO-000001852,NQ-CLR-MUT-003-S-ASH,883,16800
PO-000001853,NQ-CLR-WRM-001-S-ASH,883,16800
PO-000001854,NQ-TOP-003-XS-NVY,387,18720
PO-000001855,NQ-CLR-WRM-001-M-CRM,883,16800
PO-000001856,NQ-CLR-COOL-005-M-ASH,294,16800
PO-000001857,NQ-CLR-MUT-003-S-IVR,883,16800
PO-000001858,NQ-CLR-COOL-002-S-CRM,883,16800
PO-000001859,NQ-PNT-004-L-BEG,99,23520
PO-000001860,NQ-CLR-COOL-005-S-CRM,294,16800
PO-000001861,NQ-CLR-COOL-002-M-ASH,883,16800
PO-000001862,NQ-CLR-MUT-006-L-ASH,294,16800
PO-000001863,NQ-CLR-COOL-002-S-ASH,883,16800
PO-000001864,NQ-CLR-WRM-004-L-CRM,294,16800
PO-000001865,NQ-CLR-WRM-001-S-CRM,883,16800
PO-000001866,NQ-CLR-MUT-003-M-IVR,883,16800
PO-000001867,NQ-CLR-WRM-001-L-IVR,883,16800
PO-000001868,NQ-CLR-COOL-002-L-CRM,883,16800
PO-000001869,NQ-CLR-COOL-002-M-CRM,883,16800
PO-000001870,NQ-TOP-002-S-NVY,387,18720
PO-000001871,NQ-CLR-WRM-001-S-IVR,883,16800
PO-000001872,NQ-CLR-MUT-006-L-CRM,294,16800
PO-000001873,NQ-CLR-MUT-006-M-CRM,294,16800
PO-000001874,NQ-CLR-MUT-006-L-IVR,294,16800
PO-000001875,NQ-CLR-MUT-003-M-CRM,883,16800
PO-000001876,NQ-CLR-COOL-002-S-IVR,883,16800
PO-000001877,NQ-CLR-MUT-006-M-ASH,294,16800
PO-000001878,NQ-CLR-MUT-003-L-CRM,883,16800
PO-000001879,NQ-CLR-COOL-002-L-IVR,883,16800
PO-000001880,NQ-CLR-COOL-005-S-IVR,294,16800
PO-000001881,NQ-CLR-WRM-004-S-ASH,294,16800
PO-000001882,NQ-CLR-MUT-003-S-CRM,883,16800
PO-000001883,NQ-TOP-005-M-NVY,116,18720
PO-000001884,NQ-CLR-WRM-004-S-IVR,294,16800
PO-000001885,NQ-CLR-MUT-006-S-ASH,294,16800
PO-000001886,NQ-CLR-COOL-002-L-ASH,883,16800
PO-000001887,NQ-OUT-002-L-BEG,445,42720
PO-000001888,NQ-CLR-WRM-004-L-IVR,294,16800
PO-000001889,NQ-OUT-002-L-GRY,445,42720
PO-000001890,NQ-TOP-001-S-NVY,1160,18720
PO-000001891,NQ-TOP-002-L-WHT,387,18720
PO-000001892,NQ-TOP-004-S-NVY,116,18720
PO-000001893,NQ-CLR-COOL-005-L-CRM,294,16800
PO-000001894,NQ-PNT-004-M-BLK,99,23520
PO-000001895,NQ-CLR-WRM-004-M-CRM,294,16800
PO-000001896,NQ-CLR-MUT-003-L-IVR,883,16800
PO-000001897,NQ-TOP-001-L-BLK,1160,18720
PO-000001898,NQ-PNT-004-4XL-BEG,99,23520
PO-000001899,NQ-PNT-003-M-GRY,330,23520
PO-000001900,NQ-PNT-002-4XL-BEG,330,23520
PO-000001901,NQ-OUT-002-L-NVY,445,42720
PO-000001902,NQ-OUT-001-L-NVY,1336,42720
PO-000001903,NQ-TOP-004-XS-GRY,116,18720
PO-000001904,NQ-TOP-004-M-NVY,116,18720
PO-000001905,NQ-OUT-001-L-BLK,1336,42720
PO-000001906,NQ-OUT-001-L-GRY,1336,42720
PO-000001907,NQ-TOP-004-2XL-BLK,116,18720
PO-000001908,NQ-OUT-001-L-BEG,1336,42720
PO-000001909,NQ-PNT-003-L-BEG,330,23520
PO-000001910,NQ-TOP-004-M-WHT,116,18720
PO-000001911,NQ-TOP-004-L-NVY,116,18720
PO-000001912,NQ-TOP-005-L-NVY,116,18720
PO-000001913,NQ-TOP-005-2XL-BLK,116,18720
PO-000001914,NQ-PNT-003-4XL-BLK,330,23520
PO-000001915,NQ-OUT-003-L-BEG,133,42720
PO-000001916,NQ-PNT-002-L-BLK,330,23520
PO-000001917,NQ-PNT-002-4XL-BLK,330,23520
PO-000001918,NQ-PNT-003-M-BEG,330,23520
PO-000001919,NQ-TOP-004-S-WHT,116,18720
PO-000001920,NQ-TOP-005-XS-GRY,116,18720
PO-000001921,NQ-PNT-001-L-BEG,988,23520
PO-000001922,NQ-OUT-003-M-NVY,133,42720
PO-000001923,NQ-OUT-003-L-BLK,133,42720
PO-000001924,NQ-TOP-004-2XL-GRY,116,18720
PO-000001925,NQ-PNT-003-XL-BEG,330,23520
PO-000001926,NQ-OUT-003-S-BEG,133,42720
PO-000001927,NQ-PNT-001-4XL-BEG,988,23520
PO-000001928,NQ-OUT-001-M-BLK,1336,42720
PO-000001929,NQ-OUT-001-M-GRY,1336,42720
PO-000001930,NQ-PNT-002-4XL-GRY,330,23520
PO-000001931,NQ-TOP-004-M-BLK,116,18720
PO-000001932,NQ-OUT-002-M-GRY,445,42720
PO-000001933,NQ-TOP-003-M-GRY,387,18720
PO-000001934,NQ-PNT-001-M-BEG,988,23520
PO-000001935,NQ-TOP-004-XL-GRY,116,18720
PO-000001936,NQ-OUT-002-M-NVY,445,42720
PO-000001937,NQ-PNT-003-XL-BLK,330,23520
PO-000001938,NQ-PNT-004-M-BEG,99,23520
PO-000001939,NQ-PNT-001-4XL-BLK,988,23520
PO-000001940,NQ-PNT-003-L-BLK,330,23520
PO-000001941,NQ-PNT-004-XL-BEG,99,23520
PO-000001942,NQ-TOP-005-M-BLK,116,18720
PO-000001943,NQ-TOP-001-M-GRY,1160,18720
PO-000001944,NQ-OUT-003-L-GRY,133,42720
PO-000001945,NQ-TOP-001-L-WHT,1160,18720
PO-000001946,NQ-OUT-003-S-NVY,133,42720
PO-000001947,NQ-OUT-003-S-BLK,133,42720
PO-000001948,NQ-PNT-001-4XL-KHK,988,23520
PO-000001949,NQ-OUT-003-S-GRY,133,42720
PO-000001950,NQ-PNT-003-4XL-BEG,330,23520
PO-000001951,NQ-TOP-002-L-NVY,387,18720
PO-000001952,NQ-TOP-002-M-BLK,387,18720
PO-000001953,NQ-PNT-001-4XL-NVY,988,23520
PO-000001954,NQ-PNT-001-4XL-GRY,988,23520
PO-000001955,NQ-TOP-001-L-NVY,1998,18720
PO-000001956,NQ-TOP-001-XL-ORC,1949,18720
PO-000001957,NQ-TOP-003-M-WHT,621,18720
PO-000001958,NQ-TOP-002-XL-NVY,627,18720
PO-000001959,NQ-TOP-005-XL-GRY,206,18720
PO-000001960,NQ-PNT-001-3XL-KHK,1518,23520
PO-000001961,NQ-OUT-001-M-NVY,2145,42720
PO-000001962,NQ-TOP-001-L-ORC,2023,18720
PO-000001963,NQ-OUT-002-M-BEG,816,42720
PO-000001964,NQ-TOP-001-M-BLK,2021,18720
PO-000001965,NQ-PNT-001-3XL-GRY,1525,23520
PO-000001966,NQ-PNT-003-3XL-GRY,514,23520
PO-000001967,NQ-TOP-001-M-NVY,1996,18720
PO-000001968,NQ-TOP-001-XL-SKB,2010,18720
PO-000001969,NQ-PNT-003-3XL-BEG,493,23520
PO-000001970,NQ-TOP-003-XL-GRY,688,18720
PO-000001971,NQ-TOP-001-M-ORC,1863,18720
PO-000001972,NQ-PNT-001-M-BLK,1588,23520
PO-000001973,NQ-TOP-001-XL-WHT,1905,18720
PO-000001974,NQ-PNT-002-M-BLK,586,23520
PO-000001975,NQ-TOP-001-M-WHT,1863,18720
PO-000001976,NQ-TOP-001-XL-BLK,2020,18720
PO-000001977,NQ-TOP-001-L-GRY,1940,18720
PO-000001978,NQ-TOP-001-L-LYL,2097,18720
PO-000001979,NQ-TOP-003-M-NVY,649,18720
PO-000001980,NQ-TOP-002-XL-GRY,600,18720
PO-000001981,NQ-PNT-004-S-BLK,171,23520
PO-000001982,NQ-PNT-001-2XL-KHK,1479,23520
PO-000001983,NQ-TOP-001-M-LYL,1863,18720
PO-000001984,NQ-PNT-001-S-NVY,1603,23520
PO-000001985,NQ-PNT-001-3XL-NVY,1512,23520
PO-000001986,NQ-PNT-001-S-KHK,1664,23520
PO-000001987,NQ-TOP-001-M-SKB,1932,18720
PO-000001988,NQ-PNT-001-S-GRY,1564,23520
PO-000001989,NQ-TOP-002-M-WHT,705,18720
PO-000001990,NQ-TOP-001-XL-GRY,1900,18720
PO-000001991,NQ-PNT-003-XL-GRY,529,23520
PO-000001992,NQ-TOP-002-2XL-WHT,579,18720
PO-000001993,NQ-PNT-004-S-GRY,181,23520
PO-000001994,NQ-PNT-001-2XL-NVY,1773,23520
PO-000001995,NQ-PNT-002-S-GRY,603,23520
PO-000001996,NQ-OUT-002-S-BEG,818,42720
PO-000001997,NQ-TOP-003-XL-BLK,616,18720
PO-000001998,NQ-PNT-004-S-BEG,162,23520
PO-000001999,NQ-OUT-003-M-BEG,216,42720
PO-000002000,NQ-TOP-002-M-NVY,645,18720
PO-000002001,NQ-TOP-001-XL-LYL,1938,18720
PO-000002002,NQ-PNT-003-S-BLK,542,23520
PO-000002003,NQ-TOP-004-M-GRY,187,18720
PO-000002004,NQ-TOP-003-L-BLK,621,18720
PO-000002005,NQ-PNT-001-3XL-BLK,1476,23520
PO-000002006,NQ-TOP-002-XL-BLK,590,18720
PO-000002007,NQ-TOP-001-L-SKB,1863,18720
PO-000002008,NQ-TOP-001-4XL-ORC,1913,18720
PO-000002009,NQ-TOP-001-XL-NVY,1814,18720
PO-000002010,NQ-PNT-001-2XL-BEG,1756,23520
PO-000002011,NQ-PNT-003-2XL-BEG,604,23520
PO-000002012,NQ-TOP-001-4XL-BLK,1889,18720
PO-000002013,NQ-TOP-003-XL-WHT,579,18720
PO-000002014,NQ-TOP-001-4XL-WHT,1891,18720
PO-000002015,NQ-TOP-003-2XL-BLK,573,18720
PO-000002016,NQ-TOP-002-XL-WHT,646,18720
PO-000002017,NQ-TOP-003-M-BLK,681,18720
PO-000002018,NQ-TOP-005-S-GRY,172,18720
PO-000002019,NQ-TOP-003-XL-NVY,658,18720
PO-000002020,NQ-PNT-001-S-BLK,1611,23520
PO-000002021,NQ-PNT-002-M-GRY,586,23520
PO-000002022,NQ-PNT-002-3XL-BLK,494,23520
PO-000002023,NQ-TOP-003-L-NVY,648,18720
PO-000002024,NQ-TOP-003-2XL-NVY,591,18720
PO-000002025,NQ-PNT-003-S-BEG,563,23520
PO-000002026,NQ-PNT-003-2XL-BLK,595,23520
PO-000002027,NQ-TOP-003-4XL-BLK,701,18720
PO-000002028,NQ-TOP-001-4XL-LYL,1909,18720
PO-000002029,NQ-OUT-003-M-GRY,236,42720
PO-000002030,NQ-PNT-002-2XL-BEG,594,23520
PO-000002031,NQ-TOP-002-4XL-WHT,641,18720
PO-000002032,NQ-OUT-003-M-BLK,239,42720
PO-000002033,NQ-TOP-001-4XL-GRY,1943,18720
PO-000002034,NQ-TOP-002-4XL-NVY,624,18720
PO-000002035,NQ-TOP-002-L-GRY,665,18720
PO-000002036,NQ-TOP-004-XL-BLK,199,18720
PO-000002037,NQ-TOP-005-4XL-BLK,190,18720
PO-000002038,NQ-TOP-001-4XL-SKB,1861,18720
PO-000002039,NQ-OUT-003-L-NVY,238,42720
PO-000002040,NQ-PNT-004-XL-GRY,159,23520
PO-000002041,NQ-PNT-002-2XL-GRY,564,23520
PO-000002042,NQ-PNT-002-3XL-GRY,500,23520
PO-000002043,NQ-TOP-003-S-GRY,587,18720
PO-000002044,NQ-OUT-002-S-BLK,716,42720
PO-000002045,NQ-OUT-001-S-BEG,2145,42720
PO-000002046,NQ-OUT-001-S-NVY,2145,42720
PO-000002047,NQ-OUT-001-M-BEG,2145,42720
PO-000002048,NQ-OUT-001-S-GRY,2145,42720
PO-000002049,NQ-OUT-002-M-BLK,716,42720
PO-000002050,NQ-PNT-003-L-GRY,529,23520
PO-000002051,NQ-TOP-004-4XL-NVY,192,18720
PO-000002052,NQ-TOP-003-L-GRY,621,18720
PO-000002053,NQ-PNT-004-3XL-BLK,149,23520
PO-000002054,NQ-PNT-003-M-BLK,529,23520
PO-000002055,NQ-PNT-004-4XL-GRY,165,23520
PO-000002056,NQ-TOP-005-S-BLK,172,18720
PO-000002057,NQ-TOP-004-4XL-GRY,210,18720
PO-000002058,NQ-TOP-003-2XL-WHT,571,18720
PO-000002059,NQ-TOP-001-4XL-NVY,1907,18720
PO-000002060,NQ-TOP-003-4XL-WHT,639,18720
PO-000002061,NQ-TOP-003-4XL-GRY,655,18720
PO-000002062,NQ-TOP-002-4XL-GRY,632,18720
PO-000002063,NQ-TOP-003-4XL-NVY,638,18720
PO-000002064,NQ-TOP-004-2XL-WHT,172,18720
PO-000002065,NQ-OUT-001-S-BLK,2145,42720
PO-000002066,NQ-PNT-001-S-BEG,1572,23520
PO-000002067,NQ-PNT-001-XL-BEG,1588,23520
PO-000002068,NQ-PNT-002-S-BEG,529,23520
PO-000002069,NQ-PNT-002-L-BEG,529,23520
PO-000002070,NQ-PNT-001-L-BLK,1588,23520
PO-000002071,NQ-OUT-002-L-BLK,716,42720
PO-000002072,NQ-PNT-001-L-KHK,1588,23520
PO-000002073,NQ-PNT-001-3XL-BEG,1460,23520
PO-000002074,NQ-TOP-004-2XL-NVY,189,18720
PO-000002075,NQ-TOP-002-4XL-BLK,629,18720
PO-000002076,NQ-TOP-002-M-GRY,621,18720
PO-000002077,NQ-PNT-002-XL-BLK,529,23520
PO-000002078,NQ-PNT-004-XS-GRY,146,23520
PO-000002079,NQ-TOP-003-2XL-GRY,571,18720
PO-000002080,NQ-PNT-003-2XL-GRY,487,23520
PO-000002081,NQ-PNT-003-S-GRY,529,23520
PO-000002082,NQ-PNT-004-3XL-GRY,155,23520
PO-000002083,NQ-PNT-004-L-BLK,159,23520
PO-000002084,NQ-TOP-001-2XL-LYL,1713,18720
PO-000002085,NQ-PNT-001-M-NVY,1588,23520
PO-000002086,NQ-PNT-001-L-GRY,1588,23520
PO-000002087,NQ-OUT-002-S-NVY,716,42720
PO-000002088,NQ-PNT-002-XL-GRY,529,23520
PO-000002089,NQ-TOP-005-4XL-WHT,186,18720
PO-000002090,NQ-TOP-005-4XL-NVY,196,18720
PO-000002091,NQ-TOP-005-XL-BLK,172,18720
PO-000002092,NQ-PNT-002-3XL-BEG,487,23520
PO-000002093,NQ-PNT-004-M-GRY,159,23520
PO-000002094,NQ-PNT-001-M-KHK,1588,23520
PO-000002095,NQ-TOP-003-L-WHT,621,18720
PO-000002096,NQ-TOP-004-4XL-WHT,191,18720
PO-000002097,NQ-OUT-002-S-GRY,716,42720
PO-000002098,NQ-TOP-004-S-BLK,172,18720
PO-000002099,NQ-TOP-004-S-GRY,175,18720
PO-000002100,NQ-TOP-005-L-WHT,187,18720
PO-000002101,NQ-TOP-004-4XL-BLK,184,18720
PO-000002102,NQ-TOP-005-S-NVY,172,18720
PO-000002103,NQ-PNT-002-XL-BEG,529,23520
PO-000002104,NQ-TOP-001-2XL-NVY,1713,18720
PO-000002105,NQ-PNT-004-4XL-BLK,182,23520
PO-000002106,NQ-TOP-005-4XL-GRY,185,18720
PO-000002107,NQ-PNT-001-XL-GRY,1588,23520
PO-000002108,NQ-TOP-004-L-GRY,187,18720
PO-000002109,NQ-TOP-001-2XL-WHT,1713,18720
PO-000002110,NQ-TOP-001-2XL-SKB,1713,18720
PO-000002111,NQ-PNT-002-L-GRY,529,23520
PO-000002112,NQ-TOP-001-2XL-BLK,1713,18720
PO-000002113,NQ-TOP-001-2XL-ORC,1713,18720
PO-000002114,NQ-PNT-001-XL-BLK,1588,23520
PO-000002115,NQ-TOP-002-2XL-GRY,571,18720
PO-000002116,NQ-TOP-005-XL-NVY,175,18720
PO-000002117,NQ-TOP-005-M-WHT,187,18720
PO-000002118,NQ-TOP-005-S-WHT,172,18720
PO-000002119,NQ-PNT-001-2XL-BLK,1460,23520
PO-000002120,NQ-TOP-002-S-BLK,571,18720
PO-000002121,NQ-TOP-004-L-WHT,187,18720
PO-000002122,NQ-TOP-001-S-WHT,1713,18720
PO-000002123,NQ-PNT-001-XL-KHK,1588,23520
PO-000002124,NQ-TOP-004-L-BLK,187,18720
PO-000002125,NQ-TOP-002-2XL-NVY,571,18720
PO-000002126,NQ-PNT-003-3XL-BLK,487,23520
PO-000002127,NQ-TOP-001-2XL-GRY,1713,18720
PO-000002128,NQ-PNT-004-2XL-BLK,146,23520
PO-000002129,NQ-PNT-002-S-BLK,529,23520
PO-000002130,NQ-PNT-004-3XL-BEG,146,23520
PO-000002131,NQ-PNT-001-XL-NVY,1588,23520
PO-000002132,NQ-PNT-004-L-GRY,159,23520
PO-000002133,NQ-TOP-002-S-WHT,571,18720
PO-000002134,NQ-TOP-001-S-SKB,1713,18720
PO-000002135,NQ-CLR-COOL-005-M-IVR,474,16800
PO-000002136,NQ-PNT-002-2XL-BLK,487,23520
PO-000002137,NQ-TOP-002-2XL-BLK,571,18720
PO-000002138,NQ-CLR-MUT-006-M-IVR,474,16800
PO-000002139,NQ-TOP-005-M-GRY,187,18720
PO-000002140,NQ-PNT-002-M-BEG,529,23520
PO-000002141,NQ-PNT-001-L-NVY,1588,23520
PO-000002142,NQ-TOP-002-S-GRY,573,18720
PO-000002143,NQ-TOP-003-S-WHT,571,18720
PO-000002144,NQ-TOP-005-XL-WHT,184,18720
PO-000002145,NQ-TOP-002-3XL-NVY,571,18720
PO-000002146,NQ-PNT-004-2XL-GRY,146,23520
PO-000002147,NQ-PNT-001-2XL-GRY,1460,23520
PO-000002148,NQ-PNT-001-M-GRY,1588,23520
PO-000002149,NQ-TOP-001-S-BLK,1732,18720
PO-000002150,NQ-TOP-004-XL-NVY,180,18720
PO-000002151,NQ-TOP-005-2XL-NVY,172,18720
PO-000002152,NQ-TOP-003-S-BLK,571,18720
PO-000002153,NQ-TOP-003-3XL-NVY,571,18720
PO-000002154,NQ-CLR-COOL-002-M-IVR,1420,16800
PO-000002155,NQ-CLR-COOL-005-M-CRM,474,16800
PO-000002156,NQ-TOP-004-3XL-GRY,172,18720
PO-000002157,NQ-TOP-004-XL-WHT,187,18720
PO-000002158,NQ-CLR-WRM-001-M-IVR,1420,16800
PO-000002159,NQ-TOP-001-S-GRY,1839,18720
PO-000002160,NQ-CLR-WRM-004-S-CRM,474,16800
PO-000002161,NQ-PNT-004-XS-BEG,146,23520
PO-000002162,NQ-CLR-MUT-006-S-CRM,474,16800
PO-000002163,NQ-TOP-001-3XL-NVY,1713,18720
PO-000002164,NQ-CLR-WRM-004-M-ASH,474,16800
PO-000002165,NQ-PNT-004-XL-BLK,159,23520
PO-000002166,NQ-PNT-002-XS-BEG,487,23520
PO-000002167,NQ-TOP-005-L-GRY,187,18720
PO-000002168,NQ-TOP-005-2XL-WHT,172,18720
PO-000002169,NQ-TOP-003-S-NVY,621,18720
PO-000002170,NQ-CLR-MUT-006-S-IVR,474,16800
PO-000002171,NQ-CLR-COOL-005-L-IVR,474,16800
PO-000002172,NQ-TOP-005-2XL-GRY,172,18720
PO-000002173,NQ-TOP-003-3XL-WHT,571,18720
PO-000002174,NQ-TOP-001-3XL-ORC,1713,18720
PO-000002175,NQ-TOP-005-3XL-GRY,172,18720
PO-000002176,NQ-TOP-005-L-BLK,187,18720
PO-000002177,NQ-TOP-001-3XL-BLK,1713,18720
PO-000002178,NQ-TOP-001-3XL-SKB,1713,18720
PO-000002179,NQ-PNT-003-XS-BEG,487,23520
PO-000002180,NQ-TOP-004-3XL-WHT,172,18720
PO-000002181,NQ-CLR-WRM-004-M-IVR,474,16800
PO-000002182,NQ-CLR-WRM-001-L-CRM,1420,16800
PO-000002183,NQ-CLR-COOL-005-S-ASH,474,16800
PO-000002184,NQ-CLR-MUT-003-M-ASH,1420,16800
PO-000002185,NQ-CLR-COOL-005-L-ASH,474,16800
PO-000002186,NQ-TOP-002-L-BLK,621,18720
PO-000002187,NQ-PNT-001-XS-GRY,1460,23520
PO-000002188,NQ-TOP-001-S-LYL,1863,18720
PO-000002189,NQ-CLR-WRM-001-M-ASH,1420,16800
PO-000002190,NQ-CLR-WRM-001-L-ASH,1420,16800
PO-000002191,NQ-CLR-WRM-004-L-ASH,474,16800
PO-000002192,NQ-TOP-005-XS-BLK,172,18720
PO-000002193,NQ-CLR-MUT-003-L-ASH,1420,16800
PO-000002194,NQ-PNT-004-2XL-BEG,159,23520
PO-000002195,NQ-CLR-MUT-003-S-ASH,1420,16800
PO-000002196,NQ-TOP-001-S-ORC,1863,18720
PO-000002197,NQ-CLR-WRM-001-S-ASH,1420,16800
PO-000002198,NQ-TOP-001-3XL-LYL,1713,18720
PO-000002199,NQ-CLR-WRM-001-M-CRM,1420,16800
PO-000002200,NQ-TOP-003-3XL-BLK,571,18720
PO-000002201,NQ-CLR-COOL-005-M-ASH,474,16800
PO-000002202,NQ-TOP-004-3XL-NVY,172,18720
PO-000002203,NQ-CLR-MUT-003-S-IVR,1420,16800
PO-000002204,NQ-PNT-004-L-BEG,159,23520
PO-000002205,NQ-CLR-COOL-002-S-CRM,1420,16800
PO-000002206,NQ-PNT-003-XS-GRY,487,23520
PO-000002207,NQ-CLR-WRM-001-S-CRM,1420,16800
PO-000002208,NQ-CLR-COOL-002-M-CRM,1420,16800
PO-000002209,NQ-CLR-COOL-002-L-CRM,1420,16800
PO-000002210,NQ-CLR-WRM-001-S-IVR,1420,16800
PO-000002211,NQ-CLR-COOL-002-S-ASH,1420,16800
PO-000002212,NQ-CLR-MUT-003-M-IVR,1420,16800
PO-000002213,NQ-CLR-COOL-005-S-CRM,474,16800
PO-000002214,NQ-CLR-COOL-002-M-ASH,1420,16800
PO-000002215,NQ-PNT-002-XS-GRY,487,23520
PO-000002216,NQ-CLR-WRM-001-L-IVR,1420,16800
PO-000002217,NQ-CLR-MUT-006-L-ASH,474,16800
PO-000002218,NQ-TOP-002-S-NVY,621,18720
PO-000002219,NQ-CLR-WRM-004-L-CRM,474,16800
PO-000002220,NQ-CLR-MUT-006-L-CRM,474,16800
PO-000002221,NQ-PNT-001-XS-NVY,1460,23520
PO-000002222,NQ-PNT-001-XS-BLK,1460,23520
PO-000002223,NQ-PNT-001-XS-KHK,1460,23520
PO-000002224,NQ-PNT-001-XS-BEG,1460,23520
PO-000002225,NQ-CLR-MUT-006-M-CRM,474,16800
PO-000002226,NQ-CLR-MUT-006-L-IVR,474,16800
PO-000002227,NQ-CLR-COOL-002-S-IVR,1420,16800
PO-000002228,NQ-CLR-MUT-003-M-CRM,1420,16800
PO-000002229,NQ-TOP-005-3XL-BLK,172,18720
PO-000002230,NQ-CLR-COOL-002-L-IVR,1420,16800
PO-000002231,NQ-CLR-MUT-006-M-ASH,474,16800
PO-000002232,NQ-CLR-MUT-003-L-CRM,1420,16800
PO-000002233,NQ-CLR-COOL-005-S-IVR,474,16800
PO-000002234,NQ-PNT-002-XS-BLK,487,23520
PO-000002235,NQ-CLR-MUT-003-S-CRM,1420,16800
PO-000002236,NQ-CLR-MUT-006-S-ASH,474,16800
PO-000002237,NQ-TOP-005-M-NVY,187,18720
PO-000002238,NQ-CLR-WRM-004-S-ASH,474,16800
PO-000002239,NQ-CLR-WRM-004-S-IVR,474,16800
PO-000002240,NQ-TOP-005-3XL-NVY,172,18720
PO-000002241,NQ-TOP-002-3XL-BLK,571,18720
PO-000002242,NQ-CLR-COOL-002-L-ASH,1420,16800
PO-000002243,NQ-OUT-002-L-GRY,716,42720
PO-000002244,NQ-TOP-002-L-WHT,621,18720
PO-000002245,NQ-TOP-001-S-NVY,1863,18720
PO-000002246,NQ-OUT-002-L-BEG,716,42720
PO-000002247,NQ-CLR-WRM-004-L-IVR,474,16800
PO-000002248,NQ-PNT-003-XS-BLK,487,23520
PO-000002249,NQ-TOP-005-XS-WHT,172,18720
PO-000002250,NQ-CLR-COOL-005-L-CRM,474,16800
PO-000002251,NQ-TOP-001-L-BLK,1863,18720
PO-000002252,NQ-CLR-MUT-003-L-IVR,1420,16800
PO-000002253,NQ-CLR-WRM-004-M-CRM,474,16800
PO-000002254,NQ-PNT-004-M-BLK,159,23520
PO-000002255,NQ-TOP-004-S-NVY,187,18720
PO-000002256,NQ-TOP-002-3XL-WHT,571,18720
PO-000002257,NQ-OUT-002-L-NVY,716,42720
PO-000002258,NQ-OUT-001-L-BLK,2145,42720
PO-000002259,NQ-OUT-001-L-NVY,2145,42720
PO-000002260,NQ-OUT-001-L-GRY,2145,42720
PO-000002261,NQ-PNT-003-M-GRY,529,23520
PO-000002262,NQ-TOP-004-M-NVY,187,18720
PO-000002263,NQ-OUT-001-L-BEG,2145,42720
PO-000002264,NQ-PNT-003-L-BEG,529,23520
PO-000002265,NQ-TOP-004-2XL-BLK,187,18720
PO-000002266,NQ-TOP-001-3XL-WHT,1713,18720
PO-000002267,NQ-TOP-001-3XL-GRY,1713,18720
PO-000002268,NQ-PNT-003-M-BEG,529,23520
PO-000002269,NQ-OUT-003-L-BEG,216,42720
PO-000002270,NQ-PNT-002-L-BLK,529,23520
PO-000002271,NQ-TOP-004-M-WHT,187,18720
PO-000002272,NQ-TOP-004-L-NVY,187,18720
PO-000002273,NQ-TOP-005-L-NVY,187,18720
PO-000002274,NQ-TOP-005-2XL-BLK,187,18720
PO-000002275,NQ-PNT-004-XS-BLK,146,23520
PO-000002276,NQ-PNT-001-L-BEG,1588,23520
PO-000002277,NQ-OUT-003-M-NVY,216,42720
PO-000002278,NQ-OUT-003-L-BLK,216,42720
PO-000002279,NQ-TOP-004-S-WHT,187,18720
PO-000002280,NQ-PNT-003-XL-BEG,529,23520
PO-000002281,NQ-OUT-003-S-BEG,216,42720
PO-000002282,NQ-TOP-004-3XL-BLK,172,18720
PO-000002283,NQ-TOP-004-2XL-GRY,187,18720
PO-000002284,NQ-OUT-001-M-BLK,2145,42720
PO-000002285,NQ-OUT-001-M-GRY,2145,42720
PO-000002286,NQ-OUT-002-M-GRY,716,42720
PO-000002287,NQ-TOP-004-M-BLK,187,18720
PO-000002288,NQ-TOP-003-3XL-GRY,571,18720
PO-000002289,NQ-OUT-002-M-NVY,716,42720
PO-000002290,NQ-PNT-001-M-BEG,1588,23520
PO-000002291,NQ-PNT-003-XL-BLK,529,23520
PO-000002292,NQ-PNT-003-L-BLK,529,23520
PO-000002293,NQ-TOP-003-M-GRY,621,18720
PO-000002294,NQ-TOP-005-M-BLK,187,18720
PO-000002295,NQ-PNT-004-XL-BEG,159,23520
PO-000002296,NQ-PNT-004-M-BEG,159,23520
PO-000002297,NQ-TOP-002-L-NVY,621,18720
PO-000002298,NQ-TOP-001-L-WHT,1863,18720
PO-000002299,NQ-TOP-005-3XL-WHT,172,18720
PO-000002300,NQ-TOP-002-M-BLK,621,18720
PO-000002301,NQ-OUT-003-S-GRY,216,42720
PO-000002302,NQ-OUT-003-S-NVY,216,42720
PO-000002303,NQ-TOP-001-M-GRY,1863,18720
PO-000002304,NQ-OUT-003-L-GRY,216,42720
PO-000002305,NQ-OUT-003-S-BLK,216,42720
PO-000002306,NQ-TOP-004-XS-BLK,172,18720
PO-000002307,NQ-TOP-004-XL-GRY,187,18720
PO-000002308,NQ-TOP-002-3XL-GRY,571,18720
PO-000002309,NQ-OUT-001-M-NVY,1972,42720
PO-000002310,NQ-OUT-003-M-BEG,198,42720
PO-000002311,NQ-OUT-002-M-BLK,658,42720
PO-000002312,NQ-OUT-001-M-BEG,1972,42720
PO-000002313,NQ-OUT-002-S-BLK,658,42720
PO-000002314,NQ-OUT-001-S-NVY,1972,42720
PO-000002315,NQ-OUT-001-S-GRY,1972,42720
PO-000002316,NQ-OUT-001-S-BLK,1972,42720
PO-000002317,NQ-OUT-001-S-BEG,1972,42720
PO-000002318,NQ-OUT-003-M-GRY,198,42720
PO-000002319,NQ-OUT-002-M-BEG,658,42720
PO-000002320,NQ-OUT-003-M-BLK,198,42720
PO-000002321,NQ-OUT-002-S-BEG,658,42720
PO-000002322,NQ-OUT-002-S-NVY,658,42720
PO-000002323,NQ-OUT-002-L-BLK,658,42720
PO-000002324,NQ-OUT-002-S-GRY,658,42720
PO-000002325,NQ-OUT-003-L-NVY,198,42720
PO-000002326,NQ-PNT-003-L-GRY,487,23520
PO-000002327,NQ-PNT-001-M-BLK,1460,23520
PO-000002328,NQ-PNT-004-M-GRY,146,23520
PO-000002329,NQ-PNT-002-L-BEG,487,23520
PO-000002330,NQ-PNT-001-L-BLK,1460,23520
PO-000002331,NQ-PNT-003-M-BLK,487,23520
PO-000002332,NQ-PNT-004-L-BLK,146,23520
PO-000002333,NQ-PNT-001-L-KHK,1460,23520
PO-000002334,NQ-PNT-001-L-GRY,1460,23520
PO-000002335,NQ-PNT-001-M-KHK,1460,23520
PO-000002336,NQ-PNT-001-M-NVY,1460,23520
PO-000002337,NQ-PNT-002-M-BLK,487,23520
PO-000002338,NQ-PNT-002-M-GRY,487,23520
PO-000002339,NQ-PNT-003-XL-GRY,487,23520
PO-000002340,NQ-PNT-002-L-GRY,487,23520
PO-000002341,NQ-PNT-004-XL-GRY,146,23520
PO-000002342,NQ-CLR-COOL-005-M-IVR,435,16800
PO-000002343,NQ-CLR-MUT-006-M-IVR,435,16800
PO-000002344,NQ-TOP-001-M-WHT,1713,18720
PO-000002345,NQ-TOP-002-XS-BLK,571,18720
PO-000002346,NQ-TOP-001-L-SKB,1713,18720
PO-000002347,NQ-TOP-003-M-WHT,571,18720
PO-000002348,NQ-TOP-005-S-BLK,172,18720
PO-000002349,NQ-TOP-003-L-BLK,571,18720
PO-000002350,NQ-TOP-001-M-ORC,1713,18720
PO-000002351,NQ-TOP-001-M-LYL,1713,18720
PO-000002352,NQ-PNT-004-S-BEG,146,23520
PO-000002353,NQ-PNT-001-XL-BEG,1460,23520
PO-000002354,NQ-TOP-004-M-GRY,172,18720
PO-000002355,NQ-PNT-004-2XL-BLK,146,23520
PO-000002356,NQ-CLR-COOL-005-M-CRM,435,16800
PO-000002357,NQ-TOP-004-L-GRY,172,18720
PO-000002358,NQ-PNT-001-S-GRY,1460,23520
PO-000002359,NQ-TOP-002-M-NVY,571,18720
PO-000002360,NQ-CLR-COOL-002-M-IVR,1305,16800
PO-000002361,NQ-TOP-003-L-WHT,571,18720
PO-000002362,NQ-TOP-003-XL-WHT,571,18720
PO-000002363,NQ-PNT-002-XL-GRY,487,23520
PO-000002364,NQ-TOP-003-L-GRY,571,18720
PO-000002365,NQ-PNT-002-M-BEG,487,23520
PO-000002366,NQ-TOP-001-M-SKB,1713,18720
PO-000002367,NQ-TOP-001-L-GRY,2011,18720
PO-000002368,NQ-TOP-002-L-GRY,631,18720
PO-000002369,NQ-TOP-001-M-NVY,1929,18720
PO-000002370,NQ-PNT-001-S-BLK,1688,23520
PO-000002371,NQ-PNT-001-S-BEG,1676,23520
PO-000002372,NQ-PNT-001-XL-GRY,1676,23520
PO-000002373,NQ-PNT-001-L-NVY,1658,23520
PO-000002374,NQ-PNT-002-XL-BLK,573,23520
PO-000002375,NQ-PNT-001-XL-BLK,1645,23520
PO-000002376,NQ-PNT-001-2XL-BLK,1619,23520
PO-000002377,NQ-PNT-001-S-NVY,1690,23520
PO-000002378,NQ-CLR-WRM-001-M-IVR,1525,16800
PO-000002379,NQ-CLR-WRM-004-M-ASH,485,16800
PO-000002380,NQ-TOP-001-L-ORC,1929,18720
PO-000002381,NQ-TOP-003-S-GRY,633,18720
PO-000002382,NQ-PNT-001-4XL-NVY,1614,23520
PO-000002383,NQ-TOP-001-XS-BLK,1886,18720
PO-000002384,NQ-TOP-005-M-WHT,193,18720
PO-000002385,NQ-TOP-001-XS-GRY,1991,18720
PO-000002386,NQ-PNT-003-S-BEG,538,23520
PO-000002387,NQ-TOP-002-M-GRY,665,18720
PO-000002388,NQ-TOP-004-L-WHT,195,18720
PO-000002389,NQ-PNT-003-S-GRY,573,23520
PO-000002390,NQ-CLR-MUT-006-S-CRM,496,16800
PO-000002391,NQ-CLR-WRM-004-S-CRM,494,16800
PO-000002392,NQ-TOP-003-M-NVY,663,18720
PO-000002393,NQ-TOP-002-XL-BLK,666,18720
PO-000002394,NQ-TOP-001-M-BLK,1918,18720
PO-000002395,NQ-TOP-001-XL-NVY,1908,18720
PO-000002396,NQ-TOP-001-L-NVY,1965,18720
PO-000002397,NQ-PNT-003-2XL-GRY,569,23520
PO-000002398,NQ-PNT-002-S-BEG,537,23520
PO-000002399,NQ-PNT-001-XL-KHK,1605,23520
PO-000002400,NQ-PNT-001-S-KHK,1631,23520
PO-000002401,NQ-TOP-002-XL-GRY,632,18720
PO-000002402,NQ-TOP-001-XS-LYL,1905,18720
PO-000002403,NQ-TOP-002-XS-WHT,664,18720
PO-000002404,NQ-PNT-003-S-BLK,552,23520
PO-000002405,NQ-TOP-003-XL-BLK,632,18720
PO-000002406,NQ-PNT-001-2XL-KHK,1697,23520
PO-000002407,NQ-TOP-001-XS-SKB,1965,18720
PO-000002408,NQ-TOP-005-XL-BLK,198,18720
PO-000002409,NQ-PNT-002-XL-BEG,543,23520
PO-000002410,NQ-TOP-003-L-NVY,664,18720
PO-000002411,NQ-TOP-002-XS-GRY,651,18720
PO-000002412,NQ-TOP-001-XS-ORC,1918,18720
PO-000002413,NQ-TOP-002-XS-NVY,664,18720
PO-000002414,NQ-TOP-003-M-BLK,629,18720
PO-000002415,NQ-TOP-001-XS-NVY,1984,18720
PO-000002416,NQ-PNT-003-4XL-GRY,553,23520
PO-000002417,NQ-PNT-002-4XL-BLK,544,23520
PO-000002418,NQ-PNT-001-M-GRY,1605,23520
PO-000002419,NQ-TOP-005-S-GRY,192,18720
PO-000002420,NQ-PNT-004-L-GRY,169,23520
PO-000002421,NQ-TOP-002-XL-NVY,628,18720
PO-000002422,NQ-TOP-005-L-WHT,199,18720
PO-000002423,NQ-PNT-003-4XL-BLK,554,23520
PO-000002424,NQ-TOP-003-XS-GRY,639,18720
PO-000002425,NQ-TOP-003-XS-WHT,634,18720
PO-000002426,NQ-TOP-001-XS-WHT,1904,18720
PO-000002427,NQ-TOP-001-XL-GRY,1885,18720
PO-000002428,NQ-TOP-004-L-BLK,193,18720
PO-000002429,NQ-TOP-004-S-BLK,196,18720
PO-000002430,NQ-PNT-004-S-BLK,167,23520
PO-000002431,NQ-PNT-004-4XL-BEG,164,23520
PO-000002432,NQ-PNT-002-4XL-GRY,543,23520
PO-000002433,NQ-TOP-005-XL-NVY,191,18720
PO-000002434,NQ-TOP-002-XL-WHT,628,18720
PO-000002435,NQ-TOP-004-S-GRY,188,18720
PO-000002436,NQ-TOP-004-XS-NVY,195,18720
PO-000002437,NQ-TOP-003-XS-BLK,630,18720
PO-000002438,NQ-CLR-MUT-006-S-IVR,479,16800
PO-000002439,NQ-TOP-001-S-WHT,1885,18720
PO-000002440,NQ-TOP-002-S-WHT,628,18720
PO-000002441,NQ-PNT-001-XL-NVY,1605,23520
PO-000002442,NQ-TOP-005-M-GRY,188,18720
PO-000002443,NQ-TOP-001-L-LYL,1885,18720
PO-000002444,NQ-CLR-MUT-003-M-ASH,1435,16800
PO-000002445,NQ-CLR-COOL-005-S-ASH,479,16800
PO-000002446,NQ-PNT-002-2XL-BLK,535,23520
PO-000002447,NQ-TOP-001-XL-WHT,1885,18720
PO-000002448,NQ-CLR-WRM-004-M-IVR,479,16800
PO-000002449,NQ-CLR-COOL-005-L-IVR,479,16800
PO-000002450,NQ-CLR-WRM-001-M-ASH,1435,16800
PO-000002451,NQ-PNT-003-4XL-BEG,535,23520
PO-000002452,NQ-CLR-COOL-005-L-ASH,479,16800
PO-000002453,NQ-TOP-002-M-WHT,628,18720
PO-000002454,NQ-TOP-001-S-SKB,1885,18720
PO-000002455,NQ-TOP-002-S-BLK,628,18720
PO-000002456,NQ-CLR-WRM-001-S-ASH,1435,16800
PO-000002457,NQ-TOP-001-XL-LYL,1885,18720
PO-000002458,NQ-PNT-004-S-GRY,161,23520
PO-000002459,NQ-PNT-001-4XL-BEG,1605,23520
PO-000002460,NQ-TOP-002-S-GRY,628,18720
PO-000002461,NQ-CLR-WRM-001-L-CRM,1435,16800
PO-000002462,NQ-TOP-004-XS-WHT,197,18720
PO-000002463,NQ-CLR-WRM-001-M-CRM,1435,16800
PO-000002464,NQ-PNT-002-S-BLK,535,23520
PO-000002465,NQ-CLR-MUT-003-S-ASH,1435,16800
PO-000002466,NQ-CLR-COOL-002-M-ASH,1435,16800
PO-000002467,NQ-PNT-001-2XL-GRY,1605,23520
PO-000002468,NQ-TOP-001-XL-ORC,1885,18720
PO-000002469,NQ-CLR-COOL-005-M-ASH,479,16800
PO-000002470,NQ-TOP-005-L-GRY,188,18720
PO-000002471,NQ-CLR-MUT-003-S-IVR,1435,16800
PO-000002472,NQ-TOP-005-XS-NVY,195,18720
PO-000002473,NQ-CLR-COOL-002-M-CRM,1435,16800
PO-000002474,NQ-CLR-COOL-002-S-ASH,1435,16800
PO-000002475,NQ-CLR-WRM-001-L-ASH,1435,16800
PO-000002476,NQ-TOP-005-L-BLK,188,18720
PO-000002477,NQ-PNT-002-S-GRY,535,23520
PO-000002478,NQ-CLR-WRM-004-L-ASH,479,16800
PO-000002479,NQ-CLR-WRM-001-S-IVR,1435,16800
PO-000002480,NQ-CLR-MUT-003-M-IVR,1435,16800
PO-000002481,NQ-CLR-WRM-001-S-CRM,1435,16800
PO-000002482,NQ-PNT-004-XL-BLK,161,23520
PO-000002483,NQ-CLR-COOL-002-S-CRM,1435,16800
PO-000002484,NQ-PNT-001-4XL-KHK,1605,23520
PO-000002485,NQ-CLR-MUT-003-L-ASH,1435,16800
PO-000002486,NQ-TOP-001-XL-SKB,1885,18720
PO-000002487,NQ-TOP-003-XL-NVY,628,18720
PO-000002488,NQ-CLR-COOL-002-S-IVR,1435,16800
PO-000002489,NQ-PNT-001-4XL-GRY,1605,23520
PO-000002490,NQ-CLR-MUT-003-M-CRM,1435,16800
PO-000002491,NQ-CLR-COOL-005-S-CRM,479,16800
PO-000002492,NQ-TOP-004-XL-WHT,188,18720
PO-000002493,NQ-CLR-MUT-006-M-CRM,479,16800
PO-000002494,NQ-TOP-004-XL-NVY,188,18720
PO-000002495,NQ-CLR-WRM-004-L-CRM,479,16800
PO-000002496,NQ-CLR-MUT-006-L-CRM,479,16800
PO-000002497,NQ-CLR-WRM-001-L-IVR,1435,16800
PO-000002498,NQ-TOP-001-XL-BLK,1885,18720
PO-000002499,NQ-CLR-COOL-002-L-CRM,1435,16800
PO-000002500,NQ-PNT-002-4XL-BEG,535,23520
PO-000002501,NQ-CLR-COOL-005-S-IVR,479,16800
PO-000002502,NQ-CLR-MUT-006-L-IVR,479,16800
PO-000002503,NQ-TOP-003-S-WHT,628,18720
PO-000002504,NQ-CLR-MUT-006-M-ASH,479,16800
PO-000002505,NQ-TOP-002-L-BLK,628,18720
PO-000002506,NQ-TOP-003-S-BLK,628,18720
PO-000002507,NQ-PNT-004-L-BEG,161,23520
PO-000002508,NQ-TOP-005-XL-WHT,188,18720
PO-000002509,NQ-TOP-004-XL-BLK,188,18720
PO-000002510,NQ-TOP-003-XL-GRY,628,18720
PO-000002511,NQ-PNT-001-4XL-BLK,1605,23520
PO-000002512,NQ-CLR-MUT-006-L-ASH,479,16800
PO-000002513,NQ-CLR-MUT-003-S-CRM,1435,16800
PO-000002514,NQ-PNT-004-2XL-GRY,161,23520
PO-000002515,NQ-PNT-001-2XL-NVY,1605,23520
PO-000002516,NQ-TOP-005-XL-GRY,188,18720
PO-000002517,NQ-PNT-002-2XL-GRY,535,23520
PO-000002518,NQ-CLR-WRM-004-S-IVR,479,16800
PO-000002519,NQ-TOP-004-XS-GRY,188,18720
PO-000002520,NQ-CLR-WRM-004-S-ASH,479,16800
PO-000002521,NQ-CLR-MUT-006-S-ASH,479,16800
PO-000002522,NQ-CLR-MUT-003-L-CRM,1435,16800
PO-000002523,NQ-TOP-001-S-BLK,1885,18720
PO-000002524,NQ-OUT-002-L-GRY,724,42720
PO-000002525,NQ-PNT-001-2XL-BEG,1605,23520
PO-000002526,NQ-OUT-002-L-BEG,724,42720
PO-000002527,NQ-CLR-COOL-002-L-IVR,1435,16800
PO-000002528,NQ-CLR-WRM-004-M-CRM,479,16800
PO-000002529,NQ-CLR-WRM-004-L-IVR,479,16800
PO-000002530,NQ-OUT-002-L-NVY,724,42720
PO-000002531,NQ-PNT-004-2XL-BEG,161,23520
PO-000002532,NQ-OUT-001-L-NVY,2170,42720
PO-000002533,NQ-TOP-005-XS-GRY,188,18720
PO-000002534,NQ-OUT-001-L-GRY,2170,42720
PO-000002535,NQ-TOP-001-S-GRY,1885,18720
PO-000002536,NQ-CLR-COOL-002-L-ASH,1435,16800
PO-000002537,NQ-OUT-001-L-BLK,2170,42720
PO-000002538,NQ-CLR-MUT-003-L-IVR,1435,16800
PO-000002539,NQ-CLR-COOL-005-L-CRM,479,16800
PO-000002540,NQ-PNT-003-2XL-BLK,535,23520
PO-000002541,NQ-TOP-003-S-NVY,628,18720
PO-000002542,NQ-PNT-002-2XL-BEG,535,23520
PO-000002543,NQ-PNT-003-2XL-BEG,535,23520
PO-000002544,NQ-TOP-003-XS-NVY,628,18720
PO-000002545,NQ-TOP-005-M-NVY,188,18720
PO-000002546,NQ-PNT-004-M-BLK,161,23520
PO-000002547,NQ-OUT-001-L-BEG,2170,42720
PO-000002548,NQ-TOP-005-S-WHT,188,18720
PO-000002549,NQ-TOP-002-L-WHT,628,18720
PO-000002550,NQ-PNT-003-M-GRY,535,23520
PO-000002551,NQ-OUT-003-L-BEG,217,42720
PO-000002552,NQ-TOP-005-S-NVY,188,18720
PO-000002553,NQ-PNT-003-L-BEG,535,23520
PO-000002554,NQ-PNT-003-M-BEG,535,23520
PO-000002555,NQ-TOP-001-L-BLK,1885,18720
PO-000002556,NQ-TOP-005-L-NVY,188,18720
PO-000002557,NQ-TOP-004-M-NVY,188,18720
PO-000002558,NQ-OUT-003-M-NVY,217,42720
PO-000002559,NQ-PNT-002-L-BLK,535,23520
PO-000002560,NQ-TOP-004-2XL-NVY,188,18720
PO-000002561,NQ-OUT-003-S-BEG,217,42720
PO-000002562,NQ-OUT-003-L-BLK,217,42720
PO-000002563,NQ-OUT-001-M-GRY,2170,42720
PO-000002564,NQ-PNT-001-L-BEG,1605,23520
PO-000002565,NQ-OUT-001-M-BLK,2170,42720
PO-000002566,NQ-TOP-004-L-NVY,188,18720
PO-000002567,NQ-OUT-002-M-GRY,724,42720
PO-000002568,NQ-TOP-004-M-WHT,188,18720
PO-000002569,NQ-OUT-002-M-NVY,724,42720
PO-000002570,NQ-TOP-001-S-LYL,1885,18720
PO-000002571,NQ-OUT-003-S-NVY,217,42720
PO-000002572,NQ-OUT-003-S-BLK,217,42720
PO-000002573,NQ-OUT-003-S-GRY,217,42720
PO-000002574,NQ-TOP-004-2XL-WHT,188,18720
PO-000002575,NQ-TOP-003-2XL-NVY,628,18720
PO-000002576,NQ-OUT-003-L-GRY,217,42720
PO-000002577,NQ-PNT-004-M-BEG,161,23520
PO-000002578,NQ-DRS-002-M-BLK,418,28320
PO-000002579,NQ-PNT-001-M-BEG,1605,23520
PO-000002580,NQ-TOP-001-2XL-ORC,1885,18720
PO-000002581,NQ-PNT-003-L-BLK,535,23520
PO-000002582,NQ-DRS-001-M-BLK,1255,28320
PO-000002583,NQ-TOP-001-2XL-WHT,1885,18720
PO-000002584,NQ-DRS-001-S-BLK,1255,28320
PO-000002585,NQ-TOP-001-2XL-NVY,1885,18720
PO-000002586,NQ-TOP-003-2XL-BLK,628,18720
PO-000002587,NQ-TOP-003-2XL-WHT,628,18720
PO-000002588,NQ-DRS-001-S-IVR,1255,28320
PO-000002589,NQ-DRS-001-M-IVR,1255,28320
PO-000002590,NQ-TOP-002-2XL-NVY,628,18720
PO-000002591,NQ-PNT-003-XL-BEG,535,23520
PO-000002592,NQ-DRS-002-M-IVR,418,28320
PO-000002593,NQ-TOP-004-M-BLK,188,18720
PO-000002594,NQ-TOP-005-M-BLK,188,18720
PO-000002595,NQ-DRS-002-S-IVR,418,28320
PO-000002596,NQ-TOP-003-2XL-GRY,628,18720
PO-000002597,NQ-TOP-001-S-ORC,1885,18720
PO-000002598,NQ-TOP-001-2XL-BLK,1885,18720
PO-000002599,NQ-TOP-001-2XL-LYL,1885,18720
PO-000002600,NQ-DRS-002-S-BLK,418,28320
PO-000002601,NQ-PNT-003-XL-BLK,535,23520
PO-000002602,NQ-TOP-003-M-GRY,628,18720
PO-000002603,NQ-TOP-001-M-GRY,1885,18720
PO-000002604,NQ-OUT-001-M-NVY,2170,42720
PO-000002605,NQ-TOP-001-2XL-SKB,1885,18720
PO-000002606,NQ-OUT-001-M-BEG,2170,42720
PO-000002607,NQ-TOP-002-M-BLK,628,18720
PO-000002608,NQ-OUT-002-S-BLK,724,42720
PO-000002609,NQ-OUT-002-M-BLK,724,42720
PO-000002610,NQ-TOP-001-2XL-GRY,1885,18720
PO-000002611,NQ-PNT-004-XL-BEG,161,23520
PO-000002612,NQ-OUT-001-S-NVY,2170,42720
PO-000002613,NQ-TOP-002-2XL-BLK,628,18720
PO-000002614,NQ-TOP-002-L-NVY,628,18720
PO-000002615,NQ-OUT-001-S-GRY,2170,42720
PO-000002616,NQ-OUT-001-S-BLK,2170,42720
PO-000002617,NQ-TOP-001-L-WHT,1885,18720
PO-000002618,NQ-TOP-002-2XL-WHT,628,18720
PO-000002619,NQ-OUT-001-S-BEG,2170,42720
PO-000002620,NQ-OUT-003-M-BEG,217,42720
PO-000002621,NQ-OUT-003-M-GRY,217,42720
PO-000002622,NQ-OUT-003-M-BLK,217,42720
PO-000002623,NQ-OUT-002-M-BEG,724,42720
PO-000002624,NQ-OUT-002-S-BEG,724,42720
PO-000002625,NQ-OUT-002-S-NVY,724,42720
PO-000002626,NQ-ACC-BLT-002-FREE-BEG,489,9120
PO-000002627,NQ-OUT-002-S-GRY,724,42720
PO-000002628,NQ-OUT-002-L-BLK,724,42720
PO-000002629,NQ-DRS-001-L-IVR,1255,28320
PO-000002630,NQ-ACC-PCH-005-FREE-WHT,489,9120
PO-000002631,NQ-TOP-002-S-NVY,628,18720
PO-000002632,NQ-DRS-002-L-IVR,418,28320
PO-000002633,NQ-ACC-CAP-004-FREE-BEG,489,9120
PO-000002634,NQ-DRS-001-L-BLK,1255,28320
PO-000002635,NQ-ACC-SCF-003-FREE-WHT,489,9120
PO-000002636,NQ-ACC-PCH-005-FREE-BLK,489,9120
PO-000002637,NQ-ACC-BLT-002-FREE-WHT,489,9120
PO-000002638,NQ-ACC-CAP-004-FREE-BLK,489,9120
PO-000002639,NQ-ACC-BAG-001-FREE-BRN,1632,9120
PO-000002640,NQ-DRS-002-L-BLK,418,28320
PO-000002641,NQ-ACC-SCF-003-FREE-BRN,489,9120
PO-000002642,NQ-ACC-BAG-001-FREE-BEG,1632,9120
PO-000002643,NQ-ACC-SCF-003-FREE-BLK,489,9120
PO-000002644,NQ-ACC-BAG-001-FREE-BLK,1632,9120
PO-000002645,NQ-TOP-002-2XL-GRY,628,18720
PO-000002646,NQ-ACC-BLT-002-FREE-BRN,489,9120
PO-000002647,NQ-ACC-BLT-002-FREE-BLK,489,9120
PO-000002648,NQ-ACC-BAG-001-FREE-WHT,1632,9120
PO-000002649,NQ-PNT-003-L-GRY,535,23520
PO-000002650,NQ-OUT-003-L-NVY,217,42720
PO-000002651,NQ-ACC-SCF-003-FREE-BEG,489,9120
PO-000002652,NQ-TOP-005-2XL-WHT,188,18720
PO-000002653,NQ-ACC-CAP-004-FREE-WHT,489,9120
PO-000002654,NQ-PNT-001-M-BLK,1605,23520
PO-000002655,NQ-ACC-CAP-004-FREE-BRN,489,9120
PO-000002656,NQ-ACC-PCH-005-FREE-BEG,489,9120
PO-000002657,NQ-ACC-PCH-005-FREE-BRN,489,9120
PO-000002658,NQ-PNT-003-M-BLK,535,23520
PO-000002659,NQ-PNT-002-L-BEG,535,23520
PO-000002660,NQ-PNT-001-L-KHK,1605,23520
PO-000002661,NQ-PNT-001-L-BLK,1605,23520
PO-000002662,NQ-TOP-001-S-NVY,1885,18720
PO-000002663,NQ-PNT-001-L-GRY,1605,23520
PO-000002664,NQ-TOP-004-S-NVY,188,18720
PO-000002665,NQ-PNT-004-M-GRY,161,23520
PO-000002666,NQ-TOP-004-XL-GRY,188,18720
PO-000002667,NQ-PNT-001-M-KHK,1605,23520
PO-000002668,NQ-PNT-004-L-BLK,161,23520
PO-000002669,NQ-PNT-001-M-NVY,1605,23520
PO-000002670,NQ-PNT-002-M-BLK,535,23520
PO-000002671,NQ-TOP-005-2XL-NVY,188,18720
PO-000002672,NQ-CLR-COOL-005-M-IVR,479,16800
PO-000002673,NQ-TOP-005-2XL-GRY,188,18720
PO-000002674,NQ-PNT-002-M-GRY,535,23520
PO-000002675,NQ-PNT-002-L-GRY,535,23520
PO-000002676,NQ-CLR-MUT-006-M-IVR,479,16800
PO-000002677,NQ-PNT-003-XL-GRY,535,23520
PO-000002678,NQ-CLR-COOL-005-M-CRM,479,16800
PO-000002679,NQ-TOP-001-M-WHT,1885,18720
PO-000002680,NQ-TOP-003-M-WHT,628,18720
PO-000002681,NQ-TOP-001-L-SKB,1885,18720
PO-000002682,NQ-TOP-001-M-ORC,1885,18720
PO-000002683,NQ-PNT-004-XL-GRY,161,23520
PO-000002684,NQ-CLR-COOL-002-M-IVR,1435,16800
PO-000002685,NQ-TOP-004-S-WHT,188,18720
PO-000002686,NQ-TOP-003-L-BLK,628,18720
PO-000002687,NQ-TOP-001-M-LYL,1885,18720
PO-000002688,NQ-TOP-004-L-GRY,188,18720
PO-000002689,NQ-PNT-004-S-BEG,161,23520
PO-000002690,NQ-PNT-001-XL-BEG,1605,23520
PO-000002691,NQ-CLR-WRM-004-M-ASH,479,16800
PO-000002692,NQ-TOP-001-M-SKB,1885,18720
PO-000002693,NQ-TOP-004-M-GRY,188,18720
PO-000002694,NQ-CLR-MUT-003-M-ASH,1435,16800
PO-000002695,NQ-PNT-002-M-BEG,535,23520
PO-000002696,NQ-TOP-002-M-NVY,628,18720
PO-000002697,NQ-CLR-MUT-006-S-IVR,479,16800
PO-000002698,NQ-TOP-003-L-WHT,628,18720
PO-000002699,NQ-CLR-MUT-006-S-CRM,479,16800
PO-000002700,NQ-CLR-COOL-005-S-ASH,479,16800
PO-000002701,NQ-TOP-003-L-GRY,628,18720
PO-000002702,NQ-CLR-WRM-004-M-IVR,479,16800
PO-000002703,NQ-CLR-WRM-001-M-ASH,1435,16800
PO-000002704,NQ-CLR-WRM-001-M-CRM,1435,16800
PO-000002705,NQ-CLR-COOL-002-M-ASH,1435,16800
PO-000002706,NQ-CLR-MUT-003-S-ASH,1435,16800
PO-000002707,NQ-CLR-WRM-001-M-IVR,1435,16800
PO-000002708,NQ-CLR-WRM-004-S-CRM,479,16800
PO-000002709,NQ-CLR-COOL-005-M-ASH,479,16800
PO-000002710,NQ-CLR-WRM-001-S-ASH,1435,16800
PO-000002711,NQ-CLR-MUT-003-M-IVR,1435,16800
PO-000002712,NQ-CLR-COOL-002-S-CRM,1435,16800
PO-000002713,NQ-CLR-COOL-002-S-ASH,1435,16800
PO-000002714,NQ-CLR-COOL-002-M-CRM,1435,16800
PO-000002715,NQ-PNT-002-XL-GRY,535,23520
PO-000002716,NQ-CLR-WRM-001-S-IVR,1435,16800
PO-000002717,NQ-CLR-WRM-001-S-CRM,1435,16800
PO-000002718,NQ-CLR-COOL-005-L-ASH,479,16800
PO-000002719,NQ-CLR-COOL-005-L-IVR,479,16800
PO-000002720,NQ-CLR-COOL-002-S-IVR,1435,16800
PO-000002721,NQ-CLR-MUT-003-S-IVR,1435,16800
PO-000002722,NQ-CLR-COOL-005-S-CRM,479,16800
PO-000002723,NQ-CLR-MUT-006-M-CRM,479,16800
PO-000002724,NQ-PNT-001-S-GRY,1605,23520
PO-000002725,NQ-TOP-005-M-GRY,188,18720
PO-000002726,NQ-CLR-WRM-001-L-CRM,1435,16800
PO-000002727,NQ-PNT-001-M-GRY,1605,23520
PO-000002728,NQ-CLR-MUT-003-M-CRM,1435,16800
PO-000002729,NQ-CLR-MUT-006-M-ASH,479,16800
PO-000002730,NQ-CLR-COOL-005-S-IVR,479,16800
PO-000002731,NQ-PNT-001-3XL-BLK,1605,23520
PO-000002732,NQ-CLR-WRM-001-L-ASH,1435,16800
PO-000002733,NQ-PNT-004-3XL-BEG,161,23520
PO-000002734,NQ-CLR-MUT-003-L-ASH,1435,16800
PO-000002735,NQ-PNT-001-3XL-GRY,1605,23520
PO-000002736,NQ-TOP-003-M-BLK,628,18720
PO-000002737,NQ-PNT-004-L-GRY,161,23520
PO-000002738,NQ-CLR-MUT-006-S-ASH,479,16800
PO-000002739,NQ-PNT-001-L-NVY,1605,23520
PO-000002740,NQ-PNT-002-3XL-GRY,535,23520
PO-000002741,NQ-CLR-WRM-004-L-ASH,479,16800
PO-000002742,NQ-TOP-001-L-LYL,1885,18720
PO-000002743,NQ-TOP-002-M-WHT,628,18720
PO-000002744,NQ-CLR-WRM-001-L-IVR,1435,16800
PO-000002745,NQ-CLR-COOL-002-L-CRM,1435,16800
PO-000002746,NQ-CLR-WRM-004-S-ASH,479,16800
PO-000002747,NQ-CLR-MUT-003-S-CRM,1435,16800
PO-000002748,NQ-TOP-004-L-BLK,188,18720
PO-000002749,NQ-CLR-WRM-004-S-IVR,479,16800
PO-000002750,NQ-CLR-MUT-006-L-CRM,479,16800
PO-000002751,NQ-CLR-WRM-004-M-CRM,479,16800
PO-000002752,NQ-CLR-WRM-004-L-CRM,479,16800
PO-000002753,NQ-TOP-001-M-BLK,1885,18720
PO-000002754,NQ-TOP-005-L-WHT,188,18720
PO-000002755,NQ-TOP-001-L-ORC,1885,18720
PO-000002756,NQ-TOP-003-L-NVY,628,18720
PO-000002757,NQ-CLR-MUT-003-L-CRM,1435,16800
PO-000002758,NQ-TOP-002-L-GRY,628,18720
PO-000002759,NQ-TOP-001-M-NVY,1885,18720
PO-000002760,NQ-TOP-005-M-WHT,188,18720
PO-000002761,NQ-TOP-005-L-BLK,188,18720
PO-000002762,NQ-TOP-003-XL-WHT,628,18720
PO-000002763,NQ-TOP-001-L-NVY,1885,18720
PO-000002764,NQ-TOP-002-M-GRY,628,18720
PO-000002765,NQ-CLR-MUT-006-L-IVR,479,16800
PO-000002766,NQ-CLR-COOL-005-L-CRM,479,16800
PO-000002767,NQ-TOP-005-S-BLK,188,18720
PO-000002768,NQ-TOP-002-L-BLK,628,18720
PO-000002769,NQ-CLR-MUT-006-L-ASH,479,16800
PO-000002770,NQ-TOP-003-M-NVY,628,18720
PO-000002771,NQ-PNT-001-XL-NVY,1605,23520
PO-000002772,NQ-CLR-COOL-002-L-IVR,1435,16800
PO-000002773,NQ-CLR-MUT-003-L-IVR,1435,16800
PO-000002774,NQ-PNT-001-3XL-BEG,1605,23520
PO-000002775,NQ-TOP-005-L-GRY,188,18720
PO-000002776,NQ-CLR-WRM-004-L-IVR,479,16800
PO-000002777,NQ-CLR-COOL-002-L-ASH,1435,16800
PO-000002778,NQ-TOP-004-L-WHT,188,18720
PO-000002779,NQ-TOP-001-L-GRY,1885,18720
PO-000002780,NQ-PNT-001-XL-KHK,1605,23520
PO-000002781,NQ-OUT-002-L-GRY,724,42720
PO-000002782,NQ-PNT-004-L-BEG,161,23520
PO-000002783,NQ-PNT-003-S-BEG,535,23520
PO-000002784,NQ-OUT-002-L-BEG,724,42720
PO-000002785,NQ-PNT-001-XL-BLK,1605,23520
PO-000002786,NQ-PNT-002-S-BEG,535,23520
PO-000002787,NQ-PNT-002-XL-BEG,535,23520
PO-000002788,NQ-PNT-003-M-GRY,535,23520
PO-000002789,NQ-OUT-001-L-NVY,2170,42720
PO-000002790,NQ-PNT-002-S-BLK,535,23520
PO-000002791,NQ-OUT-002-L-NVY,724,42720
PO-000002792,NQ-TOP-005-M-NVY,188,18720
PO-000002793,NQ-OUT-001-L-GRY,2170,42720
PO-000002794,NQ-PNT-003-3XL-BEG,535,23520
PO-000002795,NQ-OUT-003-M-NVY,217,42720
PO-000002796,NQ-OUT-003-S-BEG,217,42720
PO-000002797,NQ-PNT-003-L-BEG,535,23520
PO-000002798,NQ-PNT-004-3XL-BLK,161,23520
PO-000002799,NQ-TOP-002-L-WHT,628,18720
PO-000002800,NQ-OUT-002-M-GRY,724,42720
PO-000002801,NQ-OUT-001-L-BLK,2170,42720
PO-000002802,NQ-TOP-005-XL-NVY,188,18720
PO-000002803,NQ-PNT-003-3XL-GRY,535,23520
PO-000002804,NQ-OUT-001-M-BLK,2170,42720
PO-000002805,NQ-OUT-001-M-GRY,2170,42720
PO-000002806,NQ-OUT-001-L-BEG,2170,42720
PO-000002807,NQ-PNT-002-L-BLK,535,23520
PO-000002808,NQ-PNT-004-XL-BLK,161,23520
PO-000002809,NQ-PNT-001-3XL-NVY,1605,23520
PO-000002810,NQ-PNT-001-XL-GRY,1605,23520
PO-000002811,NQ-TOP-001-XL-NVY,1885,18720
PO-000002812,NQ-OUT-002-M-NVY,724,42720
PO-000002813,NQ-TOP-004-XL-NVY,188,18720
PO-000002814,NQ-DRS-002-M-BLK,418,28320
PO-000002815,NQ-TOP-002-XL-BLK,628,18720
PO-000002816,NQ-PNT-004-M-BLK,161,23520
PO-000002817,NQ-PNT-003-M-BEG,535,23520
PO-000002818,NQ-TOP-001-L-BLK,1885,18720
PO-000002819,NQ-OUT-003-S-NVY,217,42720
PO-000002820,NQ-PNT-001-L-BEG,1605,23520
PO-000002821,NQ-PNT-001-S-KHK,1605,23520
PO-000002822,NQ-DRS-001-M-BLK,1255,28320
PO-000002823,NQ-DRS-001-S-BLK,1255,28320
PO-000002824,NQ-PNT-003-S-BLK,535,23520
PO-000002825,NQ-PNT-004-S-BLK,161,23520
PO-000002826,NQ-PNT-001-S-BEG,1605,23520
PO-000002827,NQ-OUT-003-S-BLK,217,42720
PO-000002828,NQ-DRS-001-S-IVR,1255,28320
PO-000002829,NQ-DRS-001-M-IVR,1255,28320
PO-000002830,NQ-PNT-001-3XL-KHK,1605,23520
PO-000002831,NQ-TOP-004-M-WHT,188,18720
PO-000002832,NQ-DRS-002-M-IVR,418,28320
PO-000002833,NQ-TOP-004-M-NVY,188,18720
PO-000002834,NQ-PNT-001-S-NVY,1605,23520
PO-000002835,NQ-DRS-002-S-IVR,418,28320
PO-000002836,NQ-PNT-002-XL-BLK,535,23520
PO-000002837,NQ-PNT-001-S-BLK,1605,23520
PO-000002838,NQ-PNT-004-2XL-BLK,161,23520
PO-000002839,NQ-TOP-005-XL-BLK,188,18720
PO-000002840,NQ-TOP-005-L-NVY,188,18720
PO-000002841,NQ-PNT-002-3XL-BLK,535,23520
PO-000002842,NQ-OUT-003-L-BLK,217,42720
PO-000002843,NQ-TOP-001-XL-GRY,1885,18720
PO-000002844,NQ-PNT-003-S-GRY,535,23520
PO-000002845,NQ-DRS-002-S-BLK,418,28320
PO-000002846,NQ-OUT-003-S-GRY,217,42720
PO-000002847,NQ-TOP-004-L-NVY,188,18720
PO-000002848,NQ-PNT-003-3XL-BLK,535,23520
PO-000002849,NQ-TOP-002-XL-GRY,628,18720
PO-000002850,NQ-OUT-003-L-BEG,217,42720
PO-000002851,NQ-TOP-004-2XL-BLK,188,18720
PO-000002852,NQ-PNT-002-S-GRY,535,23520
PO-000002853,NQ-TOP-001-XL-SKB,1885,18720
PO-000002854,NQ-TOP-005-2XL-BLK,188,18720
PO-000002855,NQ-PNT-004-XS-GRY,161,23520
PO-000002856,NQ-TOP-001-XL-WHT,1885,18720
PO-000002857,NQ-PNT-002-3XL-BEG,535,23520
PO-000002858,NQ-TOP-001-XL-LYL,1885,18720
PO-000002859,NQ-TOP-003-XL-NVY,628,18720
PO-000002860,NQ-TOP-002-XL-NVY,628,18720
PO-000002861,NQ-PNT-001-M-BEG,1605,23520
PO-000002862,NQ-TOP-003-XL-BLK,628,18720
PO-000002863,NQ-TOP-002-XL-WHT,628,18720
PO-000002864,NQ-PNT-003-L-BLK,535,23520
PO-000002865,NQ-PNT-004-M-BEG,161,23520
PO-000002866,NQ-TOP-004-M-BLK,188,18720
PO-000002867,NQ-TOP-001-XL-ORC,1885,18720
PO-000002868,NQ-TOP-004-2XL-GRY,188,18720
PO-000002869,NQ-OUT-002-S-BLK,724,42720
PO-000002870,NQ-OUT-003-L-GRY,217,42720
PO-000002871,NQ-OUT-001-M-BEG,2170,42720
PO-000002872,NQ-DRS-002-L-IVR,418,28320
PO-000002873,NQ-TOP-003-M-GRY,628,18720
PO-000002874,NQ-OUT-001-M-NVY,2170,42720
PO-000002875,NQ-DRS-001-L-IVR,1255,28320
PO-000002876,NQ-OUT-001-S-GRY,2170,42720
PO-000002877,NQ-DRS-001-L-BLK,1255,28320
PO-000002878,NQ-TOP-001-XL-BLK,1885,18720
PO-000002879,NQ-OUT-001-S-NVY,2170,42720
PO-000002880,NQ-TOP-001-M-GRY,1885,18720
PO-000002881,NQ-TOP-004-S-BLK,188,18720
PO-000002882,NQ-OUT-003-M-GRY,217,42720
PO-000002883,NQ-TOP-002-L-NVY,628,18720
PO-000002884,NQ-OUT-001-S-BEG,2170,42720
PO-000002885,NQ-DRS-002-L-BLK,418,28320
PO-000002886,NQ-OUT-001-S-BLK,2170,42720
PO-000002887,NQ-PNT-004-3XL-GRY,161,23520
PO-000002888,NQ-TOP-003-XL-GRY,628,18720
PO-000002889,NQ-OUT-002-M-BLK,724,42720
PO-000002890,NQ-OUT-002-M-BEG,724,42720
PO-000002891,NQ-TOP-005-XL-GRY,188,18720
PO-000002892,NQ-TOP-001-L-WHT,1885,18720
PO-000002893,NQ-TOP-002-S-WHT,628,18720
PO-000002894,NQ-TOP-002-M-BLK,628,18720
PO-000002895,NQ-TOP-001-S-WHT,1885,18720
PO-000002896,NQ-OUT-003-M-BLK,217,42720
PO-000002897,NQ-PNT-004-XL-BEG,161,23520
PO-000002898,NQ-ACC-BLT-002-FREE-BLK,489,9120
PO-000002899,NQ-ACC-PCH-005-FREE-WHT,489,9120
PO-000002900,NQ-TOP-005-M-BLK,188,18720
PO-000002901,NQ-ACC-BLT-002-FREE-WHT,489,9120
PO-000002902,NQ-PNT-004-S-GRY,161,23520
PO-000002903,NQ-OUT-002-S-NVY,724,42720
PO-000002904,NQ-TOP-004-XL-BLK,188,18720
PO-000002905,NQ-ACC-BLT-002-FREE-BEG,489,9120
PO-000002906,NQ-TOP-002-S-BLK,628,18720
PO-000002907,NQ-ACC-SCF-003-FREE-BLK,489,9120
PO-000002908,NQ-ACC-CAP-004-FREE-BEG,489,9120
PO-000002909,NQ-ACC-SCF-003-FREE-BRN,489,9120
PO-000002910,NQ-OUT-002-S-BEG,724,42720
PO-000002911,NQ-ACC-BAG-001-FREE-BRN,1632,9120
PO-000002912,NQ-ACC-PCH-005-FREE-BLK,489,9120
PO-000002913,NQ-ACC-BAG-001-FREE-WHT,1632,9120
PO-000002914,NQ-ACC-SCF-003-FREE-WHT,489,9120
PO-000002915,NQ-OUT-002-S-GRY,724,42720
PO-000002916,NQ-ACC-BAG-001-FREE-BLK,1632,9120
PO-000002917,NQ-ACC-BAG-001-FREE-BEG,1632,9120
PO-000002918,NQ-ACC-CAP-004-FREE-BLK,489,9120
PO-000002919,NQ-ACC-BLT-002-FREE-BRN,489,9120
PO-000002920,NQ-TOP-005-XL-WHT,188,18720
PO-000002921,NQ-TOP-003-S-GRY,628,18720
PO-000002922,NQ-OUT-003-M-BEG,217,42720
PO-000002923,NQ-TOP-001-S-SKB,1885,18720
PO-000002924,NQ-PNT-003-XL-BEG,535,23520
PO-000002925,NQ-TOP-004-S-GRY,188,18720
PO-000002926,NQ-TOP-004-XL-WHT,188,18720
PO-000002927,NQ-ACC-SCF-003-FREE-BEG,489,9120
PO-000002928,NQ-ACC-PCH-005-FREE-BRN,489,9120
PO-000002929,NQ-ACC-PCH-005-FREE-BEG,489,9120
PO-000002930,NQ-ACC-CAP-004-FREE-WHT,489,9120
PO-000002931,NQ-OUT-002-L-BLK,724,42720
PO-000002932,NQ-ACC-CAP-004-FREE-BRN,489,9120
PO-000002933,NQ-PNT-004-XS-BEG,161,23520
PO-000002934,NQ-PNT-003-XL-BLK,535,23520
PO-000002935,NQ-TOP-005-S-NVY,188,18720
PO-000002936,NQ-PNT-003-L-GRY,535,23520
PO-000002937,NQ-PNT-003-M-BLK,535,23520
PO-000002938,NQ-TOP-003-S-WHT,628,18720
PO-000002939,NQ-CLR-COOL-005-M-IVR,479,16800
PO-000002940,NQ-PNT-002-L-BEG,535,23520
PO-000002941,NQ-PNT-001-L-KHK,1605,23520
PO-000002942,NQ-PNT-001-M-BLK,1605,23520
PO-000002943,NQ-TOP-005-S-GRY,188,18720
PO-000002944,NQ-TOP-003-S-BLK,628,18720
PO-000002945,NQ-TOP-002-S-GRY,628,18720
PO-000002946,NQ-CLR-MUT-006-M-IVR,479,16800
PO-000002947,NQ-PNT-001-L-BLK,1605,23520
PO-000002948,NQ-PNT-004-M-GRY,161,23520
PO-000002949,NQ-PNT-001-L-GRY,1605,23520
PO-000002950,NQ-PNT-004-L-BLK,161,23520
PO-000002951,NQ-TOP-001-S-BLK,1885,18720
PO-000002952,NQ-CLR-COOL-005-M-CRM,479,16800
PO-000002953,NQ-PNT-001-M-KHK,1605,23520
PO-000002954,NQ-PNT-001-M-NVY,1605,23520
PO-000002955,NQ-OUT-003-L-NVY,217,42720
PO-000002956,NQ-PNT-004-2XL-GRY,161,23520
PO-000002957,NQ-PNT-002-M-GRY,535,23520
PO-000002958,NQ-CLR-COOL-002-M-IVR,1435,16800
PO-000002959,NQ-PNT-001-2XL-KHK,1605,23520
PO-000002960,NQ-TOP-003-S-NVY,628,18720
PO-000002961,NQ-TOP-005-S-WHT,188,18720
PO-000002962,NQ-TOP-001-S-GRY,1885,18720
PO-000002963,NQ-PNT-002-M-BLK,535,23520
PO-000002964,NQ-PNT-002-L-GRY,535,23520
PO-000002965,NQ-PNT-003-2XL-GRY,535,23520
PO-000002966,NQ-CLR-WRM-004-M-ASH,479,16800
PO-000002967,NQ-TOP-001-M-WHT,1885,18720
PO-000002968,NQ-CLR-MUT-006-S-CRM,479,16800
PO-000002969,NQ-TOP-004-L-GRY,188,18720
PO-000002970,NQ-TOP-001-L-SKB,1885,18720
PO-000002971,NQ-CLR-MUT-003-M-ASH,1435,16800
PO-000002972,NQ-TOP-001-M-LYL,1885,18720
PO-000002973,NQ-TOP-003-M-WHT,628,18720
PO-000002974,NQ-CLR-COOL-005-S-ASH,479,16800
PO-000002975,NQ-CLR-MUT-006-S-IVR,479,16800
PO-000002976,NQ-TOP-003-L-BLK,628,18720
PO-000002977,NQ-TOP-001-M-ORC,1885,18720
PO-000002978,NQ-CLR-WRM-001-M-ASH,1435,16800
PO-000002979,NQ-CLR-WRM-004-M-IVR,479,16800
PO-000002980,NQ-CLR-WRM-001-M-CRM,1435,16800
PO-000002981,NQ-CLR-WRM-001-M-IVR,1435,16800
PO-000002982,NQ-CLR-MUT-003-S-ASH,1435,16800
PO-000002983,NQ-CLR-COOL-002-M-ASH,1435,16800
PO-000002984,NQ-PNT-001-2XL-BLK,1605,23520
PO-000002985,NQ-TOP-004-M-GRY,188,18720
PO-000002986,NQ-CLR-MUT-003-M-IVR,1435,16800
PO-000002987,NQ-CLR-WRM-001-S-ASH,1435,16800
PO-000002988,NQ-CLR-COOL-005-S-CRM,479,16800
PO-000002989,NQ-PNT-002-M-BEG,535,23520
PO-000002990,NQ-CLR-COOL-002-S-ASH,1435,16800
PO-000002991,NQ-CLR-COOL-002-M-CRM,1435,16800
PO-000002992,NQ-CLR-COOL-002-S-CRM,1435,16800
PO-000002993,NQ-CLR-WRM-004-S-CRM,479,16800
PO-000002994,NQ-CLR-COOL-005-M-ASH,479,16800
PO-000002995,NQ-CLR-COOL-002-S-IVR,1435,16800
PO-000002996,NQ-CLR-MUT-006-M-CRM,479,16800
PO-000002997,NQ-TOP-002-M-NVY,628,18720
PO-000002998,NQ-CLR-WRM-001-S-IVR,1435,16800
PO-000002999,NQ-CLR-MUT-003-M-CRM,1435,16800
PO-000003000,NQ-CLR-COOL-005-L-IVR,479,16800
PO-000003001,NQ-TOP-001-M-SKB,1885,18720
PO-000003002,NQ-CLR-WRM-001-S-CRM,1435,16800
PO-000003003,NQ-TOP-003-L-WHT,628,18720
PO-000003004,NQ-CLR-MUT-003-S-IVR,1435,16800
PO-000003005,NQ-CLR-COOL-005-S-IVR,479,16800
PO-000003006,NQ-TOP-001-S-LYL,1885,18720
PO-000003007,NQ-CLR-MUT-006-M-ASH,479,16800
PO-000003008,NQ-CLR-COOL-005-L-ASH,479,16800
PO-000003009,NQ-PNT-002-2XL-BLK,535,23520
PO-000003010,NQ-PNT-002-2XL-GRY,535,23520
PO-000003011,NQ-PNT-001-2XL-GRY,1605,23520
PO-000003012,NQ-CLR-MUT-006-S-ASH,479,16800
PO-000003013,NQ-CLR-WRM-001-L-CRM,1435,16800
PO-000003014,NQ-CLR-WRM-004-S-ASH,479,16800
PO-000003015,NQ-CLR-MUT-003-S-CRM,1435,16800
PO-000003016,NQ-CLR-WRM-001-L-ASH,1435,16800
PO-000003017,NQ-CLR-WRM-004-M-CRM,479,16800
PO-000003018,NQ-CLR-WRM-004-S-IVR,479,16800
PO-000003019,NQ-TOP-003-L-GRY,628,18720
PO-000003020,NQ-TOP-005-M-GRY,188,18720
PO-000003021,NQ-PNT-001-M-GRY,1605,23520
PO-000003022,NQ-CLR-MUT-003-L-ASH,1435,16800
PO-000003023,NQ-CLR-WRM-004-L-ASH,479,16800
PO-000003024,NQ-CLR-WRM-001-L-IVR,1435,16800
PO-000003025,NQ-CLR-COOL-002-L-CRM,1435,16800
PO-000003026,NQ-TOP-003-M-BLK,628,18720
PO-000003027,NQ-PNT-003-XL-GRY,535,23520
PO-000003028,NQ-PNT-001-L-NVY,1605,23520
PO-000003029,NQ-TOP-005-M-WHT,188,18720
PO-000003030,NQ-CLR-MUT-006-L-CRM,479,16800
PO-000003031,NQ-CLR-WRM-004-L-CRM,479,16800
PO-000003032,NQ-PNT-001-2XL-NVY,1605,23520
PO-000003033,NQ-TOP-004-L-BLK,188,18720
PO-000003034,NQ-TOP-001-L-LYL,1885,18720
PO-000003035,NQ-TOP-001-S-ORC,1885,18720
PO-000003036,NQ-DRS-002-M-BLK,418,28320
PO-000003037,NQ-CLR-COOL-005-L-CRM,479,16800
PO-000003038,NQ-CLR-MUT-003-L-CRM,1435,16800
PO-000003039,NQ-PNT-004-2XL-BEG,161,23520
PO-000003040,NQ-TOP-002-M-WHT,628,18720
PO-000003041,NQ-CLR-COOL-002-L-IVR,1435,16800
PO-000003042,NQ-CLR-MUT-006-L-IVR,479,16800
PO-000003043,NQ-CLR-MUT-006-L-ASH,479,16800
PO-000003044,NQ-CLR-MUT-003-L-IVR,1435,16800
PO-000003045,NQ-TOP-001-M-BLK,1885,18720
PO-000003046,NQ-TOP-003-L-NVY,628,18720
PO-000003047,NQ-DRS-001-M-BLK,1255,28320
PO-000003048,NQ-CLR-WRM-004-L-IVR,479,16800
PO-000003049,NQ-DRS-001-S-BLK,1255,28320
PO-000003050,NQ-TOP-005-L-BLK,188,18720
PO-000003051,NQ-TOP-003-M-NVY,628,18720
PO-000003052,NQ-DRS-001-S-IVR,1255,28320
PO-000003053,NQ-TOP-005-L-WHT,188,18720
PO-000003054,NQ-CLR-COOL-002-L-ASH,1435,16800
PO-000003055,NQ-TOP-001-M-NVY,1885,18720
PO-000003056,NQ-PNT-004-L-GRY,161,23520
PO-000003057,NQ-DRS-001-M-IVR,1255,28320
PO-000003058,NQ-TOP-002-L-GRY,628,18720
PO-000003059,NQ-TOP-002-L-BLK,628,18720
PO-000003060,NQ-DRS-002-S-IVR,418,28320
PO-000003061,NQ-PNT-004-L-BEG,161,23520
PO-000003062,NQ-TOP-001-L-NVY,1885,18720
PO-000003063,NQ-TOP-002-M-GRY,628,18720
PO-000003064,NQ-DRS-002-M-IVR,418,28320
PO-000003065,NQ-TOP-001-L-ORC,1885,18720
PO-000003066,NQ-TOP-001-L-GRY,1885,18720
PO-000003067,NQ-TOP-002-S-NVY,628,18720
PO-000003068,NQ-TOP-004-L-WHT,188,18720
PO-000003069,NQ-DRS-002-S-BLK,418,28320
PO-000003070,NQ-OUT-003-S-BEG,217,42720
PO-000003071,NQ-TOP-004-XL-GRY,188,18720
PO-000003072,NQ-OUT-002-M-GRY,724,42720
PO-000003073,NQ-TOP-005-L-GRY,188,18720
PO-000003074,NQ-PNT-001-2XL-BEG,1605,23520
PO-000003075,NQ-TOP-002-L-WHT,628,18720
PO-000003076,NQ-OUT-001-M-BLK,2170,42720
PO-000003077,NQ-PNT-003-M-GRY,535,23520
PO-000003078,NQ-OUT-001-M-GRY,2170,42720
PO-000003079,NQ-PNT-002-2XL-BEG,535,23520
PO-000003080,NQ-TOP-004-3XL-WHT,188,18720
PO-000003081,NQ-PNT-003-L-BEG,535,23520
PO-000003082,NQ-PNT-003-2XL-BEG,535,23520
PO-000003083,NQ-PNT-002-L-BLK,535,23520
PO-000003084,NQ-OUT-002-M-NVY,724,42720
PO-000003085,NQ-TOP-001-S-NVY,1885,18720
PO-000003086,NQ-OUT-003-S-NVY,217,42720
PO-000003087,NQ-TOP-001-L-BLK,1885,18720
PO-000003088,NQ-TOP-005-M-NVY,188,18720
PO-000003089,NQ-PNT-003-2XL-BLK,535,23520
PO-000003090,NQ-OUT-003-M-NVY,217,42720
PO-000003091,NQ-PNT-001-L-BEG,1605,23520
PO-000003092,NQ-OUT-003-S-BLK,217,42720
PO-000003093,NQ-PNT-003-M-BEG,535,23520
PO-000003094,NQ-PNT-004-M-BLK,161,23520
PO-000003095,NQ-TOP-005-L-NVY,188,18720
PO-000003096,NQ-TOP-004-M-WHT,188,18720
PO-000003097,NQ-TOP-004-M-NVY,188,18720
PO-000003098,NQ-DRS-001-L-IVR,1255,28320
PO-000003099,NQ-OUT-003-S-GRY,217,42720
PO-000003100,NQ-TOP-004-S-NVY,188,18720
PO-000003101,NQ-OUT-002-L-GRY,724,42720
PO-000003102,NQ-TOP-005-3XL-GRY,188,18720
PO-000003103,NQ-DRS-002-L-IVR,418,28320
PO-000003104,NQ-DRS-001-L-BLK,1255,28320
PO-000003105,NQ-OUT-002-L-BEG,724,42720
PO-000003106,NQ-OUT-001-L-NVY,2170,42720
PO-000003107,NQ-TOP-004-M-BLK,188,18720
PO-000003108,NQ-TOP-004-L-NVY,188,18720
PO-000003109,NQ-PNT-001-M-BEG,1605,23520
PO-000003110,NQ-OUT-002-L-NVY,724,42720
PO-000003111,NQ-PNT-001-XL-BEG,1605,23520
PO-000003112,NQ-PNT-003-L-BLK,535,23520
PO-000003113,NQ-OUT-001-L-GRY,2170,42720
PO-000003114,NQ-PNT-002-XL-GRY,535,23520
PO-000003115,NQ-DRS-002-L-BLK,418,28320
PO-000003116,NQ-TOP-004-3XL-GRY,188,18720
PO-000003117,NQ-OUT-001-M-BEG,2170,42720
PO-000003118,NQ-OUT-001-L-BLK,2170,42720
PO-000003119,NQ-OUT-002-S-BLK,724,42720
PO-000003120,NQ-OUT-003-L-BLK,217,42720
PO-000003121,NQ-TOP-002-3XL-NVY,628,18720
PO-000003122,NQ-PNT-004-XL-GRY,161,23520
PO-000003123,NQ-TOP-003-3XL-NVY,628,18720
PO-000003124,NQ-OUT-001-L-BEG,2170,42720
PO-000003125,NQ-OUT-001-S-GRY,2170,42720
PO-000003126,NQ-OUT-001-M-NVY,2170,42720
PO-000003127,NQ-PNT-004-M-BEG,161,23520
PO-000003128,NQ-TOP-004-2XL-WHT,188,18720
PO-000003129,NQ-TOP-003-M-GRY,628,18720
PO-000003130,NQ-OUT-003-M-GRY,217,42720
PO-000003131,NQ-TOP-001-M-GRY,1885,18720
PO-000003132,NQ-OUT-001-S-NVY,2170,42720
PO-000003133,NQ-TOP-002-L-NVY,628,18720
PO-000003134,NQ-TOP-003-2XL-WHT,628,18720
PO-000003135,NQ-OUT-001-S-BLK,2170,42720
PO-000003136,NQ-OUT-001-S-BEG,2170,42720
PO-000003137,NQ-TOP-003-2XL-NVY,628,18720
PO-000003138,NQ-TOP-001-2XL-NVY,1885,18720
PO-000003139,NQ-TOP-005-2XL-WHT,188,18720
PO-000003140,NQ-ACC-SCF-003-FREE-BLK,489,9120
PO-000003141,NQ-OUT-002-M-BEG,724,42720
PO-000003142,NQ-OUT-002-M-BLK,724,42720
PO-000003143,NQ-TOP-004-XL-NVY,188,18720
PO-000003144,NQ-ACC-BLT-002-FREE-BLK,489,9120
PO-000003145,NQ-TOP-002-M-BLK,628,18720
PO-000003146,NQ-ACC-PCH-005-FREE-WHT,489,9120
PO-000003147,NQ-TOP-005-M-BLK,188,18720
PO-000003148,NQ-TOP-001-L-WHT,1885,18720
PO-000003149,NQ-TOP-003-2XL-GRY,628,18720
PO-000003150,NQ-TOP-003-XL-WHT,628,18720
PO-000003151,NQ-TOP-005-XL-NVY,188,18720
PO-000003152,NQ-PNT-001-XL-NVY,1605,23520
PO-000003153,NQ-PNT-003-XS-BEG,535,23520
PO-000003154,NQ-PNT-004-S-BEG,161,23520
PO-000003155,NQ-TOP-001-2XL-ORC,1885,18720
PO-000003156,NQ-ACC-BLT-002-FREE-BEG,489,9120
PO-000003157,NQ-ACC-BLT-002-FREE-WHT,489,9120
PO-000003158,NQ-OUT-003-M-BLK,217,42720
PO-000003159,NQ-OUT-003-L-BEG,217,42720
PO-000003160,NQ-OUT-002-S-NVY,724,42720
PO-000003161,NQ-TOP-003-3XL-WHT,628,18720
PO-000003162,NQ-ACC-CAP-004-FREE-BEG,489,9120
PO-000003163,NQ-PNT-002-XL-BEG,535,23520
PO-000003164,NQ-TOP-001-2XL-BLK,1885,18720
PO-000003165,NQ-ACC-BAG-001-FREE-BRN,1632,9120
PO-000003166,NQ-ACC-SCF-003-FREE-WHT,489,9120
PO-000003167,NQ-ACC-PCH-005-FREE-BLK,489,9120
PO-000003168,NQ-TOP-001-3XL-ORC,1885,18720
PO-000003169,NQ-OUT-003-L-GRY,217,42720
PO-000003170,NQ-PNT-001-XL-KHK,1605,23520
PO-000003171,NQ-ACC-SCF-003-FREE-BRN,489,9120
PO-000003172,NQ-ACC-BAG-001-FREE-WHT,1632,9120
PO-000003173,NQ-TOP-002-XL-BLK,628,18720
PO-000003174,NQ-TOP-004-S-WHT,188,18720
PO-000003175,NQ-TOP-001-XL-NVY,1885,18720
PO-000003176,NQ-OUT-002-S-BEG,724,42720
PO-000003177,NQ-ACC-BAG-001-FREE-BLK,1632,9120
PO-000003178,NQ-ACC-BAG-001-FREE-BEG,1632,9120
PO-000003179,NQ-PNT-001-XL-BLK,1605,23520
PO-000003180,NQ-TOP-001-3XL-SKB,1885,18720
PO-000003181,NQ-TOP-001-2XL-SKB,1885,18720
PO-000003182,NQ-TOP-001-2XL-GRY,1885,18720
PO-000003183,NQ-ACC-CAP-004-FREE-BLK,489,9120
PO-000003184,NQ-TOP-001-2XL-WHT,1885,18720
PO-000003185,NQ-PNT-004-XL-BLK,161,23520
PO-000003186,NQ-TOP-004-2XL-NVY,188,18720
PO-000003187,NQ-OUT-002-S-GRY,724,42720
PO-000003188,NQ-TOP-002-2XL-WHT,628,18720
PO-000003189,NQ-PNT-001-XL-GRY,1605,23520
PO-000003190,NQ-ACC-BLT-002-FREE-BRN,489,9120
PO-000003191,NQ-TOP-001-3XL-NVY,1885,18720
PO-000003192,NQ-TOP-001-2XL-LYL,1885,18720
PO-000003193,NQ-PNT-001-S-GRY,1605,23520
PO-000003194,NQ-TOP-002-XL-GRY,628,18720
PO-000003195,NQ-OUT-003-M-BEG,217,42720
PO-000003196,NQ-TOP-003-XL-BLK,628,18720
PO-000003197,NQ-TOP-001-XL-WHT,1885,18720
PO-000003198,NQ-TOP-001-3XL-BLK,1885,18720
PO-000003199,NQ-TOP-001-XL-SKB,1885,18720
PO-000003200,NQ-TOP-001-XL-GRY,1885,18720
PO-000003201,NQ-TOP-005-3XL-WHT,188,18720
PO-000003202,NQ-TOP-002-XL-WHT,628,18720
PO-000003203,NQ-TOP-003-XL-NVY,628,18720
PO-000003204,NQ-TOP-002-2XL-NVY,628,18720
PO-000003205,NQ-ACC-PCH-005-FREE-BRN,489,9120
PO-000003206,NQ-TOP-002-2XL-BLK,628,18720
PO-000003207,NQ-ACC-SCF-003-FREE-BEG,489,9120
PO-000003208,NQ-PNT-002-XL-BLK,535,23520
PO-000003209,NQ-TOP-003-2XL-BLK,628,18720
PO-000003210,NQ-TOP-005-S-BLK,188,18720
PO-000003211,NQ-ACC-CAP-004-FREE-WHT,489,9120
PO-000003212,NQ-TOP-002-XL-NVY,628,18720
PO-000003213,NQ-ACC-PCH-005-FREE-BEG,489,9120
PO-000003214,NQ-PNT-004-XL-BEG,161,23520
PO-000003215,NQ-TOP-001-XL-LYL,1885,18720
PO-000003216,NQ-PNT-002-XS-BEG,535,23520
PO-000003217,NQ-TOP-003-XL-GRY,628,18720
PO-000003218,NQ-TOP-001-3XL-LYL,1885,18720
PO-000003219,NQ-TOP-002-2XL-GRY,628,18720
PO-000003220,NQ-TOP-005-XL-GRY,188,18720
PO-000003221,NQ-TOP-004-XL-BLK,188,18720
PO-000003222,NQ-PNT-002-S-BLK,535,23520
PO-000003223,NQ-ACC-CAP-004-FREE-BRN,489,9120
PO-000003224,NQ-TOP-005-XL-BLK,188,18720
PO-000003225,NQ-TOP-001-XL-ORC,1885,18720
PO-000003226,NQ-TOP-001-XL-BLK,1885,18720
PO-000003227,NQ-TOP-005-3XL-NVY,188,18720
PO-000003228,NQ-TOP-004-XL-WHT,188,18720
PO-000003229,NQ-CLR-COOL-005-M-IVR,479,16800
PO-000003230,NQ-PNT-003-S-BEG,535,23520
PO-000003231,NQ-PNT-001-S-BEG,1605,23520
PO-000003232,NQ-OUT-002-L-BLK,724,42720
PO-000003233,NQ-PNT-003-L-GRY,535,23520
PO-000003234,NQ-PNT-001-S-BLK,1605,23520
PO-000003235,NQ-PNT-003-S-BLK,535,23520
PO-000003236,NQ-PNT-001-XS-GRY,1605,23520
PO-000003237,NQ-PNT-002-S-BEG,535,23520
PO-000003238,NQ-PNT-001-S-NVY,1605,23520
PO-000003239,NQ-PNT-003-M-BLK,535,23520
PO-000003240,NQ-PNT-002-S-GRY,535,23520
PO-000003241,NQ-PNT-001-S-KHK,1605,23520
PO-000003242,NQ-PNT-003-XL-BEG,535,23520
PO-000003243,NQ-TOP-005-2XL-NVY,188,18720
PO-000003244,NQ-TOP-003-3XL-BLK,628,18720
PO-000003245,NQ-TOP-005-2XL-GRY,188,18720
PO-000003246,NQ-PNT-003-XS-GRY,535,23520
PO-000003247,NQ-TOP-001-S-WHT,1885,18720
PO-000003248,NQ-PNT-004-S-BLK,161,23520
PO-000003249,NQ-CLR-MUT-006-M-IVR,479,16800
PO-000003250,NQ-TOP-005-XL-WHT,188,18720
PO-000003251,NQ-PNT-001-M-BLK,1605,23520
PO-000003252,NQ-PNT-001-XS-NVY,1605,23520
PO-000003253,NQ-PNT-001-L-KHK,1605,23520
PO-000003254,NQ-TOP-004-S-BLK,188,18720
PO-000003255,NQ-PNT-002-L-BEG,535,23520
PO-000003256,NQ-TOP-002-3XL-BLK,628,18720
PO-000003257,NQ-PNT-001-XS-KHK,1605,23520
PO-000003258,NQ-PNT-003-XL-BLK,535,23520
PO-000003259,NQ-PNT-001-L-BLK,1605,23520
PO-000003260,NQ-CLR-COOL-005-M-CRM,479,16800
PO-000003261,NQ-PNT-001-XS-BLK,1605,23520
PO-000003262,NQ-TOP-002-S-BLK,628,18720
PO-000003263,NQ-TOP-004-3XL-NVY,188,18720
PO-000003264,NQ-TOP-005-XS-BLK,188,18720
PO-000003265,NQ-PNT-004-M-GRY,161,23520
PO-000003266,NQ-TOP-003-S-WHT,628,18720
PO-000003267,NQ-TOP-001-S-SKB,1885,18720
PO-000003268,NQ-PNT-003-S-GRY,535,23520
PO-000003269,NQ-PNT-002-XS-BLK,535,23520
PO-000003270,NQ-TOP-002-3XL-WHT,628,18720
PO-000003271,NQ-TOP-002-S-WHT,628,18720
PO-000003272,NQ-TOP-003-S-GRY,628,18720
PO-000003273,NQ-PNT-004-L-BLK,161,23520
PO-000003274,NQ-TOP-005-S-NVY,188,18720
PO-000003275,NQ-PNT-001-L-GRY,1605,23520
PO-000003276,NQ-PNT-004-4XL-GRY,161,23520
PO-000003277,NQ-CLR-COOL-002-M-IVR,1435,16800
PO-000003278,NQ-TOP-003-S-BLK,628,18720
PO-000003279,NQ-TOP-001-3XL-WHT,1885,18720
PO-000003280,NQ-PNT-001-M-NVY,1605,23520
PO-000003281,NQ-TOP-002-S-GRY,628,18720
PO-000003282,NQ-TOP-001-3XL-GRY,1885,18720
PO-000003283,NQ-PNT-001-M-KHK,1605,23520
PO-000003284,NQ-PNT-002-M-GRY,535,23520
PO-000003285,NQ-TOP-005-2XL-BLK,188,18720
PO-000003286,NQ-TOP-004-S-GRY,188,18720
PO-000003287,NQ-PNT-002-XS-GRY,535,23520
