po_id,factory_id,order_date,expected_arrival_date,status
PO-INIT-000000001,FAC-001,2024-01-09,2024-03-01,입고완료
PO-INIT-000000002,FAC-001,2024-01-09,2024-03-01,입고완료
PO-INIT-000000003,FAC-001,2024-01-09,2024-03-01,입고완료
PO-INIT-000000004,FAC-001,2024-01-09,2024-03-01,입고완료
PO-INIT-000000005,FAC-001,2024-01-09,2024-03-01,입고완료
PO-INIT-000000006,FAC-001,2024-01-09,2024-03-01,입고완료
PO-INIT-000000007,FAC-001,2024-01-09,2024-03-01,입고완료
PO-INIT-000000008,FAC-001,2024-01-09,2024-03-01,입고완료
PO-INIT-000000009,FAC-001,2024-01-09,2024-03-01,입고완료
PO-INIT-000000010,FAC-001,2024-01-09,2024-03-01,입고완료
PO-INIT-000000011,FAC-001,2024-01-09,2024-03-01,입고완료
PO-INIT-000000012,FAC-001,2024-01-09,2024-03-01,입고완료
PO-INIT-000000013,FAC-001,2024-01-09,2024-03-01,입고완료
PO-INIT-000000014,FAC-001,2024-01-09,2024-03-01,입고완료
PO-INIT-000000015,FAC-001,2024-01-09,2024-03-01,입고완료
PO-INIT-000000016,FAC-001,2024-01-09,2024-03-01,입고완료
PO-INIT-000000017,FAC-001,2024-01-09,2024-03-01,입고완료
PO-INIT-000000018,FAC-001,2024-01-09,2024-03-01,입고완료
PO-INIT-000000019,FAC-001,2024-01-09,2024-03-01,입고완료
PO-INIT-000000020,FAC-001,2024-01-09,2024-03-01,입고완료
PO-INIT-000000021,FAC-001,2024-01-09,2024-03-01,입고완료
PO-INIT-000000022,FAC-001,2024-01-09,2024-03-01,입고완료
PO-INIT-000000023,FAC-001,2024-01-09,2024-03-01,입고완료
PO-INIT-000000024,FAC-001,2024-01-09,2024-03-01,입고완료
PO-INIT-000000025,FAC-001,2024-01-09,2024-03-01,입고완료
PO-INIT-000000026,FAC-001,2024-01-09,2024-03-01,입고완료
PO-INIT-000000027,FAC-001,2024-01-09,2024-03-01,입고완료
PO-INIT-000000028,FAC-001,2024-01-09,2024-03-01,입고완료
PO-INIT-000000029,FAC-001,2024-01-09,2024-03-01,입고완료
PO-INIT-000000030,FAC-001,2024-01-09,2024-03-01,입고완료
PO-INIT-000000031,FAC-001,2024-01-09,2024-03-01,입고완료
PO-INIT-000000032,FAC-001,2024-01-09,2024-03-01,입고완료
PO-INIT-000000033,FAC-001,2024-01-09,2024-03-01,입고완료
PO-INIT-000000034,FAC-001,2024-01-09,2024-03-01,입고완료
PO-INIT-000000035,FAC-001,2024-01-09,2024-03-01,입고완료
PO-INIT-000000036,FAC-001,2024-01-09,2024-03-01,입고완료
PO-INIT-000000037,FAC-001,2024-01-09,2024-03-01,입고완료
PO-INIT-000000038,FAC-001,2024-01-09,2024-03-01,입고완료
PO-INIT-000000039,FAC-001,2024-01-09,2024-03-01,입고완료
PO-INIT-000000040,FAC-001,2024-01-09,2024-03-01,입고완료
PO-INIT-000000041,FAC-001,2024-01-09,2024-03-01,입고완료
PO-INIT-000000042,FAC-001,2024-01-09,2024-03-01,입고완료
PO-INIT-000000043,FAC-001,2024-01-09,2024-03-01,입고완료
PO-INIT-000000044,FAC-001,2024-01-09,2024-03-01,입고완료
PO-INIT-000000045,FAC-001,2024-01-09,2024-03-01,입고완료
PO-INIT-000000046,FAC-001,2024-01-09,2024-03-01,입고완료
PO-INIT-000000047,FAC-001,2024-01-09,2024-03-01,입고완료
PO-INIT-000000048,FAC-001,2024-01-09,2024-03-01,입고완료
PO-INIT-000000049,FAC-001,2024-01-09,2024-03-01,입고완료
PO-INIT-000000050,FAC-001,2024-01-09,2024-03-01,입고완료
PO-INIT-000000051,FAC-001,2024-01-09,2024-03-01,입고완료
PO-INIT-000000052,FAC-001,2024-01-09,2024-03-01,입고완료
PO-INIT-000000053,FAC-001,2024-01-09,2024-03-01,입고완료
PO-INIT-000000054,FAC-001,2024-01-09,2024-03-01,입고완료
PO-INIT-000000055,FAC-001,2024-01-09,2024-03-01,입고완료
PO-INIT-000000056,FAC-001,2024-01-09,2024-03-01,입고완료
PO-INIT-000000057,FAC-001,2024-01-09,2024-03-01,입고완료
PO-INIT-000000058,FAC-001,2024-01-09,2024-03-01,입고완료
PO-INIT-000000059,FAC-001,2024-01-09,2024-03-01,입고완료
PO-INIT-000000060,FAC-001,2024-01-09,2024-03-01,입고완료
PO-INIT-000000061,FAC-001,2024-01-09,2024-03-01,입고완료
PO-INIT-000000062,FAC-001,2024-01-09,2024-03-01,입고완료
PO-INIT-000000063,FAC-001,2024-01-09,2024-03-01,입고완료
PO-INIT-000000064,FAC-001,2024-01-09,2024-03-01,입고완료
PO-INIT-000000065,FAC-001,2024-01-09,2024-03-01,입고완료
PO-INIT-000000066,FAC-001,2024-01-09,2024-03-01,입고완료
PO-INIT-000000067,FAC-001,2024-01-09,2024-03-01,입고완료
PO-INIT-000000068,FAC-001,2024-01-09,2024-03-01,입고완료
PO-INIT-000000069,FAC-001,2024-01-09,2024-03-01,입고완료
PO-INIT-000000070,FAC-001,2024-01-09,2024-03-01,입고완료
PO-INIT-000000071,FAC-001,2024-01-09,2024-03-01,입고완료
PO-INIT-000000072,FAC-001,2024-01-09,2024-03-01,입고완료
PO-INIT-000000073,FAC-001,2024-01-09,2024-03-01,입고완료
PO-INIT-000000074,FAC-001,2024-01-09,2024-03-01,입고완료
PO-INIT-000000075,FAC-001,2024-01-09,2024-03-01,입고완료
PO-INIT-000000076,FAC-001,2024-01-09,2024-03-01,입고완료
PO-INIT-000000077,FAC-001,2024-01-09,2024-03-01,입고완료
PO-INIT-000000078,FAC-001,2024-01-09,2024-03-01,입고완료
PO-INIT-000000079,FAC-001,2024-01-09,2024-03-01,입고완료
PO-INIT-000000080,FAC-001,2024-01-09,2024-03-01,입고완료
PO-INIT-000000081,FAC-001,2024-01-09,2024-03-01,입고완료
PO-INIT-000000082,FAC-001,2024-01-09,2024-03-01,입고완료
PO-INIT-000000083,FAC-001,2024-01-09,2024-03-01,입고완료
PO-INIT-000000084,FAC-001,2024-01-09,2024-03-01,입고완료
PO-INIT-000000085,FAC-001,2024-01-09,2024-03-01,입고완료
PO-INIT-000000086,FAC-001,2024-01-09,2024-03-01,입고완료
PO-INIT-000000087,FAC-001,2024-01-09,2024-03-01,입고완료
PO-INIT-000000088,FAC-001,2024-01-09,2024-03-01,입고완료
PO-INIT-000000089,FAC-001,2024-01-09,2024-03-01,입고완료
PO-INIT-000000090,FAC-001,2024-01-09,2024-03-01,입고완료
PO-INIT-000000091,FAC-001,2024-01-09,2024-03-01,입고완료
PO-INIT-000000092,FAC-001,2024-01-09,2024-03-01,입고완료
PO-INIT-000000093,FAC-001,2024-01-09,2024-03-01,입고완료
PO-INIT-000000094,FAC-001,2024-01-09,2024-03-01,입고완료
PO-INIT-000000095,FAC-001,2024-01-09,2024-03-01,입고완료
PO-INIT-000000096,FAC-001,2024-01-09,2024-03-01,입고완료
PO-INIT-000000097,FAC-001,2024-01-09,2024-03-01,입고완료
PO-INIT-000000098,FAC-001,2024-01-09,2024-03-01,입고완료
PO-INIT-000000099,FAC-001,2024-01-09,2024-03-01,입고완료
PO-INIT-000000100,FAC-001,2024-01-09,2024-03-01,입고완료
PO-INIT-000000101,FAC-001,2024-01-09,2024-03-01,입고완료
PO-INIT-000000102,FAC-001,2024-01-09,2024-03-01,입고완료
PO-INIT-000000103,FAC-001,2024-01-09,2024-03-01,입고완료
PO-INIT-000000104,FAC-001,2024-01-09,2024-03-01,입고완료
PO-INIT-000000105,FAC-001,2024-01-09,2024-03-01,입고완료
PO-INIT-000000106,FAC-001,2024-01-09,2024-03-01,입고완료
PO-INIT-000000107,FAC-001,2024-01-09,2024-03-01,입고완료
PO-INIT-000000108,FAC-001,2024-01-09,2024-03-01,입고완료
PO-INIT-000000109,FAC-001,2024-01-09,2024-03-01,입고완료
PO-INIT-000000110,FAC-001,2024-01-09,2024-03-01,입고완료
PO-INIT-000000111,FAC-001,2024-01-09,2024-03-01,입고완료
PO-INIT-000000112,FAC-001,2024-01-09,2024-03-01,입고완료
PO-INIT-000000113,FAC-001,2024-01-09,2024-03-01,입고완료
PO-INIT-000000114,FAC-001,2024-01-09,2024-03-01,입고완료
PO-INIT-000000115,FAC-001,2024-01-09,2024-03-01,입고완료
PO-INIT-000000116,FAC-001,2024-01-09,2024-03-01,입고완료
PO-INIT-000000117,FAC-001,2024-01-09,2024-03-01,입고완료
PO-INIT-000000118,FAC-001,2024-01-09,2024-03-01,입고완료
PO-INIT-000000119,FAC-001,2024-01-09,2024-03-01,입고완료
PO-INIT-000000120,FAC-001,2024-01-09,2024-03-01,입고완료
PO-INIT-000000121,FAC-001,2024-01-09,2024-03-01,입고완료
PO-INIT-000000122,FAC-001,2024-01-09,2024-03-01,입고완료
PO-INIT-000000123,FAC-001,2024-01-09,2024-03-01,입고완료
PO-INIT-000000124,FAC-001,2024-01-09,2024-03-01,입고완료
PO-INIT-000000125,FAC-001,2024-01-09,2024-03-01,입고완료
PO-INIT-000000126,FAC-001,2024-01-09,2024-03-01,입고완료
PO-INIT-000000127,FAC-001,2024-01-09,2024-03-01,입고완료
PO-INIT-000000128,FAC-001,2024-01-09,2024-03-01,입고완료
PO-INIT-000000129,FAC-001,2024-01-09,2024-03-01,입고완료
PO-INIT-000000130,FAC-001,2024-01-09,2024-03-01,입고완료
PO-INIT-000000131,FAC-001,2024-01-09,2024-03-01,입고완료
PO-INIT-000000132,FAC-001,2024-01-09,2024-03-01,입고완료
PO-INIT-000000133,FAC-001,2024-01-09,2024-03-01,입고완료
PO-INIT-000000134,FAC-001,2024-01-09,2024-03-01,입고완료
PO-INIT-000000135,FAC-001,2024-01-09,2024-03-01,입고완료
PO-INIT-000000136,FAC-001,2024-01-09,2024-03-01,입고완료
PO-INIT-000000137,FAC-001,2024-01-09,2024-03-01,입고완료
PO-INIT-000000138,FAC-001,2024-01-09,2024-03-01,입고완료
PO-INIT-000000139,FAC-001,2024-01-09,2024-03-01,입고완료
PO-INIT-000000140,FAC-001,2024-01-09,2024-03-01,입고완료
PO-INIT-000000141,FAC-001,2024-01-09,2024-03-01,입고완료
PO-INIT-000000142,FAC-001,2024-01-09,2024-03-01,입고완료
PO-INIT-000000143,FAC-001,2024-01-09,2024-03-01,입고완료
PO-INIT-000000144,FAC-001,2024-01-09,2024-03-01,입고완료
PO-INIT-000000145,FAC-001,2024-01-09,2024-03-01,입고완료
PO-INIT-000000146,FAC-001,2024-01-09,2024-03-01,입고완료
PO-INIT-000000147,FAC-001,2024-01-09,2024-03-01,입고완료
PO-INIT-000000148,FAC-001,2024-01-09,2024-03-01,입고완료
PO-INIT-000000149,FAC-001,2024-01-09,2024-03-01,입고완료
PO-INIT-000000150,FAC-001,2024-01-09,2024-03-01,입고완료
PO-INIT-000000151,FAC-001,2024-01-09,2024-03-01,입고완료
PO-INIT-000000152,FAC-001,2024-01-09,2024-03-01,입고완료
PO-INIT-000000153,FAC-001,2024-01-09,2024-03-01,입고완료
PO-INIT-000000154,FAC-001,2024-01-09,2024-03-01,입고완료
PO-INIT-000000155,FAC-001,2024-01-09,2024-03-01,입고완료
PO-INIT-000000156,FAC-001,2024-01-09,2024-03-01,입고완료
PO-INIT-000000157,FAC-001,2024-01-09,2024-03-01,입고완료
PO-INIT-000000158,FAC-001,2024-01-09,2024-03-01,입고완료
PO-INIT-000000159,FAC-001,2024-01-09,2024-03-01,입고완료
PO-INIT-000000160,FAC-001,2024-01-09,2024-03-01,입고완료
PO-INIT-000000161,FAC-001,2024-01-09,2024-03-01,입고완료
PO-INIT-000000162,FAC-001,2024-01-09,2024-03-01,입고완료
PO-INIT-000000163,FAC-001,2024-01-09,2024-03-01,입고완료
PO-INIT-000000164,FAC-001,2024-01-09,2024-03-01,입고완료
PO-INIT-000000165,FAC-001,2024-01-09,2024-03-01,입고완료
PO-INIT-000000166,FAC-001,2024-01-09,2024-03-01,입고완료
PO-INIT-000000167,FAC-001,2024-01-09,2024-03-01,입고완료
PO-INIT-000000168,FAC-001,2024-01-09,2024-03-01,입고완료
PO-INIT-000000169,FAC-001,2024-01-09,2024-03-01,입고완료
PO-INIT-000000170,FAC-001,2024-01-09,2024-03-01,입고완료
PO-INIT-000000171,FAC-001,2024-01-09,2024-03-01,입고완료
PO-INIT-000000172,FAC-001,2024-01-09,2024-03-01,입고완료
PO-INIT-000000173,FAC-001,2024-01-09,2024-03-01,입고완료
PO-INIT-000000174,FAC-001,2024-01-09,2024-03-01,입고완료
PO-INIT-000000175,FAC-001,2024-01-09,2024-03-01,입고완료
PO-INIT-000000176,FAC-001,2024-01-09,2024-03-01,입고완료
PO-INIT-000000177,FAC-001,2024-01-09,2024-03-01,입고완료
PO-INIT-000000178,FAC-001,2024-01-09,2024-03-01,입고완료
PO-INIT-000000179,FAC-001,2024-01-09,2024-03-01,입고완료
PO-INIT-000000180,FAC-001,2024-01-09,2024-03-01,입고완료
PO-INIT-000000181,FAC-001,2024-01-09,2024-03-01,입고완료
PO-INIT-000000182,FAC-001,2024-01-09,2024-03-01,입고완료
PO-INIT-000000183,FAC-001,2024-01-09,2024-03-01,입고완료
PO-INIT-000000184,FAC-001,2024-01-09,2024-03-01,입고완료
PO-INIT-000000185,FAC-001,2024-01-09,2024-03-01,입고완료
PO-INIT-000000186,FAC-001,2024-01-09,2024-03-01,입고완료
PO-INIT-000000187,FAC-001,2024-01-09,2024-03-01,입고완료
PO-INIT-000000188,FAC-001,2024-01-09,2024-03-01,입고완료
PO-INIT-000000189,FAC-001,2024-01-09,2024-03-01,입고완료
PO-INIT-000000190,FAC-001,2024-01-09,2024-03-01,입고완료
PO-INIT-000000191,FAC-001,2024-01-09,2024-03-01,입고완료
PO-INIT-000000192,FAC-001,2024-01-09,2024-03-01,입고완료
PO-INIT-000000193,FAC-001,2024-01-09,2024-03-01,입고완료
PO-INIT-000000194,FAC-001,2024-01-09,2024-03-01,입고완료
PO-INIT-000000195,FAC-001,2024-01-09,2024-03-01,입고완료
PO-INIT-000000196,FAC-001,2024-01-09,2024-03-01,입고완료
PO-INIT-000000197,FAC-001,2024-01-09,2024-03-01,입고완료
PO-INIT-000000198,FAC-001,2024-01-09,2024-03-01,입고완료
PO-INIT-000000199,FAC-001,2024-01-09,2024-03-01,입고완료
PO-INIT-000000200,FAC-001,2024-01-09,2024-03-01,입고완료
PO-INIT-000000201,FAC-001,2024-01-09,2024-03-01,입고완료
PO-INIT-000000202,FAC-001,2024-01-09,2024-03-01,입고완료
PO-INIT-000000203,FAC-001,2024-01-09,2024-03-01,입고완료
PO-INIT-000000204,FAC-001,2024-01-09,2024-03-01,입고완료
PO-INIT-000000205,FAC-001,2024-01-09,2024-03-01,입고완료
PO-INIT-000000206,FAC-001,2024-01-09,2024-03-01,입고완료
PO-INIT-000000207,FAC-001,2024-01-09,2024-03-01,입고완료
PO-INIT-000000208,FAC-001,2024-01-09,2024-03-01,입고완료
PO-INIT-000000209,FAC-001,2024-01-09,2024-03-01,입고완료
PO-INIT-000000210,FAC-001,2024-01-09,2024-03-01,입고완료
PO-INIT-000000211,FAC-001,2024-01-09,2024-03-01,입고완료
PO-INIT-000000212,FAC-001,2024-01-09,2024-03-01,입고완료
PO-INIT-000000213,FAC-001,2024-01-09,2024-03-01,입고완료
PO-INIT-000000214,FAC-001,2024-01-09,2024-03-01,입고완료
PO-INIT-000000215,FAC-001,2024-01-09,2024-03-01,입고완료
PO-INIT-000000216,FAC-001,2024-01-09,2024-03-01,입고완료
PO-INIT-000000217,FAC-001,2024-01-09,2024-03-01,입고완료
PO-INIT-000000218,FAC-001,2024-01-09,2024-03-01,입고완료
PO-INIT-000000219,FAC-001,2024-01-09,2024-03-01,입고완료
PO-INIT-000000220,FAC-001,2024-01-09,2024-03-01,입고완료
PO-INIT-000000221,FAC-001,2024-01-09,2024-03-01,입고완료
PO-INIT-000000222,FAC-001,2024-01-09,2024-03-01,입고완료
PO-INIT-000000223,FAC-001,2024-01-09,2024-03-01,입고완료
PO-INIT-000000224,FAC-001,2024-01-09,2024-03-01,입고완료
PO-INIT-000000225,FAC-001,2024-01-09,2024-03-01,입고완료
PO-INIT-000000226,FAC-001,2024-01-09,2024-03-01,입고완료
PO-INIT-000000227,FAC-001,2024-01-09,2024-03-01,입고완료
PO-INIT-000000228,FAC-001,2024-01-09,2024-03-01,입고완료
PO-INIT-000000229,FAC-001,2024-01-09,2024-03-01,입고완료
PO-INIT-000000230,FAC-001,2024-01-09,2024-03-01,입고완료
PO-INIT-000000231,FAC-001,2024-01-09,2024-03-01,입고완료
PO-INIT-000000232,FAC-001,2024-01-09,2024-03-01,입고완료
PO-INIT-000000233,FAC-001,2024-01-09,2024-03-01,입고완료
PO-INIT-000000234,FAC-001,2024-01-09,2024-03-01,입고완료
PO-INIT-000000235,FAC-001,2024-01-09,2024-03-01,입고완료
PO-INIT-000000236,FAC-001,2024-01-09,2024-03-01,입고완료
PO-INIT-000000237,FAC-001,2024-01-09,2024-03-01,입고완료
PO-INIT-000000238,FAC-001,2024-01-09,2024-03-01,입고완료
PO-INIT-000000239,FAC-001,2024-01-09,2024-03-01,입고완료
PO-INIT-000000240,FAC-001,2024-01-09,2024-03-01,입고완료
PO-INIT-000000241,FAC-001,2024-01-09,2024-03-01,입고완료
PO-INIT-000000242,FAC-001,2024-01-09,2024-03-01,입고완료
PO-INIT-000000243,FAC-001,2024-01-09,2024-03-01,입고완료
PO-INIT-000000244,FAC-001,2024-01-09,2024-03-01,입고완료
PO-INIT-000000245,FAC-001,2024-01-09,2024-03-01,입고완료
PO-INIT-000000246,FAC-001,2024-01-09,2024-03-01,입고완료
PO-INIT-000000247,FAC-001,2024-01-09,2024-03-01,입고완료
PO-INIT-000000248,FAC-001,2024-01-09,2024-03-01,입고완료
PO-INIT-000000249,FAC-001,2024-01-09,2024-03-01,입고완료
PO-INIT-000000250,FAC-001,2024-01-09,2024-03-01,입고완료
PO-INIT-000000251,FAC-001,2024-01-09,2024-03-01,입고완료
PO-INIT-000000252,FAC-001,2024-01-09,2024-03-01,입고완료
PO-INIT-000000253,FAC-001,2024-01-09,2024-03-01,입고완료
PO-INIT-000000254,FAC-001,2024-01-09,2024-03-01,입고완료
PO-INIT-000000255,FAC-001,2024-01-09,2024-03-01,입고완료
PO-INIT-000000256,FAC-001,2024-01-09,2024-03-01,입고완료
PO-INIT-000000257,FAC-001,2024-01-09,2024-03-01,입고완료
PO-INIT-000000258,FAC-001,2024-01-09,2024-03-01,입고완료
PO-INIT-000000259,FAC-001,2024-01-09,2024-03-01,입고완료
PO-INIT-000000260,FAC-001,2024-01-09,2024-03-01,입고완료
PO-INIT-000000261,FAC-001,2024-01-09,2024-03-01,입고완료
PO-INIT-000000262,FAC-001,2024-01-09,2024-03-01,입고완료
PO-INIT-000000263,FAC-001,2024-01-09,2024-03-01,입고완료
PO-INIT-000000264,FAC-001,2024-01-09,2024-03-01,입고완료
PO-INIT-000000265,FAC-001,2024-01-09,2024-03-01,입고완료
PO-INIT-000000266,FAC-001,2024-01-09,2024-03-01,입고완료
PO-INIT-000000267,FAC-001,2024-01-09,2024-03-01,입고완료
PO-INIT-000000268,FAC-001,2024-01-09,2024-03-01,입고완료
PO-INIT-000000269,FAC-001,2024-01-09,2024-03-01,입고완료
PO-INIT-000000270,FAC-001,2024-01-09,2024-03-01,입고완료
PO-INIT-000000271,FAC-001,2024-01-09,2024-03-01,입고완료
PO-INIT-000000272,FAC-001,2024-01-09,2024-03-01,입고완료
PO-INIT-000000273,FAC-001,2024-01-09,2024-03-01,입고완료
PO-INIT-000000274,FAC-001,2024-01-09,2024-03-01,입고완료
PO-INIT-000000275,FAC-001,2024-01-09,2024-03-01,입고완료
PO-INIT-000000276,FAC-001,2024-01-09,2024-03-01,입고완료
PO-INIT-000000277,FAC-001,2024-01-09,2024-03-01,입고완료
PO-INIT-000000278,FAC-001,2024-01-09,2024-03-01,입고완료
PO-INIT-000000279,FAC-001,2024-01-09,2024-03-01,입고완료
PO-INIT-000000280,FAC-001,2024-01-09,2024-03-01,입고완료
PO-INIT-000000281,FAC-001,2024-01-09,2024-03-01,입고완료
PO-INIT-000000282,FAC-001,2024-01-09,2024-03-01,입고완료
PO-INIT-000000283,FAC-001,2024-01-09,2024-03-01,입고완료
PO-INIT-000000284,FAC-001,2024-01-09,2024-03-01,입고완료
PO-INIT-000000285,FAC-001,2024-01-09,2024-03-01,입고완료
PO-INIT-000000286,FAC-001,2024-01-09,2024-03-01,입고완료
PO-INIT-000000287,FAC-001,2024-01-09,2024-03-01,입고완료
PO-INIT-000000288,FAC-001,2024-01-09,2024-03-01,입고완료
PO-INIT-000000289,FAC-001,2024-01-09,2024-03-01,입고완료
PO-INIT-000000290,FAC-001,2024-01-09,2024-03-01,입고완료
PO-INIT-000000291,FAC-001,2024-01-09,2024-03-01,입고완료
PO-INIT-000000292,FAC-001,2024-01-09,2024-03-01,입고완료
PO-INIT-000000293,FAC-001,2024-01-09,2024-03-01,입고완료
PO-INIT-000000294,FAC-001,2024-01-09,2024-03-01,입고완료
PO-INIT-000000295,FAC-001,2024-01-09,2024-03-01,입고완료
PO-INIT-000000296,FAC-001,2024-01-09,2024-03-01,입고완료
PO-INIT-000000297,FAC-001,2024-01-09,2024-03-01,입고완료
PO-INIT-000000298,FAC-001,2024-01-09,2024-03-01,입고완료
PO-INIT-000000299,FAC-001,2024-01-09,2024-03-01,입고완료
PO-INIT-000000300,FAC-001,2024-01-09,2024-03-01,입고완료
PO-INIT-000000301,FAC-001,2024-01-09,2024-03-01,입고완료
PO-INIT-000000302,FAC-001,2024-01-09,2024-03-01,입고완료
PO-INIT-000000303,FAC-001,2024-01-09,2024-03-01,입고완료
PO-INIT-000000304,FAC-001,2024-01-09,2024-03-01,입고완료
PO-INIT-000000305,FAC-001,2024-01-09,2024-03-01,입고완료
PO-INIT-000000306,FAC-001,2024-01-09,2024-03-01,입고완료
PO-INIT-000000307,FAC-001,2024-01-09,2024-03-01,입고완료
PO-INIT-000000308,FAC-001,2024-01-09,2024-03-01,입고완료
PO-INIT-000000309,FAC-001,2024-01-09,2024-03-01,입고완료
PO-INIT-000000310,FAC-001,2024-01-09,2024-03-01,입고완료
PO-INIT-000000311,FAC-001,2024-01-09,2024-03-01,입고완료
PO-INIT-000000312,FAC-001,2024-01-09,2024-03-01,입고완료
PO-INIT-000000313,FAC-001,2024-01-09,2024-03-01,입고완료
PO-INIT-000000314,FAC-001,2024-01-09,2024-03-01,입고완료
PO-INIT-000000315,FAC-001,2024-01-09,2024-03-01,입고완료
PO-INIT-000000316,FAC-001,2024-01-09,2024-03-01,입고완료
PO-INIT-000000317,FAC-001,2024-01-09,2024-03-01,입고완료
PO-INIT-000000318,FAC-001,2024-01-09,2024-03-01,입고완료
PO-INIT-000000319,FAC-001,2024-01-09,2024-03-01,입고완료
PO-INIT-000000320,FAC-001,2024-01-09,2024-03-01,입고완료
PO-INIT-000000321,FAC-001,2024-01-09,2024-03-01,입고완료
PO-INIT-000000322,FAC-001,2024-01-09,2024-03-01,입고완료
PO-INIT-000000323,FAC-001,2024-01-09,2024-03-01,입고완료
PO-INIT-000000324,FAC-001,2024-01-09,2024-03-01,입고완료
PO-INIT-000000325,FAC-001,2024-01-09,2024-03-01,입고완료
PO-INIT-000000326,FAC-001,2024-01-09,2024-03-01,입고완료
PO-INIT-000000327,FAC-001,2024-01-09,2024-03-01,입고완료
PO-INIT-000000328,FAC-001,2024-01-09,2024-03-01,입고완료
PO-INIT-000000329,FAC-001,2024-01-09,2024-03-01,입고완료
PO-INIT-000000330,FAC-001,2024-01-09,2024-03-01,입고완료
PO-INIT-000000331,FAC-001,2024-01-09,2024-03-01,입고완료
PO-INIT-000000332,FAC-001,2024-01-09,2024-03-01,입고완료
PO-INIT-000000333,FAC-001,2024-01-09,2024-03-01,입고완료
PO-INIT-000000334,FAC-001,2024-01-09,2024-03-01,입고완료
PO-INIT-000000335,FAC-001,2024-01-09,2024-03-01,입고완료
PO-INIT-000000336,FAC-001,2024-01-09,2024-03-01,입고완료
PO-INIT-000000337,FAC-001,2024-01-09,2024-03-01,입고완료
PO-INIT-000000338,FAC-001,2024-01-09,2024-03-01,입고완료
PO-INIT-000000339,FAC-001,2024-01-09,2024-03-01,입고완료
PO-INIT-000000340,FAC-001,2024-01-09,2024-03-01,입고완료
PO-INIT-000000341,FAC-001,2024-01-09,2024-03-01,입고완료
PO-INIT-000000342,FAC-001,2024-01-09,2024-03-01,입고완료
PO-INIT-000000343,FAC-001,2024-01-09,2024-03-01,입고완료
PO-INIT-000000344,FAC-001,2024-01-09,2024-03-01,입고완료
PO-INIT-000000345,FAC-001,2024-01-09,2024-03-01,입고완료
PO-INIT-000000346,FAC-001,2024-01-09,2024-03-01,입고완료
PO-INIT-000000347,FAC-001,2024-01-09,2024-03-01,입고완료
PO-INIT-000000348,FAC-001,2024-01-09,2024-03-01,입고완료
PO-INIT-000000349,FAC-001,2024-01-09,2024-03-01,입고완료
PO-INIT-000000350,FAC-001,2024-01-09,2024-03-01,입고완료
PO-INIT-000000351,FAC-001,2025-01-08,2025-03-01,입고완료
PO-INIT-000000352,FAC-001,2025-01-08,2025-03-01,입고완료
PO-INIT-000000353,FAC-001,2025-01-08,2025-03-01,입고완료
PO-INIT-000000354,FAC-001,2025-01-08,2025-03-01,입고완료
PO-INIT-000000355,FAC-001,2025-01-08,2025-03-01,입고완료
PO-INIT-000000356,FAC-001,2025-01-08,2025-03-01,입고완료
PO-INIT-000000357,FAC-001,2025-01-08,2025-03-01,입고완료
PO-INIT-000000358,FAC-001,2025-01-08,2025-03-01,입고완료
PO-INIT-000000359,FAC-001,2025-01-08,2025-03-01,입고완료
PO-INIT-000000360,FAC-001,2025-01-08,2025-03-01,입고완료
PO-INIT-000000361,FAC-001,2025-01-08,2025-03-01,입고완료
PO-INIT-000000362,FAC-001,2025-01-08,2025-03-01,입고완료
PO-INIT-000000363,FAC-001,2025-01-08,2025-03-01,입고완료
PO-INIT-000000364,FAC-001,2025-01-08,2025-03-01,입고완료
PO-INIT-000000365,FAC-001,2025-01-08,2025-03-01,입고완료
PO-INIT-000000366,FAC-001,2025-01-08,2025-03-01,입고완료
PO-INIT-000000367,FAC-001,2025-01-08,2025-03-01,입고완료
PO-INIT-000000368,FAC-001,2025-01-08,2025-03-01,입고완료
PO-INIT-000000369,FAC-001,2025-01-08,2025-03-01,입고완료
PO-INIT-000000370,FAC-001,2025-01-08,2025-03-01,입고완료
PO-INIT-000000371,FAC-001,2025-01-08,2025-03-01,입고완료
PO-INIT-000000372,FAC-001,2025-01-08,2025-03-01,입고완료
PO-INIT-000000373,FAC-001,2025-01-08,2025-03-01,입고완료
PO-INIT-000000374,FAC-001,2025-01-08,2025-03-01,입고완료
PO-INIT-000000375,FAC-001,2025-01-08,2025-03-01,입고완료
PO-INIT-000000376,FAC-001,2025-01-08,2025-03-01,입고완료
PO-INIT-000000377,FAC-001,2025-01-08,2025-03-01,입고완료
PO-INIT-000000378,FAC-001,2025-01-08,2025-03-01,입고완료
PO-INIT-000000379,FAC-001,2025-01-08,2025-03-01,입고완료
PO-INIT-000000380,FAC-001,2025-01-08,2025-03-01,입고완료
PO-INIT-000000381,FAC-001,2025-01-08,2025-03-01,입고완료
PO-INIT-000000382,FAC-001,2025-01-08,2025-03-01,입고완료
PO-INIT-000000383,FAC-001,2025-01-08,2025-03-01,입고완료
PO-INIT-000000384,FAC-001,2025-01-08,2025-03-01,입고완료
PO-INIT-000000385,FAC-001,2025-01-08,2025-03-01,입고완료
PO-INIT-000000386,FAC-001,2025-01-08,2025-03-01,입고완료
PO-INIT-000000387,FAC-001,2026-01-08,2026-03-01,입고완료
PO-INIT-000000388,FAC-001,2026-01-08,2026-03-01,입고완료
PO-INIT-000000389,FAC-001,2026-01-08,2026-03-01,입고완료
PO-INIT-000000390,FAC-001,2026-01-08,2026-03-01,입고완료
PO-INIT-000000391,FAC-001,2026-01-08,2026-03-01,입고완료
PO-INIT-000000392,FAC-001,2026-01-08,2026-03-01,입고완료
PO-INIT-000000393,FAC-001,2026-01-08,2026-03-01,입고완료
PO-INIT-000000394,FAC-001,2026-01-08,2026-03-01,입고완료
PO-INIT-000000395,FAC-001,2026-01-08,2026-03-01,입고완료
PO-INIT-000000396,FAC-001,2026-01-08,2026-03-01,입고완료
PO-INIT-000000397,FAC-001,2026-01-08,2026-03-01,입고완료
PO-INIT-000000398,FAC-001,2026-01-08,2026-03-01,입고완료
PO-INIT-000000399,FAC-001,2026-01-08,2026-03-01,입고완료
PO-INIT-000000400,FAC-001,2026-01-08,2026-03-01,입고완료
PO-INIT-000000401,FAC-001,2026-01-08,2026-03-01,입고완료
PO-INIT-000000402,FAC-001,2026-01-08,2026-03-01,입고완료
PO-INIT-000000403,FAC-001,2026-01-08,2026-03-01,입고완료
PO-INIT-000000404,FAC-001,2026-01-08,2026-03-01,입고완료
PO-INIT-000000405,FAC-001,2026-01-08,2026-03-01,입고완료
PO-INIT-000000406,FAC-001,2026-01-08,2026-03-01,입고완료
PO-INIT-000000407,FAC-001,2026-01-08,2026-03-01,입고완료
PO-INIT-000000408,FAC-001,2026-01-08,2026-03-01,입고완료
PO-INIT-000000409,FAC-001,2026-01-08,2026-03-01,입고완료
PO-INIT-000000410,FAC-001,2026-01-08,2026-03-01,입고완료
PO-INIT-000000411,FAC-001,2026-01-08,2026-03-01,입고완료
PO-INIT-000000412,FAC-001,2026-01-08,2026-03-01,입고완료
PO-INIT-000000413,FAC-001,2026-01-08,2026-03-01,입고완료
PO-INIT-000000414,FAC-001,2026-01-08,2026-03-01,입고완료
PO-INIT-000000415,FAC-001,2026-01-08,2026-03-01,입고완료
PO-INIT-000000416,FAC-001,2026-01-08,2026-03-01,입고완료
PO-INIT-000000417,FAC-001,2026-01-08,2026-03-01,입고완료
PO-INIT-000000418,FAC-001,2026-01-08,2026-03-01,입고완료
PO-INIT-000000419,FAC-001,2024-07-11,2024-09-01,입고완료
PO-INIT-000000420,FAC-001,2024-07-11,2024-09-01,입고완료
PO-INIT-000000421,FAC-001,2024-07-11,2024-09-01,입고완료
PO-INIT-000000422,FAC-001,2024-07-11,2024-09-01,입고완료
PO-INIT-000000423,FAC-001,2024-07-11,2024-09-01,입고완료
PO-INIT-000000424,FAC-001,2024-07-11,2024-09-01,입고완료
PO-INIT-000000425,FAC-001,2024-07-11,2024-09-01,입고완료
PO-INIT-000000426,FAC-001,2024-07-11,2024-09-01,입고완료
PO-INIT-000000427,FAC-001,2024-07-11,2024-09-01,입고완료
PO-INIT-000000428,FAC-001,2024-07-11,2024-09-01,입고완료
PO-INIT-000000429,FAC-001,2024-07-11,2024-09-01,입고완료
PO-INIT-000000430,FAC-001,2024-07-11,2024-09-01,입고완료
PO-INIT-000000431,FAC-001,2024-07-11,2024-09-01,입고완료
PO-INIT-000000432,FAC-001,2024-07-11,2024-09-01,입고완료
PO-INIT-000000433,FAC-001,2024-07-11,2024-09-01,입고완료
PO-INIT-000000434,FAC-001,2024-07-11,2024-09-01,입고완료
PO-INIT-000000435,FAC-001,2024-07-11,2024-09-01,입고완료
PO-INIT-000000436,FAC-001,2024-07-11,2024-09-01,입고완료
PO-INIT-000000437,FAC-001,2025-01-08,2025-03-01,입고완료
PO-INIT-000000438,FAC-001,2025-01-08,2025-03-01,입고완료
PO-INIT-000000439,FAC-001,2025-01-08,2025-03-01,입고완료
PO-INIT-000000440,FAC-001,2025-01-08,2025-03-01,입고완료
PO-INIT-000000441,FAC-001,2025-01-08,2025-03-01,입고완료
PO-INIT-000000442,FAC-001,2025-01-08,2025-03-01,입고완료
PO-INIT-000000443,FAC-001,2025-01-08,2025-03-01,입고완료
PO-INIT-000000444,FAC-001,2025-01-08,2025-03-01,입고완료
PO-INIT-000000445,FAC-001,2025-01-08,2025-03-01,입고완료
PO-INIT-000000446,FAC-001,2025-01-08,2025-03-01,입고완료
PO-INIT-000000447,FAC-001,2025-01-08,2025-03-01,입고완료
PO-INIT-000000448,FAC-001,2025-01-08,2025-03-01,입고완료
PO-INIT-000000449,FAC-001,2025-01-08,2025-03-01,입고완료
PO-INIT-000000450,FAC-001,2025-01-08,2025-03-01,입고완료
PO-INIT-000000451,FAC-001,2025-01-08,2025-03-01,입고완료
PO-INIT-000000452,FAC-001,2025-01-08,2025-03-01,입고완료
PO-INIT-000000453,FAC-001,2025-01-08,2025-03-01,입고완료
PO-INIT-000000454,FAC-001,2025-01-08,2025-03-01,입고완료
PO-INIT-000000455,FAC-001,2025-07-11,2025-09-01,입고완료
PO-INIT-000000456,FAC-001,2025-07-11,2025-09-01,입고완료
PO-INIT-000000457,FAC-001,2025-07-11,2025-09-01,입고완료
PO-INIT-000000458,FAC-001,2025-07-11,2025-09-01,입고완료
PO-INIT-000000459,FAC-001,2025-07-11,2025-09-01,입고완료
PO-INIT-000000460,FAC-001,2025-07-11,2025-09-01,입고완료
PO-INIT-000000461,FAC-001,2025-07-11,2025-09-01,입고완료
PO-INIT-000000462,FAC-001,2025-07-11,2025-09-01,입고완료
PO-INIT-000000463,FAC-001,2025-07-11,2025-09-01,입고완료
PO-INIT-000000464,FAC-001,2025-07-11,2025-09-01,입고완료
PO-INIT-000000465,FAC-001,2025-07-11,2025-09-01,입고완료
PO-INIT-000000466,FAC-001,2025-07-11,2025-09-01,입고완료
PO-INIT-000000467,FAC-001,2025-07-11,2025-09-01,입고완료
PO-INIT-000000468,FAC-001,2025-07-11,2025-09-01,입고완료
PO-INIT-000000469,FAC-001,2025-07-11,2025-09-01,입고완료
PO-INIT-000000470,FAC-001,2025-07-11,2025-09-01,입고완료
PO-INIT-000000471,FAC-001,2025-07-11,2025-09-01,입고완료
PO-INIT-000000472,FAC-001,2025-07-11,2025-09-01,입고완료
PO-INIT-000000473,FAC-001,2025-07-11,2025-09-01,입고완료
PO-INIT-000000474,FAC-001,2025-07-11,2025-09-01,입고완료
PO-INIT-000000475,FAC-001,2025-07-11,2025-09-01,입고완료
PO-INIT-000000476,FAC-001,2025-07-11,2025-09-01,입고완료
PO-INIT-000000477,FAC-001,2025-07-11,2025-09-01,입고완료
PO-INIT-000000478,FAC-001,2025-07-11,2025-09-01,입고완료
PO-INIT-000000479,FAC-001,2025-07-11,2025-09-01,입고완료
PO-INIT-000000480,FAC-001,2025-07-11,2025-09-01,입고완료
PO-INIT-000000481,FAC-001,2025-07-11,2025-09-01,입고완료
PO-INIT-000000482,FAC-001,2025-07-11,2025-09-01,입고완료
PO-INIT-000000483,FAC-001,2025-07-11,2025-09-01,입고완료
PO-INIT-000000484,FAC-001,2025-07-11,2025-09-01,입고완료
PO-INIT-000000485,FAC-001,2025-07-11,2025-09-01,입고완료
PO-INIT-000000486,FAC-001,2025-07-11,2025-09-01,입고완료
PO-INIT-000000487,FAC-001,2025-07-11,2025-09-01,입고완료
PO-INIT-000000488,FAC-001,2025-07-11,2025-09-01,입고완료
PO-INIT-000000489,FAC-001,2025-07-11,2025-09-01,입고완료
PO-INIT-000000490,FAC-001,2025-07-11,2025-09-01,입고완료
PO-INIT-000000491,FAC-001,2025-07-11,2025-09-01,입고완료
PO-INIT-000000492,FAC-001,2025-07-11,2025-09-01,입고완료
PO-INIT-000000493,FAC-001,2025-07-11,2025-09-01,입고완료
PO-INIT-000000494,FAC-001,2025-07-11,2025-09-01,입고완료
PO-INIT-000000495,FAC-001,2025-07-11,2025-09-01,입고완료
PO-INIT-000000496,FAC-001,2025-07-11,2025-09-01,입고완료
PO-INIT-000000497,FAC-001,2025-07-11,2025-09-01,입고완료
PO-INIT-000000498,FAC-001,2025-07-11,2025-09-01,입고완료
PO-INIT-000000499,FAC-001,2025-07-11,2025-09-01,입고완료
PO-INIT-000000500,FAC-001,2026-01-08,2026-03-01,입고완료
PO-INIT-000000501,FAC-001,2026-01-08,2026-03-01,입고완료
PO-INIT-000000502,FAC-001,2026-01-08,2026-03-01,입고완료
PO-INIT-000000503,FAC-001,2026-01-08,2026-03-01,입고완료
PO-INIT-000000504,FAC-001,2026-01-08,2026-03-01,입고완료
PO-INIT-000000505,FAC-001,2026-01-08,2026-03-01,입고완료
PO-INIT-000000506,FAC-001,2026-01-08,2026-03-01,입고완료
PO-INIT-000000507,FAC-001,2026-01-08,2026-03-01,입고완료
PO-INIT-000000508,FAC-001,2026-01-08,2026-03-01,입고완료
PO-INIT-000000509,FAC-001,2026-01-08,2026-03-01,입고완료
PO-INIT-000000510,FAC-001,2026-01-08,2026-03-01,입고완료
PO-INIT-000000511,FAC-001,2026-01-08,2026-03-01,입고완료
PO-INIT-000000512,FAC-001,2026-01-08,2026-03-01,입고완료
PO-INIT-000000513,FAC-001,2026-01-08,2026-03-01,입고완료
PO-INIT-000000514,FAC-001,2026-01-08,2026-03-01,입고완료
PO-INIT-000000515,FAC-001,2026-01-08,2026-03-01,입고완료
PO-INIT-000000516,FAC-001,2026-01-08,2026-03-01,입고완료
PO-INIT-000000517,FAC-001,2026-01-08,2026-03-01,입고완료
PO-INIT-000000518,FAC-001,2026-01-08,2026-03-01,입고완료
PO-INIT-000000519,FAC-001,2026-01-08,2026-03-01,입고완료
PO-INIT-000000520,FAC-001,2026-01-08,2026-03-01,입고완료
PO-SHOWROOM-000000001,FAC-001,2025-02-15,2025-03-15,입고완료
PO-SHOWROOM-000000002,FAC-001,2025-02-15,2025-03-15,입고완료
PO-SHOWROOM-000000003,FAC-001,2025-02-15,2025-03-15,입고완료
PO-SHOWROOM-000000004,FAC-001,2025-02-15,2025-03-15,입고완료
PO-SHOWROOM-000000005,FAC-001,2025-02-15,2025-03-15,입고완료
PO-SHOWROOM-000000006,FAC-001,2025-02-15,2025-03-15,입고완료
PO-SHOWROOM-000000007,FAC-001,2025-02-15,2025-03-15,입고완료
PO-SHOWROOM-000000008,FAC-001,2025-02-15,2025-03-15,입고완료
PO-SHOWROOM-000000009,FAC-001,2025-02-15,2025-03-15,입고완료
PO-SHOWROOM-000000010,FAC-001,2025-02-15,2025-03-15,입고완료
PO-SHOWROOM-000000011,FAC-001,2025-02-15,2025-03-15,입고완료
PO-SHOWROOM-000000012,FAC-001,2025-02-15,2025-03-15,입고완료
PO-SHOWROOM-000000013,FAC-001,2025-02-15,2025-03-15,입고완료
PO-SHOWROOM-000000014,FAC-001,2025-02-15,2025-03-15,입고완료
PO-SHOWROOM-000000015,FAC-001,2025-02-15,2025-03-15,입고완료
PO-SHOWROOM-000000016,FAC-001,2025-02-15,2025-03-15,입고완료
PO-SHOWROOM-000000017,FAC-001,2025-02-15,2025-03-15,입고완료
PO-SHOWROOM-000000018,FAC-001,2025-02-15,2025-03-15,입고완료
PO-SHOWROOM-000000019,FAC-001,2025-02-15,2025-03-15,입고완료
PO-SHOWROOM-000000020,FAC-001,2025-02-15,2025-03-15,입고완료
PO-SHOWROOM-000000021,FAC-001,2025-02-15,2025-03-15,입고완료
PO-SHOWROOM-000000022,FAC-001,2025-02-15,2025-03-15,입고완료
PO-SHOWROOM-000000023,FAC-001,2025-02-15,2025-03-15,입고완료
PO-SHOWROOM-000000024,FAC-001,2025-02-15,2025-03-15,입고완료
PO-SHOWROOM-000000025,FAC-001,2025-02-15,2025-03-15,입고완료
PO-SHOWROOM-000000026,FAC-001,2025-02-15,2025-03-15,입고완료
PO-SHOWROOM-000000027,FAC-001,2025-02-15,2025-03-15,입고완료
PO-SHOWROOM-000000028,FAC-001,2025-02-15,2025-03-15,입고완료
PO-SHOWROOM-000000029,FAC-001,2025-02-15,2025-03-15,입고완료
PO-SHOWROOM-000000030,FAC-001,2025-02-15,2025-03-15,입고완료
PO-SHOWROOM-000000031,FAC-001,2025-02-15,2025-03-15,입고완료
PO-SHOWROOM-000000032,FAC-001,2025-02-15,2025-03-15,입고완료
PO-SHOWROOM-000000033,FAC-001,2025-02-15,2025-03-15,입고완료
PO-SHOWROOM-000000034,FAC-001,2025-02-15,2025-03-15,입고완료
PO-SHOWROOM-000000035,FAC-001,2025-02-15,2025-03-15,입고완료
PO-SHOWROOM-000000036,FAC-001,2025-02-15,2025-03-15,입고완료
PO-SHOWROOM-000000037,FAC-001,2025-02-15,2025-03-15,입고완료
PO-SHOWROOM-000000038,FAC-001,2025-02-15,2025-03-15,입고완료
PO-SHOWROOM-000000039,FAC-001,2025-02-15,2025-03-15,입고완료
PO-SHOWROOM-000000040,FAC-001,2025-02-15,2025-03-15,입고완료
PO-SHOWROOM-000000041,FAC-001,2025-02-15,2025-03-15,입고완료
PO-SHOWROOM-000000042,FAC-001,2025-02-15,2025-03-15,입고완료
PO-SHOWROOM-000000043,FAC-001,2025-02-15,2025-03-15,입고완료
PO-SHOWROOM-000000044,FAC-001,2025-02-15,2025-03-15,입고완료
PO-SHOWROOM-000000045,FAC-001,2025-02-15,2025-03-15,입고완료
PO-SHOWROOM-000000046,FAC-001,2025-02-15,2025-03-15,입고완료
PO-SHOWROOM-000000047,FAC-001,2025-02-15,2025-03-15,입고완료
PO-SHOWROOM-000000048,FAC-001,2025-02-15,2025-03-15,입고완료
PO-SHOWROOM-000000049,FAC-001,2025-02-15,2025-03-15,입고완료
PO-SHOWROOM-000000050,FAC-001,2025-02-15,2025-03-15,입고완료
PO-SHOWROOM-000000051,FAC-001,2025-02-15,2025-03-15,입고완료
PO-SHOWROOM-000000052,FAC-001,2025-02-15,2025-03-15,입고완료
PO-SHOWROOM-000000053,FAC-001,2025-02-15,2025-03-15,입고완료
PO-SHOWROOM-000000054,FAC-001,2025-02-15,2025-03-15,입고완료
PO-SHOWROOM-000000055,FAC-001,2025-02-15,2025-03-15,입고완료
PO-SHOWROOM-000000056,FAC-001,2025-02-15,2025-03-15,입고완료
PO-SHOWROOM-000000057,FAC-001,2025-02-15,2025-03-15,입고완료
PO-SHOWROOM-000000058,FAC-001,2025-02-15,2025-03-15,입고완료
PO-SHOWROOM-000000059,FAC-001,2025-02-15,2025-03-15,입고완료
PO-SHOWROOM-000000060,FAC-001,2025-02-15,2025-03-15,입고완료
PO-SHOWROOM-000000061,FAC-001,2025-02-15,2025-03-15,입고완료
PO-SHOWROOM-000000062,FAC-001,2025-02-15,2025-03-15,입고완료
PO-SHOWROOM-000000063,FAC-001,2025-02-15,2025-03-15,입고완료
PO-SHOWROOM-000000064,FAC-001,2025-02-15,2025-03-15,입고완료
PO-SHOWROOM-000000065,FAC-001,2025-02-15,2025-03-15,입고완료
PO-SHOWROOM-000000066,FAC-001,2025-02-15,2025-03-15,입고완료
PO-SHOWROOM-000000067,FAC-001,2025-02-15,2025-03-15,입고완료
PO-SHOWROOM-000000068,FAC-001,2025-02-15,2025-03-15,입고완료
PO-SHOWROOM-000000069,FAC-001,2025-02-15,2025-03-15,입고완료
PO-SHOWROOM-000000070,FAC-001,2025-02-15,2025-03-15,입고완료
PO-SHOWROOM-000000071,FAC-001,2025-02-15,2025-03-15,입고완료
PO-SHOWROOM-000000072,FAC-001,2025-02-15,2025-03-15,입고완료
PO-SHOWROOM-000000073,FAC-001,2025-02-15,2025-03-15,입고완료
PO-SHOWROOM-000000074,FAC-001,2025-02-15,2025-03-15,입고완료
PO-SHOWROOM-000000075,FAC-001,2025-02-15,2025-03-15,입고완료
PO-SHOWROOM-000000076,FAC-001,2025-02-15,2025-03-15,입고완료
PO-SHOWROOM-000000077,FAC-001,2025-02-15,2025-03-15,입고완료
PO-SHOWROOM-000000078,FAC-001,2025-02-15,2025-03-15,입고완료
PO-SHOWROOM-000000079,FAC-001,2025-02-15,2025-03-15,입고완료
PO-SHOWROOM-000000080,FAC-001,2025-02-15,2025-03-15,입고완료
PO-SHOWROOM-000000081,FAC-001,2025-02-15,2025-03-15,입고완료
PO-SHOWROOM-000000082,FAC-001,2025-02-15,2025-03-15,입고완료
PO-SHOWROOM-000000083,FAC-001,2025-02-15,2025-03-15,입고완료
PO-SHOWROOM-000000084,FAC-001,2025-02-15,2025-03-15,입고완료
PO-SHOWROOM-000000085,FAC-001,2025-02-15,2025-03-15,입고완료
PO-SHOWROOM-000000086,FAC-001,2025-02-15,2025-03-15,입고완료
PO-SHOWROOM-000000087,FAC-001,2025-02-15,2025-03-15,입고완료
PO-SHOWROOM-000000088,FAC-001,2025-02-15,2025-03-15,입고완료
PO-SHOWROOM-000000089,FAC-001,2025-02-15,2025-03-15,입고완료
PO-SHOWROOM-000000090,FAC-001,2025-02-15,2025-03-15,입고완료
PO-SHOWROOM-000000091,FAC-001,2025-02-15,2025-03-15,입고완료
PO-SHOWROOM-000000092,FAC-001,2025-02-15,2025-03-15,입고완료
PO-SHOWROOM-000000093,FAC-001,2025-02-15,2025-03-15,입고완료
PO-SHOWROOM-000000094,FAC-001,2025-02-15,2025-03-15,입고완료
PO-SHOWROOM-000000095,FAC-001,2025-02-15,2025-03-15,입고완료
PO-SHOWROOM-000000096,FAC-001,2025-02-15,2025-03-15,입고완료
PO-SHOWROOM-000000097,FAC-001,2025-02-15,2025-03-15,입고완료
PO-SHOWROOM-000000098,FAC-001,2025-02-15,2025-03-15,입고완료
PO-SHOWROOM-000000099,FAC-001,2025-02-15,2025-03-15,입고완료
PO-SHOWROOM-000000100,FAC-001,2025-02-15,2025-03-15,입고완료
PO-SHOWROOM-000000101,FAC-001,2025-02-15,2025-03-15,입고완료
PO-SHOWROOM-000000102,FAC-001,2025-02-15,2025-03-15,입고완료
PO-SHOWROOM-000000103,FAC-001,2025-02-15,2025-03-15,입고완료
PO-SHOWROOM-000000104,FAC-001,2025-02-15,2025-03-15,입고완료
PO-SHOWROOM-000000105,FAC-001,2025-02-15,2025-03-15,입고완료
PO-SHOWROOM-000000106,FAC-001,2025-02-15,2025-03-15,입고완료
PO-SHOWROOM-000000107,FAC-001,2025-02-15,2025-03-15,입고완료
PO-SHOWROOM-000000108,FAC-001,2025-02-15,2025-03-15,입고완료
PO-SHOWROOM-000000109,FAC-001,2025-02-15,2025-03-15,입고완료
PO-SHOWROOM-000000110,FAC-001,2025-02-15,2025-03-15,입고완료
PO-SHOWROOM-000000111,FAC-001,2025-02-15,2025-03-15,입고완료
PO-SHOWROOM-000000112,FAC-001,2025-02-15,2025-03-15,입고완료
PO-SHOWROOM-000000113,FAC-001,2025-02-15,2025-03-15,입고완료
PO-SHOWROOM-000000114,FAC-001,2025-02-15,2025-03-15,입고완료
PO-SHOWROOM-000000115,FAC-001,2025-02-15,2025-03-15,입고완료
PO-SHOWROOM-000000116,FAC-001,2025-02-15,2025-03-15,입고완료
PO-SHOWROOM-000000117,FAC-001,2025-02-15,2025-03-15,입고완료
PO-SHOWROOM-000000118,FAC-001,2025-02-15,2025-03-15,입고완료
PO-SHOWROOM-000000119,FAC-001,2025-02-15,2025-03-15,입고완료
PO-SHOWROOM-000000120,FAC-001,2025-02-15,2025-03-15,입고완료
PO-SHOWROOM-000000121,FAC-001,2025-02-15,2025-03-15,입고완료
PO-SHOWROOM-000000122,FAC-001,2025-02-15,2025-03-15,입고완료
PO-SHOWROOM-000000123,FAC-001,2025-02-15,2025-03-15,입고완료
PO-SHOWROOM-000000124,FAC-001,2025-02-15,2025-03-15,입고완료
PO-SHOWROOM-000000125,FAC-001,2025-02-15,2025-03-15,입고완료
PO-SHOWROOM-000000126,FAC-001,2025-02-15,2025-03-15,입고완료
PO-SHOWROOM-000000127,FAC-001,2025-02-15,2025-03-15,입고완료
PO-SHOWROOM-000000128,FAC-001,2025-02-15,2025-03-15,입고완료
PO-SHOWROOM-000000129,FAC-001,2025-02-15,2025-03-15,입고완료
PO-SHOWROOM-000000130,FAC-001,2025-02-15,2025-03-15,입고완료
PO-SHOWROOM-000000131,FAC-001,2025-02-15,2025-03-15,입고완료
PO-SHOWROOM-000000132,FAC-001,2025-02-15,2025-03-15,입고완료
PO-SHOWROOM-000000133,FAC-001,2025-02-15,2025-03-15,입고완료
PO-SHOWROOM-000000134,FAC-001,2025-02-15,2025-03-15,입고완료
PO-SHOWROOM-000000135,FAC-001,2025-02-15,2025-03-15,입고완료
PO-SHOWROOM-000000136,FAC-001,2025-02-15,2025-03-15,입고완료
PO-SHOWROOM-000000137,FAC-001,2025-02-15,2025-03-15,입고완료
PO-SHOWROOM-000000138,FAC-001,2025-02-15,2025-03-15,입고완료
PO-SHOWROOM-000000139,FAC-001,2025-02-15,2025-03-15,입고완료
PO-SHOWROOM-000000140,FAC-001,2025-02-15,2025-03-15,입고완료
PO-SHOWROOM-000000141,FAC-001,2025-02-15,2025-03-15,입고완료
PO-SHOWROOM-000000142,FAC-001,2025-02-15,2025-03-15,입고완료
PO-SHOWROOM-000000143,FAC-001,2025-02-15,2025-03-15,입고완료
PO-SHOWROOM-000000144,FAC-001,2025-02-15,2025-03-15,입고완료
PO-SHOWROOM-000000145,FAC-001,2025-02-15,2025-03-15,입고완료
PO-SHOWROOM-000000146,FAC-001,2025-02-15,2025-03-15,입고완료
PO-SHOWROOM-000000147,FAC-001,2025-02-15,2025-03-15,입고완료
PO-SHOWROOM-000000148,FAC-001,2025-02-15,2025-03-15,입고완료
PO-SHOWROOM-000000149,FAC-001,2025-02-15,2025-03-15,입고완료
PO-SHOWROOM-000000150,FAC-001,2025-02-15,2025-03-15,입고완료
PO-SHOWROOM-000000151,FAC-001,2025-02-15,2025-03-15,입고완료
PO-SHOWROOM-000000152,FAC-001,2025-02-15,2025-03-15,입고완료
PO-SHOWROOM-000000153,FAC-001,2025-02-15,2025-03-15,입고완료
PO-SHOWROOM-000000154,FAC-001,2025-02-15,2025-03-15,입고완료
PO-SHOWROOM-000000155,FAC-001,2025-02-15,2025-03-15,입고완료
PO-SHOWROOM-000000156,FAC-001,2025-02-15,2025-03-15,입고완료
PO-SHOWROOM-000000157,FAC-001,2025-02-15,2025-03-15,입고완료
PO-SHOWROOM-000000158,FAC-001,2025-02-15,2025-03-15,입고완료
PO-SHOWROOM-000000159,FAC-001,2025-02-15,2025-03-15,입고완료
PO-SHOWROOM-000000160,FAC-001,2025-02-15,2025-03-15,입고완료
PO-SHOWROOM-000000161,FAC-001,2025-02-15,2025-03-15,입고완료
PO-SHOWROOM-000000162,FAC-001,2025-02-15,2025-03-15,입고완료
PO-SHOWROOM-000000163,FAC-001,2025-02-15,2025-03-15,입고완료
PO-SHOWROOM-000000164,FAC-001,2025-02-15,2025-03-15,입고완료
PO-SHOWROOM-000000165,FAC-001,2025-02-15,2025-03-15,입고완료
PO-SHOWROOM-000000166,FAC-001,2025-02-15,2025-03-15,입고완료
PO-SHOWROOM-000000167,FAC-001,2025-02-15,2025-03-15,입고완료
PO-SHOWROOM-000000168,FAC-001,2025-02-15,2025-03-15,입고완료
PO-SHOWROOM-000000169,FAC-001,2025-02-15,2025-03-15,입고완료
PO-SHOWROOM-000000170,FAC-001,2025-02-15,2025-03-15,입고완료
PO-SHOWROOM-000000171,FAC-001,2025-02-15,2025-03-15,입고완료
PO-SHOWROOM-000000172,FAC-001,2025-02-15,2025-03-15,입고완료
PO-SHOWROOM-000000173,FAC-001,2025-02-15,2025-03-15,입고완료
PO-SHOWROOM-000000174,FAC-001,2025-02-15,2025-03-15,입고완료
PO-SHOWROOM-000000175,FAC-001,2025-02-15,2025-03-15,입고완료
PO-SHOWROOM-000000176,FAC-001,2025-02-15,2025-03-15,입고완료
PO-SHOWROOM-000000177,FAC-001,2025-02-15,2025-03-15,입고완료
PO-SHOWROOM-000000178,FAC-001,2025-02-15,2025-03-15,입고완료
PO-SHOWROOM-000000179,FAC-001,2025-02-15,2025-03-15,입고완료
PO-SHOWROOM-000000180,FAC-001,2025-02-15,2025-03-15,입고완료
PO-SHOWROOM-000000181,FAC-001,2025-02-15,2025-03-15,입고완료
PO-SHOWROOM-000000182,FAC-001,2025-02-15,2025-03-15,입고완료
PO-SHOWROOM-000000183,FAC-001,2025-02-15,2025-03-15,입고완료
PO-SHOWROOM-000000184,FAC-001,2025-02-15,2025-03-15,입고완료
PO-SHOWROOM-000000185,FAC-001,2025-02-15,2025-03-15,입고완료
PO-SHOWROOM-000000186,FAC-001,2025-02-15,2025-03-15,입고완료
PO-SHOWROOM-000000187,FAC-001,2025-02-15,2025-03-15,입고완료
PO-SHOWROOM-000000188,FAC-001,2025-02-15,2025-03-15,입고완료
PO-SHOWROOM-000000189,FAC-001,2025-02-15,2025-03-15,입고완료
PO-SHOWROOM-000000190,FAC-001,2025-02-15,2025-03-15,입고완료
PO-SHOWROOM-000000191,FAC-001,2025-02-15,2025-03-15,입고완료
PO-SHOWROOM-000000192,FAC-001,2025-02-15,2025-03-15,입고완료
PO-SHOWROOM-000000193,FAC-001,2025-02-15,2025-03-15,입고완료
PO-SHOWROOM-000000194,FAC-001,2025-02-15,2025-03-15,입고완료
PO-SHOWROOM-000000195,FAC-001,2025-02-15,2025-03-15,입고완료
PO-SHOWROOM-000000196,FAC-001,2025-02-15,2025-03-15,입고완료
PO-SHOWROOM-000000197,FAC-001,2025-02-15,2025-03-15,입고완료
PO-SHOWROOM-000000198,FAC-001,2025-02-15,2025-03-15,입고완료
PO-SHOWROOM-000000199,FAC-001,2025-02-15,2025-03-15,입고완료
PO-SHOWROOM-000000200,FAC-001,2025-02-15,2025-03-15,입고완료
PO-SHOWROOM-000000201,FAC-001,2025-02-15,2025-03-15,입고완료
PO-SHOWROOM-000000202,FAC-001,2025-02-15,2025-03-15,입고완료
PO-SHOWROOM-000000203,FAC-001,2025-02-15,2025-03-15,입고완료
PO-SHOWROOM-000000204,FAC-001,2025-02-15,2025-03-15,입고완료
PO-SHOWROOM-000000205,FAC-001,2025-02-15,2025-03-15,입고완료
PO-SHOWROOM-000000206,FAC-001,2025-02-15,2025-03-15,입고완료
PO-SHOWROOM-000000207,FAC-001,2025-02-15,2025-03-15,입고완료
PO-SHOWROOM-000000208,FAC-001,2025-02-15,2025-03-15,입고완료
PO-SHOWROOM-000000209,FAC-001,2025-02-15,2025-03-15,입고완료
PO-SHOWROOM-000000210,FAC-001,2025-02-15,2025-03-15,입고완료
PO-SHOWROOM-000000211,FAC-001,2025-02-15,2025-03-15,입고완료
PO-SHOWROOM-000000212,FAC-001,2025-02-15,2025-03-15,입고완료
PO-SHOWROOM-000000213,FAC-001,2025-02-15,2025-03-15,입고완료
PO-SHOWROOM-000000214,FAC-001,2025-02-15,2025-03-15,입고완료
PO-SHOWROOM-000000215,FAC-001,2025-02-15,2025-03-15,입고완료
PO-SHOWROOM-000000216,FAC-001,2025-02-15,2025-03-15,입고완료
PO-SHOWROOM-000000217,FAC-001,2025-02-15,2025-03-15,입고완료
PO-SHOWROOM-000000218,FAC-001,2025-02-15,2025-03-15,입고완료
PO-SHOWROOM-000000219,FAC-001,2025-02-15,2025-03-15,입고완료
PO-SHOWROOM-000000220,FAC-001,2025-02-15,2025-03-15,입고완료
PO-SHOWROOM-000000221,FAC-001,2025-02-15,2025-03-15,입고완료
PO-SHOWROOM-000000222,FAC-001,2025-02-15,2025-03-15,입고완료
PO-SHOWROOM-000000223,FAC-001,2025-02-15,2025-03-15,입고완료
PO-SHOWROOM-000000224,FAC-001,2025-02-15,2025-03-15,입고완료
PO-SHOWROOM-000000225,FAC-001,2025-02-15,2025-03-15,입고완료
PO-SHOWROOM-000000226,FAC-001,2025-02-15,2025-03-15,입고완료
PO-SHOWROOM-000000227,FAC-001,2025-02-15,2025-03-15,입고완료
PO-SHOWROOM-000000228,FAC-001,2025-02-15,2025-03-15,입고완료
PO-SHOWROOM-000000229,FAC-001,2025-02-15,2025-03-15,입고완료
PO-SHOWROOM-000000230,FAC-001,2025-02-15,2025-03-15,입고완료
PO-SHOWROOM-000000231,FAC-001,2025-02-15,2025-03-15,입고완료
PO-SHOWROOM-000000232,FAC-001,2025-02-15,2025-03-15,입고완료
PO-SHOWROOM-000000233,FAC-001,2025-02-15,2025-03-15,입고완료
PO-SHOWROOM-000000234,FAC-001,2025-02-15,2025-03-15,입고완료
PO-SHOWROOM-000000235,FAC-001,2025-02-15,2025-03-15,입고완료
PO-SHOWROOM-000000236,FAC-001,2025-02-15,2025-03-15,입고완료
PO-SHOWROOM-000000237,FAC-001,2025-02-15,2025-03-15,입고완료
PO-SHOWROOM-000000238,FAC-001,2025-02-15,2025-03-15,입고완료
PO-SHOWROOM-000000239,FAC-001,2025-02-15,2025-03-15,입고완료
PO-SHOWROOM-000000240,FAC-001,2025-02-15,2025-03-15,입고완료
PO-SHOWROOM-000000241,FAC-001,2025-02-15,2025-03-15,입고완료
PO-SHOWROOM-000000242,FAC-001,2025-02-15,2025-03-15,입고완료
PO-SHOWROOM-000000243,FAC-001,2025-02-15,2025-03-15,입고완료
PO-SHOWROOM-000000244,FAC-001,2025-02-15,2025-03-15,입고완료
PO-SHOWROOM-000000245,FAC-001,2025-02-15,2025-03-15,입고완료
PO-SHOWROOM-000000246,FAC-001,2025-02-15,2025-03-15,입고완료
PO-SHOWROOM-000000247,FAC-001,2025-02-15,2025-03-15,입고완료
PO-SHOWROOM-000000248,FAC-001,2025-02-15,2025-03-15,입고완료
PO-SHOWROOM-000000249,FAC-001,2025-02-15,2025-03-15,입고완료
PO-SHOWROOM-000000250,FAC-001,2025-02-15,2025-03-15,입고완료
PO-SHOWROOM-000000251,FAC-001,2025-02-15,2025-03-15,입고완료
PO-SHOWROOM-000000252,FAC-001,2025-02-15,2025-03-15,입고완료
PO-SHOWROOM-000000253,FAC-001,2025-02-15,2025-03-15,입고완료
PO-SHOWROOM-000000254,FAC-001,2025-02-15,2025-03-15,입고완료
PO-SHOWROOM-000000255,FAC-001,2025-02-15,2025-03-15,입고완료
PO-SHOWROOM-000000256,FAC-001,2025-02-15,2025-03-15,입고완료
PO-SHOWROOM-000000257,FAC-001,2025-02-15,2025-03-15,입고완료
PO-SHOWROOM-000000258,FAC-001,2025-02-15,2025-03-15,입고완료
PO-SHOWROOM-000000259,FAC-001,2025-02-15,2025-03-15,입고완료
PO-SHOWROOM-000000260,FAC-001,2025-02-15,2025-03-15,입고완료
PO-SHOWROOM-000000261,FAC-001,2025-02-15,2025-03-15,입고완료
PO-SHOWROOM-000000262,FAC-001,2025-02-15,2025-03-15,입고완료
PO-SHOWROOM-000000263,FAC-001,2025-02-15,2025-03-15,입고완료
PO-SHOWROOM-000000264,FAC-001,2025-02-15,2025-03-15,입고완료
PO-SHOWROOM-000000265,FAC-001,2025-02-15,2025-03-15,입고완료
PO-SHOWROOM-000000266,FAC-001,2025-02-15,2025-03-15,입고완료
PO-SHOWROOM-000000267,FAC-001,2025-02-15,2025-03-15,입고완료
PO-SHOWROOM-000000268,FAC-001,2025-02-15,2025-03-15,입고완료
PO-SHOWROOM-000000269,FAC-001,2025-02-15,2025-03-15,입고완료
PO-SHOWROOM-000000270,FAC-001,2025-02-15,2025-03-15,입고완료
PO-SHOWROOM-000000271,FAC-001,2025-02-15,2025-03-15,입고완료
PO-SHOWROOM-000000272,FAC-001,2025-02-15,2025-03-15,입고완료
PO-SHOWROOM-000000273,FAC-001,2025-02-15,2025-03-15,입고완료
PO-SHOWROOM-000000274,FAC-001,2025-02-15,2025-03-15,입고완료
PO-SHOWROOM-000000275,FAC-001,2025-02-15,2025-03-15,입고완료
PO-SHOWROOM-000000276,FAC-001,2025-02-15,2025-03-15,입고완료
PO-SHOWROOM-000000277,FAC-001,2025-02-15,2025-03-15,입고완료
PO-SHOWROOM-000000278,FAC-001,2025-02-15,2025-03-15,입고완료
PO-SHOWROOM-000000279,FAC-001,2025-02-15,2025-03-15,입고완료
PO-SHOWROOM-000000280,FAC-001,2025-02-15,2025-03-15,입고완료
PO-SHOWROOM-000000281,FAC-001,2025-02-15,2025-03-15,입고완료
PO-SHOWROOM-000000282,FAC-001,2025-02-15,2025-03-15,입고완료
PO-SHOWROOM-000000283,FAC-001,2025-02-15,2025-03-15,입고완료
PO-SHOWROOM-000000284,FAC-001,2025-02-15,2025-03-15,입고완료
PO-SHOWROOM-000000285,FAC-001,2025-02-15,2025-03-15,입고완료
PO-SHOWROOM-000000286,FAC-001,2025-02-15,2025-03-15,입고완료
PO-SHOWROOM-000000287,FAC-001,2025-02-15,2025-03-15,입고완료
PO-SHOWROOM-000000288,FAC-001,2025-02-15,2025-03-15,입고완료
PO-SHOWROOM-000000289,FAC-001,2025-02-15,2025-03-15,입고완료
PO-SHOWROOM-000000290,FAC-001,2025-02-15,2025-03-15,입고완료
PO-SHOWROOM-000000291,FAC-001,2025-02-15,2025-03-15,입고완료
PO-SHOWROOM-000000292,FAC-001,2025-02-15,2025-03-15,입고완료
PO-SHOWROOM-000000293,FAC-001,2025-02-15,2025-03-15,입고완료
PO-SHOWROOM-000000294,FAC-001,2025-02-15,2025-03-15,입고완료
PO-SHOWROOM-000000295,FAC-001,2025-02-15,2025-03-15,입고완료
PO-SHOWROOM-000000296,FAC-001,2025-02-15,2025-03-15,입고완료
PO-SHOWROOM-000000297,FAC-001,2025-02-15,2025-03-15,입고완료
PO-SHOWROOM-000000298,FAC-001,2025-02-15,2025-03-15,입고완료
PO-SHOWROOM-000000299,FAC-001,2025-02-15,2025-03-15,입고완료
PO-SHOWROOM-000000300,FAC-001,2025-02-15,2025-03-15,입고완료
PO-SHOWROOM-000000301,FAC-001,2025-02-15,2025-03-15,입고완료
PO-SHOWROOM-000000302,FAC-001,2025-02-15,2025-03-15,입고완료
PO-SHOWROOM-000000303,FAC-001,2025-02-15,2025-03-15,입고완료
PO-SHOWROOM-000000304,FAC-001,2025-02-15,2025-03-15,입고완료
PO-SHOWROOM-000000305,FAC-001,2025-02-15,2025-03-15,입고완료
PO-SHOWROOM-000000306,FAC-001,2025-02-15,2025-03-15,입고완료
PO-SHOWROOM-000000307,FAC-001,2025-02-15,2025-03-15,입고완료
PO-SHOWROOM-000000308,FAC-001,2025-02-15,2025-03-15,입고완료
PO-SHOWROOM-000000309,FAC-001,2025-02-15,2025-03-15,입고완료
PO-SHOWROOM-000000310,FAC-001,2025-02-15,2025-03-15,입고완료
PO-SHOWROOM-000000311,FAC-001,2025-02-15,2025-03-15,입고완료
PO-SHOWROOM-000000312,FAC-001,2025-02-15,2025-03-15,입고완료
PO-SHOWROOM-000000313,FAC-001,2025-02-15,2025-03-15,입고완료
PO-SHOWROOM-000000314,FAC-001,2025-02-15,2025-03-15,입고완료
PO-SHOWROOM-000000315,FAC-001,2025-02-15,2025-03-15,입고완료
PO-SHOWROOM-000000316,FAC-001,2025-02-15,2025-03-15,입고완료
PO-SHOWROOM-000000317,FAC-001,2025-02-15,2025-03-15,입고완료
PO-SHOWROOM-000000318,FAC-001,2025-02-15,2025-03-15,입고완료
PO-SHOWROOM-000000319,FAC-001,2025-02-15,2025-03-15,입고완료
PO-SHOWROOM-000000320,FAC-001,2025-02-15,2025-03-15,입고완료
PO-SHOWROOM-000000321,FAC-001,2025-02-15,2025-03-15,입고완료
PO-SHOWROOM-000000322,FAC-001,2025-02-15,2025-03-15,입고완료
PO-SHOWROOM-000000323,FAC-001,2025-02-15,2025-03-15,입고완료
PO-SHOWROOM-000000324,FAC-001,2025-02-15,2025-03-15,입고완료
PO-SHOWROOM-000000325,FAC-001,2025-02-15,2025-03-15,입고완료
PO-SHOWROOM-000000326,FAC-001,2025-02-15,2025-03-15,입고완료
PO-SHOWROOM-000000327,FAC-001,2025-02-15,2025-03-15,입고완료
PO-SHOWROOM-000000328,FAC-001,2025-02-15,2025-03-15,입고완료
PO-SHOWROOM-000000329,FAC-001,2025-02-15,2025-03-15,입고완료
PO-SHOWROOM-000000330,FAC-001,2025-02-15,2025-03-15,입고완료
PO-SHOWROOM-000000331,FAC-001,2025-02-15,2025-03-15,입고완료
PO-SHOWROOM-000000332,FAC-001,2025-02-15,2025-03-15,입고완료
PO-SHOWROOM-000000333,FAC-001,2025-02-15,2025-03-15,입고완료
PO-SHOWROOM-000000334,FAC-001,2025-02-15,2025-03-15,입고완료
PO-SHOWROOM-000000335,FAC-001,2025-02-15,2025-03-15,입고완료
PO-SHOWROOM-000000336,FAC-001,2025-02-15,2025-03-15,입고완료
PO-SHOWROOM-000000337,FAC-001,2025-02-15,2025-03-15,입고완료
PO-SHOWROOM-000000338,FAC-001,2025-02-15,2025-03-15,입고완료
PO-SHOWROOM-000000339,FAC-001,2025-02-15,2025-03-15,입고완료
PO-SHOWROOM-000000340,FAC-001,2025-02-15,2025-03-15,입고완료
PO-SHOWROOM-000000341,FAC-001,2025-02-15,2025-03-15,입고완료
PO-SHOWROOM-000000342,FAC-001,2025-02-15,2025-03-15,입고완료
PO-SHOWROOM-000000343,FAC-001,2025-02-15,2025-03-15,입고완료
PO-SHOWROOM-000000344,FAC-001,2025-02-15,2025-03-15,입고완료
PO-SHOWROOM-000000345,FAC-001,2025-02-15,2025-03-15,입고완료
PO-SHOWROOM-000000346,FAC-001,2025-02-15,2025-03-15,입고완료
PO-SHOWROOM-000000347,FAC-001,2025-02-15,2025-03-15,입고완료
PO-SHOWROOM-000000348,FAC-001,2025-02-15,2025-03-15,입고완료
PO-SHOWROOM-000000349,FAC-001,2025-02-15,2025-03-15,입고완료
PO-SHOWROOM-000000350,FAC-001,2025-02-15,2025-03-15,입고완료
PO-SHOWROOM-000000351,FAC-001,2025-02-15,2025-03-15,입고완료
PO-SHOWROOM-000000352,FAC-001,2025-02-15,2025-03-15,입고완료
PO-SHOWROOM-000000353,FAC-001,2025-02-15,2025-03-15,입고완료
PO-SHOWROOM-000000354,FAC-001,2025-02-15,2025-03-15,입고완료
PO-SHOWROOM-000000355,FAC-001,2025-02-15,2025-03-15,입고완료
PO-SHOWROOM-000000356,FAC-001,2025-02-15,2025-03-15,입고완료
PO-SHOWROOM-000000357,FAC-001,2025-02-15,2025-03-15,입고완료
PO-SHOWROOM-000000358,FAC-001,2025-02-15,2025-03-15,입고완료
PO-SHOWROOM-000000359,FAC-001,2025-02-15,2025-03-15,입고완료
PO-SHOWROOM-000000360,FAC-001,2025-02-15,2025-03-15,입고완료
PO-SHOWROOM-000000361,FAC-001,2025-02-15,2025-03-15,입고완료
PO-SHOWROOM-000000362,FAC-001,2025-02-15,2025-03-15,입고완료
PO-SHOWROOM-000000363,FAC-001,2025-02-15,2025-03-15,입고완료
PO-SHOWROOM-000000364,FAC-001,2025-02-15,2025-03-15,입고완료
PO-SHOWROOM-000000365,FAC-001,2025-02-15,2025-03-15,입고완료
PO-SHOWROOM-000000366,FAC-001,2025-02-15,2025-03-15,입고완료
PO-SHOWROOM-000000367,FAC-001,2025-02-15,2025-03-15,입고완료
PO-SHOWROOM-000000368,FAC-001,2025-02-15,2025-03-15,입고완료
PO-SHOWROOM-000000369,FAC-001,2025-02-15,2025-03-15,입고완료
PO-SHOWROOM-000000370,FAC-001,2025-02-15,2025-03-15,입고완료
PO-SHOWROOM-000000371,FAC-001,2025-02-15,2025-03-15,입고완료
PO-SHOWROOM-000000372,FAC-001,2025-02-15,2025-03-15,입고완료
PO-SHOWROOM-000000373,FAC-001,2025-02-15,2025-03-15,입고완료
PO-SHOWROOM-000000374,FAC-001,2025-02-15,2025-03-15,입고완료
PO-SHOWROOM-000000375,FAC-001,2025-02-15,2025-03-15,입고완료
PO-SHOWROOM-000000376,FAC-001,2025-02-15,2025-03-15,입고완료
PO-SHOWROOM-000000377,FAC-001,2025-02-15,2025-03-15,입고완료
PO-SHOWROOM-000000378,FAC-001,2025-02-15,2025-03-15,입고완료
PO-SHOWROOM-000000379,FAC-001,2025-02-15,2025-03-15,입고완료
PO-SHOWROOM-000000380,FAC-001,2025-02-15,2025-03-15,입고완료
PO-SHOWROOM-000000381,FAC-001,2025-02-15,2025-03-15,입고완료
PO-SHOWROOM-000000382,FAC-001,2025-02-15,2025-03-15,입고완료
PO-SHOWROOM-000000383,FAC-001,2025-02-15,2025-03-15,입고완료
PO-SHOWROOM-000000384,FAC-001,2025-02-15,2025-03-15,입고완료
PO-SHOWROOM-000000385,FAC-001,2025-02-15,2025-03-15,입고완료
PO-SHOWROOM-000000386,FAC-001,2025-02-15,2025-03-15,입고완료
PO-SHOWROOM-000000387,FAC-001,2026-03-04,2026-04-01,입고완료
PO-SHOWROOM-000000388,FAC-001,2026-03-04,2026-04-01,입고완료
PO-SHOWROOM-000000389,FAC-001,2026-03-04,2026-04-01,입고완료
PO-SHOWROOM-000000390,FAC-001,2026-03-04,2026-04-01,입고완료
PO-SHOWROOM-000000391,FAC-001,2026-03-04,2026-04-01,입고완료
PO-SHOWROOM-000000392,FAC-001,2026-03-04,2026-04-01,입고완료
PO-SHOWROOM-000000393,FAC-001,2026-03-04,2026-04-01,입고완료
PO-SHOWROOM-000000394,FAC-001,2026-03-04,2026-04-01,입고완료
PO-SHOWROOM-000000395,FAC-001,2026-03-04,2026-04-01,입고완료
PO-SHOWROOM-000000396,FAC-001,2026-03-04,2026-04-01,입고완료
PO-SHOWROOM-000000397,FAC-001,2026-03-04,2026-04-01,입고완료
PO-SHOWROOM-000000398,FAC-001,2026-03-04,2026-04-01,입고완료
PO-SHOWROOM-000000399,FAC-001,2026-03-04,2026-04-01,입고완료
PO-SHOWROOM-000000400,FAC-001,2026-03-04,2026-04-01,입고완료
PO-SHOWROOM-000000401,FAC-001,2026-03-04,2026-04-01,입고완료
PO-SHOWROOM-000000402,FAC-001,2026-03-04,2026-04-01,입고완료
PO-SHOWROOM-000000403,FAC-001,2026-03-04,2026-04-01,입고완료
PO-SHOWROOM-000000404,FAC-001,2026-03-04,2026-04-01,입고완료
PO-SHOWROOM-000000405,FAC-001,2026-03-04,2026-04-01,입고완료
PO-SHOWROOM-000000406,FAC-001,2026-03-04,2026-04-01,입고완료
PO-SHOWROOM-000000407,FAC-001,2026-03-04,2026-04-01,입고완료
PO-SHOWROOM-000000408,FAC-001,2026-03-04,2026-04-01,입고완료
PO-SHOWROOM-000000409,FAC-001,2026-03-04,2026-04-01,입고완료
PO-SHOWROOM-000000410,FAC-001,2026-03-04,2026-04-01,입고완료
PO-SHOWROOM-000000411,FAC-001,2026-03-04,2026-04-01,입고완료
PO-SHOWROOM-000000412,FAC-001,2026-03-04,2026-04-01,입고완료
PO-SHOWROOM-000000413,FAC-001,2026-03-04,2026-04-01,입고완료
PO-SHOWROOM-000000414,FAC-001,2026-03-04,2026-04-01,입고완료
PO-SHOWROOM-000000415,FAC-001,2026-03-04,2026-04-01,입고완료
PO-SHOWROOM-000000416,FAC-001,2026-03-04,2026-04-01,입고완료
PO-SHOWROOM-000000417,FAC-001,2026-03-04,2026-04-01,입고완료
PO-SHOWROOM-000000418,FAC-001,2026-03-04,2026-04-01,입고완료
PO-SHOWROOM-000000419,FAC-001,2026-03-04,2026-04-01,입고완료
PO-SHOWROOM-000000420,FAC-001,2026-03-04,2026-04-01,입고완료
PO-SHOWROOM-000000421,FAC-001,2026-03-04,2026-04-01,입고완료
PO-SHOWROOM-000000422,FAC-001,2026-03-04,2026-04-01,입고완료
PO-SHOWROOM-000000423,FAC-001,2026-03-04,2026-04-01,입고완료
PO-SHOWROOM-000000424,FAC-001,2026-03-04,2026-04-01,입고완료
PO-SHOWROOM-000000425,FAC-001,2026-03-04,2026-04-01,입고완료
PO-SHOWROOM-000000426,FAC-001,2026-03-04,2026-04-01,입고완료
PO-SHOWROOM-000000427,FAC-001,2026-03-04,2026-04-01,입고완료
PO-SHOWROOM-000000428,FAC-001,2026-03-04,2026-04-01,입고완료
PO-SHOWROOM-000000429,FAC-001,2026-03-04,2026-04-01,입고완료
PO-SHOWROOM-000000430,FAC-001,2026-03-04,2026-04-01,입고완료
PO-SHOWROOM-000000431,FAC-001,2026-03-04,2026-04-01,입고완료
PO-SHOWROOM-000000432,FAC-001,2026-03-04,2026-04-01,입고완료
PO-SHOWROOM-000000433,FAC-001,2026-03-04,2026-04-01,입고완료
PO-SHOWROOM-000000434,FAC-001,2026-03-04,2026-04-01,입고완료
PO-SHOWROOM-000000435,FAC-001,2026-03-04,2026-04-01,입고완료
PO-SHOWROOM-000000436,FAC-001,2026-03-04,2026-04-01,입고완료
PO-SHOWROOM-000000437,FAC-001,2026-03-04,2026-04-01,입고완료
PO-SHOWROOM-000000438,FAC-001,2026-03-04,2026-04-01,입고완료
PO-SHOWROOM-000000439,FAC-001,2026-03-04,2026-04-01,입고완료
PO-SHOWROOM-000000440,FAC-001,2026-03-04,2026-04-01,입고완료
PO-SHOWROOM-000000441,FAC-001,2026-03-04,2026-04-01,입고완료
PO-SHOWROOM-000000442,FAC-001,2026-03-04,2026-04-01,입고완료
PO-SHOWROOM-000000443,FAC-001,2026-03-04,2026-04-01,입고완료
PO-SHOWROOM-000000444,FAC-001,2026-03-04,2026-04-01,입고완료
PO-SHOWROOM-000000445,FAC-001,2026-03-04,2026-04-01,입고완료
PO-SHOWROOM-000000446,FAC-001,2026-03-04,2026-04-01,입고완료
PO-SHOWROOM-000000447,FAC-001,2026-03-04,2026-04-01,입고완료
PO-SHOWROOM-000000448,FAC-001,2026-03-04,2026-04-01,입고완료
PO-SHOWROOM-000000449,FAC-001,2026-03-04,2026-04-01,입고완료
PO-SHOWROOM-000000450,FAC-001,2026-03-04,2026-04-01,입고완료
PO-SHOWROOM-000000451,FAC-001,2026-03-04,2026-04-01,입고완료
PO-SHOWROOM-000000452,FAC-001,2026-03-04,2026-04-01,입고완료
PO-SHOWROOM-000000453,FAC-001,2026-03-04,2026-04-01,입고완료
PO-SHOWROOM-000000454,FAC-001,2026-03-04,2026-04-01,입고완료
PO-SHOWROOM-000000455,FAC-001,2026-03-04,2026-04-01,입고완료
PO-SHOWROOM-000000456,FAC-001,2026-03-04,2026-04-01,입고완료
PO-SHOWROOM-000000457,FAC-001,2026-03-04,2026-04-01,입고완료
PO-SHOWROOM-000000458,FAC-001,2026-03-04,2026-04-01,입고완료
PO-SHOWROOM-000000459,FAC-001,2026-03-04,2026-04-01,입고완료
PO-SHOWROOM-000000460,FAC-001,2026-03-04,2026-04-01,입고완료
PO-SHOWROOM-000000461,FAC-001,2026-03-04,2026-04-01,입고완료
PO-SHOWROOM-000000462,FAC-001,2026-03-04,2026-04-01,입고완료
PO-SHOWROOM-000000463,FAC-001,2026-03-04,2026-04-01,입고완료
PO-SHOWROOM-000000464,FAC-001,2026-03-04,2026-04-01,입고완료
PO-SHOWROOM-000000465,FAC-001,2026-03-04,2026-04-01,입고완료
PO-SHOWROOM-000000466,FAC-001,2026-03-04,2026-04-01,입고완료
PO-SHOWROOM-000000467,FAC-001,2026-03-04,2026-04-01,입고완료
PO-SHOWROOM-000000468,FAC-001,2026-03-04,2026-04-01,입고완료
PO-SHOWROOM-000000469,FAC-001,2026-03-04,2026-04-01,입고완료
PO-SHOWROOM-000000470,FAC-001,2026-03-04,2026-04-01,입고완료
PO-SHOWROOM-000000471,FAC-001,2026-03-04,2026-04-01,입고완료
PO-SHOWROOM-000000472,FAC-001,2026-03-04,2026-04-01,입고완료
PO-SHOWROOM-000000473,FAC-001,2026-03-04,2026-04-01,입고완료
PO-SHOWROOM-000000474,FAC-001,2026-03-04,2026-04-01,입고완료
PO-SHOWROOM-000000475,FAC-001,2026-03-04,2026-04-01,입고완료
PO-SHOWROOM-000000476,FAC-001,2026-03-04,2026-04-01,입고완료
PO-SHOWROOM-000000477,FAC-001,2026-03-04,2026-04-01,입고완료
PO-SHOWROOM-000000478,FAC-001,2026-03-04,2026-04-01,입고완료
PO-SHOWROOM-000000479,FAC-001,2026-03-04,2026-04-01,입고완료
PO-SHOWROOM-000000480,FAC-001,2026-03-04,2026-04-01,입고완료
PO-SHOWROOM-000000481,FAC-001,2026-03-04,2026-04-01,입고완료
PO-SHOWROOM-000000482,FAC-001,2026-03-04,2026-04-01,입고완료
PO-SHOWROOM-000000483,FAC-001,2026-03-04,2026-04-01,입고완료
PO-SHOWROOM-000000484,FAC-001,2026-03-04,2026-04-01,입고완료
PO-SHOWROOM-000000485,FAC-001,2026-03-04,2026-04-01,입고완료
PO-SHOWROOM-000000486,FAC-001,2026-03-04,2026-04-01,입고완료
PO-SHOWROOM-000000487,FAC-001,2026-03-04,2026-04-01,입고완료
PO-SHOWROOM-000000488,FAC-001,2026-03-04,2026-04-01,입고완료
PO-SHOWROOM-000000489,FAC-001,2026-03-04,2026-04-01,입고완료
PO-SHOWROOM-000000490,FAC-001,2026-03-04,2026-04-01,입고완료
PO-SHOWROOM-000000491,FAC-001,2026-03-04,2026-04-01,입고완료
PO-SHOWROOM-000000492,FAC-001,2026-03-04,2026-04-01,입고완료
PO-SHOWROOM-000000493,FAC-001,2026-03-04,2026-04-01,입고완료
PO-SHOWROOM-000000494,FAC-001,2026-03-04,2026-04-01,입고완료
PO-SHOWROOM-000000495,FAC-001,2026-03-04,2026-04-01,입고완료
PO-SHOWROOM-000000496,FAC-001,2026-03-04,2026-04-01,입고완료
PO-SHOWROOM-000000497,FAC-001,2026-03-04,2026-04-01,입고완료
PO-SHOWROOM-000000498,FAC-001,2026-03-04,2026-04-01,입고완료
PO-SHOWROOM-000000499,FAC-001,2026-03-04,2026-04-01,입고완료
PO-SHOWROOM-000000500,FAC-001,2026-03-04,2026-04-01,입고완료
PO-SHOWROOM-000000501,FAC-001,2026-03-04,2026-04-01,입고완료
PO-SHOWROOM-000000502,FAC-001,2026-03-04,2026-04-01,입고완료
PO-SHOWROOM-000000503,FAC-001,2026-03-04,2026-04-01,입고완료
PO-SHOWROOM-000000504,FAC-001,2026-03-04,2026-04-01,입고완료
PO-SHOWROOM-000000505,FAC-001,2026-03-04,2026-04-01,입고완료
PO-SHOWROOM-000000506,FAC-001,2026-03-04,2026-04-01,입고완료
PO-SHOWROOM-000000507,FAC-001,2026-03-04,2026-04-01,입고완료
PO-SHOWROOM-000000508,FAC-001,2026-03-04,2026-04-01,입고완료
PO-SHOWROOM-000000509,FAC-001,2026-03-04,2026-04-01,입고완료
PO-SHOWROOM-000000510,FAC-001,2026-03-04,2026-04-01,입고완료
PO-SHOWROOM-000000511,FAC-001,2026-03-04,2026-04-01,입고완료
PO-SHOWROOM-000000512,FAC-001,2026-03-04,2026-04-01,입고완료
PO-SHOWROOM-000000513,FAC-001,2026-03-04,2026-04-01,입고완료
PO-SHOWROOM-000000514,FAC-001,2026-03-04,2026-04-01,입고완료
PO-SHOWROOM-000000515,FAC-001,2026-03-04,2026-04-01,입고완료
PO-SHOWROOM-000000516,FAC-001,2026-03-04,2026-04-01,입고완료
PO-SHOWROOM-000000517,FAC-001,2026-03-04,2026-04-01,입고완료
PO-SHOWROOM-000000518,FAC-001,2026-03-04,2026-04-01,입고완료
PO-SHOWROOM-000000519,FAC-001,2026-03-04,2026-04-01,입고완료
PO-SHOWROOM-000000520,FAC-001,2026-03-04,2026-04-01,입고완료
PO-SHOWROOM-000000521,FAC-001,2026-03-04,2026-04-01,입고완료
PO-SHOWROOM-000000522,FAC-001,2026-03-04,2026-04-01,입고완료
PO-SHOWROOM-000000523,FAC-001,2026-03-04,2026-04-01,입고완료
PO-SHOWROOM-000000524,FAC-001,2026-03-04,2026-04-01,입고완료
PO-SHOWROOM-000000525,FAC-001,2026-03-04,2026-04-01,입고완료
PO-SHOWROOM-000000526,FAC-001,2026-03-04,2026-04-01,입고완료
PO-SHOWROOM-000000527,FAC-001,2026-03-04,2026-04-01,입고완료
PO-SHOWROOM-000000528,FAC-001,2026-03-04,2026-04-01,입고완료
PO-SHOWROOM-000000529,FAC-001,2026-03-04,2026-04-01,입고완료
PO-SHOWROOM-000000530,FAC-001,2026-03-04,2026-04-01,입고완료
PO-SHOWROOM-000000531,FAC-001,2026-03-04,2026-04-01,입고완료
PO-SHOWROOM-000000532,FAC-001,2026-03-04,2026-04-01,입고완료
PO-SHOWROOM-000000533,FAC-001,2026-03-04,2026-04-01,입고완료
PO-SHOWROOM-000000534,FAC-001,2026-03-04,2026-04-01,입고완료
PO-SHOWROOM-000000535,FAC-001,2026-03-04,2026-04-01,입고완료
PO-SHOWROOM-000000536,FAC-001,2026-03-04,2026-04-01,입고완료
PO-SHOWROOM-000000537,FAC-001,2026-03-04,2026-04-01,입고완료
PO-SHOWROOM-000000538,FAC-001,2026-03-04,2026-04-01,입고완료
PO-SHOWROOM-000000539,FAC-001,2026-03-04,2026-04-01,입고완료
PO-SHOWROOM-000000540,FAC-001,2026-03-04,2026-04-01,입고완료
PO-SHOWROOM-000000541,FAC-001,2026-03-04,2026-04-01,입고완료
PO-SHOWROOM-000000542,FAC-001,2026-03-04,2026-04-01,입고완료
PO-SHOWROOM-000000543,FAC-001,2026-03-04,2026-04-01,입고완료
PO-SHOWROOM-000000544,FAC-001,2026-03-04,2026-04-01,입고완료
PO-SHOWROOM-000000545,FAC-001,2026-03-04,2026-04-01,입고완료
PO-SHOWROOM-000000546,FAC-001,2026-03-04,2026-04-01,입고완료
PO-SHOWROOM-000000547,FAC-001,2026-03-04,2026-04-01,입고완료
PO-SHOWROOM-000000548,FAC-001,2026-03-04,2026-04-01,입고완료
PO-SHOWROOM-000000549,FAC-001,2026-03-04,2026-04-01,입고완료
PO-SHOWROOM-000000550,FAC-001,2026-03-04,2026-04-01,입고완료
PO-SHOWROOM-000000551,FAC-001,2026-03-04,2026-04-01,입고완료
PO-SHOWROOM-000000552,FAC-001,2026-03-04,2026-04-01,입고완료
PO-SHOWROOM-000000553,FAC-001,2026-03-04,2026-04-01,입고완료
PO-SHOWROOM-000000554,FAC-001,2026-03-04,2026-04-01,입고완료
PO-SHOWROOM-000000555,FAC-001,2026-03-04,2026-04-01,입고완료
PO-SHOWROOM-000000556,FAC-001,2026-03-04,2026-04-01,입고완료
PO-SHOWROOM-000000557,FAC-001,2026-03-04,2026-04-01,입고완료
PO-SHOWROOM-000000558,FAC-001,2026-03-04,2026-04-01,입고완료
PO-SHOWROOM-000000559,FAC-001,2026-03-04,2026-04-01,입고완료
PO-SHOWROOM-000000560,FAC-001,2026-03-04,2026-04-01,입고완료
PO-SHOWROOM-000000561,FAC-001,2026-03-04,2026-04-01,입고완료
PO-SHOWROOM-000000562,FAC-001,2026-03-04,2026-04-01,입고완료
PO-SHOWROOM-000000563,FAC-001,2026-03-04,2026-04-01,입고완료
PO-SHOWROOM-000000564,FAC-001,2026-03-04,2026-04-01,입고완료
PO-SHOWROOM-000000565,FAC-001,2026-03-04,2026-04-01,입고완료
PO-SHOWROOM-000000566,FAC-001,2026-03-04,2026-04-01,입고완료
PO-SHOWROOM-000000567,FAC-001,2026-03-04,2026-04-01,입고완료
PO-SHOWROOM-000000568,FAC-001,2026-03-04,2026-04-01,입고완료
PO-SHOWROOM-000000569,FAC-001,2026-03-04,2026-04-01,입고완료
PO-SHOWROOM-000000570,FAC-001,2026-03-04,2026-04-01,입고완료
PO-SHOWROOM-000000571,FAC-001,2026-03-04,2026-04-01,입고완료
PO-SHOWROOM-000000572,FAC-001,2026-03-04,2026-04-01,입고완료
PO-SHOWROOM-000000573,FAC-001,2026-03-04,2026-04-01,입고완료
PO-SHOWROOM-000000574,FAC-001,2026-03-04,2026-04-01,입고완료
PO-SHOWROOM-000000575,FAC-001,2026-03-04,2026-04-01,입고완료
PO-SHOWROOM-000000576,FAC-001,2026-03-04,2026-04-01,입고완료
PO-SHOWROOM-000000577,FAC-001,2026-03-04,2026-04-01,입고완료
PO-SHOWROOM-000000578,FAC-001,2026-03-04,2026-04-01,입고완료
PO-SHOWROOM-000000579,FAC-001,2026-03-04,2026-04-01,입고완료
PO-SHOWROOM-000000580,FAC-001,2026-03-04,2026-04-01,입고완료
PO-SHOWROOM-000000581,FAC-001,2026-03-04,2026-04-01,입고완료
PO-SHOWROOM-000000582,FAC-001,2026-03-04,2026-04-01,입고완료
PO-SHOWROOM-000000583,FAC-001,2026-03-04,2026-04-01,입고완료
PO-SHOWROOM-000000584,FAC-001,2026-03-04,2026-04-01,입고완료
PO-SHOWROOM-000000585,FAC-001,2026-03-04,2026-04-01,입고완료
PO-SHOWROOM-000000586,FAC-001,2026-03-04,2026-04-01,입고완료
PO-SHOWROOM-000000587,FAC-001,2026-03-04,2026-04-01,입고완료
PO-SHOWROOM-000000588,FAC-001,2026-03-04,2026-04-01,입고완료
PO-SHOWROOM-000000589,FAC-001,2026-03-04,2026-04-01,입고완료
PO-SHOWROOM-000000590,FAC-001,2026-03-04,2026-04-01,입고완료
PO-SHOWROOM-000000591,FAC-001,2026-03-04,2026-04-01,입고완료
PO-SHOWROOM-000000592,FAC-001,2026-03-04,2026-04-01,입고완료
PO-SHOWROOM-000000593,FAC-001,2026-03-04,2026-04-01,입고완료
PO-SHOWROOM-000000594,FAC-001,2026-03-04,2026-04-01,입고완료
PO-SHOWROOM-000000595,FAC-001,2026-03-04,2026-04-01,입고완료
PO-SHOWROOM-000000596,FAC-001,2026-03-04,2026-04-01,입고완료
PO-SHOWROOM-000000597,FAC-001,2026-03-04,2026-04-01,입고완료
PO-SHOWROOM-000000598,FAC-001,2026-03-04,2026-04-01,입고완료
PO-SHOWROOM-000000599,FAC-001,2026-03-04,2026-04-01,입고완료
PO-SHOWROOM-000000600,FAC-001,2026-03-04,2026-04-01,입고완료
PO-SHOWROOM-000000601,FAC-001,2026-03-04,2026-04-01,입고완료
PO-SHOWROOM-000000602,FAC-001,2026-03-04,2026-04-01,입고완료
PO-SHOWROOM-000000603,FAC-001,2026-03-04,2026-04-01,입고완료
PO-SHOWROOM-000000604,FAC-001,2026-03-04,2026-04-01,입고완료
PO-SHOWROOM-000000605,FAC-001,2026-03-04,2026-04-01,입고완료
PO-SHOWROOM-000000606,FAC-001,2026-03-04,2026-04-01,입고완료
PO-SHOWROOM-000000607,FAC-001,2026-03-04,2026-04-01,입고완료
PO-SHOWROOM-000000608,FAC-001,2026-03-04,2026-04-01,입고완료
PO-SHOWROOM-000000609,FAC-001,2026-03-04,2026-04-01,입고완료
PO-SHOWROOM-000000610,FAC-001,2026-03-04,2026-04-01,입고완료
PO-SHOWROOM-000000611,FAC-001,2026-03-04,2026-04-01,입고완료
PO-SHOWROOM-000000612,FAC-001,2026-03-04,2026-04-01,입고완료
PO-SHOWROOM-000000613,FAC-001,2026-03-04,2026-04-01,입고완료
PO-SHOWROOM-000000614,FAC-001,2026-03-04,2026-04-01,입고완료
PO-SHOWROOM-000000615,FAC-001,2026-03-04,2026-04-01,입고완료
PO-SHOWROOM-000000616,FAC-001,2026-03-04,2026-04-01,입고완료
PO-SHOWROOM-000000617,FAC-001,2026-03-04,2026-04-01,입고완료
PO-SHOWROOM-000000618,FAC-001,2026-03-04,2026-04-01,입고완료
PO-SHOWROOM-000000619,FAC-001,2026-03-04,2026-04-01,입고완료
PO-SHOWROOM-000000620,FAC-001,2026-03-04,2026-04-01,입고완료
PO-SHOWROOM-000000621,FAC-001,2026-03-04,2026-04-01,입고완료
PO-SHOWROOM-000000622,FAC-001,2026-03-04,2026-04-01,입고완료
PO-SHOWROOM-000000623,FAC-001,2026-03-04,2026-04-01,입고완료
PO-SHOWROOM-000000624,FAC-001,2026-03-04,2026-04-01,입고완료
PO-SHOWROOM-000000625,FAC-001,2026-03-04,2026-04-01,입고완료
PO-SHOWROOM-000000626,FAC-001,2026-03-04,2026-04-01,입고완료
PO-SHOWROOM-000000627,FAC-001,2026-03-04,2026-04-01,입고완료
PO-SHOWROOM-000000628,FAC-001,2026-03-04,2026-04-01,입고완료
PO-SHOWROOM-000000629,FAC-001,2026-03-04,2026-04-01,입고완료
PO-SHOWROOM-000000630,FAC-001,2026-03-04,2026-04-01,입고완료
PO-SHOWROOM-000000631,FAC-001,2026-03-04,2026-04-01,입고완료
PO-SHOWROOM-000000632,FAC-001,2026-03-04,2026-04-01,입고완료
PO-SHOWROOM-000000633,FAC-001,2026-03-04,2026-04-01,입고완료
PO-SHOWROOM-000000634,FAC-001,2026-03-04,2026-04-01,입고완료
PO-SHOWROOM-000000635,FAC-001,2026-03-04,2026-04-01,입고완료
PO-SHOWROOM-000000636,FAC-001,2026-03-04,2026-04-01,입고완료
PO-SHOWROOM-000000637,FAC-001,2026-03-04,2026-04-01,입고완료
PO-SHOWROOM-000000638,FAC-001,2026-03-04,2026-04-01,입고완료
PO-SHOWROOM-000000639,FAC-001,2026-03-04,2026-04-01,입고완료
PO-SHOWROOM-000000640,FAC-001,2026-03-04,2026-04-01,입고완료
PO-SHOWROOM-000000641,FAC-001,2026-03-04,2026-04-01,입고완료
PO-SHOWROOM-000000642,FAC-001,2026-03-04,2026-04-01,입고완료
PO-SHOWROOM-000000643,FAC-001,2026-03-04,2026-04-01,입고완료
PO-SHOWROOM-000000644,FAC-001,2026-03-04,2026-04-01,입고완료
PO-SHOWROOM-000000645,FAC-001,2026-03-04,2026-04-01,입고완료
PO-SHOWROOM-000000646,FAC-001,2026-03-04,2026-04-01,입고완료
PO-SHOWROOM-000000647,FAC-001,2026-03-04,2026-04-01,입고완료
PO-SHOWROOM-000000648,FAC-001,2026-03-04,2026-04-01,입고완료
PO-SHOWROOM-000000649,FAC-001,2026-03-04,2026-04-01,입고완료
PO-SHOWROOM-000000650,FAC-001,2026-03-04,2026-04-01,입고완료
PO-SHOWROOM-000000651,FAC-001,2026-03-04,2026-04-01,입고완료
PO-SHOWROOM-000000652,FAC-001,2026-03-04,2026-04-01,입고완료
PO-SHOWROOM-000000653,FAC-001,2026-03-04,2026-04-01,입고완료
PO-SHOWROOM-000000654,FAC-001,2026-03-04,2026-04-01,입고완료
PO-SHOWROOM-000000655,FAC-001,2026-03-04,2026-04-01,입고완료
PO-SHOWROOM-000000656,FAC-001,2026-03-04,2026-04-01,입고완료
PO-SHOWROOM-000000657,FAC-001,2026-03-04,2026-04-01,입고완료
PO-SHOWROOM-000000658,FAC-001,2026-03-04,2026-04-01,입고완료
PO-SHOWROOM-000000659,FAC-001,2026-03-04,2026-04-01,입고완료
PO-SHOWROOM-000000660,FAC-001,2026-03-04,2026-04-01,입고완료
PO-SHOWROOM-000000661,FAC-001,2026-03-04,2026-04-01,입고완료
PO-SHOWROOM-000000662,FAC-001,2026-03-04,2026-04-01,입고완료
PO-SHOWROOM-000000663,FAC-001,2026-03-04,2026-04-01,입고완료
PO-SHOWROOM-000000664,FAC-001,2026-03-04,2026-04-01,입고완료
PO-SHOWROOM-000000665,FAC-001,2026-03-04,2026-04-01,입고완료
PO-SHOWROOM-000000666,FAC-001,2026-03-04,2026-04-01,입고완료
PO-SHOWROOM-000000667,FAC-001,2026-03-04,2026-04-01,입고완료
PO-SHOWROOM-000000668,FAC-001,2026-03-04,2026-04-01,입고완료
PO-SHOWROOM-000000669,FAC-001,2026-03-04,2026-04-01,입고완료
PO-SHOWROOM-000000670,FAC-001,2026-03-04,2026-04-01,입고완료
PO-SHOWROOM-000000671,FAC-001,2026-03-04,2026-04-01,입고완료
PO-SHOWROOM-000000672,FAC-001,2026-03-04,2026-04-01,입고완료
PO-SHOWROOM-000000673,FAC-001,2026-03-04,2026-04-01,입고완료
PO-SHOWROOM-000000674,FAC-001,2026-03-04,2026-04-01,입고완료
PO-SHOWROOM-000000675,FAC-001,2026-03-04,2026-04-01,입고완료
PO-SHOWROOM-000000676,FAC-001,2026-03-04,2026-04-01,입고완료
PO-SHOWROOM-000000677,FAC-001,2026-03-04,2026-04-01,입고완료
PO-SHOWROOM-000000678,FAC-001,2026-03-04,2026-04-01,입고완료
PO-SHOWROOM-000000679,FAC-001,2026-03-04,2026-04-01,입고완료
PO-SHOWROOM-000000680,FAC-001,2026-03-04,2026-04-01,입고완료
PO-SHOWROOM-000000681,FAC-001,2026-03-04,2026-04-01,입고완료
PO-SHOWROOM-000000682,FAC-001,2026-03-04,2026-04-01,입고완료
PO-SHOWROOM-000000683,FAC-001,2026-03-04,2026-04-01,입고완료
PO-SHOWROOM-000000684,FAC-001,2026-03-04,2026-04-01,입고완료
PO-SHOWROOM-000000685,FAC-001,2026-03-04,2026-04-01,입고완료
PO-SHOWROOM-000000686,FAC-001,2026-03-04,2026-04-01,입고완료
PO-SHOWROOM-000000687,FAC-001,2026-03-04,2026-04-01,입고완료
PO-SHOWROOM-000000688,FAC-001,2026-03-04,2026-04-01,입고완료
PO-SHOWROOM-000000689,FAC-001,2026-03-04,2026-04-01,입고완료
PO-SHOWROOM-000000690,FAC-001,2026-03-04,2026-04-01,입고완료
PO-SHOWROOM-000000691,FAC-001,2026-03-04,2026-04-01,입고완료
PO-SHOWROOM-000000692,FAC-001,2026-03-04,2026-04-01,입고완료
PO-SHOWROOM-000000693,FAC-001,2026-03-04,2026-04-01,입고완료
PO-SHOWROOM-000000694,FAC-001,2026-03-04,2026-04-01,입고완료
PO-SHOWROOM-000000695,FAC-001,2026-03-04,2026-04-01,입고완료
PO-SHOWROOM-000000696,FAC-001,2026-03-04,2026-04-01,입고완료
PO-SHOWROOM-000000697,FAC-001,2026-03-04,2026-04-01,입고완료
PO-SHOWROOM-000000698,FAC-001,2026-03-04,2026-04-01,입고완료
PO-SHOWROOM-000000699,FAC-001,2026-03-04,2026-04-01,입고완료
PO-SHOWROOM-000000700,FAC-001,2026-03-04,2026-04-01,입고완료
PO-SHOWROOM-000000701,FAC-001,2026-03-04,2026-04-01,입고완료
PO-SHOWROOM-000000702,FAC-001,2026-03-04,2026-04-01,입고완료
PO-SHOWROOM-000000703,FAC-001,2026-03-04,2026-04-01,입고완료
PO-SHOWROOM-000000704,FAC-001,2026-03-04,2026-04-01,입고완료
PO-SHOWROOM-000000705,FAC-001,2026-03-04,2026-04-01,입고완료
PO-SHOWROOM-000000706,FAC-001,2026-03-04,2026-04-01,입고완료
PO-SHOWROOM-000000707,FAC-001,2026-03-04,2026-04-01,입고완료
PO-SHOWROOM-000000708,FAC-001,2026-03-04,2026-04-01,입고완료
PO-SHOWROOM-000000709,FAC-001,2026-03-04,2026-04-01,입고완료
PO-SHOWROOM-000000710,FAC-001,2026-03-04,2026-04-01,입고완료
PO-SHOWROOM-000000711,FAC-001,2026-03-04,2026-04-01,입고완료
PO-SHOWROOM-000000712,FAC-001,2026-03-04,2026-04-01,입고완료
PO-SHOWROOM-000000713,FAC-001,2026-03-04,2026-04-01,입고완료
PO-SHOWROOM-000000714,FAC-001,2026-03-04,2026-04-01,입고완료
PO-SHOWROOM-000000715,FAC-001,2026-03-04,2026-04-01,입고완료
PO-SHOWROOM-000000716,FAC-001,2026-03-04,2026-04-01,입고완료
PO-SHOWROOM-000000717,FAC-001,2026-03-04,2026-04-01,입고완료
PO-SHOWROOM-000000718,FAC-001,2026-03-04,2026-04-01,입고완료
PO-SHOWROOM-000000719,FAC-001,2026-03-04,2026-04-01,입고완료
PO-SHOWROOM-000000720,FAC-001,2026-03-04,2026-04-01,입고완료
PO-SHOWROOM-000000721,FAC-001,2026-03-04,2026-04-01,입고완료
PO-SHOWROOM-000000722,FAC-001,2026-03-04,2026-04-01,입고완료
PO-SHOWROOM-000000723,FAC-001,2026-03-04,2026-04-01,입고완료
PO-SHOWROOM-000000724,FAC-001,2026-03-04,2026-04-01,입고완료
PO-SHOWROOM-000000725,FAC-001,2026-03-04,2026-04-01,입고완료
PO-SHOWROOM-000000726,FAC-001,2026-03-04,2026-04-01,입고완료
PO-SHOWROOM-000000727,FAC-001,2026-03-04,2026-04-01,입고완료
PO-SHOWROOM-000000728,FAC-001,2026-03-04,2026-04-01,입고완료
PO-SHOWROOM-000000729,FAC-001,2026-03-04,2026-04-01,입고완료
PO-SHOWROOM-000000730,FAC-001,2026-03-04,2026-04-01,입고완료
PO-SHOWROOM-000000731,FAC-001,2026-03-04,2026-04-01,입고완료
PO-SHOWROOM-000000732,FAC-001,2026-03-04,2026-04-01,입고완료
PO-SHOWROOM-000000733,FAC-001,2026-03-04,2026-04-01,입고완료
PO-SHOWROOM-000000734,FAC-001,2026-03-04,2026-04-01,입고완료
PO-SHOWROOM-000000735,FAC-001,2026-03-04,2026-04-01,입고완료
PO-SHOWROOM-000000736,FAC-001,2026-03-04,2026-04-01,입고완료
PO-SHOWROOM-000000737,FAC-001,2026-03-04,2026-04-01,입고완료
PO-SHOWROOM-000000738,FAC-001,2026-03-04,2026-04-01,입고완료
PO-SHOWROOM-000000739,FAC-001,2026-03-04,2026-04-01,입고완료
PO-SHOWROOM-000000740,FAC-001,2026-03-04,2026-04-01,입고완료
PO-SHOWROOM-000000741,FAC-001,2026-03-04,2026-04-01,입고완료
PO-SHOWROOM-000000742,FAC-001,2026-03-04,2026-04-01,입고완료
PO-SHOWROOM-000000743,FAC-001,2026-03-04,2026-04-01,입고완료
PO-SHOWROOM-000000744,FAC-001,2026-03-04,2026-04-01,입고완료
PO-SHOWROOM-000000745,FAC-001,2026-03-04,2026-04-01,입고완료
PO-SHOWROOM-000000746,FAC-001,2026-03-04,2026-04-01,입고완료
PO-SHOWROOM-000000747,FAC-001,2026-03-04,2026-04-01,입고완료
PO-SHOWROOM-000000748,FAC-001,2026-03-04,2026-04-01,입고완료
PO-SHOWROOM-000000749,FAC-001,2026-03-04,2026-04-01,입고완료
PO-SHOWROOM-000000750,FAC-001,2026-03-04,2026-04-01,입고완료
PO-SHOWROOM-000000751,FAC-001,2026-03-04,2026-04-01,입고완료
PO-SHOWROOM-000000752,FAC-001,2026-03-04,2026-04-01,입고완료
PO-SHOWROOM-000000753,FAC-001,2026-03-04,2026-04-01,입고완료
PO-SHOWROOM-000000754,FAC-001,2026-03-04,2026-04-01,입고완료
PO-SHOWROOM-000000755,FAC-001,2026-03-04,2026-04-01,입고완료
PO-SHOWROOM-000000756,FAC-001,2026-03-04,2026-04-01,입고완료
PO-SHOWROOM-000000757,FAC-001,2026-03-04,2026-04-01,입고완료
PO-SHOWROOM-000000758,FAC-001,2026-03-04,2026-04-01,입고완료
PO-SHOWROOM-000000759,FAC-001,2026-03-04,2026-04-01,입고완료
PO-SHOWROOM-000000760,FAC-001,2026-03-04,2026-04-01,입고완료
PO-SHOWROOM-000000761,FAC-001,2026-03-04,2026-04-01,입고완료
PO-SHOWROOM-000000762,FAC-001,2026-03-04,2026-04-01,입고완료
PO-SHOWROOM-000000763,FAC-001,2026-03-04,2026-04-01,입고완료
PO-SHOWROOM-000000764,FAC-001,2026-03-04,2026-04-01,입고완료
PO-SHOWROOM-000000765,FAC-001,2026-03-04,2026-04-01,입고완료
PO-SHOWROOM-000000766,FAC-001,2026-03-04,2026-04-01,입고완료
PO-SHOWROOM-000000767,FAC-001,2026-03-04,2026-04-01,입고완료
PO-SHOWROOM-000000768,FAC-001,2026-03-04,2026-04-01,입고완료
PO-SHOWROOM-000000769,FAC-001,2026-03-04,2026-04-01,입고완료
PO-SHOWROOM-000000770,FAC-001,2026-03-04,2026-04-01,입고완료
PO-SHOWROOM-000000771,FAC-001,2026-03-04,2026-04-01,입고완료
PO-SHOWROOM-000000772,FAC-001,2026-03-04,2026-04-01,입고완료
PO-SHOWROOM-000000773,FAC-001,2026-03-04,2026-04-01,입고완료
PO-SHOWROOM-000000774,FAC-001,2026-03-04,2026-04-01,입고완료
PO-SHOWROOM-000000775,FAC-001,2026-03-04,2026-04-01,입고완료
PO-SHOWROOM-000000776,FAC-001,2026-03-04,2026-04-01,입고완료
PO-SHOWROOM-000000777,FAC-001,2026-03-04,2026-04-01,입고완료
PO-SHOWROOM-000000778,FAC-001,2026-03-04,2026-04-01,입고완료
PO-SHOWROOM-000000779,FAC-001,2026-03-04,2026-04-01,입고완료
PO-SHOWROOM-000000780,FAC-001,2026-03-04,2026-04-01,입고완료
PO-SHOWROOM-000000781,FAC-001,2026-03-04,2026-04-01,입고완료
PO-SHOWROOM-000000782,FAC-001,2026-03-04,2026-04-01,입고완료
PO-SHOWROOM-000000783,FAC-001,2026-03-04,2026-04-01,입고완료
PO-SHOWROOM-000000784,FAC-001,2026-03-04,2026-04-01,입고완료
PO-SHOWROOM-000000785,FAC-001,2026-03-04,2026-04-01,입고완료
PO-SHOWROOM-000000786,FAC-001,2026-03-04,2026-04-01,입고완료
PO-SHOWROOM-000000787,FAC-001,2026-03-04,2026-04-01,입고완료
PO-SHOWROOM-000000788,FAC-001,2026-03-04,2026-04-01,입고완료
PO-SHOWROOM-000000789,FAC-001,2026-03-04,2026-04-01,입고완료
PO-SHOWROOM-000000790,FAC-001,2026-03-04,2026-04-01,입고완료
PO-SHOWROOM-000000791,FAC-001,2026-03-04,2026-04-01,입고완료
PO-SHOWROOM-000000792,FAC-001,2026-03-04,2026-04-01,입고완료
PO-SHOWROOM-000000793,FAC-001,2026-03-04,2026-04-01,입고완료
PO-SHOWROOM-000000794,FAC-001,2026-03-04,2026-04-01,입고완료
PO-SHOWROOM-000000795,FAC-001,2026-03-04,2026-04-01,입고완료
PO-SHOWROOM-000000796,FAC-001,2026-03-04,2026-04-01,입고완료
PO-SHOWROOM-000000797,FAC-001,2026-03-04,2026-04-01,입고완료
PO-SHOWROOM-000000798,FAC-001,2026-03-04,2026-04-01,입고완료
PO-SHOWROOM-000000799,FAC-001,2026-03-04,2026-04-01,입고완료
PO-SHOWROOM-000000800,FAC-001,2026-03-04,2026-04-01,입고완료
PO-SHOWROOM-000000801,FAC-001,2026-03-04,2026-04-01,입고완료
PO-SHOWROOM-000000802,FAC-001,2026-03-04,2026-04-01,입고완료
PO-SHOWROOM-000000803,FAC-001,2026-03-04,2026-04-01,입고완료
PO-SHOWROOM-000000804,FAC-001,2026-03-04,2026-04-01,입고완료
PO-000000001,FAC-001,2024-05-21,2024-07-12,발주
PO-000000002,FAC-001,2024-05-21,2024-07-12,발주
PO-000000003,FAC-001,2024-05-24,2024-07-15,발주
PO-000000004,FAC-001,2024-05-26,2024-07-17,발주
PO-000000005,FAC-001,2024-05-27,2024-07-18,발주
PO-000000006,FAC-001,2024-05-28,2024-07-19,발주
PO-000000007,FAC-001,2024-05-29,2024-07-20,발주
PO-000000008,FAC-001,2024-05-29,2024-07-20,발주
PO-000000009,FAC-001,2024-05-30,2024-07-21,발주
PO-000000010,FAC-001,2024-06-01,2024-07-23,발주
PO-000000011,FAC-001,2024-06-01,2024-07-23,발주
PO-000000012,FAC-001,2024-06-01,2024-07-23,발주
PO-000000013,FAC-001,2024-06-01,2024-07-23,발주
PO-000000014,FAC-001,2024-06-01,2024-07-23,발주
PO-000000015,FAC-001,2024-06-01,2024-07-23,발주
PO-000000016,FAC-001,2024-06-01,2024-07-23,발주
PO-000000017,FAC-001,2024-06-01,2024-07-23,발주
PO-000000018,FAC-001,2024-06-01,2024-07-23,발주
PO-000000019,FAC-001,2024-06-01,2024-07-23,발주
PO-000000020,FAC-001,2024-06-01,2024-07-23,발주
PO-000000021,FAC-001,2024-06-01,2024-07-23,발주
PO-000000022,FAC-001,2024-06-01,2024-07-23,발주
PO-000000023,FAC-001,2024-06-01,2024-07-23,발주
PO-000000024,FAC-001,2024-06-01,2024-07-23,발주
PO-000000025,FAC-001,2024-06-01,2024-07-23,발주
PO-000000026,FAC-001,2024-06-01,2024-07-23,발주
PO-000000027,FAC-001,2024-06-01,2024-07-23,발주
PO-000000028,FAC-001,2024-06-01,2024-07-23,발주
PO-000000029,FAC-001,2024-06-01,2024-07-23,발주
PO-000000030,FAC-001,2024-06-01,2024-07-23,발주
PO-000000031,FAC-001,2024-06-02,2024-07-24,발주
PO-000000032,FAC-001,2024-06-02,2024-07-24,발주
PO-000000033,FAC-001,2024-06-03,2024-07-25,발주
PO-000000034,FAC-001,2024-06-05,2024-07-27,발주
PO-000000035,FAC-001,2024-06-05,2024-07-27,발주
PO-000000036,FAC-001,2024-06-07,2024-07-29,발주
PO-000000037,FAC-001,2024-06-14,2024-08-05,발주
PO-000000038,FAC-001,2024-06-15,2024-08-06,발주
PO-000000039,FAC-001,2024-06-19,2024-08-10,발주
PO-000000040,FAC-001,2024-06-27,2024-08-18,발주
PO-000000041,FAC-001,2024-06-30,2024-08-21,발주
PO-000000042,FAC-001,2024-06-30,2024-08-21,발주
PO-000000043,FAC-001,2024-07-01,2024-08-22,발주
PO-000000044,FAC-001,2024-07-03,2024-08-24,발주
PO-000000045,FAC-001,2024-07-03,2024-08-24,발주
PO-000000046,FAC-001,2024-07-05,2024-08-26,발주
PO-000000047,FAC-001,2024-07-05,2024-08-26,발주
PO-000000048,FAC-001,2024-07-05,2024-08-26,발주
PO-000000049,FAC-001,2024-07-07,2024-08-28,발주
PO-000000050,FAC-001,2024-07-07,2024-08-28,발주
PO-000000051,FAC-001,2024-07-08,2024-08-29,발주
PO-000000052,FAC-001,2024-07-08,2024-08-29,발주
PO-000000053,FAC-001,2024-07-10,2024-08-31,발주
PO-000000054,FAC-001,2024-07-12,2024-09-02,발주
PO-000000055,FAC-001,2024-07-13,2024-09-03,발주
PO-000000056,FAC-001,2024-07-14,2024-09-04,발주
PO-000000057,FAC-001,2024-07-14,2024-09-04,발주
PO-000000058,FAC-001,2024-07-14,2024-09-04,발주
PO-000000059,FAC-001,2024-07-14,2024-09-04,발주
PO-000000060,FAC-001,2024-07-14,2024-09-04,발주
PO-000000061,FAC-001,2024-07-14,2024-09-04,발주
PO-000000062,FAC-001,2024-07-15,2024-09-05,발주
PO-000000063,FAC-001,2024-07-16,2024-09-06,발주
PO-000000064,FAC-001,2024-07-17,2024-09-07,발주
PO-000000065,FAC-001,2024-07-18,2024-09-08,발주
PO-000000066,FAC-001,2024-07-19,2024-09-09,발주
PO-000000067,FAC-001,2024-07-19,2024-09-09,발주
PO-000000068,FAC-001,2024-07-19,2024-09-09,발주
PO-000000069,FAC-001,2024-07-20,2024-09-10,발주
PO-000000070,FAC-001,2024-07-20,2024-09-10,발주
PO-000000071,FAC-001,2024-07-21,2024-09-11,발주
PO-000000072,FAC-001,2024-07-21,2024-09-11,발주
PO-000000073,FAC-001,2024-07-21,2024-09-11,발주
PO-000000074,FAC-001,2024-07-22,2024-09-12,발주
PO-000000075,FAC-001,2024-07-22,2024-09-12,발주
PO-000000076,FAC-001,2024-07-22,2024-09-12,발주
PO-000000077,FAC-001,2024-07-23,2024-09-13,발주
PO-000000078,FAC-001,2024-07-23,2024-09-13,발주
PO-000000079,FAC-001,2024-07-25,2024-09-15,발주
PO-000000080,FAC-001,2024-07-25,2024-09-15,발주
PO-000000081,FAC-001,2024-07-25,2024-09-15,발주
PO-000000082,FAC-001,2024-07-25,2024-09-15,발주
PO-000000083,FAC-001,2024-07-25,2024-09-15,발주
PO-000000084,FAC-001,2024-07-25,2024-09-15,발주
PO-000000085,FAC-001,2024-07-25,2024-09-15,발주
PO-000000086,FAC-001,2024-07-26,2024-09-16,발주
PO-000000087,FAC-001,2024-07-27,2024-09-17,발주
PO-000000088,FAC-001,2024-07-27,2024-09-17,발주
PO-000000089,FAC-001,2024-07-27,2024-09-17,발주
PO-000000090,FAC-001,2024-07-27,2024-09-17,발주
PO-000000091,FAC-001,2024-07-28,2024-09-18,발주
PO-000000092,FAC-001,2024-07-28,2024-09-18,발주
PO-000000093,FAC-001,2024-07-28,2024-09-18,발주
PO-000000094,FAC-001,2024-07-28,2024-09-18,발주
PO-000000095,FAC-001,2024-07-28,2024-09-18,발주
PO-000000096,FAC-001,2024-07-28,2024-09-18,발주
PO-000000097,FAC-001,2024-07-28,2024-09-18,발주
PO-000000098,FAC-001,2024-07-28,2024-09-18,발주
PO-000000099,FAC-001,2024-07-29,2024-09-19,발주
PO-000000100,FAC-001,2024-07-29,2024-09-19,발주
PO-000000101,FAC-001,2024-07-29,2024-09-19,발주
PO-000000102,FAC-001,2024-07-29,2024-09-19,발주
PO-000000103,FAC-001,2024-07-29,2024-09-19,발주
PO-000000104,FAC-001,2024-07-30,2024-09-20,발주
PO-000000105,FAC-001,2024-07-30,2024-09-20,발주
PO-000000106,FAC-001,2024-07-30,2024-09-20,발주
PO-000000107,FAC-001,2024-07-30,2024-09-20,발주
PO-000000108,FAC-001,2024-07-30,2024-09-20,발주
PO-000000109,FAC-001,2024-07-30,2024-09-20,발주
PO-000000110,FAC-001,2024-07-30,2024-09-20,발주
PO-000000111,FAC-001,2024-07-30,2024-09-20,발주
PO-000000112,FAC-001,2024-07-30,2024-09-20,발주
PO-000000113,FAC-001,2024-07-30,2024-09-20,발주
PO-000000114,FAC-001,2024-07-30,2024-09-20,발주
PO-000000115,FAC-001,2024-07-30,2024-09-20,발주
PO-000000116,FAC-001,2024-07-30,2024-09-20,발주
PO-000000117,FAC-001,2024-07-31,2024-09-21,발주
PO-000000118,FAC-001,2024-07-31,2024-09-21,발주
PO-000000119,FAC-001,2024-07-31,2024-09-21,발주
PO-000000120,FAC-001,2024-07-31,2024-09-21,발주
PO-000000121,FAC-001,2024-07-31,2024-09-21,발주
PO-000000122,FAC-001,2024-07-31,2024-09-21,발주
PO-000000123,FAC-001,2024-07-31,2024-09-21,발주
PO-000000124,FAC-001,2024-07-31,2024-09-21,발주
PO-000000125,FAC-001,2024-07-31,2024-09-21,발주
PO-000000126,FAC-001,2024-08-01,2024-09-22,발주
PO-000000127,FAC-001,2024-08-01,2024-09-22,발주
PO-000000128,FAC-001,2024-08-01,2024-09-22,발주
PO-000000129,FAC-001,2024-08-01,2024-09-22,발주
PO-000000130,FAC-001,2024-08-01,2024-09-22,발주
PO-000000131,FAC-001,2024-08-01,2024-09-22,발주
PO-000000132,FAC-001,2024-08-01,2024-09-22,발주
PO-000000133,FAC-001,2024-08-01,2024-09-22,발주
PO-000000134,FAC-001,2024-08-01,2024-09-22,발주
PO-000000135,FAC-001,2024-08-02,2024-09-23,발주
PO-000000136,FAC-001,2024-08-02,2024-09-23,발주
PO-000000137,FAC-001,2024-08-02,2024-09-23,발주
PO-000000138,FAC-001,2024-08-02,2024-09-23,발주
PO-000000139,FAC-001,2024-08-02,2024-09-23,발주
PO-000000140,FAC-001,2024-08-02,2024-09-23,발주
PO-000000141,FAC-001,2024-08-03,2024-09-24,발주
PO-000000142,FAC-001,2024-08-03,2024-09-24,발주
PO-000000143,FAC-001,2024-08-03,2024-09-24,발주
PO-000000144,FAC-001,2024-08-03,2024-09-24,발주
PO-000000145,FAC-001,2024-08-03,2024-09-24,발주
PO-000000146,FAC-001,2024-08-03,2024-09-24,발주
PO-000000147,FAC-001,2024-08-03,2024-09-24,발주
PO-000000148,FAC-001,2024-08-03,2024-09-24,발주
PO-000000149,FAC-001,2024-08-03,2024-09-24,발주
PO-000000150,FAC-001,2024-08-03,2024-09-24,발주
PO-000000151,FAC-001,2024-08-03,2024-09-24,발주
PO-000000152,FAC-001,2024-08-04,2024-09-25,발주
PO-000000153,FAC-001,2024-08-04,2024-09-25,발주
PO-000000154,FAC-001,2024-08-04,2024-09-25,발주
PO-000000155,FAC-001,2024-08-04,2024-09-25,발주
PO-000000156,FAC-001,2024-08-04,2024-09-25,발주
PO-000000157,FAC-001,2024-08-05,2024-09-26,발주
PO-000000158,FAC-001,2024-08-05,2024-09-26,발주
PO-000000159,FAC-001,2024-08-07,2024-09-28,발주
PO-000000160,FAC-001,2024-08-07,2024-09-28,발주
PO-000000161,FAC-001,2024-08-08,2024-09-29,발주
PO-000000162,FAC-001,2024-08-08,2024-09-29,발주
PO-000000163,FAC-001,2024-08-08,2024-09-29,발주
PO-000000164,FAC-001,2024-08-09,2024-09-30,발주
PO-000000165,FAC-001,2024-08-17,2024-10-08,발주
PO-000000166,FAC-001,2024-08-24,2024-10-15,발주
PO-000000167,FAC-001,2024-08-26,2024-10-17,발주
PO-000000168,FAC-001,2024-08-30,2024-10-21,발주
PO-000000169,FAC-001,2024-08-31,2024-10-22,발주
PO-000000170,FAC-001,2024-09-01,2024-10-23,발주
PO-000000171,FAC-001,2024-09-01,2024-10-23,발주
PO-000000172,FAC-001,2024-09-01,2024-10-23,발주
PO-000000173,FAC-001,2024-09-01,2024-10-23,발주
PO-000000174,FAC-001,2024-09-01,2024-10-23,발주
PO-000000175,FAC-001,2024-09-01,2024-10-23,발주
PO-000000176,FAC-001,2024-09-01,2024-10-23,발주
PO-000000177,FAC-001,2024-09-02,2024-10-24,발주
PO-000000178,FAC-001,2024-09-02,2024-10-24,발주
PO-000000179,FAC-001,2024-09-02,2024-10-24,발주
PO-000000180,FAC-001,2024-09-02,2024-10-24,발주
PO-000000181,FAC-001,2024-09-02,2024-10-24,발주
PO-000000182,FAC-001,2024-09-02,2024-10-24,발주
PO-000000183,FAC-001,2024-09-03,2024-10-25,발주
PO-000000184,FAC-001,2024-09-03,2024-10-25,발주
PO-000000185,FAC-001,2024-09-04,2024-10-26,발주
PO-000000186,FAC-001,2024-09-04,2024-10-26,발주
PO-000000187,FAC-001,2024-09-06,2024-10-28,발주
PO-000000188,FAC-001,2024-09-06,2024-10-28,발주
PO-000000189,FAC-001,2024-09-07,2024-10-29,발주
PO-000000190,FAC-001,2024-09-07,2024-10-29,발주
PO-000000191,FAC-001,2024-09-07,2024-10-29,발주
PO-000000192,FAC-001,2024-09-07,2024-10-29,발주
PO-000000193,FAC-001,2024-09-07,2024-10-29,발주
PO-000000194,FAC-001,2024-09-08,2024-10-30,발주
PO-000000195,FAC-001,2024-09-08,2024-10-30,발주
PO-000000196,FAC-001,2024-09-09,2024-10-31,발주
PO-000000197,FAC-001,2024-09-10,2024-11-01,발주
PO-000000198,FAC-001,2024-09-10,2024-11-01,발주
PO-000000199,FAC-001,2024-09-10,2024-11-01,발주
PO-000000200,FAC-001,2024-09-10,2024-11-01,발주
PO-000000201,FAC-001,2024-09-10,2024-11-01,발주
PO-000000202,FAC-001,2024-09-11,2024-11-02,발주
PO-000000203,FAC-001,2024-09-12,2024-11-03,발주
PO-000000204,FAC-001,2024-09-12,2024-11-03,발주
PO-000000205,FAC-001,2024-09-12,2024-11-03,발주
PO-000000206,FAC-001,2024-09-13,2024-11-04,발주
PO-000000207,FAC-001,2024-09-13,2024-11-04,발주
PO-000000208,FAC-001,2024-09-13,2024-11-04,발주
PO-000000209,FAC-001,2024-09-13,2024-11-04,발주
PO-000000210,FAC-001,2024-09-14,2024-11-05,발주
PO-000000211,FAC-001,2024-09-14,2024-11-05,발주
PO-000000212,FAC-001,2024-09-14,2024-11-05,발주
PO-000000213,FAC-001,2024-09-14,2024-11-05,발주
PO-000000214,FAC-001,2024-09-14,2024-11-05,발주
PO-000000215,FAC-001,2024-09-14,2024-11-05,발주
PO-000000216,FAC-001,2024-09-14,2024-11-05,발주
PO-000000217,FAC-001,2024-09-14,2024-11-05,발주
PO-000000218,FAC-001,2024-09-15,2024-11-06,발주
PO-000000219,FAC-001,2024-09-15,2024-11-06,발주
PO-000000220,FAC-001,2024-09-15,2024-11-06,발주
PO-000000221,FAC-001,2024-09-15,2024-11-06,발주
PO-000000222,FAC-001,2024-09-15,2024-11-06,발주
PO-000000223,FAC-001,2024-09-16,2024-11-07,발주
PO-000000224,FAC-001,2024-09-16,2024-11-07,발주
PO-000000225,FAC-001,2024-09-16,2024-11-07,발주
PO-000000226,FAC-001,2024-09-16,2024-11-07,발주
PO-000000227,FAC-001,2024-09-17,2024-11-08,발주
PO-000000228,FAC-001,2024-09-17,2024-11-08,발주
PO-000000229,FAC-001,2024-09-17,2024-11-08,발주
PO-000000230,FAC-001,2024-09-18,2024-11-09,발주
PO-000000231,FAC-001,2024-09-19,2024-11-10,발주
PO-000000232,FAC-001,2024-09-20,2024-11-11,발주
PO-000000233,FAC-001,2024-09-20,2024-11-11,발주
PO-000000234,FAC-001,2024-09-21,2024-11-12,발주
PO-000000235,FAC-001,2024-09-21,2024-11-12,발주
PO-000000236,FAC-001,2024-09-21,2024-11-12,발주
PO-000000237,FAC-001,2024-09-21,2024-11-12,발주
PO-000000238,FAC-001,2024-09-22,2024-11-13,발주
PO-000000239,FAC-001,2024-09-22,2024-11-13,발주
PO-000000240,FAC-001,2024-09-23,2024-11-14,발주
PO-000000241,FAC-001,2024-09-23,2024-11-14,발주
PO-000000242,FAC-001,2024-09-24,2024-11-15,발주
PO-000000243,FAC-001,2024-09-25,2024-11-16,발주
PO-000000244,FAC-001,2024-09-25,2024-11-16,발주
PO-000000245,FAC-001,2024-09-26,2024-11-17,발주
PO-000000246,FAC-001,2024-09-26,2024-11-17,발주
PO-000000247,FAC-001,2024-09-26,2024-11-17,발주
PO-000000248,FAC-001,2024-09-26,2024-11-17,발주
PO-000000249,FAC-001,2024-09-26,2024-11-17,발주
PO-000000250,FAC-001,2024-09-26,2024-11-17,발주
PO-000000251,FAC-001,2024-09-26,2024-11-17,발주
PO-000000252,FAC-001,2024-09-26,2024-11-17,발주
PO-000000253,FAC-001,2024-09-26,2024-11-17,발주
PO-000000254,FAC-001,2024-09-27,2024-11-18,발주
PO-000000255,FAC-001,2024-09-27,2024-11-18,발주
PO-000000256,FAC-001,2024-09-27,2024-11-18,발주
PO-000000257,FAC-001,2024-09-28,2024-11-19,발주
PO-000000258,FAC-001,2024-09-28,2024-11-19,발주
PO-000000259,FAC-001,2024-09-28,2024-11-19,발주
PO-000000260,FAC-001,2024-09-28,2024-11-19,발주
PO-000000261,FAC-001,2024-09-28,2024-11-19,발주
PO-000000262,FAC-001,2024-09-28,2024-11-19,발주
PO-000000263,FAC-001,2024-09-28,2024-11-19,발주
PO-000000264,FAC-001,2024-09-28,2024-11-19,발주
PO-000000265,FAC-001,2024-09-28,2024-11-19,발주
PO-000000266,FAC-001,2024-09-28,2024-11-19,발주
PO-000000267,FAC-001,2024-09-28,2024-11-19,발주
PO-000000268,FAC-001,2024-09-28,2024-11-19,발주
PO-000000269,FAC-001,2024-09-28,2024-11-19,발주
PO-000000270,FAC-001,2024-09-29,2024-11-20,발주
PO-000000271,FAC-001,2024-09-29,2024-11-20,발주
PO-000000272,FAC-001,2024-09-29,2024-11-20,발주
PO-000000273,FAC-001,2024-09-29,2024-11-20,발주
PO-000000274,FAC-001,2024-09-29,2024-11-20,발주
PO-000000275,FAC-001,2024-09-29,2024-11-20,발주
PO-000000276,FAC-001,2024-09-29,2024-11-20,발주
PO-000000277,FAC-001,2024-09-29,2024-11-20,발주
PO-000000278,FAC-001,2024-09-30,2024-11-21,발주
PO-000000279,FAC-001,2024-09-30,2024-11-21,발주
PO-000000280,FAC-001,2024-09-30,2024-11-21,발주
PO-000000281,FAC-001,2024-09-30,2024-11-21,발주
PO-000000282,FAC-001,2024-09-30,2024-11-21,발주
PO-000000283,FAC-001,2024-09-30,2024-11-21,발주
PO-000000284,FAC-001,2024-09-30,2024-11-21,발주
PO-000000285,FAC-001,2024-09-30,2024-11-21,발주
PO-000000286,FAC-001,2024-09-30,2024-11-21,발주
PO-000000287,FAC-001,2024-09-30,2024-11-21,발주
PO-000000288,FAC-001,2024-10-01,2024-11-22,발주
PO-000000289,FAC-001,2024-10-01,2024-11-22,발주
PO-000000290,FAC-001,2024-10-01,2024-11-22,발주
PO-000000291,FAC-001,2024-10-01,2024-11-22,발주
PO-000000292,FAC-001,2024-10-01,2024-11-22,발주
PO-000000293,FAC-001,2024-10-01,2024-11-22,발주
PO-000000294,FAC-001,2024-10-02,2024-11-23,발주
PO-000000295,FAC-001,2024-10-02,2024-11-23,발주
PO-000000296,FAC-001,2024-10-02,2024-11-23,발주
PO-000000297,FAC-001,2024-10-02,2024-11-23,발주
PO-000000298,FAC-001,2024-10-02,2024-11-23,발주
PO-000000299,FAC-001,2024-10-03,2024-11-24,발주
PO-000000300,FAC-001,2024-10-03,2024-11-24,발주
PO-000000301,FAC-001,2024-10-03,2024-11-24,발주
PO-000000302,FAC-001,2024-10-03,2024-11-24,발주
PO-000000303,FAC-001,2024-10-03,2024-11-24,발주
PO-000000304,FAC-001,2024-10-04,2024-11-25,발주
PO-000000305,FAC-001,2024-10-04,2024-11-25,발주
PO-000000306,FAC-001,2024-10-04,2024-11-25,발주
PO-000000307,FAC-001,2024-10-04,2024-11-25,발주
PO-000000308,FAC-001,2024-10-04,2024-11-25,발주
PO-000000309,FAC-001,2024-10-04,2024-11-25,발주
PO-000000310,FAC-001,2024-10-05,2024-11-26,발주
PO-000000311,FAC-001,2024-10-05,2024-11-26,발주
PO-000000312,FAC-001,2024-10-05,2024-11-26,발주
PO-000000313,FAC-001,2024-10-05,2024-11-26,발주
PO-000000314,FAC-001,2024-10-05,2024-11-26,발주
PO-000000315,FAC-001,2024-10-05,2024-11-26,발주
PO-000000316,FAC-001,2024-10-05,2024-11-26,발주
PO-000000317,FAC-001,2024-10-05,2024-11-26,발주
PO-000000318,FAC-001,2024-10-06,2024-11-27,발주
PO-000000319,FAC-001,2024-10-06,2024-11-27,발주
PO-000000320,FAC-001,2024-10-06,2024-11-27,발주
PO-000000321,FAC-001,2024-10-06,2024-11-27,발주
PO-000000322,FAC-001,2024-10-06,2024-11-27,발주
PO-000000323,FAC-001,2024-10-07,2024-11-28,발주
PO-000000324,FAC-001,2024-10-07,2024-11-28,발주
PO-000000325,FAC-001,2024-10-07,2024-11-28,발주
PO-000000326,FAC-001,2024-10-07,2024-11-28,발주
PO-000000327,FAC-001,2024-10-07,2024-11-28,발주
PO-000000328,FAC-001,2024-10-07,2024-11-28,발주
PO-000000329,FAC-001,2024-10-07,2024-11-28,발주
PO-000000330,FAC-001,2024-10-07,2024-11-28,발주
PO-000000331,FAC-001,2024-10-07,2024-11-28,발주
PO-000000332,FAC-001,2024-10-08,2024-11-29,발주
PO-000000333,FAC-001,2024-10-09,2024-11-30,발주
PO-000000334,FAC-001,2024-10-09,2024-11-30,발주
PO-000000335,FAC-001,2024-10-09,2024-11-30,발주
PO-000000336,FAC-001,2024-10-10,2024-12-01,발주
PO-000000337,FAC-001,2024-10-10,2024-12-01,발주
PO-000000338,FAC-001,2024-10-11,2024-12-02,발주
PO-000000339,FAC-001,2024-10-11,2024-12-02,발주
PO-000000340,FAC-001,2024-10-12,2024-12-03,발주
PO-000000341,FAC-001,2024-10-12,2024-12-03,발주
PO-000000342,FAC-001,2024-10-12,2024-12-03,발주
PO-000000343,FAC-001,2024-10-13,2024-12-04,발주
PO-000000344,FAC-001,2024-10-13,2024-12-04,발주
PO-000000345,FAC-001,2024-10-13,2024-12-04,발주
PO-000000346,FAC-001,2024-10-14,2024-12-05,발주
PO-000000347,FAC-001,2024-10-15,2024-12-06,발주
PO-000000348,FAC-001,2024-10-15,2024-12-06,발주
PO-000000349,FAC-001,2024-10-16,2024-12-07,발주
PO-000000350,FAC-001,2024-10-16,2024-12-07,발주
PO-000000351,FAC-001,2024-10-19,2024-12-10,발주
PO-000000352,FAC-001,2024-10-19,2024-12-10,발주
PO-000000353,FAC-001,2024-10-19,2024-12-10,발주
PO-000000354,FAC-001,2024-10-20,2024-12-11,발주
PO-000000355,FAC-001,2024-10-23,2024-12-14,발주
PO-000000356,FAC-001,2024-10-23,2024-12-14,발주
PO-000000357,FAC-001,2024-10-24,2024-12-15,발주
PO-000000358,FAC-001,2024-10-25,2024-12-16,발주
PO-000000359,FAC-001,2024-10-25,2024-12-16,발주
PO-000000360,FAC-001,2024-10-26,2024-12-17,발주
PO-000000361,FAC-001,2024-10-26,2024-12-17,발주
PO-000000362,FAC-001,2024-10-27,2024-12-18,발주
PO-000000363,FAC-001,2024-10-28,2024-12-19,발주
PO-000000364,FAC-001,2024-10-29,2024-12-20,발주
PO-000000365,FAC-001,2024-10-30,2024-12-21,발주
PO-000000366,FAC-001,2024-10-31,2024-12-22,발주
PO-000000367,FAC-001,2024-11-02,2024-12-24,발주
PO-000000368,FAC-001,2024-11-02,2024-12-24,발주
PO-000000369,FAC-001,2024-11-03,2024-12-25,발주
PO-000000370,FAC-001,2024-11-04,2024-12-26,발주
PO-000000371,FAC-001,2024-11-04,2024-12-26,발주
PO-000000372,FAC-001,2024-11-04,2024-12-26,발주
PO-000000373,FAC-001,2024-11-05,2024-12-27,발주
PO-000000374,FAC-001,2024-11-06,2024-12-28,발주
PO-000000375,FAC-001,2024-11-06,2024-12-28,발주
PO-000000376,FAC-001,2024-11-06,2024-12-28,발주
PO-000000377,FAC-001,2024-11-06,2024-12-28,발주
PO-000000378,FAC-001,2024-11-08,2024-12-30,발주
PO-000000379,FAC-001,2024-11-08,2024-12-30,발주
PO-000000380,FAC-001,2024-11-09,2024-12-31,발주
PO-000000381,FAC-001,2024-11-09,2024-12-31,발주
PO-000000382,FAC-001,2024-11-09,2024-12-31,발주
PO-000000383,FAC-001,2024-11-10,2025-01-01,발주
PO-000000384,FAC-001,2024-11-10,2025-01-01,발주
PO-000000385,FAC-001,2024-11-10,2025-01-01,발주
PO-000000386,FAC-001,2024-11-11,2025-01-02,발주
PO-000000387,FAC-001,2024-11-11,2025-01-02,발주
PO-000000388,FAC-001,2024-11-11,2025-01-02,발주
PO-000000389,FAC-001,2024-11-12,2025-01-03,발주
PO-000000390,FAC-001,2024-11-12,2025-01-03,발주
PO-000000391,FAC-001,2024-11-12,2025-01-03,발주
PO-000000392,FAC-001,2024-11-13,2025-01-04,발주
PO-000000393,FAC-001,2024-11-13,2025-01-04,발주
PO-000000394,FAC-001,2024-11-14,2025-01-05,발주
PO-000000395,FAC-001,2024-11-15,2025-01-06,발주
PO-000000396,FAC-001,2024-11-16,2025-01-07,발주
PO-000000397,FAC-001,2024-11-17,2025-01-08,발주
PO-000000398,FAC-001,2024-11-17,2025-01-08,발주
PO-000000399,FAC-001,2024-11-17,2025-01-08,발주
PO-000000400,FAC-001,2024-11-18,2025-01-09,발주
PO-000000401,FAC-001,2024-11-18,2025-01-09,발주
PO-000000402,FAC-001,2024-11-18,2025-01-09,발주
PO-000000403,FAC-001,2024-11-20,2025-01-11,발주
PO-000000404,FAC-001,2024-11-20,2025-01-11,발주
PO-000000405,FAC-001,2024-11-20,2025-01-11,발주
PO-000000406,FAC-001,2024-11-21,2025-01-12,발주
PO-000000407,FAC-001,2024-11-21,2025-01-12,발주
PO-000000408,FAC-001,2024-11-21,2025-01-12,발주
PO-000000409,FAC-001,2024-11-21,2025-01-12,발주
PO-000000410,FAC-001,2024-11-21,2025-01-12,발주
PO-000000411,FAC-001,2024-11-22,2025-01-13,발주
PO-000000412,FAC-001,2024-11-22,2025-01-13,발주
PO-000000413,FAC-001,2024-11-22,2025-01-13,발주
PO-000000414,FAC-001,2024-11-22,2025-01-13,발주
PO-000000415,FAC-001,2024-11-22,2025-01-13,발주
PO-000000416,FAC-001,2024-11-22,2025-01-13,발주
PO-000000417,FAC-001,2024-11-22,2025-01-13,발주
PO-000000418,FAC-001,2024-11-22,2025-01-13,발주
PO-000000419,FAC-001,2024-11-23,2025-01-14,발주
PO-000000420,FAC-001,2024-11-23,2025-01-14,발주
PO-000000421,FAC-001,2024-11-23,2025-01-14,발주
PO-000000422,FAC-001,2024-11-23,2025-01-14,발주
PO-000000423,FAC-001,2024-11-23,2025-01-14,발주
PO-000000424,FAC-001,2024-11-23,2025-01-14,발주
PO-000000425,FAC-001,2024-11-23,2025-01-14,발주
PO-000000426,FAC-001,2024-11-23,2025-01-14,발주
PO-000000427,FAC-001,2024-11-23,2025-01-14,발주
PO-000000428,FAC-001,2024-11-23,2025-01-14,발주
PO-000000429,FAC-001,2024-11-23,2025-01-14,발주
PO-000000430,FAC-001,2024-11-23,2025-01-14,발주
PO-000000431,FAC-001,2024-11-23,2025-01-14,발주
PO-000000432,FAC-001,2024-11-23,2025-01-14,발주
PO-000000433,FAC-001,2024-11-24,2025-01-15,발주
PO-000000434,FAC-001,2024-11-24,2025-01-15,발주
PO-000000435,FAC-001,2024-11-24,2025-01-15,발주
PO-000000436,FAC-001,2024-11-24,2025-01-15,발주
PO-000000437,FAC-001,2024-11-24,2025-01-15,발주
PO-000000438,FAC-001,2024-11-24,2025-01-15,발주
PO-000000439,FAC-001,2024-11-24,2025-01-15,발주
PO-000000440,FAC-001,2024-11-24,2025-01-15,발주
PO-000000441,FAC-001,2024-11-24,2025-01-15,발주
PO-000000442,FAC-001,2024-11-24,2025-01-15,발주
PO-000000443,FAC-001,2024-11-24,2025-01-15,발주
PO-000000444,FAC-001,2024-11-24,2025-01-15,발주
PO-000000445,FAC-001,2024-11-24,2025-01-15,발주
PO-000000446,FAC-001,2024-11-24,2025-01-15,발주
PO-000000447,FAC-001,2024-11-25,2025-01-16,발주
PO-000000448,FAC-001,2024-11-25,2025-01-16,발주
PO-000000449,FAC-001,2024-11-25,2025-01-16,발주
PO-000000450,FAC-001,2024-11-25,2025-01-16,발주
PO-000000451,FAC-001,2024-11-25,2025-01-16,발주
PO-000000452,FAC-001,2024-11-25,2025-01-16,발주
PO-000000453,FAC-001,2024-11-25,2025-01-16,발주
PO-000000454,FAC-001,2024-11-25,2025-01-16,발주
PO-000000455,FAC-001,2024-11-25,2025-01-16,발주
PO-000000456,FAC-001,2024-11-25,2025-01-16,발주
PO-000000457,FAC-001,2024-11-25,2025-01-16,발주
PO-000000458,FAC-001,2024-11-26,2025-01-17,발주
PO-000000459,FAC-001,2024-11-26,2025-01-17,발주
PO-000000460,FAC-001,2024-11-26,2025-01-17,발주
PO-000000461,FAC-001,2024-11-26,2025-01-17,발주
PO-000000462,FAC-001,2024-11-26,2025-01-17,발주
PO-000000463,FAC-001,2024-11-26,2025-01-17,발주
PO-000000464,FAC-001,2024-11-26,2025-01-17,발주
PO-000000465,FAC-001,2024-11-26,2025-01-17,발주
PO-000000466,FAC-001,2024-11-27,2025-01-18,발주
PO-000000467,FAC-001,2024-11-27,2025-01-18,발주
PO-000000468,FAC-001,2024-11-28,2025-01-19,발주
PO-000000469,FAC-001,2024-11-28,2025-01-19,발주
PO-000000470,FAC-001,2024-11-28,2025-01-19,발주
PO-000000471,FAC-001,2024-11-28,2025-01-19,발주
PO-000000472,FAC-001,2024-11-29,2025-01-20,발주
PO-000000473,FAC-001,2024-11-29,2025-01-20,발주
PO-000000474,FAC-001,2024-11-29,2025-01-20,발주
PO-000000475,FAC-001,2024-11-30,2025-01-21,발주
PO-000000476,FAC-001,2024-11-30,2025-01-21,발주
PO-000000477,FAC-001,2024-11-30,2025-01-21,발주
PO-000000478,FAC-001,2024-11-30,2025-01-21,발주
PO-000000479,FAC-001,2024-11-30,2025-01-21,발주
PO-000000480,FAC-001,2024-11-30,2025-01-21,발주
PO-000000481,FAC-001,2024-11-30,2025-01-21,발주
PO-000000482,FAC-001,2024-11-30,2025-01-21,발주
PO-000000483,FAC-001,2024-11-30,2025-01-21,발주
PO-000000484,FAC-001,2024-11-30,2025-01-21,발주
PO-000000485,FAC-001,2024-12-01,2025-01-22,발주
PO-000000486,FAC-001,2024-12-01,2025-01-22,발주
PO-000000487,FAC-001,2024-12-01,2025-01-22,발주
PO-000000488,FAC-001,2024-12-01,2025-01-22,발주
PO-000000489,FAC-001,2024-12-01,2025-01-22,발주
PO-000000490,FAC-001,2024-12-01,2025-01-22,발주
PO-000000491,FAC-001,2024-12-01,2025-01-22,발주
PO-000000492,FAC-001,2024-12-01,2025-01-22,발주
PO-000000493,FAC-001,2024-12-01,2025-01-22,발주
PO-000000494,FAC-001,2024-12-01,2025-01-22,발주
PO-000000495,FAC-001,2024-12-01,2025-01-22,발주
PO-000000496,FAC-001,2024-12-01,2025-01-22,발주
PO-000000497,FAC-001,2024-12-01,2025-01-22,발주
PO-000000498,FAC-001,2024-12-01,2025-01-22,발주
PO-000000499,FAC-001,2024-12-01,2025-01-22,발주
PO-000000500,FAC-001,2024-12-01,2025-01-22,발주
PO-000000501,FAC-001,2024-12-01,2025-01-22,발주
PO-000000502,FAC-001,2024-12-01,2025-01-22,발주
PO-000000503,FAC-001,2024-12-01,2025-01-22,발주
PO-000000504,FAC-001,2024-12-01,2025-01-22,발주
PO-000000505,FAC-001,2024-12-01,2025-01-22,발주
PO-000000506,FAC-001,2024-12-01,2025-01-22,발주
PO-000000507,FAC-001,2024-12-01,2025-01-22,발주
PO-000000508,FAC-001,2024-12-01,2025-01-22,발주
PO-000000509,FAC-001,2024-12-01,2025-01-22,발주
PO-000000510,FAC-001,2024-12-01,2025-01-22,발주
PO-000000511,FAC-001,2024-12-01,2025-01-22,발주
PO-000000512,FAC-001,2024-12-01,2025-01-22,발주
PO-000000513,FAC-001,2024-12-01,2025-01-22,발주
PO-000000514,FAC-001,2024-12-01,2025-01-22,발주
PO-000000515,FAC-001,2024-12-01,2025-01-22,발주
PO-000000516,FAC-001,2024-12-01,2025-01-22,발주
PO-000000517,FAC-001,2024-12-01,2025-01-22,발주
PO-000000518,FAC-001,2024-12-01,2025-01-22,발주
PO-000000519,FAC-001,2024-12-01,2025-01-22,발주
PO-000000520,FAC-001,2024-12-01,2025-01-22,발주
PO-000000521,FAC-001,2024-12-01,2025-01-22,발주
PO-000000522,FAC-001,2024-12-01,2025-01-22,발주
PO-000000523,FAC-001,2024-12-01,2025-01-22,발주
PO-000000524,FAC-001,2024-12-01,2025-01-22,발주
PO-000000525,FAC-001,2024-12-01,2025-01-22,발주
PO-000000526,FAC-001,2024-12-01,2025-01-22,발주
PO-000000527,FAC-001,2024-12-01,2025-01-22,발주
PO-000000528,FAC-001,2024-12-01,2025-01-22,발주
PO-000000529,FAC-001,2024-12-01,2025-01-22,발주
PO-000000530,FAC-001,2024-12-01,2025-01-22,발주
PO-000000531,FAC-001,2024-12-01,2025-01-22,발주
PO-000000532,FAC-001,2024-12-01,2025-01-22,발주
PO-000000533,FAC-001,2024-12-01,2025-01-22,발주
PO-000000534,FAC-001,2024-12-01,2025-01-22,발주
PO-000000535,FAC-001,2024-12-01,2025-01-22,발주
PO-000000536,FAC-001,2024-12-01,2025-01-22,발주
PO-000000537,FAC-001,2024-12-01,2025-01-22,발주
PO-000000538,FAC-001,2024-12-01,2025-01-22,발주
PO-000000539,FAC-001,2024-12-01,2025-01-22,발주
PO-000000540,FAC-001,2024-12-01,2025-01-22,발주
PO-000000541,FAC-001,2024-12-01,2025-01-22,발주
PO-000000542,FAC-001,2024-12-01,2025-01-22,발주
PO-000000543,FAC-001,2024-12-01,2025-01-22,발주
PO-000000544,FAC-001,2024-12-01,2025-01-22,발주
PO-000000545,FAC-001,2024-12-01,2025-01-22,발주
PO-000000546,FAC-001,2024-12-01,2025-01-22,발주
PO-000000547,FAC-001,2024-12-01,2025-01-22,발주
PO-000000548,FAC-001,2024-12-01,2025-01-22,발주
PO-000000549,FAC-001,2024-12-01,2025-01-22,발주
PO-000000550,FAC-001,2024-12-01,2025-01-22,발주
PO-000000551,FAC-001,2024-12-01,2025-01-22,발주
PO-000000552,FAC-001,2024-12-01,2025-01-22,발주
PO-000000553,FAC-001,2024-12-01,2025-01-22,발주
PO-000000554,FAC-001,2024-12-01,2025-01-22,발주
PO-000000555,FAC-001,2024-12-02,2025-01-23,발주
PO-000000556,FAC-001,2024-12-02,2025-01-23,발주
PO-000000557,FAC-001,2024-12-02,2025-01-23,발주
PO-000000558,FAC-001,2024-12-02,2025-01-23,발주
PO-000000559,FAC-001,2024-12-02,2025-01-23,발주
PO-000000560,FAC-001,2024-12-02,2025-01-23,발주
PO-000000561,FAC-001,2024-12-02,2025-01-23,발주
PO-000000562,FAC-001,2024-12-02,2025-01-23,발주
PO-000000563,FAC-001,2024-12-02,2025-01-23,발주
PO-000000564,FAC-001,2024-12-02,2025-01-23,발주
PO-000000565,FAC-001,2024-12-02,2025-01-23,발주
PO-000000566,FAC-001,2024-12-02,2025-01-23,발주
PO-000000567,FAC-001,2024-12-02,2025-01-23,발주
PO-000000568,FAC-001,2024-12-03,2025-01-24,발주
PO-000000569,FAC-001,2024-12-03,2025-01-24,발주
PO-000000570,FAC-001,2024-12-03,2025-01-24,발주
PO-000000571,FAC-001,2024-12-03,2025-01-24,발주
PO-000000572,FAC-001,2024-12-03,2025-01-24,발주
PO-000000573,FAC-001,2024-12-03,2025-01-24,발주
PO-000000574,FAC-001,2024-12-03,2025-01-24,발주
PO-000000575,FAC-001,2024-12-03,2025-01-24,발주
PO-000000576,FAC-001,2024-12-03,2025-01-24,발주
PO-000000577,FAC-001,2024-12-03,2025-01-24,발주
PO-000000578,FAC-001,2024-12-03,2025-01-24,발주
PO-000000579,FAC-001,2024-12-04,2025-01-25,발주
PO-000000580,FAC-001,2024-12-04,2025-01-25,발주
PO-000000581,FAC-001,2024-12-04,2025-01-25,발주
PO-000000582,FAC-001,2024-12-04,2025-01-25,발주
PO-000000583,FAC-001,2024-12-04,2025-01-25,발주
PO-000000584,FAC-001,2024-12-04,2025-01-25,발주
PO-000000585,FAC-001,2024-12-04,2025-01-25,발주
PO-000000586,FAC-001,2024-12-04,2025-01-25,발주
PO-000000587,FAC-001,2024-12-05,2025-01-26,발주
PO-000000588,FAC-001,2024-12-05,2025-01-26,발주
PO-000000589,FAC-001,2024-12-05,2025-01-26,발주
PO-000000590,FAC-001,2024-12-05,2025-01-26,발주
PO-000000591,FAC-001,2024-12-05,2025-01-26,발주
PO-000000592,FAC-001,2024-12-05,2025-01-26,발주
PO-000000593,FAC-001,2024-12-05,2025-01-26,발주
PO-000000594,FAC-001,2024-12-05,2025-01-26,발주
PO-000000595,FAC-001,2024-12-06,2025-01-27,발주
PO-000000596,FAC-001,2024-12-06,2025-01-27,발주
PO-000000597,FAC-001,2024-12-06,2025-01-27,발주
PO-000000598,FAC-001,2024-12-06,2025-01-27,발주
PO-000000599,FAC-001,2024-12-07,2025-01-28,발주
PO-000000600,FAC-001,2024-12-07,2025-01-28,발주
PO-000000601,FAC-001,2024-12-07,2025-01-28,발주
PO-000000602,FAC-001,2024-12-08,2025-01-29,발주
PO-000000603,FAC-001,2024-12-08,2025-01-29,발주
PO-000000604,FAC-001,2024-12-08,2025-01-29,발주
PO-000000605,FAC-001,2024-12-09,2025-01-30,발주
PO-000000606,FAC-001,2024-12-09,2025-01-30,발주
PO-000000607,FAC-001,2024-12-10,2025-01-31,발주
PO-000000608,FAC-001,2024-12-10,2025-01-31,발주
PO-000000609,FAC-001,2024-12-10,2025-01-31,발주
PO-000000610,FAC-001,2024-12-11,2025-02-01,발주
PO-000000611,FAC-001,2024-12-12,2025-02-02,발주
PO-000000612,FAC-001,2024-12-12,2025-02-02,발주
PO-000000613,FAC-001,2024-12-14,2025-02-04,발주
PO-000000614,FAC-001,2024-12-14,2025-02-04,발주
PO-000000615,FAC-001,2024-12-14,2025-02-04,발주
PO-000000616,FAC-001,2024-12-15,2025-02-05,발주
PO-000000617,FAC-001,2024-12-15,2025-02-05,발주
PO-000000618,FAC-001,2024-12-16,2025-02-06,발주
PO-000000619,FAC-001,2024-12-16,2025-02-06,발주
PO-000000620,FAC-001,2024-12-16,2025-02-06,발주
PO-000000621,FAC-001,2024-12-17,2025-02-07,발주
PO-000000622,FAC-001,2024-12-17,2025-02-07,발주
PO-000000623,FAC-001,2024-12-17,2025-02-07,발주
PO-000000624,FAC-001,2024-12-17,2025-02-07,발주
PO-000000625,FAC-001,2024-12-18,2025-02-08,발주
PO-000000626,FAC-001,2024-12-18,2025-02-08,발주
PO-000000627,FAC-001,2024-12-20,2025-02-10,발주
PO-000000628,FAC-001,2024-12-21,2025-02-11,발주
PO-000000629,FAC-001,2024-12-21,2025-02-11,발주
PO-000000630,FAC-001,2024-12-21,2025-02-11,발주
PO-000000631,FAC-001,2024-12-21,2025-02-11,발주
PO-000000632,FAC-001,2024-12-21,2025-02-11,발주
PO-000000633,FAC-001,2024-12-22,2025-02-12,발주
PO-000000634,FAC-001,2024-12-22,2025-02-12,발주
PO-000000635,FAC-001,2024-12-22,2025-02-12,발주
PO-000000636,FAC-001,2024-12-22,2025-02-12,발주
PO-000000637,FAC-001,2024-12-23,2025-02-13,발주
PO-000000638,FAC-001,2024-12-23,2025-02-13,발주
PO-000000639,FAC-001,2024-12-25,2025-02-15,발주
PO-000000640,FAC-001,2024-12-25,2025-02-15,발주
PO-000000641,FAC-001,2024-12-25,2025-02-15,발주
PO-000000642,FAC-001,2024-12-25,2025-02-15,발주
PO-000000643,FAC-001,2024-12-26,2025-02-16,발주
PO-000000644,FAC-001,2024-12-26,2025-02-16,발주
PO-000000645,FAC-001,2024-12-26,2025-02-16,발주
PO-000000646,FAC-001,2024-12-26,2025-02-16,발주
PO-000000647,FAC-001,2024-12-26,2025-02-16,발주
PO-000000648,FAC-001,2024-12-27,2025-02-17,발주
PO-000000649,FAC-001,2024-12-27,2025-02-17,발주
PO-000000650,FAC-001,2024-12-28,2025-02-18,발주
PO-000000651,FAC-001,2024-12-28,2025-02-18,발주
PO-000000652,FAC-001,2024-12-28,2025-02-18,발주
PO-000000653,FAC-001,2024-12-28,2025-02-18,발주
PO-000000654,FAC-001,2024-12-28,2025-02-18,발주
PO-000000655,FAC-001,2024-12-28,2025-02-18,발주
PO-000000656,FAC-001,2024-12-30,2025-02-20,발주
PO-000000657,FAC-001,2024-12-30,2025-02-20,발주
PO-000000658,FAC-001,2024-12-30,2025-02-20,발주
PO-000000659,FAC-001,2024-12-30,2025-02-20,발주
PO-000000660,FAC-001,2024-12-31,2025-02-21,발주
PO-000000661,FAC-001,2024-12-31,2025-02-21,발주
PO-000000662,FAC-001,2024-12-31,2025-02-21,발주
PO-000000663,FAC-001,2024-12-31,2025-02-21,발주
PO-000000664,FAC-001,2024-12-31,2025-02-21,발주
PO-000000665,FAC-001,2024-12-31,2025-02-21,발주
PO-000000666,FAC-001,2024-12-31,2025-02-21,발주
PO-000000667,FAC-001,2025-01-01,2025-02-22,발주
PO-000000668,FAC-001,2025-01-01,2025-02-22,발주
PO-000000669,FAC-001,2025-01-01,2025-02-22,발주
PO-000000670,FAC-001,2025-01-02,2025-02-23,발주
PO-000000671,FAC-001,2025-01-02,2025-02-23,발주
PO-000000672,FAC-001,2025-01-02,2025-02-23,발주
PO-000000673,FAC-001,2025-01-02,2025-02-23,발주
PO-000000674,FAC-001,2025-01-02,2025-02-23,발주
PO-000000675,FAC-001,2025-01-02,2025-02-23,발주
PO-000000676,FAC-001,2025-01-03,2025-02-24,발주
PO-000000677,FAC-001,2025-01-03,2025-02-24,발주
PO-000000678,FAC-001,2025-01-03,2025-02-24,발주
PO-000000679,FAC-001,2025-01-03,2025-02-24,발주
PO-000000680,FAC-001,2025-01-03,2025-02-24,발주
PO-000000681,FAC-001,2025-01-04,2025-02-25,발주
PO-000000682,FAC-001,2025-01-04,2025-02-25,발주
PO-000000683,FAC-001,2025-01-04,2025-02-25,발주
PO-000000684,FAC-001,2025-01-04,2025-02-25,발주
PO-000000685,FAC-001,2025-01-04,2025-02-25,발주
PO-000000686,FAC-001,2025-01-04,2025-02-25,발주
PO-000000687,FAC-001,2025-01-05,2025-02-26,발주
PO-000000688,FAC-001,2025-01-05,2025-02-26,발주
PO-000000689,FAC-001,2025-01-05,2025-02-26,발주
PO-000000690,FAC-001,2025-01-05,2025-02-26,발주
PO-000000691,FAC-001,2025-01-06,2025-02-27,발주
PO-000000692,FAC-001,2025-01-06,2025-02-27,발주
PO-000000693,FAC-001,2025-01-06,2025-02-27,발주
PO-000000694,FAC-001,2025-01-07,2025-02-28,발주
PO-000000695,FAC-001,2025-01-08,2025-03-01,발주
PO-000000696,FAC-001,2025-01-08,2025-03-01,발주
PO-000000697,FAC-001,2025-01-08,2025-03-01,발주
PO-000000698,FAC-001,2025-01-08,2025-03-01,발주
PO-000000699,FAC-001,2025-01-09,2025-03-02,발주
PO-000000700,FAC-001,2025-01-09,2025-03-02,발주
PO-000000701,FAC-001,2025-01-09,2025-03-02,발주
PO-000000702,FAC-001,2025-01-10,2025-03-03,발주
PO-000000703,FAC-001,2025-01-10,2025-03-03,발주
PO-000000704,FAC-001,2025-01-10,2025-03-03,발주
PO-000000705,FAC-001,2025-01-10,2025-03-03,발주
PO-000000706,FAC-001,2025-01-11,2025-03-04,발주
PO-000000707,FAC-001,2025-01-11,2025-03-04,발주
PO-000000708,FAC-001,2025-01-11,2025-03-04,발주
PO-000000709,FAC-001,2025-01-11,2025-03-04,발주
PO-000000710,FAC-001,2025-01-11,2025-03-04,발주
PO-000000711,FAC-001,2025-01-11,2025-03-04,발주
PO-000000712,FAC-001,2025-01-12,2025-03-05,발주
PO-000000713,FAC-001,2025-01-12,2025-03-05,발주
PO-000000714,FAC-001,2025-01-12,2025-03-05,발주
PO-000000715,FAC-001,2025-01-12,2025-03-05,발주
PO-000000716,FAC-001,2025-01-12,2025-03-05,발주
PO-000000717,FAC-001,2025-01-12,2025-03-05,발주
PO-000000718,FAC-001,2025-01-13,2025-03-06,발주
PO-000000719,FAC-001,2025-01-13,2025-03-06,발주
PO-000000720,FAC-001,2025-01-13,2025-03-06,발주
PO-000000721,FAC-001,2025-01-13,2025-03-06,발주
PO-000000722,FAC-001,2025-01-13,2025-03-06,발주
PO-000000723,FAC-001,2025-01-13,2025-03-06,발주
PO-000000724,FAC-001,2025-01-13,2025-03-06,발주
PO-000000725,FAC-001,2025-01-13,2025-03-06,발주
PO-000000726,FAC-001,2025-01-13,2025-03-06,발주
PO-000000727,FAC-001,2025-01-14,2025-03-07,발주
PO-000000728,FAC-001,2025-01-14,2025-03-07,발주
PO-000000729,FAC-001,2025-01-14,2025-03-07,발주
PO-000000730,FAC-001,2025-01-14,2025-03-07,발주
PO-000000731,FAC-001,2025-01-14,2025-03-07,발주
PO-000000732,FAC-001,2025-01-14,2025-03-07,발주
PO-000000733,FAC-001,2025-01-14,2025-03-07,발주
PO-000000734,FAC-001,2025-01-14,2025-03-07,발주
PO-000000735,FAC-001,2025-01-14,2025-03-07,발주
PO-000000736,FAC-001,2025-01-14,2025-03-07,발주
PO-000000737,FAC-001,2025-01-14,2025-03-07,발주
PO-000000738,FAC-001,2025-01-14,2025-03-07,발주
PO-000000739,FAC-001,2025-01-14,2025-03-07,발주
PO-000000740,FAC-001,2025-01-14,2025-03-07,발주
PO-000000741,FAC-001,2025-01-14,2025-03-07,발주
PO-000000742,FAC-001,2025-01-14,2025-03-07,발주
PO-000000743,FAC-001,2025-01-15,2025-03-08,발주
PO-000000744,FAC-001,2025-01-15,2025-03-08,발주
PO-000000745,FAC-001,2025-01-15,2025-03-08,발주
PO-000000746,FAC-001,2025-01-15,2025-03-08,발주
PO-000000747,FAC-001,2025-01-15,2025-03-08,발주
PO-000000748,FAC-001,2025-01-15,2025-03-08,발주
PO-000000749,FAC-001,2025-01-15,2025-03-08,발주
PO-000000750,FAC-001,2025-01-15,2025-03-08,발주
PO-000000751,FAC-001,2025-01-15,2025-03-08,발주
PO-000000752,FAC-001,2025-01-15,2025-03-08,발주
PO-000000753,FAC-001,2025-01-15,2025-03-08,발주
PO-000000754,FAC-001,2025-01-15,2025-03-08,발주
PO-000000755,FAC-001,2025-01-15,2025-03-08,발주
PO-000000756,FAC-001,2025-01-15,2025-03-08,발주
PO-000000757,FAC-001,2025-01-16,2025-03-09,발주
PO-000000758,FAC-001,2025-01-16,2025-03-09,발주
PO-000000759,FAC-001,2025-01-16,2025-03-09,발주
PO-000000760,FAC-001,2025-01-16,2025-03-09,발주
PO-000000761,FAC-001,2025-01-16,2025-03-09,발주
PO-000000762,FAC-001,2025-01-16,2025-03-09,발주
PO-000000763,FAC-001,2025-01-16,2025-03-09,발주
PO-000000764,FAC-001,2025-01-16,2025-03-09,발주
PO-000000765,FAC-001,2025-01-17,2025-03-10,발주
PO-000000766,FAC-001,2025-01-17,2025-03-10,발주
PO-000000767,FAC-001,2025-01-17,2025-03-10,발주
PO-000000768,FAC-001,2025-01-17,2025-03-10,발주
PO-000000769,FAC-001,2025-01-17,2025-03-10,발주
PO-000000770,FAC-001,2025-01-17,2025-03-10,발주
PO-000000771,FAC-001,2025-01-17,2025-03-10,발주
PO-000000772,FAC-001,2025-01-17,2025-03-10,발주
PO-000000773,FAC-001,2025-01-17,2025-03-10,발주
PO-000000774,FAC-001,2025-01-17,2025-03-10,발주
PO-000000775,FAC-001,2025-01-17,2025-03-10,발주
PO-000000776,FAC-001,2025-01-17,2025-03-10,발주
PO-000000777,FAC-001,2025-01-17,2025-03-10,발주
PO-000000778,FAC-001,2025-01-18,2025-03-11,발주
PO-000000779,FAC-001,2025-01-18,2025-03-11,발주
PO-000000780,FAC-001,2025-01-18,2025-03-11,발주
PO-000000781,FAC-001,2025-01-19,2025-03-12,발주
PO-000000782,FAC-001,2025-01-19,2025-03-12,발주
PO-000000783,FAC-001,2025-01-19,2025-03-12,발주
PO-000000784,FAC-001,2025-01-19,2025-03-12,발주
PO-000000785,FAC-001,2025-01-20,2025-03-13,발주
PO-000000786,FAC-001,2025-01-20,2025-03-13,발주
PO-000000787,FAC-001,2025-01-20,2025-03-13,발주
PO-000000788,FAC-001,2025-01-20,2025-03-13,발주
PO-000000789,FAC-001,2025-01-21,2025-03-14,발주
PO-000000790,FAC-001,2025-01-21,2025-03-14,발주
PO-000000791,FAC-001,2025-01-21,2025-03-14,발주
PO-000000792,FAC-001,2025-01-21,2025-03-14,발주
PO-000000793,FAC-001,2025-01-21,2025-03-14,발주
PO-000000794,FAC-001,2025-01-21,2025-03-14,발주
PO-000000795,FAC-001,2025-01-21,2025-03-14,발주
PO-000000796,FAC-001,2025-01-21,2025-03-14,발주
PO-000000797,FAC-001,2025-01-21,2025-03-14,발주
PO-000000798,FAC-001,2025-01-21,2025-03-14,발주
PO-000000799,FAC-001,2025-01-23,2025-03-16,발주
PO-000000800,FAC-001,2025-01-24,2025-03-17,발주
PO-000000801,FAC-001,2025-01-24,2025-03-17,발주
PO-000000802,FAC-001,2025-01-24,2025-03-17,발주
PO-000000803,FAC-001,2025-01-26,2025-03-19,발주
PO-000000804,FAC-001,2025-01-27,2025-03-20,발주
PO-000000805,FAC-001,2025-01-29,2025-03-22,발주
PO-000000806,FAC-001,2025-01-30,2025-03-23,발주
PO-000000807,FAC-001,2025-02-01,2025-03-25,발주
PO-000000808,FAC-001,2025-02-05,2025-03-29,발주
PO-000000809,FAC-001,2025-02-09,2025-04-02,발주
PO-000000810,FAC-001,2025-02-19,2025-04-12,발주
PO-000000811,FAC-001,2025-02-23,2025-04-16,발주
PO-000000812,FAC-001,2025-02-24,2025-04-17,발주
PO-000000813,FAC-001,2025-03-01,2025-04-22,발주
PO-000000814,FAC-001,2025-03-01,2025-04-22,발주
PO-000000815,FAC-001,2025-03-01,2025-04-22,발주
PO-000000816,FAC-001,2025-03-01,2025-04-22,발주
PO-000000817,FAC-001,2025-03-01,2025-04-22,발주
PO-000000818,FAC-001,2025-03-01,2025-04-22,발주
PO-000000819,FAC-001,2025-03-01,2025-04-22,발주
PO-000000820,FAC-001,2025-03-01,2025-04-22,발주
PO-000000821,FAC-001,2025-03-01,2025-04-22,발주
PO-000000822,FAC-001,2025-03-01,2025-04-22,발주
PO-000000823,FAC-001,2025-03-02,2025-04-23,발주
PO-000000824,FAC-001,2025-03-02,2025-04-23,발주
PO-000000825,FAC-001,2025-03-02,2025-04-23,발주
PO-000000826,FAC-001,2025-03-02,2025-04-23,발주
PO-000000827,FAC-001,2025-03-02,2025-04-23,발주
PO-000000828,FAC-001,2025-03-02,2025-04-23,발주
PO-000000829,FAC-001,2025-03-03,2025-04-24,발주
PO-000000830,FAC-001,2025-03-03,2025-04-24,발주
PO-000000831,FAC-001,2025-03-04,2025-04-25,발주
PO-000000832,FAC-001,2025-03-04,2025-04-25,발주
PO-000000833,FAC-001,2025-03-04,2025-04-25,발주
PO-000000834,FAC-001,2025-03-04,2025-04-25,발주
PO-000000835,FAC-001,2025-03-04,2025-04-25,발주
PO-000000836,FAC-001,2025-03-05,2025-04-26,발주
PO-000000837,FAC-001,2025-03-05,2025-04-26,발주
PO-000000838,FAC-001,2025-03-05,2025-04-26,발주
PO-000000839,FAC-001,2025-03-06,2025-04-27,발주
PO-000000840,FAC-001,2025-03-06,2025-04-27,발주
PO-000000841,FAC-001,2025-03-06,2025-04-27,발주
PO-000000842,FAC-001,2025-03-07,2025-04-28,발주
PO-000000843,FAC-001,2025-03-07,2025-04-28,발주
PO-000000844,FAC-001,2025-03-07,2025-04-28,발주
PO-000000845,FAC-001,2025-03-07,2025-04-28,발주
PO-000000846,FAC-001,2025-03-07,2025-04-28,발주
PO-000000847,FAC-001,2025-03-08,2025-04-29,발주
PO-000000848,FAC-001,2025-03-08,2025-04-29,발주
PO-000000849,FAC-001,2025-03-08,2025-04-29,발주
PO-000000850,FAC-001,2025-03-08,2025-04-29,발주
PO-000000851,FAC-001,2025-03-08,2025-04-29,발주
PO-000000852,FAC-001,2025-03-08,2025-04-29,발주
PO-000000853,FAC-001,2025-03-08,2025-04-29,발주
PO-000000854,FAC-001,2025-03-08,2025-04-29,발주
PO-000000855,FAC-001,2025-03-08,2025-04-29,발주
PO-000000856,FAC-001,2025-03-08,2025-04-29,발주
PO-000000857,FAC-001,2025-03-08,2025-04-29,발주
PO-000000858,FAC-001,2025-03-08,2025-04-29,발주
PO-000000859,FAC-001,2025-03-08,2025-04-29,발주
PO-000000860,FAC-001,2025-03-08,2025-04-29,발주
PO-000000861,FAC-001,2025-03-08,2025-04-29,발주
PO-000000862,FAC-001,2025-03-08,2025-04-29,발주
PO-000000863,FAC-001,2025-03-08,2025-04-29,발주
PO-000000864,FAC-001,2025-03-08,2025-04-29,발주
PO-000000865,FAC-001,2025-03-08,2025-04-29,발주
PO-000000866,FAC-001,2025-03-09,2025-04-30,발주
PO-000000867,FAC-001,2025-03-09,2025-04-30,발주
PO-000000868,FAC-001,2025-03-09,2025-04-30,발주
PO-000000869,FAC-001,2025-03-09,2025-04-30,발주
PO-000000870,FAC-001,2025-03-09,2025-04-30,발주
PO-000000871,FAC-001,2025-03-09,2025-04-30,발주
PO-000000872,FAC-001,2025-03-09,2025-04-30,발주
PO-000000873,FAC-001,2025-03-09,2025-04-30,발주
PO-000000874,FAC-001,2025-03-09,2025-04-30,발주
PO-000000875,FAC-001,2025-03-09,2025-04-30,발주
PO-000000876,FAC-001,2025-03-09,2025-04-30,발주
PO-000000877,FAC-001,2025-03-09,2025-04-30,발주
PO-000000878,FAC-001,2025-03-09,2025-04-30,발주
PO-000000879,FAC-001,2025-03-09,2025-04-30,발주
PO-000000880,FAC-001,2025-03-09,2025-04-30,발주
PO-000000881,FAC-001,2025-03-09,2025-04-30,발주
PO-000000882,FAC-001,2025-03-09,2025-04-30,발주
PO-000000883,FAC-001,2025-03-09,2025-04-30,발주
PO-000000884,FAC-001,2025-03-10,2025-05-01,발주
PO-000000885,FAC-001,2025-03-10,2025-05-01,발주
PO-000000886,FAC-001,2025-03-10,2025-05-01,발주
PO-000000887,FAC-001,2025-03-10,2025-05-01,발주
PO-000000888,FAC-001,2025-03-10,2025-05-01,발주
PO-000000889,FAC-001,2025-03-10,2025-05-01,발주
PO-000000890,FAC-001,2025-03-10,2025-05-01,발주
PO-000000891,FAC-001,2025-03-10,2025-05-01,발주
PO-000000892,FAC-001,2025-03-10,2025-05-01,발주
PO-000000893,FAC-001,2025-03-10,2025-05-01,발주
PO-000000894,FAC-001,2025-03-10,2025-05-01,발주
PO-000000895,FAC-001,2025-03-10,2025-05-01,발주
PO-000000896,FAC-001,2025-03-10,2025-05-01,발주
PO-000000897,FAC-001,2025-03-11,2025-05-02,발주
PO-000000898,FAC-001,2025-03-11,2025-05-02,발주
PO-000000899,FAC-001,2025-03-11,2025-05-02,발주
PO-000000900,FAC-001,2025-03-11,2025-05-02,발주
PO-000000901,FAC-001,2025-03-11,2025-05-02,발주
PO-000000902,FAC-001,2025-03-11,2025-05-02,발주
PO-000000903,FAC-001,2025-03-11,2025-05-02,발주
PO-000000904,FAC-001,2025-03-11,2025-05-02,발주
PO-000000905,FAC-001,2025-03-11,2025-05-02,발주
PO-000000906,FAC-001,2025-03-12,2025-05-03,발주
PO-000000907,FAC-001,2025-03-12,2025-05-03,발주
PO-000000908,FAC-001,2025-03-12,2025-05-03,발주
PO-000000909,FAC-001,2025-03-12,2025-05-03,발주
PO-000000910,FAC-001,2025-03-12,2025-05-03,발주
PO-000000911,FAC-001,2025-03-12,2025-05-03,발주
PO-000000912,FAC-001,2025-03-12,2025-05-03,발주
PO-000000913,FAC-001,2025-03-12,2025-05-03,발주
PO-000000914,FAC-001,2025-03-12,2025-05-03,발주
PO-000000915,FAC-001,2025-03-12,2025-05-03,발주
PO-000000916,FAC-001,2025-03-13,2025-05-04,발주
PO-000000917,FAC-001,2025-03-13,2025-05-04,발주
PO-000000918,FAC-001,2025-03-13,2025-05-04,발주
PO-000000919,FAC-001,2025-03-13,2025-05-04,발주
PO-000000920,FAC-001,2025-03-13,2025-05-04,발주
PO-000000921,FAC-001,2025-03-13,2025-05-04,발주
PO-000000922,FAC-001,2025-03-14,2025-05-05,발주
PO-000000923,FAC-001,2025-03-14,2025-05-05,발주
PO-000000924,FAC-001,2025-03-14,2025-05-05,발주
PO-000000925,FAC-001,2025-03-14,2025-05-05,발주
PO-000000926,FAC-001,2025-03-14,2025-05-05,발주
PO-000000927,FAC-001,2025-03-14,2025-05-05,발주
PO-000000928,FAC-001,2025-03-14,2025-05-05,발주
PO-000000929,FAC-001,2025-03-14,2025-05-05,발주
PO-000000930,FAC-001,2025-03-15,2025-05-06,발주
PO-000000931,FAC-001,2025-03-15,2025-05-06,발주
PO-000000932,FAC-001,2025-03-15,2025-05-06,발주
PO-000000933,FAC-001,2025-03-16,2025-05-07,발주
PO-000000934,FAC-001,2025-03-16,2025-05-07,발주
PO-000000935,FAC-001,2025-03-16,2025-05-07,발주
PO-000000936,FAC-001,2025-03-16,2025-05-07,발주
PO-000000937,FAC-001,2025-03-16,2025-05-07,발주
PO-000000938,FAC-001,2025-03-17,2025-05-08,발주
PO-000000939,FAC-001,2025-03-17,2025-05-08,발주
PO-000000940,FAC-001,2025-03-17,2025-05-08,발주
PO-000000941,FAC-001,2025-03-17,2025-05-08,발주
PO-000000942,FAC-001,2025-03-17,2025-05-08,발주
PO-000000943,FAC-001,2025-03-17,2025-05-08,발주
PO-000000944,FAC-001,2025-03-18,2025-05-09,발주
PO-000000945,FAC-001,2025-03-18,2025-05-09,발주
PO-000000946,FAC-001,2025-03-18,2025-05-09,발주
PO-000000947,FAC-001,2025-03-18,2025-05-09,발주
PO-000000948,FAC-001,2025-03-18,2025-05-09,발주
PO-000000949,FAC-001,2025-03-18,2025-05-09,발주
PO-000000950,FAC-001,2025-03-19,2025-05-10,발주
PO-000000951,FAC-001,2025-03-19,2025-05-10,발주
PO-000000952,FAC-001,2025-03-19,2025-05-10,발주
PO-000000953,FAC-001,2025-03-19,2025-05-10,발주
PO-000000954,FAC-001,2025-03-19,2025-05-10,발주
PO-000000955,FAC-001,2025-03-20,2025-05-11,발주
PO-000000956,FAC-001,2025-03-20,2025-05-11,발주
PO-000000957,FAC-001,2025-03-20,2025-05-11,발주
PO-000000958,FAC-001,2025-03-20,2025-05-11,발주
PO-000000959,FAC-001,2025-03-20,2025-05-11,발주
PO-000000960,FAC-001,2025-03-20,2025-05-11,발주
PO-000000961,FAC-001,2025-03-20,2025-05-11,발주
PO-000000962,FAC-001,2025-03-20,2025-05-11,발주
PO-000000963,FAC-001,2025-03-21,2025-05-12,발주
PO-000000964,FAC-001,2025-03-21,2025-05-12,발주
PO-000000965,FAC-001,2025-03-22,2025-05-13,발주
PO-000000966,FAC-001,2025-03-22,2025-05-13,발주
PO-000000967,FAC-001,2025-03-22,2025-05-13,발주
PO-000000968,FAC-001,2025-03-22,2025-05-13,발주
PO-000000969,FAC-001,2025-03-25,2025-05-16,발주
PO-000000970,FAC-001,2025-03-25,2025-05-16,발주
PO-000000971,FAC-001,2025-03-25,2025-05-16,발주
PO-000000972,FAC-001,2025-03-25,2025-05-16,발주
PO-000000973,FAC-001,2025-03-26,2025-05-17,발주
PO-000000974,FAC-001,2025-03-27,2025-05-18,발주
PO-000000975,FAC-001,2025-03-27,2025-05-18,발주
PO-000000976,FAC-001,2025-03-28,2025-05-19,발주
PO-000000977,FAC-001,2025-03-28,2025-05-19,발주
PO-000000978,FAC-001,2025-03-28,2025-05-19,발주
PO-000000979,FAC-001,2025-03-28,2025-05-19,발주
PO-000000980,FAC-001,2025-03-28,2025-05-19,발주
PO-000000981,FAC-001,2025-03-28,2025-05-19,발주
PO-000000982,FAC-001,2025-03-28,2025-05-19,발주
PO-000000983,FAC-001,2025-03-28,2025-05-19,발주
PO-000000984,FAC-001,2025-03-29,2025-05-20,발주
PO-000000985,FAC-001,2025-03-30,2025-05-21,발주
PO-000000986,FAC-001,2025-03-30,2025-05-21,발주
PO-000000987,FAC-001,2025-03-30,2025-05-21,발주
PO-000000988,FAC-001,2025-03-30,2025-05-21,발주
PO-000000989,FAC-001,2025-03-31,2025-05-22,발주
PO-000000990,FAC-001,2025-03-31,2025-05-22,발주
PO-000000991,FAC-001,2025-03-31,2025-05-22,발주
PO-000000992,FAC-001,2025-04-01,2025-05-23,발주
PO-000000993,FAC-001,2025-04-01,2025-05-23,발주
PO-000000994,FAC-001,2025-04-01,2025-05-23,발주
PO-000000995,FAC-001,2025-04-02,2025-05-24,발주
PO-000000996,FAC-001,2025-04-02,2025-05-24,발주
PO-000000997,FAC-001,2025-04-03,2025-05-25,발주
PO-000000998,FAC-001,2025-04-04,2025-05-26,발주
PO-000000999,FAC-001,2025-04-04,2025-05-26,발주
PO-000001000,FAC-001,2025-04-05,2025-05-27,발주
PO-000001001,FAC-001,2025-04-05,2025-05-27,발주
PO-000001002,FAC-001,2025-04-05,2025-05-27,발주
PO-000001003,FAC-001,2025-04-05,2025-05-27,발주
PO-000001004,FAC-001,2025-04-05,2025-05-27,발주
PO-000001005,FAC-001,2025-04-06,2025-05-28,발주
PO-000001006,FAC-001,2025-04-06,2025-05-28,발주
PO-000001007,FAC-001,2025-04-06,2025-05-28,발주
PO-000001008,FAC-001,2025-04-07,2025-05-29,발주
PO-000001009,FAC-001,2025-04-07,2025-05-29,발주
PO-000001010,FAC-001,2025-04-07,2025-05-29,발주
PO-000001011,FAC-001,2025-04-07,2025-05-29,발주
PO-000001012,FAC-001,2025-04-08,2025-05-30,발주
PO-000001013,FAC-001,2025-04-09,2025-05-31,발주
PO-000001014,FAC-001,2025-04-09,2025-05-31,발주
PO-000001015,FAC-001,2025-04-09,2025-05-31,발주
PO-000001016,FAC-001,2025-04-09,2025-05-31,발주
PO-000001017,FAC-001,2025-04-09,2025-05-31,발주
PO-000001018,FAC-001,2025-04-10,2025-06-01,발주
PO-000001019,FAC-001,2025-04-10,2025-06-01,발주
PO-000001020,FAC-001,2025-04-10,2025-06-01,발주
PO-000001021,FAC-001,2025-04-10,2025-06-01,발주
PO-000001022,FAC-001,2025-04-10,2025-06-01,발주
PO-000001023,FAC-001,2025-04-11,2025-06-02,발주
PO-000001024,FAC-001,2025-04-12,2025-06-03,발주
PO-000001025,FAC-001,2025-04-12,2025-06-03,발주
PO-000001026,FAC-001,2025-04-12,2025-06-03,발주
PO-000001027,FAC-001,2025-04-12,2025-06-03,발주
PO-000001028,FAC-001,2025-04-12,2025-06-03,발주
PO-000001029,FAC-001,2025-04-12,2025-06-03,발주
PO-000001030,FAC-001,2025-04-12,2025-06-03,발주
PO-000001031,FAC-001,2025-04-12,2025-06-03,발주
PO-000001032,FAC-001,2025-04-13,2025-06-04,발주
PO-000001033,FAC-001,2025-04-13,2025-06-04,발주
PO-000001034,FAC-001,2025-04-13,2025-06-04,발주
PO-000001035,FAC-001,2025-04-13,2025-06-04,발주
PO-000001036,FAC-001,2025-04-13,2025-06-04,발주
PO-000001037,FAC-001,2025-04-13,2025-06-04,발주
PO-000001038,FAC-001,2025-04-13,2025-06-04,발주
PO-000001039,FAC-001,2025-04-13,2025-06-04,발주
PO-000001040,FAC-001,2025-04-13,2025-06-04,발주
PO-000001041,FAC-001,2025-04-16,2025-06-07,발주
PO-000001042,FAC-001,2025-04-16,2025-06-07,발주
PO-000001043,FAC-001,2025-04-17,2025-06-08,발주
PO-000001044,FAC-001,2025-04-17,2025-06-08,발주
PO-000001045,FAC-001,2025-04-18,2025-06-09,발주
PO-000001046,FAC-001,2025-04-19,2025-06-10,발주
PO-000001047,FAC-001,2025-04-19,2025-06-10,발주
PO-000001048,FAC-001,2025-04-19,2025-06-10,발주
PO-000001049,FAC-001,2025-04-20,2025-06-11,발주
PO-000001050,FAC-001,2025-04-20,2025-06-11,발주
PO-000001051,FAC-001,2025-04-20,2025-06-11,발주
PO-000001052,FAC-001,2025-04-20,2025-06-11,발주
PO-000001053,FAC-001,2025-04-23,2025-06-14,발주
PO-000001054,FAC-001,2025-04-23,2025-06-14,발주
PO-000001055,FAC-001,2025-04-24,2025-06-15,발주
PO-000001056,FAC-001,2025-04-25,2025-06-16,발주
PO-000001057,FAC-001,2025-04-25,2025-06-16,발주
PO-000001058,FAC-001,2025-04-26,2025-06-17,발주
PO-000001059,FAC-001,2025-04-27,2025-06-18,발주
PO-000001060,FAC-001,2025-04-28,2025-06-19,발주
PO-000001061,FAC-001,2025-05-02,2025-06-23,발주
PO-000001062,FAC-001,2025-05-03,2025-06-24,발주
PO-000001063,FAC-001,2025-05-03,2025-06-24,발주
PO-000001064,FAC-001,2025-05-04,2025-06-25,발주
PO-000001065,FAC-001,2025-05-05,2025-06-26,발주
PO-000001066,FAC-001,2025-05-05,2025-06-26,발주
PO-000001067,FAC-001,2025-05-05,2025-06-26,발주
PO-000001068,FAC-001,2025-05-05,2025-06-26,발주
PO-000001069,FAC-001,2025-05-06,2025-06-27,발주
PO-000001070,FAC-001,2025-05-06,2025-06-27,발주
PO-000001071,FAC-001,2025-05-06,2025-06-27,발주
PO-000001072,FAC-001,2025-05-07,2025-06-28,발주
PO-000001073,FAC-001,2025-05-07,2025-06-28,발주
PO-000001074,FAC-001,2025-05-07,2025-06-28,발주
PO-000001075,FAC-001,2025-05-07,2025-06-28,발주
PO-000001076,FAC-001,2025-05-08,2025-06-29,발주
PO-000001077,FAC-001,2025-05-08,2025-06-29,발주
PO-000001078,FAC-001,2025-05-09,2025-06-30,발주
PO-000001079,FAC-001,2025-05-09,2025-06-30,발주
PO-000001080,FAC-001,2025-05-09,2025-06-30,발주
PO-000001081,FAC-001,2025-05-09,2025-06-30,발주
PO-000001082,FAC-001,2025-05-10,2025-07-01,발주
PO-000001083,FAC-001,2025-05-10,2025-07-01,발주
PO-000001084,FAC-001,2025-05-10,2025-07-01,발주
PO-000001085,FAC-001,2025-05-10,2025-07-01,발주
PO-000001086,FAC-001,2025-05-10,2025-07-01,발주
PO-000001087,FAC-001,2025-05-10,2025-07-01,발주
PO-000001088,FAC-001,2025-05-11,2025-07-02,발주
PO-000001089,FAC-001,2025-05-11,2025-07-02,발주
PO-000001090,FAC-001,2025-05-11,2025-07-02,발주
PO-000001091,FAC-001,2025-05-11,2025-07-02,발주
PO-000001092,FAC-001,2025-05-11,2025-07-02,발주
PO-000001093,FAC-001,2025-05-12,2025-07-03,발주
PO-000001094,FAC-001,2025-05-12,2025-07-03,발주
PO-000001095,FAC-001,2025-05-13,2025-07-04,발주
PO-000001096,FAC-001,2025-05-13,2025-07-04,발주
PO-000001097,FAC-001,2025-05-14,2025-07-05,발주
PO-000001098,FAC-001,2025-05-14,2025-07-05,발주
PO-000001099,FAC-001,2025-05-14,2025-07-05,발주
PO-000001100,FAC-001,2025-05-14,2025-07-05,발주
PO-000001101,FAC-001,2025-05-14,2025-07-05,발주
PO-000001102,FAC-001,2025-05-14,2025-07-05,발주
PO-000001103,FAC-001,2025-05-15,2025-07-06,발주
PO-000001104,FAC-001,2025-05-15,2025-07-06,발주
PO-000001105,FAC-001,2025-05-15,2025-07-06,발주
PO-000001106,FAC-001,2025-05-15,2025-07-06,발주
PO-000001107,FAC-001,2025-05-15,2025-07-06,발주
PO-000001108,FAC-001,2025-05-15,2025-07-06,발주
PO-000001109,FAC-001,2025-05-15,2025-07-06,발주
PO-000001110,FAC-001,2025-05-15,2025-07-06,발주
PO-000001111,FAC-001,2025-05-16,2025-07-07,발주
PO-000001112,FAC-001,2025-05-16,2025-07-07,발주
PO-000001113,FAC-001,2025-05-16,2025-07-07,발주
PO-000001114,FAC-001,2025-05-17,2025-07-08,발주
PO-000001115,FAC-001,2025-05-17,2025-07-08,발주
PO-000001116,FAC-001,2025-05-17,2025-07-08,발주
PO-000001117,FAC-001,2025-05-17,2025-07-08,발주
PO-000001118,FAC-001,2025-05-17,2025-07-08,발주
PO-000001119,FAC-001,2025-05-17,2025-07-08,발주
PO-000001120,FAC-001,2025-05-18,2025-07-09,발주
PO-000001121,FAC-001,2025-05-18,2025-07-09,발주
PO-000001122,FAC-001,2025-05-18,2025-07-09,발주
PO-000001123,FAC-001,2025-05-18,2025-07-09,발주
PO-000001124,FAC-001,2025-05-18,2025-07-09,발주
PO-000001125,FAC-001,2025-05-18,2025-07-09,발주
PO-000001126,FAC-001,2025-05-18,2025-07-09,발주
PO-000001127,FAC-001,2025-05-18,2025-07-09,발주
PO-000001128,FAC-001,2025-05-19,2025-07-10,발주
PO-000001129,FAC-001,2025-05-19,2025-07-10,발주
PO-000001130,FAC-001,2025-05-19,2025-07-10,발주
PO-000001131,FAC-001,2025-05-20,2025-07-11,발주
PO-000001132,FAC-001,2025-05-20,2025-07-11,발주
PO-000001133,FAC-001,2025-05-20,2025-07-11,발주
PO-000001134,FAC-001,2025-05-20,2025-07-11,발주
PO-000001135,FAC-001,2025-05-20,2025-07-11,발주
PO-000001136,FAC-001,2025-05-20,2025-07-11,발주
PO-000001137,FAC-001,2025-05-20,2025-07-11,발주
PO-000001138,FAC-001,2025-05-21,2025-07-12,발주
PO-000001139,FAC-001,2025-05-21,2025-07-12,발주
PO-000001140,FAC-001,2025-05-21,2025-07-12,발주
PO-000001141,FAC-001,2025-05-21,2025-07-12,발주
PO-000001142,FAC-001,2025-05-22,2025-07-13,발주
PO-000001143,FAC-001,2025-05-22,2025-07-13,발주
PO-000001144,FAC-001,2025-05-22,2025-07-13,발주
PO-000001145,FAC-001,2025-05-22,2025-07-13,발주
PO-000001146,FAC-001,2025-05-23,2025-07-14,발주
PO-000001147,FAC-001,2025-05-23,2025-07-14,발주
PO-000001148,FAC-001,2025-05-24,2025-07-15,발주
PO-000001149,FAC-001,2025-05-24,2025-07-15,발주
PO-000001150,FAC-001,2025-05-25,2025-07-16,발주
PO-000001151,FAC-001,2025-05-25,2025-07-16,발주
PO-000001152,FAC-001,2025-05-26,2025-07-17,발주
PO-000001153,FAC-001,2025-05-26,2025-07-17,발주
PO-000001154,FAC-001,2025-05-27,2025-07-18,발주
PO-000001155,FAC-001,2025-05-28,2025-07-19,발주
PO-000001156,FAC-001,2025-05-28,2025-07-19,발주
PO-000001157,FAC-001,2025-05-28,2025-07-19,발주
PO-000001158,FAC-001,2025-05-28,2025-07-19,발주
PO-000001159,FAC-001,2025-05-29,2025-07-20,발주
PO-000001160,FAC-001,2025-05-29,2025-07-20,발주
PO-000001161,FAC-001,2025-05-30,2025-07-21,발주
PO-000001162,FAC-001,2025-05-30,2025-07-21,발주
PO-000001163,FAC-001,2025-05-31,2025-07-22,발주
PO-000001164,FAC-001,2025-05-31,2025-07-22,발주
PO-000001165,FAC-001,2025-05-31,2025-07-22,발주
PO-000001166,FAC-001,2025-05-31,2025-07-22,발주
PO-000001167,FAC-001,2025-05-31,2025-07-22,발주
PO-000001168,FAC-001,2025-05-31,2025-07-22,발주
PO-000001169,FAC-001,2025-06-01,2025-07-23,발주
PO-000001170,FAC-001,2025-06-01,2025-07-23,발주
PO-000001171,FAC-001,2025-06-01,2025-07-23,발주
PO-000001172,FAC-001,2025-06-01,2025-07-23,발주
PO-000001173,FAC-001,2025-06-01,2025-07-23,발주
PO-000001174,FAC-001,2025-06-01,2025-07-23,발주
PO-000001175,FAC-001,2025-06-01,2025-07-23,발주
PO-000001176,FAC-001,2025-06-01,2025-07-23,발주
PO-000001177,FAC-001,2025-06-01,2025-07-23,발주
PO-000001178,FAC-001,2025-06-01,2025-07-23,발주
PO-000001179,FAC-001,2025-06-01,2025-07-23,발주
PO-000001180,FAC-001,2025-06-01,2025-07-23,발주
PO-000001181,FAC-001,2025-06-01,2025-07-23,발주
PO-000001182,FAC-001,2025-06-01,2025-07-23,발주
PO-000001183,FAC-001,2025-06-01,2025-07-23,발주
PO-000001184,FAC-001,2025-06-01,2025-07-23,발주
PO-000001185,FAC-001,2025-06-01,2025-07-23,발주
PO-000001186,FAC-001,2025-06-01,2025-07-23,발주
PO-000001187,FAC-001,2025-06-01,2025-07-23,발주
PO-000001188,FAC-001,2025-06-01,2025-07-23,발주
PO-000001189,FAC-001,2025-06-01,2025-07-23,발주
PO-000001190,FAC-001,2025-06-01,2025-07-23,발주
PO-000001191,FAC-001,2025-06-01,2025-07-23,발주
PO-000001192,FAC-001,2025-06-01,2025-07-23,발주
PO-000001193,FAC-001,2025-06-01,2025-07-23,발주
PO-000001194,FAC-001,2025-06-01,2025-07-23,발주
PO-000001195,FAC-001,2025-06-02,2025-07-24,발주
PO-000001196,FAC-001,2025-06-02,2025-07-24,발주
PO-000001197,FAC-001,2025-06-02,2025-07-24,발주
PO-000001198,FAC-001,2025-06-03,2025-07-25,발주
PO-000001199,FAC-001,2025-06-03,2025-07-25,발주
PO-000001200,FAC-001,2025-06-04,2025-07-26,발주
PO-000001201,FAC-001,2025-06-05,2025-07-27,발주
PO-000001202,FAC-001,2025-06-06,2025-07-28,발주
PO-000001203,FAC-001,2025-06-06,2025-07-28,발주
PO-000001204,FAC-001,2025-06-06,2025-07-28,발주
PO-000001205,FAC-001,2025-06-07,2025-07-29,발주
PO-000001206,FAC-001,2025-06-07,2025-07-29,발주
PO-000001207,FAC-001,2025-06-07,2025-07-29,발주
PO-000001208,FAC-001,2025-06-07,2025-07-29,발주
PO-000001209,FAC-001,2025-06-07,2025-07-29,발주
PO-000001210,FAC-001,2025-06-07,2025-07-29,발주
PO-000001211,FAC-001,2025-06-08,2025-07-30,발주
PO-000001212,FAC-001,2025-06-08,2025-07-30,발주
PO-000001213,FAC-001,2025-06-09,2025-07-31,발주
PO-000001214,FAC-001,2025-06-09,2025-07-31,발주
PO-000001215,FAC-001,2025-06-10,2025-08-01,발주
PO-000001216,FAC-001,2025-06-11,2025-08-02,발주
PO-000001217,FAC-001,2025-06-11,2025-08-02,발주
PO-000001218,FAC-001,2025-06-11,2025-08-02,발주
PO-000001219,FAC-001,2025-06-11,2025-08-02,발주
PO-000001220,FAC-001,2025-06-11,2025-08-02,발주
PO-000001221,FAC-001,2025-06-11,2025-08-02,발주
PO-000001222,FAC-001,2025-06-12,2025-08-03,발주
PO-000001223,FAC-001,2025-06-12,2025-08-03,발주
PO-000001224,FAC-001,2025-06-12,2025-08-03,발주
PO-000001225,FAC-001,2025-06-12,2025-08-03,발주
PO-000001226,FAC-001,2025-06-12,2025-08-03,발주
PO-000001227,FAC-001,2025-06-12,2025-08-03,발주
PO-000001228,FAC-001,2025-06-12,2025-08-03,발주
PO-000001229,FAC-001,2025-06-12,2025-08-03,발주
PO-000001230,FAC-001,2025-06-13,2025-08-04,발주
PO-000001231,FAC-001,2025-06-13,2025-08-04,발주
PO-000001232,FAC-001,2025-06-13,2025-08-04,발주
PO-000001233,FAC-001,2025-06-13,2025-08-04,발주
PO-000001234,FAC-001,2025-06-13,2025-08-04,발주
PO-000001235,FAC-001,2025-06-14,2025-08-05,발주
PO-000001236,FAC-001,2025-06-14,2025-08-05,발주
PO-000001237,FAC-001,2025-06-14,2025-08-05,발주
PO-000001238,FAC-001,2025-06-14,2025-08-05,발주
PO-000001239,FAC-001,2025-06-14,2025-08-05,발주
PO-000001240,FAC-001,2025-06-14,2025-08-05,발주
PO-000001241,FAC-001,2025-06-14,2025-08-05,발주
PO-000001242,FAC-001,2025-06-15,2025-08-06,발주
PO-000001243,FAC-001,2025-06-16,2025-08-07,발주
PO-000001244,FAC-001,2025-06-16,2025-08-07,발주
PO-000001245,FAC-001,2025-06-17,2025-08-08,발주
PO-000001246,FAC-001,2025-06-18,2025-08-09,발주
PO-000001247,FAC-001,2025-06-20,2025-08-11,발주
PO-000001248,FAC-001,2025-06-21,2025-08-12,발주
PO-000001249,FAC-001,2025-06-22,2025-08-13,발주
PO-000001250,FAC-001,2025-06-23,2025-08-14,발주
PO-000001251,FAC-001,2025-06-24,2025-08-15,발주
PO-000001252,FAC-001,2025-06-24,2025-08-15,발주
PO-000001253,FAC-001,2025-06-24,2025-08-15,발주
PO-000001254,FAC-001,2025-06-25,2025-08-16,발주
PO-000001255,FAC-001,2025-06-25,2025-08-16,발주
PO-000001256,FAC-001,2025-06-26,2025-08-17,발주
PO-000001257,FAC-001,2025-06-26,2025-08-17,발주
PO-000001258,FAC-001,2025-06-26,2025-08-17,발주
PO-000001259,FAC-001,2025-06-26,2025-08-17,발주
PO-000001260,FAC-001,2025-06-27,2025-08-18,발주
PO-000001261,FAC-001,2025-06-27,2025-08-18,발주
PO-000001262,FAC-001,2025-06-27,2025-08-18,발주
PO-000001263,FAC-001,2025-06-28,2025-08-19,발주
PO-000001264,FAC-001,2025-06-28,2025-08-19,발주
PO-000001265,FAC-001,2025-06-28,2025-08-19,발주
PO-000001266,FAC-001,2025-06-28,2025-08-19,발주
PO-000001267,FAC-001,2025-06-28,2025-08-19,발주
PO-000001268,FAC-001,2025-06-29,2025-08-20,발주
PO-000001269,FAC-001,2025-06-29,2025-08-20,발주
PO-000001270,FAC-001,2025-06-30,2025-08-21,발주
PO-000001271,FAC-001,2025-06-30,2025-08-21,발주
PO-000001272,FAC-001,2025-06-30,2025-08-21,발주
PO-000001273,FAC-001,2025-07-01,2025-08-22,발주
PO-000001274,FAC-001,2025-07-01,2025-08-22,발주
PO-000001275,FAC-001,2025-07-01,2025-08-22,발주
PO-000001276,FAC-001,2025-07-01,2025-08-22,발주
PO-000001277,FAC-001,2025-07-03,2025-08-24,발주
PO-000001278,FAC-001,2025-07-03,2025-08-24,발주
PO-000001279,FAC-001,2025-07-03,2025-08-24,발주
PO-000001280,FAC-001,2025-07-03,2025-08-24,발주
PO-000001281,FAC-001,2025-07-03,2025-08-24,발주
PO-000001282,FAC-001,2025-07-04,2025-08-25,발주
PO-000001283,FAC-001,2025-07-04,2025-08-25,발주
PO-000001284,FAC-001,2025-07-05,2025-08-26,발주
PO-000001285,FAC-001,2025-07-05,2025-08-26,발주
PO-000001286,FAC-001,2025-07-05,2025-08-26,발주
PO-000001287,FAC-001,2025-07-05,2025-08-26,발주
PO-000001288,FAC-001,2025-07-05,2025-08-26,발주
PO-000001289,FAC-001,2025-07-05,2025-08-26,발주
PO-000001290,FAC-001,2025-07-05,2025-08-26,발주
PO-000001291,FAC-001,2025-07-06,2025-08-27,발주
PO-000001292,FAC-001,2025-07-06,2025-08-27,발주
PO-000001293,FAC-001,2025-07-06,2025-08-27,발주
PO-000001294,FAC-001,2025-07-06,2025-08-27,발주
PO-000001295,FAC-001,2025-07-06,2025-08-27,발주
PO-000001296,FAC-001,2025-07-06,2025-08-27,발주
PO-000001297,FAC-001,2025-07-07,2025-08-28,발주
PO-000001298,FAC-001,2025-07-07,2025-08-28,발주
PO-000001299,FAC-001,2025-07-07,2025-08-28,발주
PO-000001300,FAC-001,2025-07-07,2025-08-28,발주
PO-000001301,FAC-001,2025-07-08,2025-08-29,발주
PO-000001302,FAC-001,2025-07-08,2025-08-29,발주
PO-000001303,FAC-001,2025-07-08,2025-08-29,발주
PO-000001304,FAC-001,2025-07-09,2025-08-30,발주
PO-000001305,FAC-001,2025-07-09,2025-08-30,발주
PO-000001306,FAC-001,2025-07-09,2025-08-30,발주
PO-000001307,FAC-001,2025-07-10,2025-08-31,발주
PO-000001308,FAC-001,2025-07-11,2025-09-01,발주
PO-000001309,FAC-001,2025-07-11,2025-09-01,발주
PO-000001310,FAC-001,2025-07-11,2025-09-01,발주
PO-000001311,FAC-001,2025-07-12,2025-09-02,발주
PO-000001312,FAC-001,2025-07-12,2025-09-02,발주
PO-000001313,FAC-001,2025-07-12,2025-09-02,발주
PO-000001314,FAC-001,2025-07-12,2025-09-02,발주
PO-000001315,FAC-001,2025-07-12,2025-09-02,발주
PO-000001316,FAC-001,2025-07-13,2025-09-03,발주
PO-000001317,FAC-001,2025-07-13,2025-09-03,발주
PO-000001318,FAC-001,2025-07-13,2025-09-03,발주
PO-000001319,FAC-001,2025-07-13,2025-09-03,발주
PO-000001320,FAC-001,2025-07-13,2025-09-03,발주
PO-000001321,FAC-001,2025-07-13,2025-09-03,발주
PO-000001322,FAC-001,2025-07-13,2025-09-03,발주
PO-000001323,FAC-001,2025-07-13,2025-09-03,발주
PO-000001324,FAC-001,2025-07-13,2025-09-03,발주
PO-000001325,FAC-001,2025-07-13,2025-09-03,발주
PO-000001326,FAC-001,2025-07-13,2025-09-03,발주
PO-000001327,FAC-001,2025-07-13,2025-09-03,발주
PO-000001328,FAC-001,2025-07-14,2025-09-04,발주
PO-000001329,FAC-001,2025-07-14,2025-09-04,발주
PO-000001330,FAC-001,2025-07-14,2025-09-04,발주
PO-000001331,FAC-001,2025-07-15,2025-09-05,발주
PO-000001332,FAC-001,2025-07-15,2025-09-05,발주
PO-000001333,FAC-001,2025-07-16,2025-09-06,발주
PO-000001334,FAC-001,2025-07-16,2025-09-06,발주
PO-000001335,FAC-001,2025-07-16,2025-09-06,발주
PO-000001336,FAC-001,2025-07-16,2025-09-06,발주
PO-000001337,FAC-001,2025-07-16,2025-09-06,발주
PO-000001338,FAC-001,2025-07-16,2025-09-06,발주
PO-000001339,FAC-001,2025-07-17,2025-09-07,발주
PO-000001340,FAC-001,2025-07-17,2025-09-07,발주
PO-000001341,FAC-001,2025-07-17,2025-09-07,발주
PO-000001342,FAC-001,2025-07-17,2025-09-07,발주
PO-000001343,FAC-001,2025-07-17,2025-09-07,발주
PO-000001344,FAC-001,2025-07-17,2025-09-07,발주
PO-000001345,FAC-001,2025-07-17,2025-09-07,발주
PO-000001346,FAC-001,2025-07-17,2025-09-07,발주
PO-000001347,FAC-001,2025-07-17,2025-09-07,발주
PO-000001348,FAC-001,2025-07-18,2025-09-08,발주
PO-000001349,FAC-001,2025-07-18,2025-09-08,발주
PO-000001350,FAC-001,2025-07-18,2025-09-08,발주
PO-000001351,FAC-001,2025-07-18,2025-09-08,발주
PO-000001352,FAC-001,2025-07-18,2025-09-08,발주
PO-000001353,FAC-001,2025-07-18,2025-09-08,발주
PO-000001354,FAC-001,2025-07-19,2025-09-09,발주
PO-000001355,FAC-001,2025-07-19,2025-09-09,발주
PO-000001356,FAC-001,2025-07-19,2025-09-09,발주
PO-000001357,FAC-001,2025-07-19,2025-09-09,발주
PO-000001358,FAC-001,2025-07-20,2025-09-10,발주
PO-000001359,FAC-001,2025-07-20,2025-09-10,발주
PO-000001360,FAC-001,2025-07-20,2025-09-10,발주
PO-000001361,FAC-001,2025-07-20,2025-09-10,발주
PO-000001362,FAC-001,2025-07-21,2025-09-11,발주
PO-000001363,FAC-001,2025-07-21,2025-09-11,발주
PO-000001364,FAC-001,2025-07-21,2025-09-11,발주
PO-000001365,FAC-001,2025-07-21,2025-09-11,발주
PO-000001366,FAC-001,2025-07-21,2025-09-11,발주
PO-000001367,FAC-001,2025-07-21,2025-09-11,발주
PO-000001368,FAC-001,2025-07-22,2025-09-12,발주
PO-000001369,FAC-001,2025-07-22,2025-09-12,발주
PO-000001370,FAC-001,2025-07-23,2025-09-13,발주
PO-000001371,FAC-001,2025-07-23,2025-09-13,발주
PO-000001372,FAC-001,2025-07-24,2025-09-14,발주
PO-000001373,FAC-001,2025-07-24,2025-09-14,발주
PO-000001374,FAC-001,2025-07-24,2025-09-14,발주
PO-000001375,FAC-001,2025-07-24,2025-09-14,발주
PO-000001376,FAC-001,2025-07-25,2025-09-15,발주
PO-000001377,FAC-001,2025-07-25,2025-09-15,발주
PO-000001378,FAC-001,2025-07-25,2025-09-15,발주
PO-000001379,FAC-001,2025-07-25,2025-09-15,발주
PO-000001380,FAC-001,2025-07-25,2025-09-15,발주
PO-000001381,FAC-001,2025-07-25,2025-09-15,발주
PO-000001382,FAC-001,2025-07-25,2025-09-15,발주
PO-000001383,FAC-001,2025-07-26,2025-09-16,발주
PO-000001384,FAC-001,2025-07-26,2025-09-16,발주
PO-000001385,FAC-001,2025-07-26,2025-09-16,발주
PO-000001386,FAC-001,2025-07-26,2025-09-16,발주
PO-000001387,FAC-001,2025-07-26,2025-09-16,발주
PO-000001388,FAC-001,2025-07-26,2025-09-16,발주
PO-000001389,FAC-001,2025-07-26,2025-09-16,발주
PO-000001390,FAC-001,2025-07-26,2025-09-16,발주
PO-000001391,FAC-001,2025-07-26,2025-09-16,발주
PO-000001392,FAC-001,2025-07-26,2025-09-16,발주
PO-000001393,FAC-001,2025-07-27,2025-09-17,발주
PO-000001394,FAC-001,2025-07-27,2025-09-17,발주
PO-000001395,FAC-001,2025-07-27,2025-09-17,발주
PO-000001396,FAC-001,2025-07-27,2025-09-17,발주
PO-000001397,FAC-001,2025-07-27,2025-09-17,발주
PO-000001398,FAC-001,2025-07-27,2025-09-17,발주
PO-000001399,FAC-001,2025-07-28,2025-09-18,발주
PO-000001400,FAC-001,2025-07-28,2025-09-18,발주
PO-000001401,FAC-001,2025-07-28,2025-09-18,발주
PO-000001402,FAC-001,2025-07-28,2025-09-18,발주
PO-000001403,FAC-001,2025-07-28,2025-09-18,발주
PO-000001404,FAC-001,2025-07-29,2025-09-19,발주
PO-000001405,FAC-001,2025-07-29,2025-09-19,발주
PO-000001406,FAC-001,2025-07-29,2025-09-19,발주
PO-000001407,FAC-001,2025-07-29,2025-09-19,발주
PO-000001408,FAC-001,2025-07-29,2025-09-19,발주
PO-000001409,FAC-001,2025-07-29,2025-09-19,발주
PO-000001410,FAC-001,2025-07-30,2025-09-20,발주
PO-000001411,FAC-001,2025-07-30,2025-09-20,발주
PO-000001412,FAC-001,2025-07-30,2025-09-20,발주
PO-000001413,FAC-001,2025-07-30,2025-09-20,발주
PO-000001414,FAC-001,2025-07-31,2025-09-21,발주
PO-000001415,FAC-001,2025-07-31,2025-09-21,발주
PO-000001416,FAC-001,2025-07-31,2025-09-21,발주
PO-000001417,FAC-001,2025-08-01,2025-09-22,발주
PO-000001418,FAC-001,2025-08-01,2025-09-22,발주
PO-000001419,FAC-001,2025-08-01,2025-09-22,발주
PO-000001420,FAC-001,2025-08-01,2025-09-22,발주
PO-000001421,FAC-001,2025-08-02,2025-09-23,발주
PO-000001422,FAC-001,2025-08-02,2025-09-23,발주
PO-000001423,FAC-001,2025-08-02,2025-09-23,발주
PO-000001424,FAC-001,2025-08-02,2025-09-23,발주
PO-000001425,FAC-001,2025-08-02,2025-09-23,발주
PO-000001426,FAC-001,2025-08-02,2025-09-23,발주
PO-000001427,FAC-001,2025-08-02,2025-09-23,발주
PO-000001428,FAC-001,2025-08-03,2025-09-24,발주
PO-000001429,FAC-001,2025-08-03,2025-09-24,발주
PO-000001430,FAC-001,2025-08-03,2025-09-24,발주
PO-000001431,FAC-001,2025-08-03,2025-09-24,발주
PO-000001432,FAC-001,2025-08-03,2025-09-24,발주
PO-000001433,FAC-001,2025-08-03,2025-09-24,발주
PO-000001434,FAC-001,2025-08-03,2025-09-24,발주
PO-000001435,FAC-001,2025-08-04,2025-09-25,발주
PO-000001436,FAC-001,2025-08-04,2025-09-25,발주
PO-000001437,FAC-001,2025-08-04,2025-09-25,발주
PO-000001438,FAC-001,2025-08-04,2025-09-25,발주
PO-000001439,FAC-001,2025-08-04,2025-09-25,발주
PO-000001440,FAC-001,2025-08-05,2025-09-26,발주
PO-000001441,FAC-001,2025-08-05,2025-09-26,발주
PO-000001442,FAC-001,2025-08-05,2025-09-26,발주
PO-000001443,FAC-001,2025-08-05,2025-09-26,발주
PO-000001444,FAC-001,2025-08-05,2025-09-26,발주
PO-000001445,FAC-001,2025-08-05,2025-09-26,발주
PO-000001446,FAC-001,2025-08-05,2025-09-26,발주
PO-000001447,FAC-001,2025-08-05,2025-09-26,발주
PO-000001448,FAC-001,2025-08-05,2025-09-26,발주
PO-000001449,FAC-001,2025-08-05,2025-09-26,발주
PO-000001450,FAC-001,2025-08-05,2025-09-26,발주
PO-000001451,FAC-001,2025-08-05,2025-09-26,발주
PO-000001452,FAC-001,2025-08-05,2025-09-26,발주
PO-000001453,FAC-001,2025-08-06,2025-09-27,발주
PO-000001454,FAC-001,2025-08-06,2025-09-27,발주
PO-000001455,FAC-001,2025-08-06,2025-09-27,발주
PO-000001456,FAC-001,2025-08-06,2025-09-27,발주
PO-000001457,FAC-001,2025-08-06,2025-09-27,발주
PO-000001458,FAC-001,2025-08-06,2025-09-27,발주
PO-000001459,FAC-001,2025-08-06,2025-09-27,발주
PO-000001460,FAC-001,2025-08-06,2025-09-27,발주
PO-000001461,FAC-001,2025-08-07,2025-09-28,발주
PO-000001462,FAC-001,2025-08-07,2025-09-28,발주
PO-000001463,FAC-001,2025-08-07,2025-09-28,발주
PO-000001464,FAC-001,2025-08-07,2025-09-28,발주
PO-000001465,FAC-001,2025-08-07,2025-09-28,발주
PO-000001466,FAC-001,2025-08-07,2025-09-28,발주
PO-000001467,FAC-001,2025-08-07,2025-09-28,발주
PO-000001468,FAC-001,2025-08-07,2025-09-28,발주
PO-000001469,FAC-001,2025-08-07,2025-09-28,발주
PO-000001470,FAC-001,2025-08-07,2025-09-28,발주
PO-000001471,FAC-001,2025-08-08,2025-09-29,발주
PO-000001472,FAC-001,2025-08-08,2025-09-29,발주
PO-000001473,FAC-001,2025-08-08,2025-09-29,발주
PO-000001474,FAC-001,2025-08-08,2025-09-29,발주
PO-000001475,FAC-001,2025-08-08,2025-09-29,발주
PO-000001476,FAC-001,2025-08-09,2025-09-30,발주
PO-000001477,FAC-001,2025-08-09,2025-09-30,발주
PO-000001478,FAC-001,2025-08-09,2025-09-30,발주
PO-000001479,FAC-001,2025-08-09,2025-09-30,발주
PO-000001480,FAC-001,2025-08-09,2025-09-30,발주
PO-000001481,FAC-001,2025-08-09,2025-09-30,발주
PO-000001482,FAC-001,2025-08-09,2025-09-30,발주
PO-000001483,FAC-001,2025-08-10,2025-10-01,발주
PO-000001484,FAC-001,2025-08-10,2025-10-01,발주
PO-000001485,FAC-001,2025-08-10,2025-10-01,발주
PO-000001486,FAC-001,2025-08-10,2025-10-01,발주
PO-000001487,FAC-001,2025-08-10,2025-10-01,발주
PO-000001488,FAC-001,2025-08-10,2025-10-01,발주
PO-000001489,FAC-001,2025-08-10,2025-10-01,발주
PO-000001490,FAC-001,2025-08-10,2025-10-01,발주
PO-000001491,FAC-001,2025-08-10,2025-10-01,발주
PO-000001492,FAC-001,2025-08-10,2025-10-01,발주
PO-000001493,FAC-001,2025-08-11,2025-10-02,발주
PO-000001494,FAC-001,2025-08-11,2025-10-02,발주
PO-000001495,FAC-001,2025-08-12,2025-10-03,발주
PO-000001496,FAC-001,2025-08-12,2025-10-03,발주
PO-000001497,FAC-001,2025-08-12,2025-10-03,발주
PO-000001498,FAC-001,2025-08-13,2025-10-04,발주
PO-000001499,FAC-001,2025-08-13,2025-10-04,발주
PO-000001500,FAC-001,2025-08-14,2025-10-05,발주
PO-000001501,FAC-001,2025-08-14,2025-10-05,발주
PO-000001502,FAC-001,2025-08-15,2025-10-06,발주
PO-000001503,FAC-001,2025-08-15,2025-10-06,발주
PO-000001504,FAC-001,2025-08-15,2025-10-06,발주
PO-000001505,FAC-001,2025-08-16,2025-10-07,발주
PO-000001506,FAC-001,2025-08-16,2025-10-07,발주
PO-000001507,FAC-001,2025-08-17,2025-10-08,발주
PO-000001508,FAC-001,2025-08-17,2025-10-08,발주
PO-000001509,FAC-001,2025-08-17,2025-10-08,발주
PO-000001510,FAC-001,2025-08-17,2025-10-08,발주
PO-000001511,FAC-001,2025-08-17,2025-10-08,발주
PO-000001512,FAC-001,2025-08-18,2025-10-09,발주
PO-000001513,FAC-001,2025-08-18,2025-10-09,발주
PO-000001514,FAC-001,2025-08-21,2025-10-12,발주
PO-000001515,FAC-001,2025-08-23,2025-10-14,발주
PO-000001516,FAC-001,2025-08-23,2025-10-14,발주
PO-000001517,FAC-001,2025-08-23,2025-10-14,발주
PO-000001518,FAC-001,2025-08-23,2025-10-14,발주
PO-000001519,FAC-001,2025-08-23,2025-10-14,발주
PO-000001520,FAC-001,2025-08-24,2025-10-15,발주
PO-000001521,FAC-001,2025-08-25,2025-10-16,발주
PO-000001522,FAC-001,2025-08-25,2025-10-16,발주
PO-000001523,FAC-001,2025-08-25,2025-10-16,발주
PO-000001524,FAC-001,2025-08-26,2025-10-17,발주
PO-000001525,FAC-001,2025-08-26,2025-10-17,발주
PO-000001526,FAC-001,2025-08-27,2025-10-18,발주
PO-000001527,FAC-001,2025-08-27,2025-10-18,발주
PO-000001528,FAC-001,2025-08-28,2025-10-19,발주
PO-000001529,FAC-001,2025-08-29,2025-10-20,발주
PO-000001530,FAC-001,2025-08-29,2025-10-20,발주
PO-000001531,FAC-001,2025-08-29,2025-10-20,발주
PO-000001532,FAC-001,2025-08-30,2025-10-21,발주
PO-000001533,FAC-001,2025-08-30,2025-10-21,발주
PO-000001534,FAC-001,2025-08-30,2025-10-21,발주
PO-000001535,FAC-001,2025-08-31,2025-10-22,발주
PO-000001536,FAC-001,2025-09-01,2025-10-23,발주
PO-000001537,FAC-001,2025-09-01,2025-10-23,발주
PO-000001538,FAC-001,2025-09-01,2025-10-23,발주
PO-000001539,FAC-001,2025-09-01,2025-10-23,발주
PO-000001540,FAC-001,2025-09-01,2025-10-23,발주
PO-000001541,FAC-001,2025-09-01,2025-10-23,발주
PO-000001542,FAC-001,2025-09-01,2025-10-23,발주
PO-000001543,FAC-001,2025-09-01,2025-10-23,발주
PO-000001544,FAC-001,2025-09-01,2025-10-23,발주
PO-000001545,FAC-001,2025-09-01,2025-10-23,발주
PO-000001546,FAC-001,2025-09-01,2025-10-23,발주
PO-000001547,FAC-001,2025-09-01,2025-10-23,발주
PO-000001548,FAC-001,2025-09-01,2025-10-23,발주
PO-000001549,FAC-001,2025-09-01,2025-10-23,발주
PO-000001550,FAC-001,2025-09-01,2025-10-23,발주
PO-000001551,FAC-001,2025-09-01,2025-10-23,발주
PO-000001552,FAC-001,2025-09-01,2025-10-23,발주
PO-000001553,FAC-001,2025-09-01,2025-10-23,발주
PO-000001554,FAC-001,2025-09-01,2025-10-23,발주
PO-000001555,FAC-001,2025-09-01,2025-10-23,발주
PO-000001556,FAC-001,2025-09-01,2025-10-23,발주
PO-000001557,FAC-001,2025-09-01,2025-10-23,발주
PO-000001558,FAC-001,2025-09-01,2025-10-23,발주
PO-000001559,FAC-001,2025-09-02,2025-10-24,발주
PO-000001560,FAC-001,2025-09-02,2025-10-24,발주
PO-000001561,FAC-001,2025-09-02,2025-10-24,발주
PO-000001562,FAC-001,2025-09-02,2025-10-24,발주
PO-000001563,FAC-001,2025-09-02,2025-10-24,발주
PO-000001564,FAC-001,2025-09-02,2025-10-24,발주
PO-000001565,FAC-001,2025-09-03,2025-10-25,발주
PO-000001566,FAC-001,2025-09-03,2025-10-25,발주
PO-000001567,FAC-001,2025-09-04,2025-10-26,발주
PO-000001568,FAC-001,2025-09-04,2025-10-26,발주
PO-000001569,FAC-001,2025-09-04,2025-10-26,발주
PO-000001570,FAC-001,2025-09-05,2025-10-27,발주
PO-000001571,FAC-001,2025-09-05,2025-10-27,발주
PO-000001572,FAC-001,2025-09-05,2025-10-27,발주
PO-000001573,FAC-001,2025-09-06,2025-10-28,발주
PO-000001574,FAC-001,2025-09-06,2025-10-28,발주
PO-000001575,FAC-001,2025-09-06,2025-10-28,발주
PO-000001576,FAC-001,2025-09-06,2025-10-28,발주
PO-000001577,FAC-001,2025-09-06,2025-10-28,발주
PO-000001578,FAC-001,2025-09-06,2025-10-28,발주
PO-000001579,FAC-001,2025-09-06,2025-10-28,발주
PO-000001580,FAC-001,2025-09-07,2025-10-29,발주
PO-000001581,FAC-001,2025-09-07,2025-10-29,발주
PO-000001582,FAC-001,2025-09-07,2025-10-29,발주
PO-000001583,FAC-001,2025-09-07,2025-10-29,발주
PO-000001584,FAC-001,2025-09-07,2025-10-29,발주
PO-000001585,FAC-001,2025-09-07,2025-10-29,발주
PO-000001586,FAC-001,2025-09-08,2025-10-30,발주
PO-000001587,FAC-001,2025-09-08,2025-10-30,발주
PO-000001588,FAC-001,2025-09-08,2025-10-30,발주
PO-000001589,FAC-001,2025-09-08,2025-10-30,발주
PO-000001590,FAC-001,2025-09-09,2025-10-31,발주
PO-000001591,FAC-001,2025-09-09,2025-10-31,발주
PO-000001592,FAC-001,2025-09-10,2025-11-01,발주
PO-000001593,FAC-001,2025-09-10,2025-11-01,발주
PO-000001594,FAC-001,2025-09-10,2025-11-01,발주
PO-000001595,FAC-001,2025-09-10,2025-11-01,발주
PO-000001596,FAC-001,2025-09-10,2025-11-01,발주
PO-000001597,FAC-001,2025-09-10,2025-11-01,발주
PO-000001598,FAC-001,2025-09-10,2025-11-01,발주
PO-000001599,FAC-001,2025-09-10,2025-11-01,발주
PO-000001600,FAC-001,2025-09-10,2025-11-01,발주
PO-000001601,FAC-001,2025-09-11,2025-11-02,발주
PO-000001602,FAC-001,2025-09-11,2025-11-02,발주
PO-000001603,FAC-001,2025-09-11,2025-11-02,발주
PO-000001604,FAC-001,2025-09-11,2025-11-02,발주
PO-000001605,FAC-001,2025-09-11,2025-11-02,발주
PO-000001606,FAC-001,2025-09-12,2025-11-03,발주
PO-000001607,FAC-001,2025-09-12,2025-11-03,발주
PO-000001608,FAC-001,2025-09-12,2025-11-03,발주
PO-000001609,FAC-001,2025-09-12,2025-11-03,발주
PO-000001610,FAC-001,2025-09-12,2025-11-03,발주
PO-000001611,FAC-001,2025-09-12,2025-11-03,발주
PO-000001612,FAC-001,2025-09-13,2025-11-04,발주
PO-000001613,FAC-001,2025-09-13,2025-11-04,발주
PO-000001614,FAC-001,2025-09-13,2025-11-04,발주
PO-000001615,FAC-001,2025-09-13,2025-11-04,발주
PO-000001616,FAC-001,2025-09-13,2025-11-04,발주
PO-000001617,FAC-001,2025-09-13,2025-11-04,발주
PO-000001618,FAC-001,2025-09-13,2025-11-04,발주
PO-000001619,FAC-001,2025-09-13,2025-11-04,발주
PO-000001620,FAC-001,2025-09-13,2025-11-04,발주
PO-000001621,FAC-001,2025-09-13,2025-11-04,발주
PO-000001622,FAC-001,2025-09-13,2025-11-04,발주
PO-000001623,FAC-001,2025-09-13,2025-11-04,발주
PO-000001624,FAC-001,2025-09-14,2025-11-05,발주
PO-000001625,FAC-001,2025-09-14,2025-11-05,발주
PO-000001626,FAC-001,2025-09-14,2025-11-05,발주
PO-000001627,FAC-001,2025-09-14,2025-11-05,발주
PO-000001628,FAC-001,2025-09-14,2025-11-05,발주
PO-000001629,FAC-001,2025-09-14,2025-11-05,발주
PO-000001630,FAC-001,2025-09-15,2025-11-06,발주
PO-000001631,FAC-001,2025-09-15,2025-11-06,발주
PO-000001632,FAC-001,2025-09-15,2025-11-06,발주
PO-000001633,FAC-001,2025-09-15,2025-11-06,발주
PO-000001634,FAC-001,2025-09-15,2025-11-06,발주
PO-000001635,FAC-001,2025-09-16,2025-11-07,발주
PO-000001636,FAC-001,2025-09-16,2025-11-07,발주
PO-000001637,FAC-001,2025-09-16,2025-11-07,발주
PO-000001638,FAC-001,2025-09-16,2025-11-07,발주
PO-000001639,FAC-001,2025-09-16,2025-11-07,발주
PO-000001640,FAC-001,2025-09-17,2025-11-08,발주
PO-000001641,FAC-001,2025-09-17,2025-11-08,발주
PO-000001642,FAC-001,2025-09-17,2025-11-08,발주
PO-000001643,FAC-001,2025-09-17,2025-11-08,발주
PO-000001644,FAC-001,2025-09-17,2025-11-08,발주
PO-000001645,FAC-001,2025-09-17,2025-11-08,발주
PO-000001646,FAC-001,2025-09-17,2025-11-08,발주
PO-000001647,FAC-001,2025-09-17,2025-11-08,발주
PO-000001648,FAC-001,2025-09-17,2025-11-08,발주
PO-000001649,FAC-001,2025-09-18,2025-11-09,발주
PO-000001650,FAC-001,2025-09-18,2025-11-09,발주
PO-000001651,FAC-001,2025-09-18,2025-11-09,발주
PO-000001652,FAC-001,2025-09-19,2025-11-10,발주
PO-000001653,FAC-001,2025-09-19,2025-11-10,발주
PO-000001654,FAC-001,2025-09-19,2025-11-10,발주
PO-000001655,FAC-001,2025-09-19,2025-11-10,발주
PO-000001656,FAC-001,2025-09-19,2025-11-10,발주
PO-000001657,FAC-001,2025-09-19,2025-11-10,발주
PO-000001658,FAC-001,2025-09-20,2025-11-11,발주
PO-000001659,FAC-001,2025-09-20,2025-11-11,발주
PO-000001660,FAC-001,2025-09-21,2025-11-12,발주
PO-000001661,FAC-001,2025-09-21,2025-11-12,발주
PO-000001662,FAC-001,2025-09-22,2025-11-13,발주
PO-000001663,FAC-001,2025-09-22,2025-11-13,발주
PO-000001664,FAC-001,2025-09-23,2025-11-14,발주
PO-000001665,FAC-001,2025-09-23,2025-11-14,발주
PO-000001666,FAC-001,2025-09-23,2025-11-14,발주
PO-000001667,FAC-001,2025-09-24,2025-11-15,발주
PO-000001668,FAC-001,2025-09-24,2025-11-15,발주
PO-000001669,FAC-001,2025-09-25,2025-11-16,발주
PO-000001670,FAC-001,2025-09-25,2025-11-16,발주
PO-000001671,FAC-001,2025-09-27,2025-11-18,발주
PO-000001672,FAC-001,2025-09-27,2025-11-18,발주
PO-000001673,FAC-001,2025-09-27,2025-11-18,발주
PO-000001674,FAC-001,2025-09-28,2025-11-19,발주
PO-000001675,FAC-001,2025-09-28,2025-11-19,발주
PO-000001676,FAC-001,2025-09-28,2025-11-19,발주
PO-000001677,FAC-001,2025-09-28,2025-11-19,발주
PO-000001678,FAC-001,2025-09-28,2025-11-19,발주
PO-000001679,FAC-001,2025-09-29,2025-11-20,발주
PO-000001680,FAC-001,2025-09-29,2025-11-20,발주
PO-000001681,FAC-001,2025-09-29,2025-11-20,발주
PO-000001682,FAC-001,2025-09-29,2025-11-20,발주
PO-000001683,FAC-001,2025-09-29,2025-11-20,발주
PO-000001684,FAC-001,2025-09-30,2025-11-21,발주
PO-000001685,FAC-001,2025-10-01,2025-11-22,발주
PO-000001686,FAC-001,2025-10-01,2025-11-22,발주
PO-000001687,FAC-001,2025-10-01,2025-11-22,발주
PO-000001688,FAC-001,2025-10-01,2025-11-22,발주
PO-000001689,FAC-001,2025-10-01,2025-11-22,발주
PO-000001690,FAC-001,2025-10-02,2025-11-23,발주
PO-000001691,FAC-001,2025-10-03,2025-11-24,발주
PO-000001692,FAC-001,2025-10-03,2025-11-24,발주
PO-000001693,FAC-001,2025-10-04,2025-11-25,발주
PO-000001694,FAC-001,2025-10-04,2025-11-25,발주
PO-000001695,FAC-001,2025-10-04,2025-11-25,발주
PO-000001696,FAC-001,2025-10-04,2025-11-25,발주
PO-000001697,FAC-001,2025-10-04,2025-11-25,발주
PO-000001698,FAC-001,2025-10-04,2025-11-25,발주
PO-000001699,FAC-001,2025-10-04,2025-11-25,발주
PO-000001700,FAC-001,2025-10-04,2025-11-25,발주
PO-000001701,FAC-001,2025-10-04,2025-11-25,발주
PO-000001702,FAC-001,2025-10-05,2025-11-26,발주
PO-000001703,FAC-001,2025-10-05,2025-11-26,발주
PO-000001704,FAC-001,2025-10-05,2025-11-26,발주
PO-000001705,FAC-001,2025-10-06,2025-11-27,발주
PO-000001706,FAC-001,2025-10-06,2025-11-27,발주
PO-000001707,FAC-001,2025-10-06,2025-11-27,발주
PO-000001708,FAC-001,2025-10-07,2025-11-28,발주
PO-000001709,FAC-001,2025-10-07,2025-11-28,발주
PO-000001710,FAC-001,2025-10-07,2025-11-28,발주
PO-000001711,FAC-001,2025-10-07,2025-11-28,발주
PO-000001712,FAC-001,2025-10-08,2025-11-29,발주
PO-000001713,FAC-001,2025-10-08,2025-11-29,발주
PO-000001714,FAC-001,2025-10-08,2025-11-29,발주
PO-000001715,FAC-001,2025-10-08,2025-11-29,발주
PO-000001716,FAC-001,2025-10-08,2025-11-29,발주
PO-000001717,FAC-001,2025-10-08,2025-11-29,발주
PO-000001718,FAC-001,2025-10-08,2025-11-29,발주
PO-000001719,FAC-001,2025-10-08,2025-11-29,발주
PO-000001720,FAC-001,2025-10-08,2025-11-29,발주
PO-000001721,FAC-001,2025-10-08,2025-11-29,발주
PO-000001722,FAC-001,2025-10-08,2025-11-29,발주
PO-000001723,FAC-001,2025-10-09,2025-11-30,발주
PO-000001724,FAC-001,2025-10-09,2025-11-30,발주
PO-000001725,FAC-001,2025-10-09,2025-11-30,발주
PO-000001726,FAC-001,2025-10-09,2025-11-30,발주
PO-000001727,FAC-001,2025-10-09,2025-11-30,발주
PO-000001728,FAC-001,2025-10-09,2025-11-30,발주
PO-000001729,FAC-001,2025-10-09,2025-11-30,발주
PO-000001730,FAC-001,2025-10-09,2025-11-30,발주
PO-000001731,FAC-001,2025-10-09,2025-11-30,발주
PO-000001732,FAC-001,2025-10-09,2025-11-30,발주
PO-000001733,FAC-001,2025-10-09,2025-11-30,발주
PO-000001734,FAC-001,2025-10-10,2025-12-01,발주
PO-000001735,FAC-001,2025-10-10,2025-12-01,발주
PO-000001736,FAC-001,2025-10-10,2025-12-01,발주
PO-000001737,FAC-001,2025-10-10,2025-12-01,발주
PO-000001738,FAC-001,2025-10-10,2025-12-01,발주
PO-000001739,FAC-001,2025-10-10,2025-12-01,발주
PO-000001740,FAC-001,2025-10-10,2025-12-01,발주
PO-000001741,FAC-001,2025-10-10,2025-12-01,발주
PO-000001742,FAC-001,2025-10-10,2025-12-01,발주
PO-000001743,FAC-001,2025-10-10,2025-12-01,발주
PO-000001744,FAC-001,2025-10-10,2025-12-01,발주
PO-000001745,FAC-001,2025-10-10,2025-12-01,발주
PO-000001746,FAC-001,2025-10-10,2025-12-01,발주
PO-000001747,FAC-001,2025-10-11,2025-12-02,발주
PO-000001748,FAC-001,2025-10-11,2025-12-02,발주
PO-000001749,FAC-001,2025-10-11,2025-12-02,발주
PO-000001750,FAC-001,2025-10-11,2025-12-02,발주
PO-000001751,FAC-001,2025-10-11,2025-12-02,발주
PO-000001752,FAC-001,2025-10-11,2025-12-02,발주
PO-000001753,FAC-001,2025-10-11,2025-12-02,발주
PO-000001754,FAC-001,2025-10-11,2025-12-02,발주
PO-000001755,FAC-001,2025-10-11,2025-12-02,발주
PO-000001756,FAC-001,2025-10-12,2025-12-03,발주
PO-000001757,FAC-001,2025-10-12,2025-12-03,발주
PO-000001758,FAC-001,2025-10-12,2025-12-03,발주
PO-000001759,FAC-001,2025-10-12,2025-12-03,발주
PO-000001760,FAC-001,2025-10-12,2025-12-03,발주
PO-000001761,FAC-001,2025-10-12,2025-12-03,발주
PO-000001762,FAC-001,2025-10-12,2025-12-03,발주
PO-000001763,FAC-001,2025-10-12,2025-12-03,발주
PO-000001764,FAC-001,2025-10-12,2025-12-03,발주
PO-000001765,FAC-001,2025-10-12,2025-12-03,발주
PO-000001766,FAC-001,2025-10-12,2025-12-03,발주
PO-000001767,FAC-001,2025-10-12,2025-12-03,발주
PO-000001768,FAC-001,2025-10-13,2025-12-04,발주
PO-000001769,FAC-001,2025-10-13,2025-12-04,발주
PO-000001770,FAC-001,2025-10-13,2025-12-04,발주
PO-000001771,FAC-001,2025-10-13,2025-12-04,발주
PO-000001772,FAC-001,2025-10-13,2025-12-04,발주
PO-000001773,FAC-001,2025-10-14,2025-12-05,발주
PO-000001774,FAC-001,2025-10-14,2025-12-05,발주
PO-000001775,FAC-001,2025-10-14,2025-12-05,발주
PO-000001776,FAC-001,2025-10-14,2025-12-05,발주
PO-000001777,FAC-001,2025-10-14,2025-12-05,발주
PO-000001778,FAC-001,2025-10-14,2025-12-05,발주
PO-000001779,FAC-001,2025-10-14,2025-12-05,발주
PO-000001780,FAC-001,2025-10-15,2025-12-06,발주
PO-000001781,FAC-001,2025-10-15,2025-12-06,발주
PO-000001782,FAC-001,2025-10-16,2025-12-07,발주
PO-000001783,FAC-001,2025-10-16,2025-12-07,발주
PO-000001784,FAC-001,2025-10-17,2025-12-08,발주
PO-000001785,FAC-001,2025-10-17,2025-12-08,발주
PO-000001786,FAC-001,2025-10-17,2025-12-08,발주
PO-000001787,FAC-001,2025-10-18,2025-12-09,발주
PO-000001788,FAC-001,2025-10-18,2025-12-09,발주
PO-000001789,FAC-001,2025-10-19,2025-12-10,발주
PO-000001790,FAC-001,2025-10-19,2025-12-10,발주
PO-000001791,FAC-001,2025-10-19,2025-12-10,발주
PO-000001792,FAC-001,2025-10-20,2025-12-11,발주
PO-000001793,FAC-001,2025-10-20,2025-12-11,발주
PO-000001794,FAC-001,2025-10-20,2025-12-11,발주
PO-000001795,FAC-001,2025-10-20,2025-12-11,발주
PO-000001796,FAC-001,2025-10-21,2025-12-12,발주
PO-000001797,FAC-001,2025-10-22,2025-12-13,발주
PO-000001798,FAC-001,2025-10-22,2025-12-13,발주
PO-000001799,FAC-001,2025-10-22,2025-12-13,발주
PO-000001800,FAC-001,2025-10-22,2025-12-13,발주
PO-000001801,FAC-001,2025-10-23,2025-12-14,발주
PO-000001802,FAC-001,2025-10-23,2025-12-14,발주
PO-000001803,FAC-001,2025-10-23,2025-12-14,발주
PO-000001804,FAC-001,2025-10-24,2025-12-15,발주
PO-000001805,FAC-001,2025-10-24,2025-12-15,발주
PO-000001806,FAC-001,2025-10-24,2025-12-15,발주
PO-000001807,FAC-001,2025-10-25,2025-12-16,발주
PO-000001808,FAC-001,2025-10-25,2025-12-16,발주
PO-000001809,FAC-001,2025-10-26,2025-12-17,발주
PO-000001810,FAC-001,2025-10-27,2025-12-18,발주
PO-000001811,FAC-001,2025-10-27,2025-12-18,발주
PO-000001812,FAC-001,2025-10-27,2025-12-18,발주
PO-000001813,FAC-001,2025-10-27,2025-12-18,발주
PO-000001814,FAC-001,2025-10-28,2025-12-19,발주
PO-000001815,FAC-001,2025-10-28,2025-12-19,발주
PO-000001816,FAC-001,2025-10-29,2025-12-20,발주
PO-000001817,FAC-001,2025-10-29,2025-12-20,발주
PO-000001818,FAC-001,2025-10-30,2025-12-21,발주
PO-000001819,FAC-001,2025-10-30,2025-12-21,발주
PO-000001820,FAC-001,2025-10-30,2025-12-21,발주
PO-000001821,FAC-001,2025-10-31,2025-12-22,발주
PO-000001822,FAC-001,2025-10-31,2025-12-22,발주
PO-000001823,FAC-001,2025-10-31,2025-12-22,발주
PO-000001824,FAC-001,2025-11-01,2025-12-23,발주
PO-000001825,FAC-001,2025-11-01,2025-12-23,발주
PO-000001826,FAC-001,2025-11-01,2025-12-23,발주
PO-000001827,FAC-001,2025-11-02,2025-12-24,발주
PO-000001828,FAC-001,2025-11-03,2025-12-25,발주
PO-000001829,FAC-001,2025-11-03,2025-12-25,발주
PO-000001830,FAC-001,2025-11-04,2025-12-26,발주
PO-000001831,FAC-001,2025-11-05,2025-12-27,발주
PO-000001832,FAC-001,2025-11-05,2025-12-27,발주
PO-000001833,FAC-001,2025-11-05,2025-12-27,발주
PO-000001834,FAC-001,2025-11-06,2025-12-28,발주
PO-000001835,FAC-001,2025-11-06,2025-12-28,발주
PO-000001836,FAC-001,2025-11-06,2025-12-28,발주
PO-000001837,FAC-001,2025-11-08,2025-12-30,발주
PO-000001838,FAC-001,2025-11-08,2025-12-30,발주
PO-000001839,FAC-001,2025-11-08,2025-12-30,발주
PO-000001840,FAC-001,2025-11-08,2025-12-30,발주
PO-000001841,FAC-001,2025-11-08,2025-12-30,발주
PO-000001842,FAC-001,2025-11-08,2025-12-30,발주
PO-000001843,FAC-001,2025-11-08,2025-12-30,발주
PO-000001844,FAC-001,2025-11-09,2025-12-31,발주
PO-000001845,FAC-001,2025-11-09,2025-12-31,발주
PO-000001846,FAC-001,2025-11-09,2025-12-31,발주
PO-000001847,FAC-001,2025-11-09,2025-12-31,발주
PO-000001848,FAC-001,2025-11-10,2026-01-01,발주
PO-000001849,FAC-001,2025-11-10,2026-01-01,발주
PO-000001850,FAC-001,2025-11-10,2026-01-01,발주
PO-000001851,FAC-001,2025-11-11,2026-01-02,발주
PO-000001852,FAC-001,2025-11-11,2026-01-02,발주
PO-000001853,FAC-001,2025-11-11,2026-01-02,발주
PO-000001854,FAC-001,2025-11-12,2026-01-03,발주
PO-000001855,FAC-001,2025-11-12,2026-01-03,발주
PO-000001856,FAC-001,2025-11-13,2026-01-04,발주
PO-000001857,FAC-001,2025-11-14,2026-01-05,발주
PO-000001858,FAC-001,2025-11-14,2026-01-05,발주
PO-000001859,FAC-001,2025-11-14,2026-01-05,발주
PO-000001860,FAC-001,2025-11-15,2026-01-06,발주
PO-000001861,FAC-001,2025-11-15,2026-01-06,발주
PO-000001862,FAC-001,2025-11-15,2026-01-06,발주
PO-000001863,FAC-001,2025-11-15,2026-01-06,발주
PO-000001864,FAC-001,2025-11-15,2026-01-06,발주
PO-000001865,FAC-001,2025-11-15,2026-01-06,발주
PO-000001866,FAC-001,2025-11-15,2026-01-06,발주
PO-000001867,FAC-001,2025-11-15,2026-01-06,발주
PO-000001868,FAC-001,2025-11-15,2026-01-06,발주
PO-000001869,FAC-001,2025-11-15,2026-01-06,발주
PO-000001870,FAC-001,2025-11-15,2026-01-06,발주
PO-000001871,FAC-001,2025-11-15,2026-01-06,발주
PO-000001872,FAC-001,2025-11-15,2026-01-06,발주
PO-000001873,FAC-001,2025-11-16,2026-01-07,발주
PO-000001874,FAC-001,2025-11-16,2026-01-07,발주
PO-000001875,FAC-001,2025-11-17,2026-01-08,발주
PO-000001876,FAC-001,2025-11-17,2026-01-08,발주
PO-000001877,FAC-001,2025-11-18,2026-01-09,발주
PO-000001878,FAC-001,2025-11-18,2026-01-09,발주
PO-000001879,FAC-001,2025-11-18,2026-01-09,발주
PO-000001880,FAC-001,2025-11-18,2026-01-09,발주
PO-000001881,FAC-001,2025-11-19,2026-01-10,발주
PO-000001882,FAC-001,2025-11-19,2026-01-10,발주
PO-000001883,FAC-001,2025-11-19,2026-01-10,발주
PO-000001884,FAC-001,2025-11-19,2026-01-10,발주
PO-000001885,FAC-001,2025-11-19,2026-01-10,발주
PO-000001886,FAC-001,2025-11-20,2026-01-11,발주
PO-000001887,FAC-001,2025-11-20,2026-01-11,발주
PO-000001888,FAC-001,2025-11-20,2026-01-11,발주
PO-000001889,FAC-001,2025-11-20,2026-01-11,발주
PO-000001890,FAC-001,2025-11-20,2026-01-11,발주
PO-000001891,FAC-001,2025-11-20,2026-01-11,발주
PO-000001892,FAC-001,2025-11-21,2026-01-12,발주
PO-000001893,FAC-001,2025-11-21,2026-01-12,발주
PO-000001894,FAC-001,2025-11-21,2026-01-12,발주
PO-000001895,FAC-001,2025-11-21,2026-01-12,발주
PO-000001896,FAC-001,2025-11-21,2026-01-12,발주
PO-000001897,FAC-001,2025-11-21,2026-01-12,발주
PO-000001898,FAC-001,2025-11-22,2026-01-13,발주
PO-000001899,FAC-001,2025-11-22,2026-01-13,발주
PO-000001900,FAC-001,2025-11-22,2026-01-13,발주
PO-000001901,FAC-001,2025-11-22,2026-01-13,발주
PO-000001902,FAC-001,2025-11-22,2026-01-13,발주
PO-000001903,FAC-001,2025-11-22,2026-01-13,발주
PO-000001904,FAC-001,2025-11-22,2026-01-13,발주
PO-000001905,FAC-001,2025-11-22,2026-01-13,발주
PO-000001906,FAC-001,2025-11-22,2026-01-13,발주
PO-000001907,FAC-001,2025-11-23,2026-01-14,발주
PO-000001908,FAC-001,2025-11-23,2026-01-14,발주
PO-000001909,FAC-001,2025-11-23,2026-01-14,발주
PO-000001910,FAC-001,2025-11-24,2026-01-15,발주
PO-000001911,FAC-001,2025-11-24,2026-01-15,발주
PO-000001912,FAC-001,2025-11-24,2026-01-15,발주
PO-000001913,FAC-001,2025-11-24,2026-01-15,발주
PO-000001914,FAC-001,2025-11-24,2026-01-15,발주
PO-000001915,FAC-001,2025-11-24,2026-01-15,발주
PO-000001916,FAC-001,2025-11-24,2026-01-15,발주
PO-000001917,FAC-001,2025-11-24,2026-01-15,발주
PO-000001918,FAC-001,2025-11-24,2026-01-15,발주
PO-000001919,FAC-001,2025-11-25,2026-01-16,발주
PO-000001920,FAC-001,2025-11-25,2026-01-16,발주
PO-000001921,FAC-001,2025-11-25,2026-01-16,발주
PO-000001922,FAC-001,2025-11-26,2026-01-17,발주
PO-000001923,FAC-001,2025-11-26,2026-01-17,발주
PO-000001924,FAC-001,2025-11-27,2026-01-18,발주
PO-000001925,FAC-001,2025-11-27,2026-01-18,발주
PO-000001926,FAC-001,2025-11-27,2026-01-18,발주
PO-000001927,FAC-001,2025-11-27,2026-01-18,발주
PO-000001928,FAC-001,2025-11-28,2026-01-19,발주
PO-000001929,FAC-001,2025-11-28,2026-01-19,발주
PO-000001930,FAC-001,2025-11-28,2026-01-19,발주
PO-000001931,FAC-001,2025-11-28,2026-01-19,발주
PO-000001932,FAC-001,2025-11-28,2026-01-19,발주
PO-000001933,FAC-001,2025-11-29,2026-01-20,발주
PO-000001934,FAC-001,2025-11-29,2026-01-20,발주
PO-000001935,FAC-001,2025-11-29,2026-01-20,발주
PO-000001936,FAC-001,2025-11-29,2026-01-20,발주
PO-000001937,FAC-001,2025-11-29,2026-01-20,발주
PO-000001938,FAC-001,2025-11-29,2026-01-20,발주
PO-000001939,FAC-001,2025-11-29,2026-01-20,발주
PO-000001940,FAC-001,2025-11-29,2026-01-20,발주
PO-000001941,FAC-001,2025-11-29,2026-01-20,발주
PO-000001942,FAC-001,2025-11-29,2026-01-20,발주
PO-000001943,FAC-001,2025-11-30,2026-01-21,발주
PO-000001944,FAC-001,2025-11-30,2026-01-21,발주
PO-000001945,FAC-001,2025-11-30,2026-01-21,발주
PO-000001946,FAC-001,2025-11-30,2026-01-21,발주
PO-000001947,FAC-001,2025-11-30,2026-01-21,발주
PO-000001948,FAC-001,2025-11-30,2026-01-21,발주
PO-000001949,FAC-001,2025-11-30,2026-01-21,발주
PO-000001950,FAC-001,2025-11-30,2026-01-21,발주
PO-000001951,FAC-001,2025-11-30,2026-01-21,발주
PO-000001952,FAC-001,2025-11-30,2026-01-21,발주
PO-000001953,FAC-001,2025-11-30,2026-01-21,발주
PO-000001954,FAC-001,2025-11-30,2026-01-21,발주
PO-000001955,FAC-001,2025-12-01,2026-01-22,발주
PO-000001956,FAC-001,2025-12-01,2026-01-22,발주
PO-000001957,FAC-001,2025-12-01,2026-01-22,발주
PO-000001958,FAC-001,2025-12-01,2026-01-22,발주
PO-000001959,FAC-001,2025-12-01,2026-01-22,발주
PO-000001960,FAC-001,2025-12-01,2026-01-22,발주
PO-000001961,FAC-001,2025-12-01,2026-01-22,발주
PO-000001962,FAC-001,2025-12-01,2026-01-22,발주
PO-000001963,FAC-001,2025-12-01,2026-01-22,발주
PO-000001964,FAC-001,2025-12-01,2026-01-22,발주
PO-000001965,FAC-001,2025-12-01,2026-01-22,발주
PO-000001966,FAC-001,2025-12-01,2026-01-22,발주
PO-000001967,FAC-001,2025-12-01,2026-01-22,발주
PO-000001968,FAC-001,2025-12-01,2026-01-22,발주
PO-000001969,FAC-001,2025-12-01,2026-01-22,발주
PO-000001970,FAC-001,2025-12-01,2026-01-22,발주
PO-000001971,FAC-001,2025-12-01,2026-01-22,발주
PO-000001972,FAC-001,2025-12-01,2026-01-22,발주
PO-000001973,FAC-001,2025-12-01,2026-01-22,발주
PO-000001974,FAC-001,2025-12-01,2026-01-22,발주
PO-000001975,FAC-001,2025-12-01,2026-01-22,발주
PO-000001976,FAC-001,2025-12-01,2026-01-22,발주
PO-000001977,FAC-001,2025-12-01,2026-01-22,발주
PO-000001978,FAC-001,2025-12-01,2026-01-22,발주
PO-000001979,FAC-001,2025-12-01,2026-01-22,발주
PO-000001980,FAC-001,2025-12-01,2026-01-22,발주
PO-000001981,FAC-001,2025-12-01,2026-01-22,발주
PO-000001982,FAC-001,2025-12-01,2026-01-22,발주
PO-000001983,FAC-001,2025-12-01,2026-01-22,발주
PO-000001984,FAC-001,2025-12-01,2026-01-22,발주
PO-000001985,FAC-001,2025-12-01,2026-01-22,발주
PO-000001986,FAC-001,2025-12-01,2026-01-22,발주
PO-000001987,FAC-001,2025-12-01,2026-01-22,발주
PO-000001988,FAC-001,2025-12-01,2026-01-22,발주
PO-000001989,FAC-001,2025-12-01,2026-01-22,발주
PO-000001990,FAC-001,2025-12-01,2026-01-22,발주
PO-000001991,FAC-001,2025-12-01,2026-01-22,발주
PO-000001992,FAC-001,2025-12-01,2026-01-22,발주
PO-000001993,FAC-001,2025-12-01,2026-01-22,발주
PO-000001994,FAC-001,2025-12-01,2026-01-22,발주
PO-000001995,FAC-001,2025-12-01,2026-01-22,발주
PO-000001996,FAC-001,2025-12-01,2026-01-22,발주
PO-000001997,FAC-001,2025-12-01,2026-01-22,발주
PO-000001998,FAC-001,2025-12-01,2026-01-22,발주
PO-000001999,FAC-001,2025-12-01,2026-01-22,발주
PO-000002000,FAC-001,2025-12-01,2026-01-22,발주
PO-000002001,FAC-001,2025-12-01,2026-01-22,발주
PO-000002002,FAC-001,2025-12-01,2026-01-22,발주
PO-000002003,FAC-001,2025-12-01,2026-01-22,발주
PO-000002004,FAC-001,2025-12-01,2026-01-22,발주
PO-000002005,FAC-001,2025-12-01,2026-01-22,발주
PO-000002006,FAC-001,2025-12-01,2026-01-22,발주
PO-000002007,FAC-001,2025-12-01,2026-01-22,발주
PO-000002008,FAC-001,2025-12-01,2026-01-22,발주
PO-000002009,FAC-001,2025-12-01,2026-01-22,발주
PO-000002010,FAC-001,2025-12-01,2026-01-22,발주
PO-000002011,FAC-001,2025-12-01,2026-01-22,발주
PO-000002012,FAC-001,2025-12-01,2026-01-22,발주
PO-000002013,FAC-001,2025-12-01,2026-01-22,발주
PO-000002014,FAC-001,2025-12-01,2026-01-22,발주
PO-000002015,FAC-001,2025-12-01,2026-01-22,발주
PO-000002016,FAC-001,2025-12-01,2026-01-22,발주
PO-000002017,FAC-001,2025-12-01,2026-01-22,발주
PO-000002018,FAC-001,2025-12-01,2026-01-22,발주
PO-000002019,FAC-001,2025-12-01,2026-01-22,발주
PO-000002020,FAC-001,2025-12-01,2026-01-22,발주
PO-000002021,FAC-001,2025-12-01,2026-01-22,발주
PO-000002022,FAC-001,2025-12-01,2026-01-22,발주
PO-000002023,FAC-001,2025-12-01,2026-01-22,발주
PO-000002024,FAC-001,2025-12-01,2026-01-22,발주
PO-000002025,FAC-001,2025-12-01,2026-01-22,발주
PO-000002026,FAC-001,2025-12-01,2026-01-22,발주
PO-000002027,FAC-001,2025-12-01,2026-01-22,발주
PO-000002028,FAC-001,2025-12-01,2026-01-22,발주
PO-000002029,FAC-001,2025-12-01,2026-01-22,발주
PO-000002030,FAC-001,2025-12-01,2026-01-22,발주
PO-000002031,FAC-001,2025-12-01,2026-01-22,발주
PO-000002032,FAC-001,2025-12-01,2026-01-22,발주
PO-000002033,FAC-001,2025-12-01,2026-01-22,발주
PO-000002034,FAC-001,2025-12-01,2026-01-22,발주
PO-000002035,FAC-001,2025-12-01,2026-01-22,발주
PO-000002036,FAC-001,2025-12-01,2026-01-22,발주
PO-000002037,FAC-001,2025-12-01,2026-01-22,발주
PO-000002038,FAC-001,2025-12-01,2026-01-22,발주
PO-000002039,FAC-001,2025-12-01,2026-01-22,발주
PO-000002040,FAC-001,2025-12-01,2026-01-22,발주
PO-000002041,FAC-001,2025-12-01,2026-01-22,발주
PO-000002042,FAC-001,2025-12-01,2026-01-22,발주
PO-000002043,FAC-001,2025-12-01,2026-01-22,발주
PO-000002044,FAC-001,2025-12-02,2026-01-23,발주
PO-000002045,FAC-001,2025-12-02,2026-01-23,발주
PO-000002046,FAC-001,2025-12-02,2026-01-23,발주
PO-000002047,FAC-001,2025-12-02,2026-01-23,발주
PO-000002048,FAC-001,2025-12-02,2026-01-23,발주
PO-000002049,FAC-001,2025-12-02,2026-01-23,발주
PO-000002050,FAC-001,2025-12-02,2026-01-23,발주
PO-000002051,FAC-001,2025-12-02,2026-01-23,발주
PO-000002052,FAC-001,2025-12-02,2026-01-23,발주
PO-000002053,FAC-001,2025-12-02,2026-01-23,발주
PO-000002054,FAC-001,2025-12-02,2026-01-23,발주
PO-000002055,FAC-001,2025-12-02,2026-01-23,발주
PO-000002056,FAC-001,2025-12-02,2026-01-23,발주
PO-000002057,FAC-001,2025-12-02,2026-01-23,발주
PO-000002058,FAC-001,2025-12-02,2026-01-23,발주
PO-000002059,FAC-001,2025-12-02,2026-01-23,발주
PO-000002060,FAC-001,2025-12-02,2026-01-23,발주
PO-000002061,FAC-001,2025-12-02,2026-01-23,발주
PO-000002062,FAC-001,2025-12-02,2026-01-23,발주
PO-000002063,FAC-001,2025-12-02,2026-01-23,발주
PO-000002064,FAC-001,2025-12-02,2026-01-23,발주
PO-000002065,FAC-001,2025-12-03,2026-01-24,발주
PO-000002066,FAC-001,2025-12-03,2026-01-24,발주
PO-000002067,FAC-001,2025-12-03,2026-01-24,발주
PO-000002068,FAC-001,2025-12-03,2026-01-24,발주
PO-000002069,FAC-001,2025-12-03,2026-01-24,발주
PO-000002070,FAC-001,2025-12-03,2026-01-24,발주
PO-000002071,FAC-001,2025-12-03,2026-01-24,발주
PO-000002072,FAC-001,2025-12-03,2026-01-24,발주
PO-000002073,FAC-001,2025-12-03,2026-01-24,발주
PO-000002074,FAC-001,2025-12-03,2026-01-24,발주
PO-000002075,FAC-001,2025-12-03,2026-01-24,발주
PO-000002076,FAC-001,2025-12-03,2026-01-24,발주
PO-000002077,FAC-001,2025-12-03,2026-01-24,발주
PO-000002078,FAC-001,2025-12-03,2026-01-24,발주
PO-000002079,FAC-001,2025-12-03,2026-01-24,발주
PO-000002080,FAC-001,2025-12-03,2026-01-24,발주
PO-000002081,FAC-001,2025-12-04,2026-01-25,발주
PO-000002082,FAC-001,2025-12-04,2026-01-25,발주
PO-000002083,FAC-001,2025-12-04,2026-01-25,발주
PO-000002084,FAC-001,2025-12-04,2026-01-25,발주
PO-000002085,FAC-001,2025-12-05,2026-01-26,발주
PO-000002086,FAC-001,2025-12-05,2026-01-26,발주
PO-000002087,FAC-001,2025-12-05,2026-01-26,발주
PO-000002088,FAC-001,2025-12-05,2026-01-26,발주
PO-000002089,FAC-001,2025-12-05,2026-01-26,발주
PO-000002090,FAC-001,2025-12-05,2026-01-26,발주
PO-000002091,FAC-001,2025-12-05,2026-01-26,발주
PO-000002092,FAC-001,2025-12-05,2026-01-26,발주
PO-000002093,FAC-001,2025-12-05,2026-01-26,발주
PO-000002094,FAC-001,2025-12-06,2026-01-27,발주
PO-000002095,FAC-001,2025-12-06,2026-01-27,발주
PO-000002096,FAC-001,2025-12-06,2026-01-27,발주
PO-000002097,FAC-001,2025-12-07,2026-01-28,발주
PO-000002098,FAC-001,2025-12-07,2026-01-28,발주
PO-000002099,FAC-001,2025-12-07,2026-01-28,발주
PO-000002100,FAC-001,2025-12-08,2026-01-29,발주
PO-000002101,FAC-001,2025-12-08,2026-01-29,발주
PO-000002102,FAC-001,2025-12-08,2026-01-29,발주
PO-000002103,FAC-001,2025-12-08,2026-01-29,발주
PO-000002104,FAC-001,2025-12-08,2026-01-29,발주
PO-000002105,FAC-001,2025-12-08,2026-01-29,발주
PO-000002106,FAC-001,2025-12-08,2026-01-29,발주
PO-000002107,FAC-001,2025-12-09,2026-01-30,발주
PO-000002108,FAC-001,2025-12-09,2026-01-30,발주
PO-000002109,FAC-001,2025-12-09,2026-01-30,발주
PO-000002110,FAC-001,2025-12-09,2026-01-30,발주
PO-000002111,FAC-001,2025-12-10,2026-01-31,발주
PO-000002112,FAC-001,2025-12-10,2026-01-31,발주
PO-000002113,FAC-001,2025-12-11,2026-02-01,발주
PO-000002114,FAC-001,2025-12-11,2026-02-01,발주
PO-000002115,FAC-001,2025-12-11,2026-02-01,발주
PO-000002116,FAC-001,2025-12-11,2026-02-01,발주
PO-000002117,FAC-001,2025-12-11,2026-02-01,발주
PO-000002118,FAC-001,2025-12-12,2026-02-02,발주
PO-000002119,FAC-001,2025-12-12,2026-02-02,발주
PO-000002120,FAC-001,2025-12-13,2026-02-03,발주
PO-000002121,FAC-001,2025-12-13,2026-02-03,발주
PO-000002122,FAC-001,2025-12-13,2026-02-03,발주
PO-000002123,FAC-001,2025-12-14,2026-02-04,발주
PO-000002124,FAC-001,2025-12-14,2026-02-04,발주
PO-000002125,FAC-001,2025-12-14,2026-02-04,발주
PO-000002126,FAC-001,2025-12-14,2026-02-04,발주
PO-000002127,FAC-001,2025-12-14,2026-02-04,발주
PO-000002128,FAC-001,2025-12-15,2026-02-05,발주
PO-000002129,FAC-001,2025-12-15,2026-02-05,발주
PO-000002130,FAC-001,2025-12-15,2026-02-05,발주
PO-000002131,FAC-001,2025-12-16,2026-02-06,발주
PO-000002132,FAC-001,2025-12-16,2026-02-06,발주
PO-000002133,FAC-001,2025-12-16,2026-02-06,발주
PO-000002134,FAC-001,2025-12-16,2026-02-06,발주
PO-000002135,FAC-001,2025-12-17,2026-02-07,발주
PO-000002136,FAC-001,2025-12-17,2026-02-07,발주
PO-000002137,FAC-001,2025-12-17,2026-02-07,발주
PO-000002138,FAC-001,2025-12-18,2026-02-08,발주
PO-000002139,FAC-001,2025-12-18,2026-02-08,발주
PO-000002140,FAC-001,2025-12-19,2026-02-09,발주
PO-000002141,FAC-001,2025-12-19,2026-02-09,발주
PO-000002142,FAC-001,2025-12-20,2026-02-10,발주
PO-000002143,FAC-001,2025-12-20,2026-02-10,발주
PO-000002144,FAC-001,2025-12-20,2026-02-10,발주
PO-000002145,FAC-001,2025-12-20,2026-02-10,발주
PO-000002146,FAC-001,2025-12-20,2026-02-10,발주
PO-000002147,FAC-001,2025-12-20,2026-02-10,발주
PO-000002148,FAC-001,2025-12-21,2026-02-11,발주
PO-000002149,FAC-001,2025-12-21,2026-02-11,발주
PO-000002150,FAC-001,2025-12-21,2026-02-11,발주
PO-000002151,FAC-001,2025-12-21,2026-02-11,발주
PO-000002152,FAC-001,2025-12-21,2026-02-11,발주
PO-000002153,FAC-001,2025-12-21,2026-02-11,발주
PO-000002154,FAC-001,2025-12-22,2026-02-12,발주
PO-000002155,FAC-001,2025-12-22,2026-02-12,발주
PO-000002156,FAC-001,2025-12-22,2026-02-12,발주
PO-000002157,FAC-001,2025-12-22,2026-02-12,발주
PO-000002158,FAC-001,2025-12-23,2026-02-13,발주
PO-000002159,FAC-001,2025-12-23,2026-02-13,발주
PO-000002160,FAC-001,2025-12-23,2026-02-13,발주
PO-000002161,FAC-001,2025-12-23,2026-02-13,발주
PO-000002162,FAC-001,2025-12-24,2026-02-14,발주
PO-000002163,FAC-001,2025-12-24,2026-02-14,발주
PO-000002164,FAC-001,2025-12-25,2026-02-15,발주
PO-000002165,FAC-001,2025-12-25,2026-02-15,발주
PO-000002166,FAC-001,2025-12-25,2026-02-15,발주
PO-000002167,FAC-001,2025-12-26,2026-02-16,발주
PO-000002168,FAC-001,2025-12-26,2026-02-16,발주
PO-000002169,FAC-001,2025-12-27,2026-02-17,발주
PO-000002170,FAC-001,2025-12-27,2026-02-17,발주
PO-000002171,FAC-001,2025-12-27,2026-02-17,발주
PO-000002172,FAC-001,2025-12-27,2026-02-17,발주
PO-000002173,FAC-001,2025-12-27,2026-02-17,발주
PO-000002174,FAC-001,2025-12-27,2026-02-17,발주
PO-000002175,FAC-001,2025-12-27,2026-02-17,발주
PO-000002176,FAC-001,2025-12-28,2026-02-18,발주
PO-000002177,FAC-001,2025-12-28,2026-02-18,발주
PO-000002178,FAC-001,2025-12-28,2026-02-18,발주
PO-000002179,FAC-001,2025-12-29,2026-02-19,발주
PO-000002180,FAC-001,2025-12-29,2026-02-19,발주
PO-000002181,FAC-001,2025-12-30,2026-02-20,발주
PO-000002182,FAC-001,2025-12-30,2026-02-20,발주
PO-000002183,FAC-001,2025-12-30,2026-02-20,발주
PO-000002184,FAC-001,2025-12-30,2026-02-20,발주
PO-000002185,FAC-001,2025-12-30,2026-02-20,발주
PO-000002186,FAC-001,2025-12-30,2026-02-20,발주
PO-000002187,FAC-001,2025-12-30,2026-02-20,발주
PO-000002188,FAC-001,2025-12-31,2026-02-21,발주
PO-000002189,FAC-001,2025-12-31,2026-02-21,발주
PO-000002190,FAC-001,2025-12-31,2026-02-21,발주
PO-000002191,FAC-001,2025-12-31,2026-02-21,발주
PO-000002192,FAC-001,2025-12-31,2026-02-21,발주
PO-000002193,FAC-001,2026-01-01,2026-02-22,발주
PO-000002194,FAC-001,2026-01-01,2026-02-22,발주
PO-000002195,FAC-001,2026-01-02,2026-02-23,발주
PO-000002196,FAC-001,2026-01-02,2026-02-23,발주
PO-000002197,FAC-001,2026-01-02,2026-02-23,발주
PO-000002198,FAC-001,2026-01-02,2026-02-23,발주
PO-000002199,FAC-001,2026-01-03,2026-02-24,발주
PO-000002200,FAC-001,2026-01-03,2026-02-24,발주
PO-000002201,FAC-001,2026-01-04,2026-02-25,발주
PO-000002202,FAC-001,2026-01-04,2026-02-25,발주
PO-000002203,FAC-001,2026-01-05,2026-02-26,발주
PO-000002204,FAC-001,2026-01-05,2026-02-26,발주
PO-000002205,FAC-001,2026-01-05,2026-02-26,발주
PO-000002206,FAC-001,2026-01-05,2026-02-26,발주
PO-000002207,FAC-001,2026-01-06,2026-02-27,발주
PO-000002208,FAC-001,2026-01-06,2026-02-27,발주
PO-000002209,FAC-001,2026-01-06,2026-02-27,발주
PO-000002210,FAC-001,2026-01-06,2026-02-27,발주
PO-000002211,FAC-001,2026-01-06,2026-02-27,발주
PO-000002212,FAC-001,2026-01-06,2026-02-27,발주
PO-000002213,FAC-001,2026-01-06,2026-02-27,발주
PO-000002214,FAC-001,2026-01-06,2026-02-27,발주
PO-000002215,FAC-001,2026-01-06,2026-02-27,발주
PO-000002216,FAC-001,2026-01-06,2026-02-27,발주
PO-000002217,FAC-001,2026-01-06,2026-02-27,발주
PO-000002218,FAC-001,2026-01-06,2026-02-27,발주
PO-000002219,FAC-001,2026-01-06,2026-02-27,발주
PO-000002220,FAC-001,2026-01-06,2026-02-27,발주
PO-000002221,FAC-001,2026-01-06,2026-02-27,발주
PO-000002222,FAC-001,2026-01-06,2026-02-27,발주
PO-000002223,FAC-001,2026-01-06,2026-02-27,발주
PO-000002224,FAC-001,2026-01-06,2026-02-27,발주
PO-000002225,FAC-001,2026-01-07,2026-02-28,발주
PO-000002226,FAC-001,2026-01-07,2026-02-28,발주
PO-000002227,FAC-001,2026-01-08,2026-03-01,발주
PO-000002228,FAC-001,2026-01-08,2026-03-01,발주
PO-000002229,FAC-001,2026-01-08,2026-03-01,발주
PO-000002230,FAC-001,2026-01-09,2026-03-02,발주
PO-000002231,FAC-001,2026-01-09,2026-03-02,발주
PO-000002232,FAC-001,2026-01-09,2026-03-02,발주
PO-000002233,FAC-001,2026-01-09,2026-03-02,발주
PO-000002234,FAC-001,2026-01-09,2026-03-02,발주
PO-000002235,FAC-001,2026-01-10,2026-03-03,발주
PO-000002236,FAC-001,2026-01-10,2026-03-03,발주
PO-000002237,FAC-001,2026-01-10,2026-03-03,발주
PO-000002238,FAC-001,2026-01-10,2026-03-03,발주
PO-000002239,FAC-001,2026-01-10,2026-03-03,발주
PO-000002240,FAC-001,2026-01-10,2026-03-03,발주
PO-000002241,FAC-001,2026-01-10,2026-03-03,발주
PO-000002242,FAC-001,2026-01-11,2026-03-04,발주
PO-000002243,FAC-001,2026-01-11,2026-03-04,발주
PO-000002244,FAC-001,2026-01-11,2026-03-04,발주
PO-000002245,FAC-001,2026-01-11,2026-03-04,발주
PO-000002246,FAC-001,2026-01-11,2026-03-04,발주
PO-000002247,FAC-001,2026-01-11,2026-03-04,발주
PO-000002248,FAC-001,2026-01-11,2026-03-04,발주
PO-000002249,FAC-001,2026-01-11,2026-03-04,발주
PO-000002250,FAC-001,2026-01-12,2026-03-05,발주
PO-000002251,FAC-001,2026-01-12,2026-03-05,발주
PO-000002252,FAC-001,2026-01-12,2026-03-05,발주
PO-000002253,FAC-001,2026-01-12,2026-03-05,발주
PO-000002254,FAC-001,2026-01-12,2026-03-05,발주
PO-000002255,FAC-001,2026-01-12,2026-03-05,발주
PO-000002256,FAC-001,2026-01-12,2026-03-05,발주
PO-000002257,FAC-001,2026-01-13,2026-03-06,발주
PO-000002258,FAC-001,2026-01-13,2026-03-06,발주
PO-000002259,FAC-001,2026-01-13,2026-03-06,발주
PO-000002260,FAC-001,2026-01-13,2026-03-06,발주
PO-000002261,FAC-001,2026-01-13,2026-03-06,발주
PO-000002262,FAC-001,2026-01-13,2026-03-06,발주
PO-000002263,FAC-001,2026-01-14,2026-03-07,발주
PO-000002264,FAC-001,2026-01-14,2026-03-07,발주
PO-000002265,FAC-001,2026-01-14,2026-03-07,발주
PO-000002266,FAC-001,2026-01-14,2026-03-07,발주
PO-000002267,FAC-001,2026-01-14,2026-03-07,발주
PO-000002268,FAC-001,2026-01-15,2026-03-08,발주
PO-000002269,FAC-001,2026-01-15,2026-03-08,발주
PO-000002270,FAC-001,2026-01-15,2026-03-08,발주
PO-000002271,FAC-001,2026-01-15,2026-03-08,발주
PO-000002272,FAC-001,2026-01-15,2026-03-08,발주
PO-000002273,FAC-001,2026-01-15,2026-03-08,발주
PO-000002274,FAC-001,2026-01-15,2026-03-08,발주
PO-000002275,FAC-001,2026-01-15,2026-03-08,발주
PO-000002276,FAC-001,2026-01-16,2026-03-09,발주
PO-000002277,FAC-001,2026-01-17,2026-03-10,발주
PO-000002278,FAC-001,2026-01-17,2026-03-10,발주
PO-000002279,FAC-001,2026-01-17,2026-03-10,발주
PO-000002280,FAC-001,2026-01-18,2026-03-11,발주
PO-000002281,FAC-001,2026-01-18,2026-03-11,발주
PO-000002282,FAC-001,2026-01-18,2026-03-11,발주
PO-000002283,FAC-001,2026-01-18,2026-03-11,발주
PO-000002284,FAC-001,2026-01-19,2026-03-12,발주
PO-000002285,FAC-001,2026-01-19,2026-03-12,발주
PO-000002286,FAC-001,2026-01-19,2026-03-12,발주
PO-000002287,FAC-001,2026-01-19,2026-03-12,발주
PO-000002288,FAC-001,2026-01-19,2026-03-12,발주
PO-000002289,FAC-001,2026-01-20,2026-03-13,발주
PO-000002290,FAC-001,2026-01-20,2026-03-13,발주
PO-000002291,FAC-001,2026-01-20,2026-03-13,발주
PO-000002292,FAC-001,2026-01-20,2026-03-13,발주
PO-000002293,FAC-001,2026-01-20,2026-03-13,발주
PO-000002294,FAC-001,2026-01-20,2026-03-13,발주
PO-000002295,FAC-001,2026-01-20,2026-03-13,발주
PO-000002296,FAC-001,2026-01-20,2026-03-13,발주
PO-000002297,FAC-001,2026-01-21,2026-03-14,발주
PO-000002298,FAC-001,2026-01-21,2026-03-14,발주
PO-000002299,FAC-001,2026-01-21,2026-03-14,발주
PO-000002300,FAC-001,2026-01-21,2026-03-14,발주
PO-000002301,FAC-001,2026-01-21,2026-03-14,발주
PO-000002302,FAC-001,2026-01-21,2026-03-14,발주
PO-000002303,FAC-001,2026-01-21,2026-03-14,발주
PO-000002304,FAC-001,2026-01-21,2026-03-14,발주
PO-000002305,FAC-001,2026-01-21,2026-03-14,발주
PO-000002306,FAC-001,2026-01-21,2026-03-14,발주
PO-000002307,FAC-001,2026-01-23,2026-03-16,발주
PO-000002308,FAC-001,2026-01-31,2026-03-24,발주
PO-000002309,FAC-001,2026-01-31,2026-03-24,발주
PO-000002310,FAC-001,2026-02-01,2026-03-25,발주
PO-000002311,FAC-001,2026-02-01,2026-03-25,발주
PO-000002312,FAC-001,2026-02-01,2026-03-25,발주
PO-000002313,FAC-001,2026-02-01,2026-03-25,발주
PO-000002314,FAC-001,2026-02-02,2026-03-26,발주
PO-000002315,FAC-001,2026-02-02,2026-03-26,발주
PO-000002316,FAC-001,2026-02-02,2026-03-26,발주
PO-000002317,FAC-001,2026-02-03,2026-03-27,발주
PO-000002318,FAC-001,2026-02-04,2026-03-28,발주
PO-000002319,FAC-001,2026-02-05,2026-03-29,발주
PO-000002320,FAC-001,2026-02-05,2026-03-29,발주
PO-000002321,FAC-001,2026-02-06,2026-03-30,발주
PO-000002322,FAC-001,2026-02-06,2026-03-30,발주
PO-000002323,FAC-001,2026-02-06,2026-03-30,발주
PO-000002324,FAC-001,2026-02-07,2026-03-31,발주
PO-000002325,FAC-001,2026-02-10,2026-04-03,발주
PO-000002326,FAC-001,2026-02-10,2026-04-03,발주
PO-000002327,FAC-001,2026-02-11,2026-04-04,발주
PO-000002328,FAC-001,2026-02-13,2026-04-06,발주
PO-000002329,FAC-001,2026-02-14,2026-04-07,발주
PO-000002330,FAC-001,2026-02-14,2026-04-07,발주
PO-000002331,FAC-001,2026-02-14,2026-04-07,발주
PO-000002332,FAC-001,2026-02-15,2026-04-08,발주
PO-000002333,FAC-001,2026-02-15,2026-04-08,발주
PO-000002334,FAC-001,2026-02-15,2026-04-08,발주
PO-000002335,FAC-001,2026-02-17,2026-04-10,발주
PO-000002336,FAC-001,2026-02-18,2026-04-11,발주
PO-000002337,FAC-001,2026-02-19,2026-04-12,발주
PO-000002338,FAC-001,2026-02-20,2026-04-13,발주
PO-000002339,FAC-001,2026-02-21,2026-04-14,발주
PO-000002340,FAC-001,2026-02-21,2026-04-14,발주
PO-000002341,FAC-001,2026-02-21,2026-04-14,발주
PO-000002342,FAC-001,2026-02-22,2026-04-15,발주
PO-000002343,FAC-001,2026-02-24,2026-04-17,발주
PO-000002344,FAC-001,2026-02-24,2026-04-17,발주
PO-000002345,FAC-001,2026-02-24,2026-04-17,발주
PO-000002346,FAC-001,2026-02-24,2026-04-17,발주
PO-000002347,FAC-001,2026-02-24,2026-04-17,발주
PO-000002348,FAC-001,2026-02-24,2026-04-17,발주
PO-000002349,FAC-001,2026-02-25,2026-04-18,발주
PO-000002350,FAC-001,2026-02-25,2026-04-18,발주
PO-000002351,FAC-001,2026-02-25,2026-04-18,발주
PO-000002352,FAC-001,2026-02-25,2026-04-18,발주
PO-000002353,FAC-001,2026-02-26,2026-04-19,발주
PO-000002354,FAC-001,2026-02-26,2026-04-19,발주
PO-000002355,FAC-001,2026-02-26,2026-04-19,발주
PO-000002356,FAC-001,2026-02-26,2026-04-19,발주
PO-000002357,FAC-001,2026-02-27,2026-04-20,발주
PO-000002358,FAC-001,2026-02-27,2026-04-20,발주
PO-000002359,FAC-001,2026-02-27,2026-04-20,발주
PO-000002360,FAC-001,2026-02-28,2026-04-21,발주
PO-000002361,FAC-001,2026-02-28,2026-04-21,발주
PO-000002362,FAC-001,2026-02-28,2026-04-21,발주
PO-000002363,FAC-001,2026-02-28,2026-04-21,발주
PO-000002364,FAC-001,2026-02-28,2026-04-21,발주
PO-000002365,FAC-001,2026-02-28,2026-04-21,발주
PO-000002366,FAC-001,2026-02-28,2026-04-21,발주
PO-000002367,FAC-001,2026-03-01,2026-04-22,발주
PO-000002368,FAC-001,2026-03-01,2026-04-22,발주
PO-000002369,FAC-001,2026-03-01,2026-04-22,발주
PO-000002370,FAC-001,2026-03-01,2026-04-22,발주
PO-000002371,FAC-001,2026-03-01,2026-04-22,발주
PO-000002372,FAC-001,2026-03-01,2026-04-22,발주
PO-000002373,FAC-001,2026-03-01,2026-04-22,발주
PO-000002374,FAC-001,2026-03-01,2026-04-22,발주
PO-000002375,FAC-001,2026-03-01,2026-04-22,발주
PO-000002376,FAC-001,2026-03-01,2026-04-22,발주
PO-000002377,FAC-001,2026-03-01,2026-04-22,발주
PO-000002378,FAC-001,2026-03-01,2026-04-22,발주
PO-000002379,FAC-001,2026-03-01,2026-04-22,발주
PO-000002380,FAC-001,2026-03-01,2026-04-22,발주
PO-000002381,FAC-001,2026-03-01,2026-04-22,발주
PO-000002382,FAC-001,2026-03-01,2026-04-22,발주
PO-000002383,FAC-001,2026-03-01,2026-04-22,발주
PO-000002384,FAC-001,2026-03-01,2026-04-22,발주
PO-000002385,FAC-001,2026-03-01,2026-04-22,발주
PO-000002386,FAC-001,2026-03-01,2026-04-22,발주
PO-000002387,FAC-001,2026-03-01,2026-04-22,발주
PO-000002388,FAC-001,2026-03-01,2026-04-22,발주
PO-000002389,FAC-001,2026-03-01,2026-04-22,발주
PO-000002390,FAC-001,2026-03-01,2026-04-22,발주
PO-000002391,FAC-001,2026-03-01,2026-04-22,발주
PO-000002392,FAC-001,2026-03-01,2026-04-22,발주
PO-000002393,FAC-001,2026-03-01,2026-04-22,발주
PO-000002394,FAC-001,2026-03-01,2026-04-22,발주
PO-000002395,FAC-001,2026-03-01,2026-04-22,발주
PO-000002396,FAC-001,2026-03-01,2026-04-22,발주
PO-000002397,FAC-001,2026-03-01,2026-04-22,발주
PO-000002398,FAC-001,2026-03-01,2026-04-22,발주
PO-000002399,FAC-001,2026-03-01,2026-04-22,발주
PO-000002400,FAC-001,2026-03-01,2026-04-22,발주
PO-000002401,FAC-001,2026-03-01,2026-04-22,발주
PO-000002402,FAC-001,2026-03-01,2026-04-22,발주
PO-000002403,FAC-001,2026-03-01,2026-04-22,발주
PO-000002404,FAC-001,2026-03-01,2026-04-22,발주
PO-000002405,FAC-001,2026-03-01,2026-04-22,발주
PO-000002406,FAC-001,2026-03-01,2026-04-22,발주
PO-000002407,FAC-001,2026-03-01,2026-04-22,발주
PO-000002408,FAC-001,2026-03-01,2026-04-22,발주
PO-000002409,FAC-001,2026-03-01,2026-04-22,발주
PO-000002410,FAC-001,2026-03-01,2026-04-22,발주
PO-000002411,FAC-001,2026-03-01,2026-04-22,발주
PO-000002412,FAC-001,2026-03-01,2026-04-22,발주
PO-000002413,FAC-001,2026-03-01,2026-04-22,발주
PO-000002414,FAC-001,2026-03-01,2026-04-22,발주
PO-000002415,FAC-001,2026-03-01,2026-04-22,발주
PO-000002416,FAC-001,2026-03-01,2026-04-22,발주
PO-000002417,FAC-001,2026-03-01,2026-04-22,발주
PO-000002418,FAC-001,2026-03-01,2026-04-22,발주
PO-000002419,FAC-001,2026-03-01,2026-04-22,발주
PO-000002420,FAC-001,2026-03-01,2026-04-22,발주
PO-000002421,FAC-001,2026-03-01,2026-04-22,발주
PO-000002422,FAC-001,2026-03-01,2026-04-22,발주
PO-000002423,FAC-001,2026-03-01,2026-04-22,발주
PO-000002424,FAC-001,2026-03-01,2026-04-22,발주
PO-000002425,FAC-001,2026-03-01,2026-04-22,발주
PO-000002426,FAC-001,2026-03-01,2026-04-22,발주
PO-000002427,FAC-001,2026-03-01,2026-04-22,발주
PO-000002428,FAC-001,2026-03-01,2026-04-22,발주
PO-000002429,FAC-001,2026-03-01,2026-04-22,발주
PO-000002430,FAC-001,2026-03-01,2026-04-22,발주
PO-000002431,FAC-001,2026-03-01,2026-04-22,발주
PO-000002432,FAC-001,2026-03-01,2026-04-22,발주
PO-000002433,FAC-001,2026-03-01,2026-04-22,발주
PO-000002434,FAC-001,2026-03-01,2026-04-22,발주
PO-000002435,FAC-001,2026-03-01,2026-04-22,발주
PO-000002436,FAC-001,2026-03-01,2026-04-22,발주
PO-000002437,FAC-001,2026-03-01,2026-04-22,발주
PO-000002438,FAC-001,2026-03-01,2026-04-22,발주
PO-000002439,FAC-001,2026-03-01,2026-04-22,발주
PO-000002440,FAC-001,2026-03-01,2026-04-22,발주
PO-000002441,FAC-001,2026-03-01,2026-04-22,발주
PO-000002442,FAC-001,2026-03-01,2026-04-22,발주
PO-000002443,FAC-001,2026-03-01,2026-04-22,발주
PO-000002444,FAC-001,2026-03-01,2026-04-22,발주
PO-000002445,FAC-001,2026-03-01,2026-04-22,발주
PO-000002446,FAC-001,2026-03-01,2026-04-22,발주
PO-000002447,FAC-001,2026-03-02,2026-04-23,발주
PO-000002448,FAC-001,2026-03-02,2026-04-23,발주
PO-000002449,FAC-001,2026-03-02,2026-04-23,발주
PO-000002450,FAC-001,2026-03-02,2026-04-23,발주
PO-000002451,FAC-001,2026-03-02,2026-04-23,발주
PO-000002452,FAC-001,2026-03-02,2026-04-23,발주
PO-000002453,FAC-001,2026-03-02,2026-04-23,발주
PO-000002454,FAC-001,2026-03-02,2026-04-23,발주
PO-000002455,FAC-001,2026-03-02,2026-04-23,발주
PO-000002456,FAC-001,2026-03-03,2026-04-24,발주
PO-000002457,FAC-001,2026-03-03,2026-04-24,발주
PO-000002458,FAC-001,2026-03-03,2026-04-24,발주
PO-000002459,FAC-001,2026-03-03,2026-04-24,발주
PO-000002460,FAC-001,2026-03-03,2026-04-24,발주
PO-000002461,FAC-001,2026-03-03,2026-04-24,발주
PO-000002462,FAC-001,2026-03-03,2026-04-24,발주
PO-000002463,FAC-001,2026-03-03,2026-04-24,발주
PO-000002464,FAC-001,2026-03-03,2026-04-24,발주
PO-000002465,FAC-001,2026-03-03,2026-04-24,발주
PO-000002466,FAC-001,2026-03-03,2026-04-24,발주
PO-000002467,FAC-001,2026-03-03,2026-04-24,발주
PO-000002468,FAC-001,2026-03-03,2026-04-24,발주
PO-000002469,FAC-001,2026-03-03,2026-04-24,발주
PO-000002470,FAC-001,2026-03-03,2026-04-24,발주
PO-000002471,FAC-001,2026-03-04,2026-04-25,발주
PO-000002472,FAC-001,2026-03-04,2026-04-25,발주
PO-000002473,FAC-001,2026-03-04,2026-04-25,발주
PO-000002474,FAC-001,2026-03-04,2026-04-25,발주
PO-000002475,FAC-001,2026-03-04,2026-04-25,발주
PO-000002476,FAC-001,2026-03-04,2026-04-25,발주
PO-000002477,FAC-001,2026-03-04,2026-04-25,발주
PO-000002478,FAC-001,2026-03-04,2026-04-25,발주
PO-000002479,FAC-001,2026-03-04,2026-04-25,발주
PO-000002480,FAC-001,2026-03-04,2026-04-25,발주
PO-000002481,FAC-001,2026-03-04,2026-04-25,발주
PO-000002482,FAC-001,2026-03-04,2026-04-25,발주
PO-000002483,FAC-001,2026-03-04,2026-04-25,발주
PO-000002484,FAC-001,2026-03-04,2026-04-25,발주
PO-000002485,FAC-001,2026-03-04,2026-04-25,발주
PO-000002486,FAC-001,2026-03-04,2026-04-25,발주
PO-000002487,FAC-001,2026-03-04,2026-04-25,발주
PO-000002488,FAC-001,2026-03-05,2026-04-26,발주
PO-000002489,FAC-001,2026-03-05,2026-04-26,발주
PO-000002490,FAC-001,2026-03-05,2026-04-26,발주
PO-000002491,FAC-001,2026-03-05,2026-04-26,발주
PO-000002492,FAC-001,2026-03-05,2026-04-26,발주
PO-000002493,FAC-001,2026-03-05,2026-04-26,발주
PO-000002494,FAC-001,2026-03-05,2026-04-26,발주
PO-000002495,FAC-001,2026-03-05,2026-04-26,발주
PO-000002496,FAC-001,2026-03-05,2026-04-26,발주
PO-000002497,FAC-001,2026-03-05,2026-04-26,발주
PO-000002498,FAC-001,2026-03-05,2026-04-26,발주
PO-000002499,FAC-001,2026-03-05,2026-04-26,발주
PO-000002500,FAC-001,2026-03-06,2026-04-27,발주
PO-000002501,FAC-001,2026-03-06,2026-04-27,발주
PO-000002502,FAC-001,2026-03-06,2026-04-27,발주
PO-000002503,FAC-001,2026-03-06,2026-04-27,발주
PO-000002504,FAC-001,2026-03-06,2026-04-27,발주
PO-000002505,FAC-001,2026-03-06,2026-04-27,발주
PO-000002506,FAC-001,2026-03-06,2026-04-27,발주
PO-000002507,FAC-001,2026-03-06,2026-04-27,발주
PO-000002508,FAC-001,2026-03-06,2026-04-27,발주
PO-000002509,FAC-001,2026-03-07,2026-04-28,발주
PO-000002510,FAC-001,2026-03-07,2026-04-28,발주
PO-000002511,FAC-001,2026-03-07,2026-04-28,발주
PO-000002512,FAC-001,2026-03-07,2026-04-28,발주
PO-000002513,FAC-001,2026-03-07,2026-04-28,발주
PO-000002514,FAC-001,2026-03-07,2026-04-28,발주
PO-000002515,FAC-001,2026-03-07,2026-04-28,발주
PO-000002516,FAC-001,2026-03-07,2026-04-28,발주
PO-000002517,FAC-001,2026-03-07,2026-04-28,발주
PO-000002518,FAC-001,2026-03-07,2026-04-28,발주
PO-000002519,FAC-001,2026-03-07,2026-04-28,발주
PO-000002520,FAC-001,2026-03-07,2026-04-28,발주
PO-000002521,FAC-001,2026-03-07,2026-04-28,발주
PO-000002522,FAC-001,2026-03-07,2026-04-28,발주
PO-000002523,FAC-001,2026-03-08,2026-04-29,발주
PO-000002524,FAC-001,2026-03-08,2026-04-29,발주
PO-000002525,FAC-001,2026-03-08,2026-04-29,발주
PO-000002526,FAC-001,2026-03-08,2026-04-29,발주
PO-000002527,FAC-001,2026-03-08,2026-04-29,발주
PO-000002528,FAC-001,2026-03-08,2026-04-29,발주
PO-000002529,FAC-001,2026-03-08,2026-04-29,발주
PO-000002530,FAC-001,2026-03-09,2026-04-30,발주
PO-000002531,FAC-001,2026-03-09,2026-04-30,발주
PO-000002532,FAC-001,2026-03-09,2026-04-30,발주
PO-000002533,FAC-001,2026-03-09,2026-04-30,발주
PO-000002534,FAC-001,2026-03-09,2026-04-30,발주
PO-000002535,FAC-001,2026-03-10,2026-05-01,발주
PO-000002536,FAC-001,2026-03-10,2026-05-01,발주
PO-000002537,FAC-001,2026-03-10,2026-05-01,발주
PO-000002538,FAC-001,2026-03-10,2026-05-01,발주
PO-000002539,FAC-001,2026-03-10,2026-05-01,발주
PO-000002540,FAC-001,2026-03-10,2026-05-01,발주
PO-000002541,FAC-001,2026-03-10,2026-05-01,발주
PO-000002542,FAC-001,2026-03-10,2026-05-01,발주
PO-000002543,FAC-001,2026-03-10,2026-05-01,발주
PO-000002544,FAC-001,2026-03-11,2026-05-02,발주
PO-000002545,FAC-001,2026-03-11,2026-05-02,발주
PO-000002546,FAC-001,2026-03-11,2026-05-02,발주
PO-000002547,FAC-001,2026-03-11,2026-05-02,발주
PO-000002548,FAC-001,2026-03-11,2026-05-02,발주
PO-000002549,FAC-001,2026-03-11,2026-05-02,발주
PO-000002550,FAC-001,2026-03-11,2026-05-02,발주
PO-000002551,FAC-001,2026-03-12,2026-05-03,발주
PO-000002552,FAC-001,2026-03-12,2026-05-03,발주
PO-000002553,FAC-001,2026-03-12,2026-05-03,발주
PO-000002554,FAC-001,2026-03-13,2026-05-04,발주
PO-000002555,FAC-001,2026-03-13,2026-05-04,발주
PO-000002556,FAC-001,2026-03-13,2026-05-04,발주
PO-000002557,FAC-001,2026-03-14,2026-05-05,발주
PO-000002558,FAC-001,2026-03-14,2026-05-05,발주
PO-000002559,FAC-001,2026-03-14,2026-05-05,발주
PO-000002560,FAC-001,2026-03-14,2026-05-05,발주
PO-000002561,FAC-001,2026-03-14,2026-05-05,발주
PO-000002562,FAC-001,2026-03-14,2026-05-05,발주
PO-000002563,FAC-001,2026-03-14,2026-05-05,발주
PO-000002564,FAC-001,2026-03-14,2026-05-05,발주
PO-000002565,FAC-001,2026-03-14,2026-05-05,발주
PO-000002566,FAC-001,2026-03-15,2026-05-06,발주
PO-000002567,FAC-001,2026-03-15,2026-05-06,발주
PO-000002568,FAC-001,2026-03-16,2026-05-07,발주
PO-000002569,FAC-001,2026-03-16,2026-05-07,발주
PO-000002570,FAC-001,2026-03-16,2026-05-07,발주
PO-000002571,FAC-001,2026-03-18,2026-05-09,발주
PO-000002572,FAC-001,2026-03-19,2026-05-10,발주
PO-000002573,FAC-001,2026-03-20,2026-05-11,발주
PO-000002574,FAC-001,2026-03-20,2026-05-11,발주
PO-000002575,FAC-001,2026-03-21,2026-05-12,발주
PO-000002576,FAC-001,2026-03-21,2026-05-12,발주
PO-000002577,FAC-001,2026-03-22,2026-05-13,발주
PO-000002578,FAC-001,2026-03-22,2026-05-13,발주
PO-000002579,FAC-001,2026-03-22,2026-05-13,발주
PO-000002580,FAC-001,2026-03-22,2026-05-13,발주
PO-000002581,FAC-001,2026-03-23,2026-05-14,발주
PO-000002582,FAC-001,2026-03-23,2026-05-14,발주
PO-000002583,FAC-001,2026-03-23,2026-05-14,발주
PO-000002584,FAC-001,2026-03-23,2026-05-14,발주
PO-000002585,FAC-001,2026-03-23,2026-05-14,발주
PO-000002586,FAC-001,2026-03-24,2026-05-15,발주
PO-000002587,FAC-001,2026-03-24,2026-05-15,발주
PO-000002588,FAC-001,2026-03-24,2026-05-15,발주
PO-000002589,FAC-001,2026-03-25,2026-05-16,발주
PO-000002590,FAC-001,2026-03-25,2026-05-16,발주
PO-000002591,FAC-001,2026-03-25,2026-05-16,발주
PO-000002592,FAC-001,2026-03-25,2026-05-16,발주
PO-000002593,FAC-001,2026-03-25,2026-05-16,발주
PO-000002594,FAC-001,2026-03-26,2026-05-17,발주
PO-000002595,FAC-001,2026-03-26,2026-05-17,발주
PO-000002596,FAC-001,2026-03-26,2026-05-17,발주
PO-000002597,FAC-001,2026-03-26,2026-05-17,발주
PO-000002598,FAC-001,2026-03-27,2026-05-18,발주
PO-000002599,FAC-001,2026-03-27,2026-05-18,발주
PO-000002600,FAC-001,2026-03-27,2026-05-18,발주
PO-000002601,FAC-001,2026-03-27,2026-05-18,발주
PO-000002602,FAC-001,2026-03-28,2026-05-19,발주
PO-000002603,FAC-001,2026-03-28,2026-05-19,발주
PO-000002604,FAC-001,2026-03-29,2026-05-20,발주
PO-000002605,FAC-001,2026-03-29,2026-05-20,발주
PO-000002606,FAC-001,2026-03-29,2026-05-20,발주
PO-000002607,FAC-001,2026-03-29,2026-05-20,발주
PO-000002608,FAC-001,2026-03-29,2026-05-20,발주
PO-000002609,FAC-001,2026-03-29,2026-05-20,발주
PO-000002610,FAC-001,2026-03-29,2026-05-20,발주
PO-000002611,FAC-001,2026-03-29,2026-05-20,발주
PO-000002612,FAC-001,2026-03-29,2026-05-20,발주
PO-000002613,FAC-001,2026-03-30,2026-05-21,발주
PO-000002614,FAC-001,2026-03-30,2026-05-21,발주
PO-000002615,FAC-001,2026-03-30,2026-05-21,발주
PO-000002616,FAC-001,2026-03-30,2026-05-21,발주
PO-000002617,FAC-001,2026-03-30,2026-05-21,발주
PO-000002618,FAC-001,2026-03-31,2026-05-22,발주
PO-000002619,FAC-001,2026-03-31,2026-05-22,발주
PO-000002620,FAC-001,2026-04-01,2026-05-23,발주
PO-000002621,FAC-001,2026-04-01,2026-05-23,발주
PO-000002622,FAC-001,2026-04-01,2026-05-23,발주
PO-000002623,FAC-001,2026-04-02,2026-05-24,발주
PO-000002624,FAC-001,2026-04-04,2026-05-26,발주
PO-000002625,FAC-001,2026-04-04,2026-05-26,발주
PO-000002626,FAC-001,2026-04-05,2026-05-27,발주
PO-000002627,FAC-001,2026-04-05,2026-05-27,발주
PO-000002628,FAC-001,2026-04-05,2026-05-27,발주
PO-000002629,FAC-001,2026-04-05,2026-05-27,발주
PO-000002630,FAC-001,2026-04-06,2026-05-28,발주
PO-000002631,FAC-001,2026-04-06,2026-05-28,발주
PO-000002632,FAC-001,2026-04-06,2026-05-28,발주
PO-000002633,FAC-001,2026-04-06,2026-05-28,발주
PO-000002634,FAC-001,2026-04-06,2026-05-28,발주
PO-000002635,FAC-001,2026-04-07,2026-05-29,발주
PO-000002636,FAC-001,2026-04-07,2026-05-29,발주
PO-000002637,FAC-001,2026-04-07,2026-05-29,발주
PO-000002638,FAC-001,2026-04-07,2026-05-29,발주
PO-000002639,FAC-001,2026-04-07,2026-05-29,발주
PO-000002640,FAC-001,2026-04-07,2026-05-29,발주
PO-000002641,FAC-001,2026-04-07,2026-05-29,발주
PO-000002642,FAC-001,2026-04-08,2026-05-30,발주
PO-000002643,FAC-001,2026-04-08,2026-05-30,발주
PO-000002644,FAC-001,2026-04-08,2026-05-30,발주
PO-000002645,FAC-001,2026-04-08,2026-05-30,발주
PO-000002646,FAC-001,2026-04-08,2026-05-30,발주
PO-000002647,FAC-001,2026-04-08,2026-05-30,발주
PO-000002648,FAC-001,2026-04-09,2026-05-31,발주
PO-000002649,FAC-001,2026-04-10,2026-06-01,발주
PO-000002650,FAC-001,2026-04-10,2026-06-01,발주
PO-000002651,FAC-001,2026-04-10,2026-06-01,발주
PO-000002652,FAC-001,2026-04-10,2026-06-01,발주
PO-000002653,FAC-001,2026-04-10,2026-06-01,발주
PO-000002654,FAC-001,2026-04-11,2026-06-02,발주
PO-000002655,FAC-001,2026-04-11,2026-06-02,발주
PO-000002656,FAC-001,2026-04-12,2026-06-03,발주
PO-000002657,FAC-001,2026-04-12,2026-06-03,발주
PO-000002658,FAC-001,2026-04-12,2026-06-03,발주
PO-000002659,FAC-001,2026-04-12,2026-06-03,발주
PO-000002660,FAC-001,2026-04-13,2026-06-04,발주
PO-000002661,FAC-001,2026-04-13,2026-06-04,발주
PO-000002662,FAC-001,2026-04-13,2026-06-04,발주
PO-000002663,FAC-001,2026-04-14,2026-06-05,발주
PO-000002664,FAC-001,2026-04-14,2026-06-05,발주
PO-000002665,FAC-001,2026-04-14,2026-06-05,발주
PO-000002666,FAC-001,2026-04-15,2026-06-06,발주
PO-000002667,FAC-001,2026-04-15,2026-06-06,발주
PO-000002668,FAC-001,2026-04-15,2026-06-06,발주
PO-000002669,FAC-001,2026-04-16,2026-06-07,발주
PO-000002670,FAC-001,2026-04-18,2026-06-09,발주
PO-000002671,FAC-001,2026-04-18,2026-06-09,발주
PO-000002672,FAC-001,2026-04-18,2026-06-09,발주
PO-000002673,FAC-001,2026-04-18,2026-06-09,발주
PO-000002674,FAC-001,2026-04-18,2026-06-09,발주
PO-000002675,FAC-001,2026-04-19,2026-06-10,발주
PO-000002676,FAC-001,2026-04-19,2026-06-10,발주
PO-000002677,FAC-001,2026-04-22,2026-06-13,발주
PO-000002678,FAC-001,2026-04-22,2026-06-13,발주
PO-000002679,FAC-001,2026-04-22,2026-06-13,발주
PO-000002680,FAC-001,2026-04-23,2026-06-14,발주
PO-000002681,FAC-001,2026-04-23,2026-06-14,발주
PO-000002682,FAC-001,2026-04-24,2026-06-15,발주
PO-000002683,FAC-001,2026-04-24,2026-06-15,발주
PO-000002684,FAC-001,2026-04-24,2026-06-15,발주
PO-000002685,FAC-001,2026-04-24,2026-06-15,발주
PO-000002686,FAC-001,2026-04-25,2026-06-16,발주
PO-000002687,FAC-001,2026-04-25,2026-06-16,발주
PO-000002688,FAC-001,2026-04-25,2026-06-16,발주
PO-000002689,FAC-001,2026-04-26,2026-06-17,발주
PO-000002690,FAC-001,2026-04-27,2026-06-18,발주
PO-000002691,FAC-001,2026-04-27,2026-06-18,발주
PO-000002692,FAC-001,2026-04-28,2026-06-19,발주
PO-000002693,FAC-001,2026-04-28,2026-06-19,발주
PO-000002694,FAC-001,2026-04-28,2026-06-19,발주
PO-000002695,FAC-001,2026-04-28,2026-06-19,발주
PO-000002696,FAC-001,2026-04-29,2026-06-20,발주
PO-000002697,FAC-001,2026-04-29,2026-06-20,발주
PO-000002698,FAC-001,2026-04-29,2026-06-20,발주
PO-000002699,FAC-001,2026-04-29,2026-06-20,발주
PO-000002700,FAC-001,2026-04-29,2026-06-20,발주
PO-000002701,FAC-001,2026-04-29,2026-06-20,발주
PO-000002702,FAC-001,2026-04-30,2026-06-21,발주
PO-000002703,FAC-001,2026-04-30,2026-06-21,발주
PO-000002704,FAC-001,2026-05-01,2026-06-22,발주
PO-000002705,FAC-001,2026-05-01,2026-06-22,발주
PO-000002706,FAC-001,2026-05-01,2026-06-22,발주
PO-000002707,FAC-001,2026-05-01,2026-06-22,발주
PO-000002708,FAC-001,2026-05-02,2026-06-23,발주
PO-000002709,FAC-001,2026-05-02,2026-06-23,발주
PO-000002710,FAC-001,2026-05-02,2026-06-23,발주
PO-000002711,FAC-001,2026-05-02,2026-06-23,발주
PO-000002712,FAC-001,2026-05-02,2026-06-23,발주
PO-000002713,FAC-001,2026-05-02,2026-06-23,발주
PO-000002714,FAC-001,2026-05-02,2026-06-23,발주
PO-000002715,FAC-001,2026-05-03,2026-06-24,발주
PO-000002716,FAC-001,2026-05-03,2026-06-24,발주
PO-000002717,FAC-001,2026-05-03,2026-06-24,발주
PO-000002718,FAC-001,2026-05-03,2026-06-24,발주
PO-000002719,FAC-001,2026-05-03,2026-06-24,발주
PO-000002720,FAC-001,2026-05-03,2026-06-24,발주
PO-000002721,FAC-001,2026-05-03,2026-06-24,발주
PO-000002722,FAC-001,2026-05-03,2026-06-24,발주
PO-000002723,FAC-001,2026-05-03,2026-06-24,발주
PO-000002724,FAC-001,2026-05-04,2026-06-25,발주
PO-000002725,FAC-001,2026-05-04,2026-06-25,발주
PO-000002726,FAC-001,2026-05-04,2026-06-25,발주
PO-000002727,FAC-001,2026-05-04,2026-06-25,발주
PO-000002728,FAC-001,2026-05-04,2026-06-25,발주
PO-000002729,FAC-001,2026-05-04,2026-06-25,발주
PO-000002730,FAC-001,2026-05-05,2026-06-26,발주
PO-000002731,FAC-001,2026-05-05,2026-06-26,발주
PO-000002732,FAC-001,2026-05-05,2026-06-26,발주
PO-000002733,FAC-001,2026-05-06,2026-06-27,발주
PO-000002734,FAC-001,2026-05-06,2026-06-27,발주
PO-000002735,FAC-001,2026-05-06,2026-06-27,발주
PO-000002736,FAC-001,2026-05-06,2026-06-27,발주
PO-000002737,FAC-001,2026-05-06,2026-06-27,발주
PO-000002738,FAC-001,2026-05-06,2026-06-27,발주
PO-000002739,FAC-001,2026-05-06,2026-06-27,발주
PO-000002740,FAC-001,2026-05-07,2026-06-28,발주
PO-000002741,FAC-001,2026-05-07,2026-06-28,발주
PO-000002742,FAC-001,2026-05-07,2026-06-28,발주
PO-000002743,FAC-001,2026-05-07,2026-06-28,발주
PO-000002744,FAC-001,2026-05-07,2026-06-28,발주
PO-000002745,FAC-001,2026-05-07,2026-06-28,발주
PO-000002746,FAC-001,2026-05-07,2026-06-28,발주
PO-000002747,FAC-001,2026-05-07,2026-06-28,발주
PO-000002748,FAC-001,2026-05-07,2026-06-28,발주
PO-000002749,FAC-001,2026-05-07,2026-06-28,발주
PO-000002750,FAC-001,2026-05-08,2026-06-29,발주
PO-000002751,FAC-001,2026-05-08,2026-06-29,발주
PO-000002752,FAC-001,2026-05-08,2026-06-29,발주
PO-000002753,FAC-001,2026-05-08,2026-06-29,발주
PO-000002754,FAC-001,2026-05-08,2026-06-29,발주
PO-000002755,FAC-001,2026-05-09,2026-06-30,발주
PO-000002756,FAC-001,2026-05-09,2026-06-30,발주
PO-000002757,FAC-001,2026-05-09,2026-06-30,발주
PO-000002758,FAC-001,2026-05-09,2026-06-30,발주
PO-000002759,FAC-001,2026-05-09,2026-06-30,발주
PO-000002760,FAC-001,2026-05-09,2026-06-30,발주
PO-000002761,FAC-001,2026-05-09,2026-06-30,발주
PO-000002762,FAC-001,2026-05-09,2026-06-30,발주
PO-000002763,FAC-001,2026-05-10,2026-07-01,발주
PO-000002764,FAC-001,2026-05-10,2026-07-01,발주
PO-000002765,FAC-001,2026-05-10,2026-07-01,발주
PO-000002766,FAC-001,2026-05-10,2026-07-01,발주
PO-000002767,FAC-001,2026-05-10,2026-07-01,발주
PO-000002768,FAC-001,2026-05-10,2026-07-01,발주
PO-000002769,FAC-001,2026-05-10,2026-07-01,발주
PO-000002770,FAC-001,2026-05-10,2026-07-01,발주
PO-000002771,FAC-001,2026-05-10,2026-07-01,발주
PO-000002772,FAC-001,2026-05-10,2026-07-01,발주
PO-000002773,FAC-001,2026-05-11,2026-07-02,발주
PO-000002774,FAC-001,2026-05-11,2026-07-02,발주
PO-000002775,FAC-001,2026-05-11,2026-07-02,발주
PO-000002776,FAC-001,2026-05-11,2026-07-02,발주
PO-000002777,FAC-001,2026-05-11,2026-07-02,발주
PO-000002778,FAC-001,2026-05-12,2026-07-03,발주
PO-000002779,FAC-001,2026-05-12,2026-07-03,발주
PO-000002780,FAC-001,2026-05-13,2026-07-04,발주
PO-000002781,FAC-001,2026-05-13,2026-07-04,발주
PO-000002782,FAC-001,2026-05-13,2026-07-04,발주
PO-000002783,FAC-001,2026-05-13,2026-07-04,발주
PO-000002784,FAC-001,2026-05-14,2026-07-05,발주
PO-000002785,FAC-001,2026-05-14,2026-07-05,발주
PO-000002786,FAC-001,2026-05-14,2026-07-05,발주
PO-000002787,FAC-001,2026-05-15,2026-07-06,발주
PO-000002788,FAC-001,2026-05-15,2026-07-06,발주
PO-000002789,FAC-001,2026-05-15,2026-07-06,발주
PO-000002790,FAC-001,2026-05-15,2026-07-06,발주
PO-000002791,FAC-001,2026-05-15,2026-07-06,발주
PO-000002792,FAC-001,2026-05-15,2026-07-06,발주
PO-000002793,FAC-001,2026-05-16,2026-07-07,발주
PO-000002794,FAC-001,2026-05-16,2026-07-07,발주
PO-000002795,FAC-001,2026-05-16,2026-07-07,발주
PO-000002796,FAC-001,2026-05-16,2026-07-07,발주
PO-000002797,FAC-001,2026-05-16,2026-07-07,발주
PO-000002798,FAC-001,2026-05-16,2026-07-07,발주
PO-000002799,FAC-001,2026-05-16,2026-07-07,발주
PO-000002800,FAC-001,2026-05-16,2026-07-07,발주
PO-000002801,FAC-001,2026-05-17,2026-07-08,발주
PO-000002802,FAC-001,2026-05-17,2026-07-08,발주
PO-000002803,FAC-001,2026-05-17,2026-07-08,발주
PO-000002804,FAC-001,2026-05-17,2026-07-08,발주
PO-000002805,FAC-001,2026-05-17,2026-07-08,발주
PO-000002806,FAC-001,2026-05-17,2026-07-08,발주
PO-000002807,FAC-001,2026-05-17,2026-07-08,발주
PO-000002808,FAC-001,2026-05-17,2026-07-08,발주
PO-000002809,FAC-001,2026-05-17,2026-07-08,발주
PO-000002810,FAC-001,2026-05-18,2026-07-09,발주
PO-000002811,FAC-001,2026-05-18,2026-07-09,발주
PO-000002812,FAC-001,2026-05-18,2026-07-09,발주
PO-000002813,FAC-001,2026-05-18,2026-07-09,발주
PO-000002814,FAC-001,2026-05-18,2026-07-09,발주
PO-000002815,FAC-001,2026-05-18,2026-07-09,발주
PO-000002816,FAC-001,2026-05-18,2026-07-09,발주
PO-000002817,FAC-001,2026-05-19,2026-07-10,발주
PO-000002818,FAC-001,2026-05-19,2026-07-10,발주
PO-000002819,FAC-001,2026-05-19,2026-07-10,발주
PO-000002820,FAC-001,2026-05-19,2026-07-10,발주
PO-000002821,FAC-001,2026-05-19,2026-07-10,발주
PO-000002822,FAC-001,2026-05-20,2026-07-11,발주
PO-000002823,FAC-001,2026-05-20,2026-07-11,발주
PO-000002824,FAC-001,2026-05-20,2026-07-11,발주
PO-000002825,FAC-001,2026-05-20,2026-07-11,발주
PO-000002826,FAC-001,2026-05-20,2026-07-11,발주
PO-000002827,FAC-001,2026-05-21,2026-07-12,발주
PO-000002828,FAC-001,2026-05-21,2026-07-12,발주
PO-000002829,FAC-001,2026-05-21,2026-07-12,발주
PO-000002830,FAC-001,2026-05-21,2026-07-12,발주
PO-000002831,FAC-001,2026-05-22,2026-07-13,발주
PO-000002832,FAC-001,2026-05-22,2026-07-13,발주
PO-000002833,FAC-001,2026-05-22,2026-07-13,발주
PO-000002834,FAC-001,2026-05-22,2026-07-13,발주
PO-000002835,FAC-001,2026-05-22,2026-07-13,발주
PO-000002836,FAC-001,2026-05-22,2026-07-13,발주
PO-000002837,FAC-001,2026-05-22,2026-07-13,발주
PO-000002838,FAC-001,2026-05-23,2026-07-14,발주
PO-000002839,FAC-001,2026-05-23,2026-07-14,발주
PO-000002840,FAC-001,2026-05-23,2026-07-14,발주
PO-000002841,FAC-001,2026-05-23,2026-07-14,발주
PO-000002842,FAC-001,2026-05-23,2026-07-14,발주
PO-000002843,FAC-001,2026-05-23,2026-07-14,발주
PO-000002844,FAC-001,2026-05-24,2026-07-15,발주
PO-000002845,FAC-001,2026-05-24,2026-07-15,발주
PO-000002846,FAC-001,2026-05-24,2026-07-15,발주
PO-000002847,FAC-001,2026-05-24,2026-07-15,발주
PO-000002848,FAC-001,2026-05-24,2026-07-15,발주
PO-000002849,FAC-001,2026-05-24,2026-07-15,발주
PO-000002850,FAC-001,2026-05-25,2026-07-16,발주
PO-000002851,FAC-001,2026-05-25,2026-07-16,발주
PO-000002852,FAC-001,2026-05-25,2026-07-16,발주
PO-000002853,FAC-001,2026-05-26,2026-07-17,발주
PO-000002854,FAC-001,2026-05-26,2026-07-17,발주
PO-000002855,FAC-001,2026-05-26,2026-07-17,발주
PO-000002856,FAC-001,2026-05-26,2026-07-17,발주
PO-000002857,FAC-001,2026-05-28,2026-07-19,발주
PO-000002858,FAC-001,2026-05-28,2026-07-19,발주
PO-000002859,FAC-001,2026-05-28,2026-07-19,발주
PO-000002860,FAC-001,2026-05-28,2026-07-19,발주
PO-000002861,FAC-001,2026-05-28,2026-07-19,발주
PO-000002862,FAC-001,2026-05-29,2026-07-20,발주
PO-000002863,FAC-001,2026-05-29,2026-07-20,발주
PO-000002864,FAC-001,2026-05-30,2026-07-21,발주
PO-000002865,FAC-001,2026-05-30,2026-07-21,발주
PO-000002866,FAC-001,2026-05-30,2026-07-21,발주
PO-000002867,FAC-001,2026-05-31,2026-07-22,발주
PO-000002868,FAC-001,2026-06-01,2026-07-23,발주
PO-000002869,FAC-001,2026-06-01,2026-07-23,발주
PO-000002870,FAC-001,2026-06-02,2026-07-24,발주
PO-000002871,FAC-001,2026-06-02,2026-07-24,발주
PO-000002872,FAC-001,2026-06-03,2026-07-25,발주
PO-000002873,FAC-001,2026-06-03,2026-07-25,발주
PO-000002874,FAC-001,2026-06-03,2026-07-25,발주
PO-000002875,FAC-001,2026-06-03,2026-07-25,발주
PO-000002876,FAC-001,2026-06-03,2026-07-25,발주
PO-000002877,FAC-001,2026-06-04,2026-07-26,발주
PO-000002878,FAC-001,2026-06-04,2026-07-26,발주
PO-000002879,FAC-001,2026-06-04,2026-07-26,발주
PO-000002880,FAC-001,2026-06-04,2026-07-26,발주
PO-000002881,FAC-001,2026-06-04,2026-07-26,발주
PO-000002882,FAC-001,2026-06-04,2026-07-26,발주
PO-000002883,FAC-001,2026-06-04,2026-07-26,발주
PO-000002884,FAC-001,2026-06-05,2026-07-27,발주
PO-000002885,FAC-001,2026-06-05,2026-07-27,발주
PO-000002886,FAC-001,2026-06-05,2026-07-27,발주
PO-000002887,FAC-001,2026-06-05,2026-07-27,발주
PO-000002888,FAC-001,2026-06-05,2026-07-27,발주
PO-000002889,FAC-001,2026-06-05,2026-07-27,발주
PO-000002890,FAC-001,2026-06-06,2026-07-28,발주
PO-000002891,FAC-001,2026-06-06,2026-07-28,발주
PO-000002892,FAC-001,2026-06-06,2026-07-28,발주
PO-000002893,FAC-001,2026-06-06,2026-07-28,발주
PO-000002894,FAC-001,2026-06-06,2026-07-28,발주
PO-000002895,FAC-001,2026-06-06,2026-07-28,발주
PO-000002896,FAC-001,2026-06-07,2026-07-29,발주
PO-000002897,FAC-001,2026-06-07,2026-07-29,발주
PO-000002898,FAC-001,2026-06-07,2026-07-29,발주
PO-000002899,FAC-001,2026-06-07,2026-07-29,발주
PO-000002900,FAC-001,2026-06-07,2026-07-29,발주
PO-000002901,FAC-001,2026-06-07,2026-07-29,발주
PO-000002902,FAC-001,2026-06-07,2026-07-29,발주
PO-000002903,FAC-001,2026-06-08,2026-07-30,발주
PO-000002904,FAC-001,2026-06-08,2026-07-30,발주
PO-000002905,FAC-001,2026-06-08,2026-07-30,발주
PO-000002906,FAC-001,2026-06-08,2026-07-30,발주
PO-000002907,FAC-001,2026-06-08,2026-07-30,발주
PO-000002908,FAC-001,2026-06-09,2026-07-31,발주
PO-000002909,FAC-001,2026-06-09,2026-07-31,발주
PO-000002910,FAC-001,2026-06-09,2026-07-31,발주
PO-000002911,FAC-001,2026-06-09,2026-07-31,발주
PO-000002912,FAC-001,2026-06-09,2026-07-31,발주
PO-000002913,FAC-001,2026-06-10,2026-08-01,발주
PO-000002914,FAC-001,2026-06-10,2026-08-01,발주
PO-000002915,FAC-001,2026-06-10,2026-08-01,발주
PO-000002916,FAC-001,2026-06-10,2026-08-01,발주
PO-000002917,FAC-001,2026-06-10,2026-08-01,발주
PO-000002918,FAC-001,2026-06-10,2026-08-01,발주
PO-000002919,FAC-001,2026-06-11,2026-08-02,발주
PO-000002920,FAC-001,2026-06-11,2026-08-02,발주
PO-000002921,FAC-001,2026-06-11,2026-08-02,발주
PO-000002922,FAC-001,2026-06-11,2026-08-02,발주
PO-000002923,FAC-001,2026-06-11,2026-08-02,발주
PO-000002924,FAC-001,2026-06-11,2026-08-02,발주
PO-000002925,FAC-001,2026-06-12,2026-08-03,발주
PO-000002926,FAC-001,2026-06-12,2026-08-03,발주
PO-000002927,FAC-001,2026-06-12,2026-08-03,발주
PO-000002928,FAC-001,2026-06-12,2026-08-03,발주
PO-000002929,FAC-001,2026-06-13,2026-08-04,발주
PO-000002930,FAC-001,2026-06-13,2026-08-04,발주
PO-000002931,FAC-001,2026-06-13,2026-08-04,발주
PO-000002932,FAC-001,2026-06-14,2026-08-05,발주
PO-000002933,FAC-001,2026-06-14,2026-08-05,발주
PO-000002934,FAC-001,2026-06-14,2026-08-05,발주
PO-000002935,FAC-001,2026-06-14,2026-08-05,발주
PO-000002936,FAC-001,2026-06-15,2026-08-06,발주
PO-000002937,FAC-001,2026-06-16,2026-08-07,발주
PO-000002938,FAC-001,2026-06-16,2026-08-07,발주
PO-000002939,FAC-001,2026-06-16,2026-08-07,발주
PO-000002940,FAC-001,2026-06-17,2026-08-08,발주
PO-000002941,FAC-001,2026-06-17,2026-08-08,발주
PO-000002942,FAC-001,2026-06-17,2026-08-08,발주
PO-000002943,FAC-001,2026-06-17,2026-08-08,발주
PO-000002944,FAC-001,2026-06-18,2026-08-09,발주
PO-000002945,FAC-001,2026-06-18,2026-08-09,발주
PO-000002946,FAC-001,2026-06-18,2026-08-09,발주
PO-000002947,FAC-001,2026-06-18,2026-08-09,발주
PO-000002948,FAC-001,2026-06-19,2026-08-10,발주
PO-000002949,FAC-001,2026-06-19,2026-08-10,발주
PO-000002950,FAC-001,2026-06-19,2026-08-10,발주
PO-000002951,FAC-001,2026-06-19,2026-08-10,발주
PO-000002952,FAC-001,2026-06-19,2026-08-10,발주
PO-000002953,FAC-001,2026-06-20,2026-08-11,발주
PO-000002954,FAC-001,2026-06-20,2026-08-11,발주
PO-000002955,FAC-001,2026-06-21,2026-08-12,발주
PO-000002956,FAC-001,2026-06-21,2026-08-12,발주
PO-000002957,FAC-001,2026-06-21,2026-08-12,발주
PO-000002958,FAC-001,2026-06-22,2026-08-13,발주
PO-000002959,FAC-001,2026-06-22,2026-08-13,발주
PO-000002960,FAC-001,2026-06-22,2026-08-13,발주
PO-000002961,FAC-001,2026-06-24,2026-08-15,발주
PO-000002962,FAC-001,2026-06-24,2026-08-15,발주
PO-000002963,FAC-001,2026-06-25,2026-08-16,발주
PO-000002964,FAC-001,2026-06-25,2026-08-16,발주
PO-000002965,FAC-001,2026-06-25,2026-08-16,발주
PO-000002966,FAC-001,2026-06-26,2026-08-17,발주
PO-000002967,FAC-001,2026-06-26,2026-08-17,발주
PO-000002968,FAC-001,2026-06-27,2026-08-18,발주
PO-000002969,FAC-001,2026-06-27,2026-08-18,발주
PO-000002970,FAC-001,2026-06-27,2026-08-18,발주
PO-000002971,FAC-001,2026-06-27,2026-08-18,발주
PO-000002972,FAC-001,2026-06-28,2026-08-19,발주
PO-000002973,FAC-001,2026-06-28,2026-08-19,발주
PO-000002974,FAC-001,2026-06-28,2026-08-19,발주
PO-000002975,FAC-001,2026-06-28,2026-08-19,발주
PO-000002976,FAC-001,2026-06-29,2026-08-20,발주
PO-000002977,FAC-001,2026-06-29,2026-08-20,발주
PO-000002978,FAC-001,2026-06-29,2026-08-20,발주
PO-000002979,FAC-001,2026-06-29,2026-08-20,발주
PO-000002980,FAC-001,2026-06-30,2026-08-21,발주
PO-000002981,FAC-001,2026-07-01,2026-08-22,발주
PO-000002982,FAC-001,2026-07-01,2026-08-22,발주
PO-000002983,FAC-001,2026-07-01,2026-08-22,발주
PO-000002984,FAC-001,2026-07-01,2026-08-22,발주
PO-000002985,FAC-001,2026-07-01,2026-08-22,발주
PO-000002986,FAC-001,2026-07-01,2026-08-22,발주
PO-000002987,FAC-001,2026-07-01,2026-08-22,발주
PO-000002988,FAC-001,2026-07-01,2026-08-22,발주
PO-000002989,FAC-001,2026-07-02,2026-08-23,발주
PO-000002990,FAC-001,2026-07-02,2026-08-23,발주
PO-000002991,FAC-001,2026-07-02,2026-08-23,발주
PO-000002992,FAC-001,2026-07-02,2026-08-23,발주
PO-000002993,FAC-001,2026-07-02,2026-08-23,발주
PO-000002994,FAC-001,2026-07-02,2026-08-23,발주
PO-000002995,FAC-001,2026-07-03,2026-08-24,발주
PO-000002996,FAC-001,2026-07-03,2026-08-24,발주
PO-000002997,FAC-001,2026-07-03,2026-08-24,발주
PO-000002998,FAC-001,2026-07-03,2026-08-24,발주
PO-000002999,FAC-001,2026-07-03,2026-08-24,발주
PO-000003000,FAC-001,2026-07-04,2026-08-25,발주
PO-000003001,FAC-001,2026-07-04,2026-08-25,발주
PO-000003002,FAC-001,2026-07-04,2026-08-25,발주
PO-000003003,FAC-001,2026-07-04,2026-08-25,발주
PO-000003004,FAC-001,2026-07-04,2026-08-25,발주
PO-000003005,FAC-001,2026-07-04,2026-08-25,발주
PO-000003006,FAC-001,2026-07-04,2026-08-25,발주
PO-000003007,FAC-001,2026-07-04,2026-08-25,발주
PO-000003008,FAC-001,2026-07-05,2026-08-26,발주
PO-000003009,FAC-001,2026-07-05,2026-08-26,발주
PO-000003010,FAC-001,2026-07-06,2026-08-27,발주
PO-000003011,FAC-001,2026-07-06,2026-08-27,발주
PO-000003012,FAC-001,2026-07-06,2026-08-27,발주
PO-000003013,FAC-001,2026-07-06,2026-08-27,발주
PO-000003014,FAC-001,2026-07-07,2026-08-28,발주
PO-000003015,FAC-001,2026-07-07,2026-08-28,발주
PO-000003016,FAC-001,2026-07-08,2026-08-29,발주
PO-000003017,FAC-001,2026-07-08,2026-08-29,발주
PO-000003018,FAC-001,2026-07-08,2026-08-29,발주
PO-000003019,FAC-001,2026-07-08,2026-08-29,발주
PO-000003020,FAC-001,2026-07-10,2026-08-31,발주
PO-000003021,FAC-001,2026-07-10,2026-08-31,발주
PO-000003022,FAC-001,2026-07-11,2026-09-01,발주
PO-000003023,FAC-001,2026-07-11,2026-09-01,발주
PO-000003024,FAC-001,2026-07-11,2026-09-01,발주
PO-000003025,FAC-001,2026-07-12,2026-09-02,발주
PO-000003026,FAC-001,2026-07-12,2026-09-02,발주
PO-000003027,FAC-001,2026-07-12,2026-09-02,발주
PO-000003028,FAC-001,2026-07-12,2026-09-02,발주
PO-000003029,FAC-001,2026-07-12,2026-09-02,발주
PO-000003030,FAC-001,2026-07-12,2026-09-02,발주
PO-000003031,FAC-001,2026-07-12,2026-09-02,발주
PO-000003032,FAC-001,2026-07-13,2026-09-03,발주
PO-000003033,FAC-001,2026-07-13,2026-09-03,발주
PO-000003034,FAC-001,2026-07-13,2026-09-03,발주
PO-000003035,FAC-001,2026-07-13,2026-09-03,발주
PO-000003036,FAC-001,2026-07-13,2026-09-03,발주
PO-000003037,FAC-001,2026-07-13,2026-09-03,발주
PO-000003038,FAC-001,2026-07-13,2026-09-03,발주
PO-000003039,FAC-001,2026-07-13,2026-09-03,발주
PO-000003040,FAC-001,2026-07-14,2026-09-04,발주
PO-000003041,FAC-001,2026-07-14,2026-09-04,발주
PO-000003042,FAC-001,2026-07-15,2026-09-05,발주
PO-000003043,FAC-001,2026-07-15,2026-09-05,발주
PO-000003044,FAC-001,2026-07-15,2026-09-05,발주
PO-000003045,FAC-001,2026-07-15,2026-09-05,발주
PO-000003046,FAC-001,2026-07-15,2026-09-05,발주
PO-000003047,FAC-001,2026-07-15,2026-09-05,발주
PO-000003048,FAC-001,2026-07-16,2026-09-06,발주
PO-000003049,FAC-001,2026-07-16,2026-09-06,발주
PO-000003050,FAC-001,2026-07-16,2026-09-06,발주
PO-000003051,FAC-001,2026-07-16,2026-09-06,발주
PO-000003052,FAC-001,2026-07-16,2026-09-06,발주
PO-000003053,FAC-001,2026-07-16,2026-09-06,발주
PO-000003054,FAC-001,2026-07-17,2026-09-07,발주
PO-000003055,FAC-001,2026-07-17,2026-09-07,발주
PO-000003056,FAC-001,2026-07-17,2026-09-07,발주
PO-000003057,FAC-001,2026-07-17,2026-09-07,발주
PO-000003058,FAC-001,2026-07-17,2026-09-07,발주
PO-000003059,FAC-001,2026-07-18,2026-09-08,발주
PO-000003060,FAC-001,2026-07-18,2026-09-08,발주
PO-000003061,FAC-001,2026-07-18,2026-09-08,발주
PO-000003062,FAC-001,2026-07-18,2026-09-08,발주
PO-000003063,FAC-001,2026-07-18,2026-09-08,발주
PO-000003064,FAC-001,2026-07-18,2026-09-08,발주
PO-000003065,FAC-001,2026-07-18,2026-09-08,발주
PO-000003066,FAC-001,2026-07-19,2026-09-09,발주
PO-000003067,FAC-001,2026-07-19,2026-09-09,발주
PO-000003068,FAC-001,2026-07-19,2026-09-09,발주
PO-000003069,FAC-001,2026-07-20,2026-09-10,발주
PO-000003070,FAC-001,2026-07-20,2026-09-10,발주
PO-000003071,FAC-001,2026-07-20,2026-09-10,발주
PO-000003072,FAC-001,2026-07-21,2026-09-11,발주
PO-000003073,FAC-001,2026-07-21,2026-09-11,발주
PO-000003074,FAC-001,2026-07-21,2026-09-11,발주
PO-000003075,FAC-001,2026-07-22,2026-09-12,발주
PO-000003076,FAC-001,2026-07-22,2026-09-12,발주
PO-000003077,FAC-001,2026-07-23,2026-09-13,발주
PO-000003078,FAC-001,2026-07-23,2026-09-13,발주
PO-000003079,FAC-001,2026-07-24,2026-09-14,발주
PO-000003080,FAC-001,2026-07-24,2026-09-14,발주
PO-000003081,FAC-001,2026-07-25,2026-09-15,발주
PO-000003082,FAC-001,2026-07-25,2026-09-15,발주
PO-000003083,FAC-001,2026-07-25,2026-09-15,발주
PO-000003084,FAC-001,2026-07-25,2026-09-15,발주
PO-000003085,FAC-001,2026-07-25,2026-09-15,발주
PO-000003086,FAC-001,2026-07-25,2026-09-15,발주
PO-000003087,FAC-001,2026-07-25,2026-09-15,발주
PO-000003088,FAC-001,2026-07-25,2026-09-15,발주
PO-000003089,FAC-001,2026-07-25,2026-09-15,발주
PO-000003090,FAC-001,2026-07-25,2026-09-15,발주
PO-000003091,FAC-001,2026-07-25,2026-09-15,발주
PO-000003092,FAC-001,2026-07-25,2026-09-15,발주
PO-000003093,FAC-001,2026-07-26,2026-09-16,발주
PO-000003094,FAC-001,2026-07-26,2026-09-16,발주
PO-000003095,FAC-001,2026-07-26,2026-09-16,발주
PO-000003096,FAC-001,2026-07-26,2026-09-16,발주
PO-000003097,FAC-001,2026-07-26,2026-09-16,발주
PO-000003098,FAC-001,2026-07-26,2026-09-16,발주
PO-000003099,FAC-001,2026-07-26,2026-09-16,발주
PO-000003100,FAC-001,2026-07-27,2026-09-17,발주
PO-000003101,FAC-001,2026-07-27,2026-09-17,발주
PO-000003102,FAC-001,2026-07-27,2026-09-17,발주
PO-000003103,FAC-001,2026-07-27,2026-09-17,발주
PO-000003104,FAC-001,2026-07-28,2026-09-18,발주
PO-000003105,FAC-001,2026-07-28,2026-09-18,발주
PO-000003106,FAC-001,2026-07-28,2026-09-18,발주
PO-000003107,FAC-001,2026-07-28,2026-09-18,발주
PO-000003108,FAC-001,2026-07-28,2026-09-18,발주
PO-000003109,FAC-001,2026-07-28,2026-09-18,발주
PO-000003110,FAC-001,2026-07-29,2026-09-19,발주
PO-000003111,FAC-001,2026-07-29,2026-09-19,발주
PO-000003112,FAC-001,2026-07-29,2026-09-19,발주
PO-000003113,FAC-001,2026-07-29,2026-09-19,발주
PO-000003114,FAC-001,2026-07-29,2026-09-19,발주
PO-000003115,FAC-001,2026-07-29,2026-09-19,발주
PO-000003116,FAC-001,2026-07-29,2026-09-19,발주
PO-000003117,FAC-001,2026-07-29,2026-09-19,발주
PO-000003118,FAC-001,2026-07-29,2026-09-19,발주
PO-000003119,FAC-001,2026-07-30,2026-09-20,발주
PO-000003120,FAC-001,2026-07-30,2026-09-20,발주
PO-000003121,FAC-001,2026-07-30,2026-09-20,발주
PO-000003122,FAC-001,2026-07-30,2026-09-20,발주
PO-000003123,FAC-001,2026-07-30,2026-09-20,발주
PO-000003124,FAC-001,2026-07-30,2026-09-20,발주
PO-000003125,FAC-001,2026-07-30,2026-09-20,발주
PO-000003126,FAC-001,2026-07-30,2026-09-20,발주
PO-000003127,FAC-001,2026-07-30,2026-09-20,발주
PO-000003128,FAC-001,2026-07-31,2026-09-21,발주
PO-000003129,FAC-001,2026-07-31,2026-09-21,발주
PO-000003130,FAC-001,2026-07-31,2026-09-21,발주
PO-000003131,FAC-001,2026-07-31,2026-09-21,발주
PO-000003132,FAC-001,2026-07-31,2026-09-21,발주
PO-000003133,FAC-001,2026-07-31,2026-09-21,발주
PO-000003134,FAC-001,2026-08-01,2026-09-22,발주
PO-000003135,FAC-001,2026-08-01,2026-09-22,발주
PO-000003136,FAC-001,2026-08-01,2026-09-22,발주
PO-000003137,FAC-001,2026-08-01,2026-09-22,발주
PO-000003138,FAC-001,2026-08-01,2026-09-22,발주
PO-000003139,FAC-001,2026-08-01,2026-09-22,발주
PO-000003140,FAC-001,2026-08-01,2026-09-22,발주
PO-000003141,FAC-001,2026-08-01,2026-09-22,발주
PO-000003142,FAC-001,2026-08-01,2026-09-22,발주
PO-000003143,FAC-001,2026-08-01,2026-09-22,발주
PO-000003144,FAC-001,2026-08-02,2026-09-23,발주
PO-000003145,FAC-001,2026-08-02,2026-09-23,발주
PO-000003146,FAC-001,2026-08-02,2026-09-23,발주
PO-000003147,FAC-001,2026-08-02,2026-09-23,발주
PO-000003148,FAC-001,2026-08-02,2026-09-23,발주
PO-000003149,FAC-001,2026-08-02,2026-09-23,발주
PO-000003150,FAC-001,2026-08-02,2026-09-23,발주
PO-000003151,FAC-001,2026-08-02,2026-09-23,발주
PO-000003152,FAC-001,2026-08-02,2026-09-23,발주
PO-000003153,FAC-001,2026-08-02,2026-09-23,발주
PO-000003154,FAC-001,2026-08-02,2026-09-23,발주
PO-000003155,FAC-001,2026-08-02,2026-09-23,발주
PO-000003156,FAC-001,2026-08-02,2026-09-23,발주
PO-000003157,FAC-001,2026-08-02,2026-09-23,발주
PO-000003158,FAC-001,2026-08-02,2026-09-23,발주
PO-000003159,FAC-001,2026-08-02,2026-09-23,발주
PO-000003160,FAC-001,2026-08-02,2026-09-23,발주
PO-000003161,FAC-001,2026-08-02,2026-09-23,발주
PO-000003162,FAC-001,2026-08-03,2026-09-24,발주
PO-000003163,FAC-001,2026-08-03,2026-09-24,발주
PO-000003164,FAC-001,2026-08-03,2026-09-24,발주
PO-000003165,FAC-001,2026-08-03,2026-09-24,발주
PO-000003166,FAC-001,2026-08-03,2026-09-24,발주
PO-000003167,FAC-001,2026-08-03,2026-09-24,발주
PO-000003168,FAC-001,2026-08-03,2026-09-24,발주
PO-000003169,FAC-001,2026-08-03,2026-09-24,발주
PO-000003170,FAC-001,2026-08-03,2026-09-24,발주
PO-000003171,FAC-001,2026-08-04,2026-09-25,발주
PO-000003172,FAC-001,2026-08-04,2026-09-25,발주
PO-000003173,FAC-001,2026-08-04,2026-09-25,발주
PO-000003174,FAC-001,2026-08-04,2026-09-25,발주
PO-000003175,FAC-001,2026-08-04,2026-09-25,발주
PO-000003176,FAC-001,2026-08-04,2026-09-25,발주
PO-000003177,FAC-001,2026-08-04,2026-09-25,발주
PO-000003178,FAC-001,2026-08-04,2026-09-25,발주
PO-000003179,FAC-001,2026-08-04,2026-09-25,발주
PO-000003180,FAC-001,2026-08-04,2026-09-25,발주
PO-000003181,FAC-001,2026-08-04,2026-09-25,발주
PO-000003182,FAC-001,2026-08-04,2026-09-25,발주
PO-000003183,FAC-001,2026-08-04,2026-09-25,발주
PO-000003184,FAC-001,2026-08-04,2026-09-25,발주
PO-000003185,FAC-001,2026-08-04,2026-09-25,발주
PO-000003186,FAC-001,2026-08-04,2026-09-25,발주
PO-000003187,FAC-001,2026-08-04,2026-09-25,발주
PO-000003188,FAC-001,2026-08-04,2026-09-25,발주
PO-000003189,FAC-001,2026-08-05,2026-09-26,발주
PO-000003190,FAC-001,2026-08-05,2026-09-26,발주
PO-000003191,FAC-001,2026-08-05,2026-09-26,발주
PO-000003192,FAC-001,2026-08-05,2026-09-26,발주
PO-000003193,FAC-001,2026-08-05,2026-09-26,발주
PO-000003194,FAC-001,2026-08-05,2026-09-26,발주
PO-000003195,FAC-001,2026-08-05,2026-09-26,발주
PO-000003196,FAC-001,2026-08-05,2026-09-26,발주
PO-000003197,FAC-001,2026-08-05,2026-09-26,발주
PO-000003198,FAC-001,2026-08-06,2026-09-27,발주
PO-000003199,FAC-001,2026-08-06,2026-09-27,발주
PO-000003200,FAC-001,2026-08-06,2026-09-27,발주
PO-000003201,FAC-001,2026-08-06,2026-09-27,발주
PO-000003202,FAC-001,2026-08-06,2026-09-27,발주
PO-000003203,FAC-001,2026-08-06,2026-09-27,발주
PO-000003204,FAC-001,2026-08-06,2026-09-27,발주
PO-000003205,FAC-001,2026-08-06,2026-09-27,발주
PO-000003206,FAC-001,2026-08-06,2026-09-27,발주
PO-000003207,FAC-001,2026-08-07,2026-09-28,발주
PO-000003208,FAC-001,2026-08-07,2026-09-28,발주
PO-000003209,FAC-001,2026-08-07,2026-09-28,발주
PO-000003210,FAC-001,2026-08-07,2026-09-28,발주
PO-000003211,FAC-001,2026-08-07,2026-09-28,발주
PO-000003212,FAC-001,2026-08-07,2026-09-28,발주
PO-000003213,FAC-001,2026-08-07,2026-09-28,발주
PO-000003214,FAC-001,2026-08-07,2026-09-28,발주
PO-000003215,FAC-001,2026-08-07,2026-09-28,발주
PO-000003216,FAC-001,2026-08-07,2026-09-28,발주
PO-000003217,FAC-001,2026-08-07,2026-09-28,발주
PO-000003218,FAC-001,2026-08-07,2026-09-28,발주
PO-000003219,FAC-001,2026-08-07,2026-09-28,발주
PO-000003220,FAC-001,2026-08-08,2026-09-29,발주
PO-000003221,FAC-001,2026-08-08,2026-09-29,발주
PO-000003222,FAC-001,2026-08-08,2026-09-29,발주
PO-000003223,FAC-001,2026-08-08,2026-09-29,발주
PO-000003224,FAC-001,2026-08-08,2026-09-29,발주
PO-000003225,FAC-001,2026-08-08,2026-09-29,발주
PO-000003226,FAC-001,2026-08-08,2026-09-29,발주
PO-000003227,FAC-001,2026-08-08,2026-09-29,발주
PO-000003228,FAC-001,2026-08-08,2026-09-29,발주
PO-000003229,FAC-001,2026-08-09,2026-09-30,발주
PO-000003230,FAC-001,2026-08-09,2026-09-30,발주
PO-000003231,FAC-001,2026-08-09,2026-09-30,발주
PO-000003232,FAC-001,2026-08-09,2026-09-30,발주
PO-000003233,FAC-001,2026-08-09,2026-09-30,발주
PO-000003234,FAC-001,2026-08-09,2026-09-30,발주
PO-000003235,FAC-001,2026-08-09,2026-09-30,발주
PO-000003236,FAC-001,2026-08-09,2026-09-30,발주
PO-000003237,FAC-001,2026-08-09,2026-09-30,발주
PO-000003238,FAC-001,2026-08-09,2026-09-30,발주
PO-000003239,FAC-001,2026-08-09,2026-09-30,발주
PO-000003240,FAC-001,2026-08-10,2026-10-01,발주
PO-000003241,FAC-001,2026-08-10,2026-10-01,발주
PO-000003242,FAC-001,2026-08-10,2026-10-01,발주
PO-000003243,FAC-001,2026-08-10,2026-10-01,발주
PO-000003244,FAC-001,2026-08-10,2026-10-01,발주
PO-000003245,FAC-001,2026-08-11,2026-10-02,발주
PO-000003246,FAC-001,2026-08-11,2026-10-02,발주
PO-000003247,FAC-001,2026-08-11,2026-10-02,발주
PO-000003248,FAC-001,2026-08-11,2026-10-02,발주
PO-000003249,FAC-001,2026-08-11,2026-10-02,발주
PO-000003250,FAC-001,2026-08-11,2026-10-02,발주
PO-000003251,FAC-001,2026-08-12,2026-10-03,발주
PO-000003252,FAC-001,2026-08-12,2026-10-03,발주
PO-000003253,FAC-001,2026-08-12,2026-10-03,발주
PO-000003254,FAC-001,2026-08-12,2026-10-03,발주
PO-000003255,FAC-001,2026-08-12,2026-10-03,발주
PO-000003256,FAC-001,2026-08-13,2026-10-04,발주
PO-000003257,FAC-001,2026-08-13,2026-10-04,발주
PO-000003258,FAC-001,2026-08-13,2026-10-04,발주
PO-000003259,FAC-001,2026-08-14,2026-10-05,발주
PO-000003260,FAC-001,2026-08-14,2026-10-05,발주
PO-000003261,FAC-001,2026-08-14,2026-10-05,발주
PO-000003262,FAC-001,2026-08-15,2026-10-06,발주
PO-000003263,FAC-001,2026-08-15,2026-10-06,발주
PO-000003264,FAC-001,2026-08-15,2026-10-06,발주
PO-000003265,FAC-001,2026-08-15,2026-10-06,발주
PO-000003266,FAC-001,2026-08-15,2026-10-06,발주
PO-000003267,FAC-001,2026-08-16,2026-10-07,발주
PO-000003268,FAC-001,2026-08-16,2026-10-07,발주
PO-000003269,FAC-001,2026-08-16,2026-10-07,발주
PO-000003270,FAC-001,2026-08-16,2026-10-07,발주
PO-000003271,FAC-001,2026-08-16,2026-10-07,발주
PO-000003272,FAC-001,2026-08-16,2026-10-07,발주
PO-000003273,FAC-001,2026-08-16,2026-10-07,발주
PO-000003274,FAC-001,2026-08-16,2026-10-07,발주
PO-000003275,FAC-001,2026-08-17,2026-10-08,발주
PO-000003276,FAC-001,2026-08-17,2026-10-08,발주
PO-000003277,FAC-001,2026-08-17,2026-10-08,발주
PO-000003278,FAC-001,2026-08-17,2026-10-08,발주
PO-000003279,FAC-001,2026-08-17,2026-10-08,발주
PO-000003280,FAC-001,2026-08-18,2026-10-09,발주
PO-000003281,FAC-001,2026-08-18,2026-10-09,발주
PO-000003282,FAC-001,2026-08-18,2026-10-09,발주
PO-000003283,FAC-001,2026-08-19,2026-10-10,발주
PO-000003284,FAC-001,2026-08-19,2026-10-10,발주
PO-000003285,FAC-001,2026-08-19,2026-10-10,발주
PO-000003286,FAC-001,2026-08-19,2026-10-10,발주
PO-000003287,FAC-001,2026-08-19,2026-10-10,발주
