sku_code,location_id,available_qty,reserved_qty,defective_qty,pending_return_qty,safety_stock,reorder_point,last_updated
NQ-TOP-001-XS-BLK,HUB,2510,0,0,6,720,1440,2026-08-20T00:00:00
NQ-TOP-001-XS-BLK,STORE-01,0,0,0,0,720,1440,2026-08-20T00:00:00
NQ-TOP-001-XS-BLK,STORE-02,9,0,0,0,720,1440,2026-08-20T00:00:00
NQ-TOP-001-XS-BLK,STORE-03,0,0,0,0,720,1440,2026-08-20T00:00:00
NQ-TOP-001-XS-BLK,STORE-04,20,0,0,0,720,1440,2026-08-20T00:00:00
NQ-TOP-001-XS-WHT,HUB,2424,0,0,3,720,1440,2026-08-20T00:00:00
NQ-TOP-001-XS-WHT,STORE-01,0,0,0,0,720,1440,2026-08-20T00:00:00
NQ-TOP-001-XS-WHT,STORE-02,9,0,0,0,720,1440,2026-08-20T00:00:00
NQ-TOP-001-XS-WHT,STORE-03,0,0,0,0,720,1440,2026-08-20T00:00:00
NQ-TOP-001-XS-WHT,STORE-04,18,0,0,0,720,1440,2026-08-20T00:00:00
NQ-TOP-001-XS-GRY,HUB,2496,0,0,3,720,1440,2026-08-20T00:00:00
NQ-TOP-001-XS-GRY,STORE-01,0,0,0,0,720,1440,2026-08-20T00:00:00
NQ-TOP-001-XS-GRY,STORE-02,21,0,0,0,720,1440,2026-08-20T00:00:00
NQ-TOP-001-XS-GRY,STORE-03,0,0,0,0,720,1440,2026-08-20T00:00:00
NQ-TOP-001-XS-GRY,STORE-04,11,0,0,0,720,1440,2026-08-20T00:00:00
NQ-TOP-001-XS-NVY,HUB,2139,0,0,7,720,1440,2026-08-20T00:00:00
NQ-TOP-001-XS-NVY,STORE-01,0,0,0,0,720,1440,2026-08-20T00:00:00
NQ-TOP-001-XS-NVY,STORE-02,16,0,0,0,720,1440,2026-08-20T00:00:00
NQ-TOP-001-XS-NVY,STORE-03,0,0,0,0,720,1440,2026-08-20T00:00:00
NQ-TOP-001-XS-NVY,STORE-04,20,0,0,0,720,1440,2026-08-20T00:00:00
NQ-TOP-001-XS-ORC,HUB,2531,0,0,10,720,1440,2026-08-20T00:00:00
NQ-TOP-001-XS-ORC,STORE-01,0,0,0,0,720,1440,2026-08-20T00:00:00
NQ-TOP-001-XS-ORC,STORE-02,14,0,0,0,720,1440,2026-08-20T00:00:00
NQ-TOP-001-XS-ORC,STORE-03,0,0,0,0,720,1440,2026-08-20T00:00:00
NQ-TOP-001-XS-ORC,STORE-04,21,0,0,0,720,1440,2026-08-20T00:00:00
NQ-TOP-001-XS-SKB,HUB,2540,0,0,3,720,1440,2026-08-20T00:00:00
NQ-TOP-001-XS-SKB,STORE-01,0,0,0,0,720,1440,2026-08-20T00:00:00
NQ-TOP-001-XS-SKB,STORE-02,19,0,0,0,720,1440,2026-08-20T00:00:00
NQ-TOP-001-XS-SKB,STORE-03,0,0,0,0,720,1440,2026-08-20T00:00:00
NQ-TOP-001-XS-SKB,STORE-04,18,0,0,0,720,1440,2026-08-20T00:00:00
NQ-TOP-001-XS-LYL,HUB,2432,0,0,3,720,1440,2026-08-20T00:00:00
NQ-TOP-001-XS-LYL,STORE-01,0,0,0,0,720,1440,2026-08-20T00:00:00
NQ-TOP-001-XS-LYL,STORE-02,14,0,0,0,720,1440,2026-08-20T00:00:00
NQ-TOP-001-XS-LYL,STORE-03,0,0,0,0,720,1440,2026-08-20T00:00:00
NQ-TOP-001-XS-LYL,STORE-04,13,0,0,0,720,1440,2026-08-20T00:00:00
NQ-TOP-001-S-BLK,HUB,2471,0,0,17,720,1440,2026-08-20T00:00:00
NQ-TOP-001-S-BLK,STORE-01,0,0,0,0,720,1440,2026-08-20T00:00:00
NQ-TOP-001-S-BLK,STORE-02,9,0,0,0,720,1440,2026-08-20T00:00:00
NQ-TOP-001-S-BLK,STORE-03,0,0,0,0,720,1440,2026-08-20T00:00:00
NQ-TOP-001-S-BLK,STORE-04,8,0,0,0,720,1440,2026-08-20T00:00:00
NQ-TOP-001-S-WHT,HUB,2403,0,0,36,720,1440,2026-08-20T00:00:00
NQ-TOP-001-S-WHT,STORE-01,0,0,0,0,720,1440,2026-08-20T00:00:00
NQ-TOP-001-S-WHT,STORE-02,14,0,0,0,720,1440,2026-08-20T00:00:00
NQ-TOP-001-S-WHT,STORE-03,0,0,0,0,720,1440,2026-08-20T00:00:00
NQ-TOP-001-S-WHT,STORE-04,6,0,0,0,720,1440,2026-08-20T00:00:00
NQ-TOP-001-S-GRY,HUB,2515,0,0,28,720,1440,2026-08-20T00:00:00
NQ-TOP-001-S-GRY,STORE-01,0,0,0,0,720,1440,2026-08-20T00:00:00
NQ-TOP-001-S-GRY,STORE-02,13,0,0,0,720,1440,2026-08-20T00:00:00
NQ-TOP-001-S-GRY,STORE-03,0,0,0,0,720,1440,2026-08-20T00:00:00
NQ-TOP-001-S-GRY,STORE-04,12,0,0,0,720,1440,2026-08-20T00:00:00
NQ-TOP-001-S-NVY,HUB,2504,0,0,20,720,1440,2026-08-20T00:00:00
NQ-TOP-001-S-NVY,STORE-01,0,0,0,0,720,1440,2026-08-20T00:00:00
NQ-TOP-001-S-NVY,STORE-02,12,0,0,0,720,1440,2026-08-20T00:00:00
NQ-TOP-001-S-NVY,STORE-03,0,0,0,0,720,1440,2026-08-20T00:00:00
NQ-TOP-001-S-NVY,STORE-04,9,0,0,0,720,1440,2026-08-20T00:00:00
NQ-TOP-001-S-ORC,HUB,2299,0,0,28,720,1440,2026-08-20T00:00:00
NQ-TOP-001-S-ORC,STORE-01,0,0,0,0,720,1440,2026-08-20T00:00:00
NQ-TOP-001-S-ORC,STORE-02,13,0,0,0,720,1440,2026-08-20T00:00:00
NQ-TOP-001-S-ORC,STORE-03,0,0,0,0,720,1440,2026-08-20T00:00:00
NQ-TOP-001-S-ORC,STORE-04,16,0,0,0,720,1440,2026-08-20T00:00:00
NQ-TOP-001-S-SKB,HUB,2843,0,0,13,720,1440,2026-08-20T00:00:00
NQ-TOP-001-S-SKB,STORE-01,0,0,0,0,720,1440,2026-08-20T00:00:00
NQ-TOP-001-S-SKB,STORE-02,8,0,0,0,720,1440,2026-08-20T00:00:00
NQ-TOP-001-S-SKB,STORE-03,0,0,0,0,720,1440,2026-08-20T00:00:00
NQ-TOP-001-S-SKB,STORE-04,7,0,0,0,720,1440,2026-08-20T00:00:00
NQ-TOP-001-S-LYL,HUB,2383,0,0,23,720,1440,2026-08-20T00:00:00
NQ-TOP-001-S-LYL,STORE-01,0,0,0,0,720,1440,2026-08-20T00:00:00
NQ-TOP-001-S-LYL,STORE-02,17,0,0,0,720,1440,2026-08-20T00:00:00
NQ-TOP-001-S-LYL,STORE-03,0,0,0,0,720,1440,2026-08-20T00:00:00
NQ-TOP-001-S-LYL,STORE-04,8,0,0,0,720,1440,2026-08-20T00:00:00
NQ-TOP-001-M-BLK,HUB,1654,0,0,19,720,1440,2026-08-20T00:00:00
NQ-TOP-001-M-BLK,STORE-01,0,0,0,0,720,1440,2026-08-20T00:00:00
NQ-TOP-001-M-BLK,STORE-02,0,0,0,0,720,1440,2026-08-20T00:00:00
NQ-TOP-001-M-BLK,STORE-03,0,0,0,0,720,1440,2026-08-20T00:00:00
NQ-TOP-001-M-BLK,STORE-04,0,0,0,0,720,1440,2026-08-20T00:00:00
NQ-TOP-001-M-WHT,HUB,3201,0,0,11,720,1440,2026-08-20T00:00:00
NQ-TOP-001-M-WHT,STORE-01,0,0,0,0,720,1440,2026-08-20T00:00:00
NQ-TOP-001-M-WHT,STORE-02,10,0,0,0,720,1440,2026-08-20T00:00:00
NQ-TOP-001-M-WHT,STORE-03,0,0,0,0,720,1440,2026-08-20T00:00:00
NQ-TOP-001-M-WHT,STORE-04,7,0,0,0,720,1440,2026-08-20T00:00:00
NQ-TOP-001-M-GRY,HUB,1723,0,0,29,720,1440,2026-08-20T00:00:00
NQ-TOP-001-M-GRY,STORE-01,0,0,0,0,720,1440,2026-08-20T00:00:00
NQ-TOP-001-M-GRY,STORE-02,0,0,0,0,720,1440,2026-08-20T00:00:00
NQ-TOP-001-M-GRY,STORE-03,0,0,0,0,720,1440,2026-08-20T00:00:00
NQ-TOP-001-M-GRY,STORE-04,5,0,0,0,720,1440,2026-08-20T00:00:00
NQ-TOP-001-M-NVY,HUB,2803,0,0,14,720,1440,2026-08-20T00:00:00
NQ-TOP-001-M-NVY,STORE-01,0,0,0,0,720,1440,2026-08-20T00:00:00
NQ-TOP-001-M-NVY,STORE-02,19,0,0,0,720,1440,2026-08-20T00:00:00
NQ-TOP-001-M-NVY,STORE-03,0,0,0,0,720,1440,2026-08-20T00:00:00
NQ-TOP-001-M-NVY,STORE-04,14,0,0,0,720,1440,2026-08-20T00:00:00
NQ-TOP-001-M-ORC,HUB,1695,0,0,21,720,1440,2026-08-20T00:00:00
NQ-TOP-001-M-ORC,STORE-01,0,0,0,0,720,1440,2026-08-20T00:00:00
NQ-TOP-001-M-ORC,STORE-02,0,0,0,0,720,1440,2026-08-20T00:00:00
NQ-TOP-001-M-ORC,STORE-03,0,0,0,0,720,1440,2026-08-20T00:00:00
NQ-TOP-001-M-ORC,STORE-04,0,0,0,0,720,1440,2026-08-20T00:00:00
NQ-TOP-001-M-SKB,HUB,1689,0,0,13,720,1440,2026-08-20T00:00:00
NQ-TOP-001-M-SKB,STORE-01,0,0,0,0,720,1440,2026-08-20T00:00:00
NQ-TOP-001-M-SKB,STORE-02,0,0,0,0,720,1440,2026-08-20T00:00:00
NQ-TOP-001-M-SKB,STORE-03,0,0,0,0,720,1440,2026-08-20T00:00:00
NQ-TOP-001-M-SKB,STORE-04,0,0,0,0,720,1440,2026-08-20T00:00:00
NQ-TOP-001-M-LYL,HUB,2964,0,0,15,720,1440,2026-08-20T00:00:00
NQ-TOP-001-M-LYL,STORE-01,0,0,0,0,720,1440,2026-08-20T00:00:00
NQ-TOP-001-M-LYL,STORE-02,8,0,0,0,720,1440,2026-08-20T00:00:00
NQ-TOP-001-M-LYL,STORE-03,0,0,0,0,720,1440,2026-08-20T00:00:00
NQ-TOP-001-M-LYL,STORE-04,19,0,0,0,720,1440,2026-08-20T00:00:00
NQ-TOP-001-L-BLK,HUB,2982,0,0,9,720,1440,2026-08-20T00:00:00
NQ-TOP-001-L-BLK,STORE-01,0,0,0,0,720,1440,2026-08-20T00:00:00
NQ-TOP-001-L-BLK,STORE-02,19,0,0,0,720,1440,2026-08-20T00:00:00
NQ-TOP-001-L-BLK,STORE-03,0,0,0,0,720,1440,2026-08-20T00:00:00
NQ-TOP-001-L-BLK,STORE-04,18,0,0,0,720,1440,2026-08-20T00:00:00
NQ-TOP-001-L-WHT,HUB,1689,0,0,22,720,1440,2026-08-20T00:00:00
NQ-TOP-001-L-WHT,STORE-01,0,0,0,0,720,1440,2026-08-20T00:00:00
NQ-TOP-001-L-WHT,STORE-02,2,0,0,0,720,1440,2026-08-20T00:00:00
NQ-TOP-001-L-WHT,STORE-03,0,0,0,0,720,1440,2026-08-20T00:00:00
NQ-TOP-001-L-WHT,STORE-04,0,0,0,0,720,1440,2026-08-20T00:00:00
NQ-TOP-001-L-GRY,HUB,1701,0,0,14,720,1440,2026-08-20T00:00:00
NQ-TOP-001-L-GRY,STORE-01,0,0,0,0,720,1440,2026-08-20T00:00:00
NQ-TOP-001-L-GRY,STORE-02,0,0,0,0,720,1440,2026-08-20T00:00:00
NQ-TOP-001-L-GRY,STORE-03,0,0,0,0,720,1440,2026-08-20T00:00:00
NQ-TOP-001-L-GRY,STORE-04,0,0,0,0,720,1440,2026-08-20T00:00:00
NQ-TOP-001-L-NVY,HUB,3406,0,0,11,720,1440,2026-08-20T00:00:00
NQ-TOP-001-L-NVY,STORE-01,0,0,0,0,720,1440,2026-08-20T00:00:00
NQ-TOP-001-L-NVY,STORE-02,11,0,0,0,720,1440,2026-08-20T00:00:00
NQ-TOP-001-L-NVY,STORE-03,0,0,0,0,720,1440,2026-08-20T00:00:00
NQ-TOP-001-L-NVY,STORE-04,10,0,0,0,720,1440,2026-08-20T00:00:00
NQ-TOP-001-L-ORC,HUB,1677,0,0,31,720,1440,2026-08-20T00:00:00
NQ-TOP-001-L-ORC,STORE-01,0,0,0,0,720,1440,2026-08-20T00:00:00
NQ-TOP-001-L-ORC,STORE-02,0,0,0,0,720,1440,2026-08-20T00:00:00
NQ-TOP-001-L-ORC,STORE-03,0,0,0,0,720,1440,2026-08-20T00:00:00
NQ-TOP-001-L-ORC,STORE-04,0,0,0,0,720,1440,2026-08-20T00:00:00
NQ-TOP-001-L-SKB,HUB,1756,0,0,21,720,1440,2026-08-20T00:00:00
NQ-TOP-001-L-SKB,STORE-01,0,0,0,0,720,1440,2026-08-20T00:00:00
NQ-TOP-001-L-SKB,STORE-02,0,0,0,0,720,1440,2026-08-20T00:00:00
NQ-TOP-001-L-SKB,STORE-03,0,0,0,0,720,1440,2026-08-20T00:00:00
NQ-TOP-001-L-SKB,STORE-04,0,0,0,0,720,1440,2026-08-20T00:00:00
NQ-TOP-001-L-LYL,HUB,1648,0,0,25,720,1440,2026-08-20T00:00:00
NQ-TOP-001-L-LYL,STORE-01,0,0,0,0,720,1440,2026-08-20T00:00:00
NQ-TOP-001-L-LYL,STORE-02,0,0,0,0,720,1440,2026-08-20T00:00:00
NQ-TOP-001-L-LYL,STORE-03,0,0,0,0,720,1440,2026-08-20T00:00:00
NQ-TOP-001-L-LYL,STORE-04,0,0,0,0,720,1440,2026-08-20T00:00:00
NQ-TOP-001-XL-BLK,HUB,1936,0,0,31,720,1440,2026-08-20T00:00:00
NQ-TOP-001-XL-BLK,STORE-01,0,0,0,0,720,1440,2026-08-20T00:00:00
NQ-TOP-001-XL-BLK,STORE-02,13,0,0,0,720,1440,2026-08-20T00:00:00
NQ-TOP-001-XL-BLK,STORE-03,0,0,0,0,720,1440,2026-08-20T00:00:00
NQ-TOP-001-XL-BLK,STORE-04,14,0,0,0,720,1440,2026-08-20T00:00:00
NQ-TOP-001-XL-WHT,HUB,1564,0,0,22,720,1440,2026-08-20T00:00:00
NQ-TOP-001-XL-WHT,STORE-01,0,0,0,0,720,1440,2026-08-20T00:00:00
NQ-TOP-001-XL-WHT,STORE-02,14,0,0,0,720,1440,2026-08-20T00:00:00
NQ-TOP-001-XL-WHT,STORE-03,0,0,0,0,720,1440,2026-08-20T00:00:00
NQ-TOP-001-XL-WHT,STORE-04,16,0,0,0,720,1440,2026-08-20T00:00:00
NQ-TOP-001-XL-GRY,HUB,1966,0,0,36,720,1440,2026-08-20T00:00:00
NQ-TOP-001-XL-GRY,STORE-01,0,0,0,0,720,1440,2026-08-20T00:00:00
NQ-TOP-001-XL-GRY,STORE-02,17,0,0,0,720,1440,2026-08-20T00:00:00
NQ-TOP-001-XL-GRY,STORE-03,0,0,0,0,720,1440,2026-08-20T00:00:00
NQ-TOP-001-XL-GRY,STORE-04,18,0,0,0,720,1440,2026-08-20T00:00:00
NQ-TOP-001-XL-NVY,HUB,1577,0,0,30,720,1440,2026-08-20T00:00:00
NQ-TOP-001-XL-NVY,STORE-01,0,0,0,0,720,1440,2026-08-20T00:00:00
NQ-TOP-001-XL-NVY,STORE-02,9,0,0,0,720,1440,2026-08-20T00:00:00
NQ-TOP-001-XL-NVY,STORE-03,0,0,0,0,720,1440,2026-08-20T00:00:00
NQ-TOP-001-XL-NVY,STORE-04,7,0,0,0,720,1440,2026-08-20T00:00:00
NQ-TOP-001-XL-ORC,HUB,1813,0,0,25,720,1440,2026-08-20T00:00:00
NQ-TOP-001-XL-ORC,STORE-01,0,0,0,0,720,1440,2026-08-20T00:00:00
NQ-TOP-001-XL-ORC,STORE-02,13,0,0,0,720,1440,2026-08-20T00:00:00
NQ-TOP-001-XL-ORC,STORE-03,0,0,0,0,720,1440,2026-08-20T00:00:00
NQ-TOP-001-XL-ORC,STORE-04,17,0,0,0,720,1440,2026-08-20T00:00:00
NQ-TOP-001-XL-SKB,HUB,1553,0,0,28,720,1440,2026-08-20T00:00:00
NQ-TOP-001-XL-SKB,STORE-01,0,0,0,0,720,1440,2026-08-20T00:00:00
NQ-TOP-001-XL-SKB,STORE-02,15,0,0,0,720,1440,2026-08-20T00:00:00
NQ-TOP-001-XL-SKB,STORE-03,0,0,0,0,720,1440,2026-08-20T00:00:00
NQ-TOP-001-XL-SKB,STORE-04,11,0,0,0,720,1440,2026-08-20T00:00:00
NQ-TOP-001-XL-LYL,HUB,1976,0,0,21,720,1440,2026-08-20T00:00:00
NQ-TOP-001-XL-LYL,STORE-01,0,0,0,0,720,1440,2026-08-20T00:00:00
NQ-TOP-001-XL-LYL,STORE-02,18,0,0,0,720,1440,2026-08-20T00:00:00
NQ-TOP-001-XL-LYL,STORE-03,0,0,0,0,720,1440,2026-08-20T00:00:00
NQ-TOP-001-XL-LYL,STORE-04,9,0,0,0,720,1440,2026-08-20T00:00:00
NQ-TOP-001-2XL-BLK,HUB,1988,0,0,13,720,1440,2026-08-20T00:00:00
NQ-TOP-001-2XL-BLK,STORE-01,0,0,0,0,720,1440,2026-08-20T00:00:00
NQ-TOP-001-2XL-BLK,STORE-02,10,0,0,0,720,1440,2026-08-20T00:00:00
NQ-TOP-001-2XL-BLK,STORE-03,0,0,0,0,720,1440,2026-08-20T00:00:00
NQ-TOP-001-2XL-BLK,STORE-04,9,0,0,0,720,1440,2026-08-20T00:00:00
NQ-TOP-001-2XL-WHT,HUB,2002,0,0,14,720,1440,2026-08-20T00:00:00
NQ-TOP-001-2XL-WHT,STORE-01,0,0,0,0,720,1440,2026-08-20T00:00:00
NQ-TOP-001-2XL-WHT,STORE-02,9,0,0,0,720,1440,2026-08-20T00:00:00
NQ-TOP-001-2XL-WHT,STORE-03,0,0,0,0,720,1440,2026-08-20T00:00:00
NQ-TOP-001-2XL-WHT,STORE-04,20,0,0,0,720,1440,2026-08-20T00:00:00
NQ-TOP-001-2XL-GRY,HUB,2029,0,0,15,720,1440,2026-08-20T00:00:00
NQ-TOP-001-2XL-GRY,STORE-01,0,0,0,0,720,1440,2026-08-20T00:00:00
NQ-TOP-001-2XL-GRY,STORE-02,21,0,0,0,720,1440,2026-08-20T00:00:00
NQ-TOP-001-2XL-GRY,STORE-03,0,0,0,0,720,1440,2026-08-20T00:00:00
NQ-TOP-001-2XL-GRY,STORE-04,21,0,0,0,720,1440,2026-08-20T00:00:00
NQ-TOP-001-2XL-NVY,HUB,2116,0,0,14,720,1440,2026-08-20T00:00:00
NQ-TOP-001-2XL-NVY,STORE-01,0,0,0,0,720,1440,2026-08-20T00:00:00
NQ-TOP-001-2XL-NVY,STORE-02,19,0,0,0,720,1440,2026-08-20T00:00:00
NQ-TOP-001-2XL-NVY,STORE-03,0,0,0,0,720,1440,2026-08-20T00:00:00
NQ-TOP-001-2XL-NVY,STORE-04,10,0,0,0,720,1440,2026-08-20T00:00:00
NQ-TOP-001-2XL-ORC,HUB,2101,0,0,14,720,1440,2026-08-20T00:00:00
NQ-TOP-001-2XL-ORC,STORE-01,0,0,0,0,720,1440,2026-08-20T00:00:00
NQ-TOP-001-2XL-ORC,STORE-02,17,0,0,0,720,1440,2026-08-20T00:00:00
NQ-TOP-001-2XL-ORC,STORE-03,0,0,0,0,720,1440,2026-08-20T00:00:00
NQ-TOP-001-2XL-ORC,STORE-04,8,0,0,0,720,1440,2026-08-20T00:00:00
NQ-TOP-001-2XL-SKB,HUB,2002,0,0,15,720,1440,2026-08-20T00:00:00
NQ-TOP-001-2XL-SKB,STORE-01,0,0,0,0,720,1440,2026-08-20T00:00:00
NQ-TOP-001-2XL-SKB,STORE-02,19,0,0,0,720,1440,2026-08-20T00:00:00
NQ-TOP-001-2XL-SKB,STORE-03,0,0,0,0,720,1440,2026-08-20T00:00:00
NQ-TOP-001-2XL-SKB,STORE-04,16,0,0,0,720,1440,2026-08-20T00:00:00
NQ-TOP-001-2XL-LYL,HUB,1971,0,0,17,720,1440,2026-08-20T00:00:00
NQ-TOP-001-2XL-LYL,STORE-01,0,0,0,0,720,1440,2026-08-20T00:00:00
NQ-TOP-001-2XL-LYL,STORE-02,15,0,0,0,720,1440,2026-08-20T00:00:00
NQ-TOP-001-2XL-LYL,STORE-03,0,0,0,0,720,1440,2026-08-20T00:00:00
NQ-TOP-001-2XL-LYL,STORE-04,9,0,0,0,720,1440,2026-08-20T00:00:00
NQ-TOP-001-3XL-BLK,HUB,1398,0,0,10,720,1440,2026-08-20T00:00:00
NQ-TOP-001-3XL-BLK,STORE-01,0,0,0,0,720,1440,2026-08-20T00:00:00
NQ-TOP-001-3XL-BLK,STORE-02,9,0,0,0,720,1440,2026-08-20T00:00:00
NQ-TOP-001-3XL-BLK,STORE-03,0,0,0,0,720,1440,2026-08-20T00:00:00
NQ-TOP-001-3XL-BLK,STORE-04,16,0,0,0,720,1440,2026-08-20T00:00:00
NQ-TOP-001-3XL-WHT,HUB,1620,0,0,13,720,1440,2026-08-20T00:00:00
NQ-TOP-001-3XL-WHT,STORE-01,0,0,0,0,720,1440,2026-08-20T00:00:00
NQ-TOP-001-3XL-WHT,STORE-02,12,0,0,0,720,1440,2026-08-20T00:00:00
NQ-TOP-001-3XL-WHT,STORE-03,0,0,0,0,720,1440,2026-08-20T00:00:00
NQ-TOP-001-3XL-WHT,STORE-04,18,0,0,0,720,1440,2026-08-20T00:00:00
NQ-TOP-001-3XL-GRY,HUB,1559,0,0,12,720,1440,2026-08-20T00:00:00
NQ-TOP-001-3XL-GRY,STORE-01,0,0,0,0,720,1440,2026-08-20T00:00:00
NQ-TOP-001-3XL-GRY,STORE-02,11,0,0,0,720,1440,2026-08-20T00:00:00
NQ-TOP-001-3XL-GRY,STORE-03,0,0,0,0,720,1440,2026-08-20T00:00:00
NQ-TOP-001-3XL-GRY,STORE-04,12,0,0,0,720,1440,2026-08-20T00:00:00
NQ-TOP-001-3XL-NVY,HUB,1542,0,0,10,720,1440,2026-08-20T00:00:00
NQ-TOP-001-3XL-NVY,STORE-01,0,0,0,0,720,1440,2026-08-20T00:00:00
NQ-TOP-001-3XL-NVY,STORE-02,19,0,0,0,720,1440,2026-08-20T00:00:00
NQ-TOP-001-3XL-NVY,STORE-03,0,0,0,0,720,1440,2026-08-20T00:00:00
NQ-TOP-001-3XL-NVY,STORE-04,20,0,0,0,720,1440,2026-08-20T00:00:00
NQ-TOP-001-3XL-ORC,HUB,1614,0,0,12,720,1440,2026-08-20T00:00:00
NQ-TOP-001-3XL-ORC,STORE-01,0,0,0,0,720,1440,2026-08-20T00:00:00
NQ-TOP-001-3XL-ORC,STORE-02,16,0,0,0,720,1440,2026-08-20T00:00:00
NQ-TOP-001-3XL-ORC,STORE-03,0,0,0,0,720,1440,2026-08-20T00:00:00
NQ-TOP-001-3XL-ORC,STORE-04,8,0,0,0,720,1440,2026-08-20T00:00:00
NQ-TOP-001-3XL-SKB,HUB,1456,0,0,14,720,1440,2026-08-20T00:00:00
NQ-TOP-001-3XL-SKB,STORE-01,0,0,0,0,720,1440,2026-08-20T00:00:00
NQ-TOP-001-3XL-SKB,STORE-02,10,0,0,0,720,1440,2026-08-20T00:00:00
NQ-TOP-001-3XL-SKB,STORE-03,0,0,0,0,720,1440,2026-08-20T00:00:00
NQ-TOP-001-3XL-SKB,STORE-04,10,0,0,0,720,1440,2026-08-20T00:00:00
NQ-TOP-001-3XL-LYL,HUB,1516,0,0,12,720,1440,2026-08-20T00:00:00
NQ-TOP-001-3XL-LYL,STORE-01,0,0,0,0,720,1440,2026-08-20T00:00:00
NQ-TOP-001-3XL-LYL,STORE-02,12,0,0,0,720,1440,2026-08-20T00:00:00
NQ-TOP-001-3XL-LYL,STORE-03,0,0,0,0,720,1440,2026-08-20T00:00:00
NQ-TOP-001-3XL-LYL,STORE-04,16,0,0,0,720,1440,2026-08-20T00:00:00
NQ-TOP-001-4XL-BLK,HUB,2810,0,0,5,720,1440,2026-08-20T00:00:00
NQ-TOP-001-4XL-BLK,STORE-01,0,0,0,0,720,1440,2026-08-20T00:00:00
NQ-TOP-001-4XL-BLK,STORE-02,12,0,0,0,720,1440,2026-08-20T00:00:00
NQ-TOP-001-4XL-BLK,STORE-03,0,0,0,0,720,1440,2026-08-20T00:00:00
NQ-TOP-001-4XL-BLK,STORE-04,17,0,0,0,720,1440,2026-08-20T00:00:00
NQ-TOP-001-4XL-WHT,HUB,2922,0,0,3,720,1440,2026-08-20T00:00:00
NQ-TOP-001-4XL-WHT,STORE-01,0,0,0,0,720,1440,2026-08-20T00:00:00
NQ-TOP-001-4XL-WHT,STORE-02,19,0,0,0,720,1440,2026-08-20T00:00:00
NQ-TOP-001-4XL-WHT,STORE-03,0,0,0,0,720,1440,2026-08-20T00:00:00
NQ-TOP-001-4XL-WHT,STORE-04,11,0,0,0,720,1440,2026-08-20T00:00:00
NQ-TOP-001-4XL-GRY,HUB,2913,0,0,3,720,1440,2026-08-20T00:00:00
NQ-TOP-001-4XL-GRY,STORE-01,0,0,0,0,720,1440,2026-08-20T00:00:00
NQ-TOP-001-4XL-GRY,STORE-02,8,0,0,0,720,1440,2026-08-20T00:00:00
NQ-TOP-001-4XL-GRY,STORE-03,0,0,0,0,720,1440,2026-08-20T00:00:00
NQ-TOP-001-4XL-GRY,STORE-04,15,0,0,0,720,1440,2026-08-20T00:00:00
NQ-TOP-001-4XL-NVY,HUB,2848,0,0,5,720,1440,2026-08-20T00:00:00
NQ-TOP-001-4XL-NVY,STORE-01,0,0,0,0,720,1440,2026-08-20T00:00:00
NQ-TOP-001-4XL-NVY,STORE-02,18,0,0,0,720,1440,2026-08-20T00:00:00
NQ-TOP-001-4XL-NVY,STORE-03,0,0,0,0,720,1440,2026-08-20T00:00:00
NQ-TOP-001-4XL-NVY,STORE-04,11,0,0,0,720,1440,2026-08-20T00:00:00
NQ-TOP-001-4XL-ORC,HUB,2884,0,0,5,720,1440,2026-08-20T00:00:00
NQ-TOP-001-4XL-ORC,STORE-01,0,0,0,0,720,1440,2026-08-20T00:00:00
NQ-TOP-001-4XL-ORC,STORE-02,9,0,0,0,720,1440,2026-08-20T00:00:00
NQ-TOP-001-4XL-ORC,STORE-03,0,0,0,0,720,1440,2026-08-20T00:00:00
NQ-TOP-001-4XL-ORC,STORE-04,19,0,0,0,720,1440,2026-08-20T00:00:00
NQ-TOP-001-4XL-SKB,HUB,2959,0,0,5,720,1440,2026-08-20T00:00:00
NQ-TOP-001-4XL-SKB,STORE-01,0,0,0,0,720,1440,2026-08-20T00:00:00
NQ-TOP-001-4XL-SKB,STORE-02,18,0,0,0,720,1440,2026-08-20T00:00:00
NQ-TOP-001-4XL-SKB,STORE-03,0,0,0,0,720,1440,2026-08-20T00:00:00
NQ-TOP-001-4XL-SKB,STORE-04,18,0,0,0,720,1440,2026-08-20T00:00:00
NQ-TOP-001-4XL-LYL,HUB,2833,0,0,6,720,1440,2026-08-20T00:00:00
NQ-TOP-001-4XL-LYL,STORE-01,0,0,0,0,720,1440,2026-08-20T00:00:00
NQ-TOP-001-4XL-LYL,STORE-02,21,0,0,0,720,1440,2026-08-20T00:00:00
NQ-TOP-001-4XL-LYL,STORE-03,0,0,0,0,720,1440,2026-08-20T00:00:00
NQ-TOP-001-4XL-LYL,STORE-04,15,0,0,0,720,1440,2026-08-20T00:00:00
NQ-TOP-002-XS-BLK,HUB,816,0,0,4,240,480,2026-08-20T00:00:00
NQ-TOP-002-XS-BLK,STORE-01,0,0,0,0,240,480,2026-08-20T00:00:00
NQ-TOP-002-XS-BLK,STORE-02,5,0,0,0,240,480,2026-08-20T00:00:00
NQ-TOP-002-XS-BLK,STORE-03,0,0,0,0,240,480,2026-08-20T00:00:00
NQ-TOP-002-XS-BLK,STORE-04,5,0,0,0,240,480,2026-08-20T00:00:00
NQ-TOP-002-XS-WHT,HUB,752,0,0,4,240,480,2026-08-20T00:00:00
NQ-TOP-002-XS-WHT,STORE-01,0,0,0,0,240,480,2026-08-20T00:00:00
NQ-TOP-002-XS-WHT,STORE-02,4,0,0,0,240,480,2026-08-20T00:00:00
NQ-TOP-002-XS-WHT,STORE-03,0,0,0,0,240,480,2026-08-20T00:00:00
NQ-TOP-002-XS-WHT,STORE-04,3,0,0,0,240,480,2026-08-20T00:00:00
NQ-TOP-002-XS-GRY,HUB,846,0,0,1,240,480,2026-08-20T00:00:00
NQ-TOP-002-XS-GRY,STORE-01,0,0,0,0,240,480,2026-08-20T00:00:00
NQ-TOP-002-XS-GRY,STORE-02,4,0,0,0,240,480,2026-08-20T00:00:00
NQ-TOP-002-XS-GRY,STORE-03,0,0,0,0,240,480,2026-08-20T00:00:00
NQ-TOP-002-XS-GRY,STORE-04,3,0,0,0,240,480,2026-08-20T00:00:00
NQ-TOP-002-XS-NVY,HUB,823,0,0,3,240,480,2026-08-20T00:00:00
NQ-TOP-002-XS-NVY,STORE-01,0,0,0,0,240,480,2026-08-20T00:00:00
NQ-TOP-002-XS-NVY,STORE-02,6,0,0,0,240,480,2026-08-20T00:00:00
NQ-TOP-002-XS-NVY,STORE-03,0,0,0,0,240,480,2026-08-20T00:00:00
NQ-TOP-002-XS-NVY,STORE-04,4,0,0,0,240,480,2026-08-20T00:00:00
NQ-TOP-002-S-BLK,HUB,819,0,0,6,240,480,2026-08-20T00:00:00
NQ-TOP-002-S-BLK,STORE-01,0,0,0,0,240,480,2026-08-20T00:00:00
NQ-TOP-002-S-BLK,STORE-02,3,0,0,0,240,480,2026-08-20T00:00:00
NQ-TOP-002-S-BLK,STORE-03,0,0,0,0,240,480,2026-08-20T00:00:00
NQ-TOP-002-S-BLK,STORE-04,2,0,0,0,240,480,2026-08-20T00:00:00
NQ-TOP-002-S-WHT,HUB,834,0,0,10,240,480,2026-08-20T00:00:00
NQ-TOP-002-S-WHT,STORE-01,0,0,0,0,240,480,2026-08-20T00:00:00
NQ-TOP-002-S-WHT,STORE-02,5,0,0,0,240,480,2026-08-20T00:00:00
NQ-TOP-002-S-WHT,STORE-03,0,0,0,0,240,480,2026-08-20T00:00:00
NQ-TOP-002-S-WHT,STORE-04,4,0,0,0,240,480,2026-08-20T00:00:00
NQ-TOP-002-S-GRY,HUB,357,0,0,8,240,480,2026-08-20T00:00:00
NQ-TOP-002-S-GRY,STORE-01,0,0,0,0,240,480,2026-08-20T00:00:00
NQ-TOP-002-S-GRY,STORE-02,5,0,0,0,240,480,2026-08-20T00:00:00
NQ-TOP-002-S-GRY,STORE-03,0,0,0,0,240,480,2026-08-20T00:00:00
NQ-TOP-002-S-GRY,STORE-04,1,0,0,0,240,480,2026-08-20T00:00:00
NQ-TOP-002-S-NVY,HUB,709,0,0,8,240,480,2026-08-20T00:00:00
NQ-TOP-002-S-NVY,STORE-01,0,0,0,0,240,480,2026-08-20T00:00:00
NQ-TOP-002-S-NVY,STORE-02,5,0,0,0,240,480,2026-08-20T00:00:00
NQ-TOP-002-S-NVY,STORE-03,0,0,0,0,240,480,2026-08-20T00:00:00
NQ-TOP-002-S-NVY,STORE-04,5,0,0,0,240,480,2026-08-20T00:00:00
NQ-TOP-002-M-BLK,HUB,547,0,0,4,240,480,2026-08-20T00:00:00
NQ-TOP-002-M-BLK,STORE-01,0,0,0,0,240,480,2026-08-20T00:00:00
NQ-TOP-002-M-BLK,STORE-02,0,0,0,0,240,480,2026-08-20T00:00:00
NQ-TOP-002-M-BLK,STORE-03,0,0,0,0,240,480,2026-08-20T00:00:00
NQ-TOP-002-M-BLK,STORE-04,0,0,0,0,240,480,2026-08-20T00:00:00
NQ-TOP-002-M-WHT,HUB,975,0,0,5,240,480,2026-08-20T00:00:00
NQ-TOP-002-M-WHT,STORE-01,0,0,0,0,240,480,2026-08-20T00:00:00
NQ-TOP-002-M-WHT,STORE-02,4,0,0,0,240,480,2026-08-20T00:00:00
NQ-TOP-002-M-WHT,STORE-03,0,0,0,0,240,480,2026-08-20T00:00:00
NQ-TOP-002-M-WHT,STORE-04,3,0,0,0,240,480,2026-08-20T00:00:00
NQ-TOP-002-M-GRY,HUB,544,0,0,8,240,480,2026-08-20T00:00:00
NQ-TOP-002-M-GRY,STORE-01,0,0,0,0,240,480,2026-08-20T00:00:00
NQ-TOP-002-M-GRY,STORE-02,2,0,0,0,240,480,2026-08-20T00:00:00
NQ-TOP-002-M-GRY,STORE-03,0,0,0,0,240,480,2026-08-20T00:00:00
NQ-TOP-002-M-GRY,STORE-04,0,0,0,0,240,480,2026-08-20T00:00:00
NQ-TOP-002-M-NVY,HUB,1010,0,0,5,240,480,2026-08-20T00:00:00
NQ-TOP-002-M-NVY,STORE-01,0,0,0,0,240,480,2026-08-20T00:00:00
NQ-TOP-002-M-NVY,STORE-02,3,0,0,0,240,480,2026-08-20T00:00:00
NQ-TOP-002-M-NVY,STORE-03,0,0,0,0,240,480,2026-08-20T00:00:00
NQ-TOP-002-M-NVY,STORE-04,5,0,0,0,240,480,2026-08-20T00:00:00
NQ-TOP-002-L-BLK,HUB,902,0,0,3,240,480,2026-08-20T00:00:00
NQ-TOP-002-L-BLK,STORE-01,0,0,0,0,240,480,2026-08-20T00:00:00
NQ-TOP-002-L-BLK,STORE-02,3,0,0,0,240,480,2026-08-20T00:00:00
NQ-TOP-002-L-BLK,STORE-03,0,0,0,0,240,480,2026-08-20T00:00:00
NQ-TOP-002-L-BLK,STORE-04,5,0,0,0,240,480,2026-08-20T00:00:00
NQ-TOP-002-L-WHT,HUB,609,0,0,10,240,480,2026-08-20T00:00:00
NQ-TOP-002-L-WHT,STORE-01,0,0,0,0,240,480,2026-08-20T00:00:00
NQ-TOP-002-L-WHT,STORE-02,2,0,0,0,240,480,2026-08-20T00:00:00
NQ-TOP-002-L-WHT,STORE-03,0,0,0,0,240,480,2026-08-20T00:00:00
NQ-TOP-002-L-WHT,STORE-04,0,0,0,0,240,480,2026-08-20T00:00:00
NQ-TOP-002-L-GRY,HUB,568,0,0,3,240,480,2026-08-20T00:00:00
NQ-TOP-002-L-GRY,STORE-01,0,0,0,0,240,480,2026-08-20T00:00:00
NQ-TOP-002-L-GRY,STORE-02,0,0,0,0,240,480,2026-08-20T00:00:00
NQ-TOP-002-L-GRY,STORE-03,0,0,0,0,240,480,2026-08-20T00:00:00
NQ-TOP-002-L-GRY,STORE-04,0,0,0,0,240,480,2026-08-20T00:00:00
NQ-TOP-002-L-NVY,HUB,549,0,0,8,240,480,2026-08-20T00:00:00
NQ-TOP-002-L-NVY,STORE-01,0,0,0,0,240,480,2026-08-20T00:00:00
NQ-TOP-002-L-NVY,STORE-02,0,0,0,0,240,480,2026-08-20T00:00:00
NQ-TOP-002-L-NVY,STORE-03,0,0,0,0,240,480,2026-08-20T00:00:00
NQ-TOP-002-L-NVY,STORE-04,0,0,0,0,240,480,2026-08-20T00:00:00
NQ-TOP-002-XL-BLK,HUB,507,0,0,12,240,480,2026-08-20T00:00:00
NQ-TOP-002-XL-BLK,STORE-01,0,0,0,0,240,480,2026-08-20T00:00:00
NQ-TOP-002-XL-BLK,STORE-02,6,0,0,0,240,480,2026-08-20T00:00:00
NQ-TOP-002-XL-BLK,STORE-03,0,0,0,0,240,480,2026-08-20T00:00:00
NQ-TOP-002-XL-BLK,STORE-04,3,0,0,0,240,480,2026-08-20T00:00:00
NQ-TOP-002-XL-WHT,HUB,493,0,0,8,240,480,2026-08-20T00:00:00
NQ-TOP-002-XL-WHT,STORE-01,0,0,0,0,240,480,2026-08-20T00:00:00
NQ-TOP-002-XL-WHT,STORE-02,6,0,0,0,240,480,2026-08-20T00:00:00
NQ-TOP-002-XL-WHT,STORE-03,0,0,0,0,240,480,2026-08-20T00:00:00
NQ-TOP-002-XL-WHT,STORE-04,2,0,0,0,240,480,2026-08-20T00:00:00
NQ-TOP-002-XL-GRY,HUB,584,0,0,11,240,480,2026-08-20T00:00:00
NQ-TOP-002-XL-GRY,STORE-01,0,0,0,0,240,480,2026-08-20T00:00:00
NQ-TOP-002-XL-GRY,STORE-02,5,0,0,0,240,480,2026-08-20T00:00:00
NQ-TOP-002-XL-GRY,STORE-03,0,0,0,0,240,480,2026-08-20T00:00:00
NQ-TOP-002-XL-GRY,STORE-04,3,0,0,0,240,480,2026-08-20T00:00:00
NQ-TOP-002-XL-NVY,HUB,584,0,0,14,240,480,2026-08-20T00:00:00
NQ-TOP-002-XL-NVY,STORE-01,0,0,0,0,240,480,2026-08-20T00:00:00
NQ-TOP-002-XL-NVY,STORE-02,2,0,0,0,240,480,2026-08-20T00:00:00
NQ-TOP-002-XL-NVY,STORE-03,0,0,0,0,240,480,2026-08-20T00:00:00
NQ-TOP-002-XL-NVY,STORE-04,5,0,0,0,240,480,2026-08-20T00:00:00
NQ-TOP-002-2XL-BLK,HUB,609,0,0,9,240,480,2026-08-20T00:00:00
NQ-TOP-002-2XL-BLK,STORE-01,0,0,0,0,240,480,2026-08-20T00:00:00
NQ-TOP-002-2XL-BLK,STORE-02,5,0,0,0,240,480,2026-08-20T00:00:00
NQ-TOP-002-2XL-BLK,STORE-03,0,0,0,0,240,480,2026-08-20T00:00:00
NQ-TOP-002-2XL-BLK,STORE-04,3,0,0,0,240,480,2026-08-20T00:00:00
NQ-TOP-002-2XL-WHT,HUB,573,0,0,4,240,480,2026-08-20T00:00:00
NQ-TOP-002-2XL-WHT,STORE-01,0,0,0,0,240,480,2026-08-20T00:00:00
NQ-TOP-002-2XL-WHT,STORE-02,6,0,0,0,240,480,2026-08-20T00:00:00
NQ-TOP-002-2XL-WHT,STORE-03,0,0,0,0,240,480,2026-08-20T00:00:00
NQ-TOP-002-2XL-WHT,STORE-04,3,0,0,0,240,480,2026-08-20T00:00:00
NQ-TOP-002-2XL-GRY,HUB,607,0,0,5,240,480,2026-08-20T00:00:00
NQ-TOP-002-2XL-GRY,STORE-01,0,0,0,0,240,480,2026-08-20T00:00:00
NQ-TOP-002-2XL-GRY,STORE-02,3,0,0,0,240,480,2026-08-20T00:00:00
NQ-TOP-002-2XL-GRY,STORE-03,0,0,0,0,240,480,2026-08-20T00:00:00
NQ-TOP-002-2XL-GRY,STORE-04,5,0,0,0,240,480,2026-08-20T00:00:00
NQ-TOP-002-2XL-NVY,HUB,601,0,0,4,240,480,2026-08-20T00:00:00
NQ-TOP-002-2XL-NVY,STORE-01,0,0,0,0,240,480,2026-08-20T00:00:00
NQ-TOP-002-2XL-NVY,STORE-02,6,0,0,0,240,480,2026-08-20T00:00:00
NQ-TOP-002-2XL-NVY,STORE-03,0,0,0,0,240,480,2026-08-20T00:00:00
NQ-TOP-002-2XL-NVY,STORE-04,6,0,0,0,240,480,2026-08-20T00:00:00
NQ-TOP-002-3XL-BLK,HUB,566,0,0,1,240,480,2026-08-20T00:00:00
NQ-TOP-002-3XL-BLK,STORE-01,0,0,0,0,240,480,2026-08-20T00:00:00
NQ-TOP-002-3XL-BLK,STORE-02,5,0,0,0,240,480,2026-08-20T00:00:00
NQ-TOP-002-3XL-BLK,STORE-03,0,0,0,0,240,480,2026-08-20T00:00:00
NQ-TOP-002-3XL-BLK,STORE-04,6,0,0,0,240,480,2026-08-20T00:00:00
NQ-TOP-002-3XL-WHT,HUB,532,0,0,3,240,480,2026-08-20T00:00:00
NQ-TOP-002-3XL-WHT,STORE-01,0,0,0,0,240,480,2026-08-20T00:00:00
NQ-TOP-002-3XL-WHT,STORE-02,4,0,0,0,240,480,2026-08-20T00:00:00
NQ-TOP-002-3XL-WHT,STORE-03,0,0,0,0,240,480,2026-08-20T00:00:00
NQ-TOP-002-3XL-WHT,STORE-04,3,0,0,0,240,480,2026-08-20T00:00:00
NQ-TOP-002-3XL-GRY,HUB,443,0,0,3,240,480,2026-08-20T00:00:00
NQ-TOP-002-3XL-GRY,STORE-01,0,0,0,0,240,480,2026-08-20T00:00:00
NQ-TOP-002-3XL-GRY,STORE-02,3,0,0,0,240,480,2026-08-20T00:00:00
NQ-TOP-002-3XL-GRY,STORE-03,0,0,0,0,240,480,2026-08-20T00:00:00
NQ-TOP-002-3XL-GRY,STORE-04,3,0,0,0,240,480,2026-08-20T00:00:00
NQ-TOP-002-3XL-NVY,HUB,494,0,0,1,240,480,2026-08-20T00:00:00
NQ-TOP-002-3XL-NVY,STORE-01,0,0,0,0,240,480,2026-08-20T00:00:00
NQ-TOP-002-3XL-NVY,STORE-02,5,0,0,0,240,480,2026-08-20T00:00:00
NQ-TOP-002-3XL-NVY,STORE-03,0,0,0,0,240,480,2026-08-20T00:00:00
NQ-TOP-002-3XL-NVY,STORE-04,6,0,0,0,240,480,2026-08-20T00:00:00
NQ-TOP-002-4XL-BLK,HUB,704,0,0,0,240,480,2026-08-20T00:00:00
NQ-TOP-002-4XL-BLK,STORE-01,0,0,0,0,240,480,2026-08-20T00:00:00
NQ-TOP-002-4XL-BLK,STORE-02,4,0,0,0,240,480,2026-08-20T00:00:00
NQ-TOP-002-4XL-BLK,STORE-03,0,0,0,0,240,480,2026-08-20T00:00:00
NQ-TOP-002-4XL-BLK,STORE-04,2,0,0,0,240,480,2026-08-20T00:00:00
NQ-TOP-002-4XL-WHT,HUB,997,0,0,2,240,480,2026-08-20T00:00:00
NQ-TOP-002-4XL-WHT,STORE-01,0,0,0,0,240,480,2026-08-20T00:00:00
NQ-TOP-002-4XL-WHT,STORE-02,3,0,0,0,240,480,2026-08-20T00:00:00
NQ-TOP-002-4XL-WHT,STORE-03,0,0,0,0,240,480,2026-08-20T00:00:00
NQ-TOP-002-4XL-WHT,STORE-04,3,0,0,0,240,480,2026-08-20T00:00:00
NQ-TOP-002-4XL-GRY,HUB,983,0,0,1,240,480,2026-08-20T00:00:00
NQ-TOP-002-4XL-GRY,STORE-01,0,0,0,0,240,480,2026-08-20T00:00:00
NQ-TOP-002-4XL-GRY,STORE-02,3,0,0,0,240,480,2026-08-20T00:00:00
NQ-TOP-002-4XL-GRY,STORE-03,0,0,0,0,240,480,2026-08-20T00:00:00
NQ-TOP-002-4XL-GRY,STORE-04,6,0,0,0,240,480,2026-08-20T00:00:00
NQ-TOP-002-4XL-NVY,HUB,960,0,0,2,240,480,2026-08-20T00:00:00
NQ-TOP-002-4XL-NVY,STORE-01,0,0,0,0,240,480,2026-08-20T00:00:00
NQ-TOP-002-4XL-NVY,STORE-02,3,0,0,0,240,480,2026-08-20T00:00:00
NQ-TOP-002-4XL-NVY,STORE-03,0,0,0,0,240,480,2026-08-20T00:00:00
NQ-TOP-002-4XL-NVY,STORE-04,3,0,0,0,240,480,2026-08-20T00:00:00
NQ-TOP-003-XS-BLK,HUB,785,0,0,3,240,480,2026-08-20T00:00:00
NQ-TOP-003-XS-BLK,STORE-01,0,0,0,0,240,480,2026-08-20T00:00:00
NQ-TOP-003-XS-BLK,STORE-02,3,0,0,0,240,480,2026-08-20T00:00:00
NQ-TOP-003-XS-BLK,STORE-03,0,0,0,0,240,480,2026-08-20T00:00:00
NQ-TOP-003-XS-BLK,STORE-04,2,0,0,0,240,480,2026-08-20T00:00:00
NQ-TOP-003-XS-WHT,HUB,709,0,0,4,240,480,2026-08-20T00:00:00
NQ-TOP-003-XS-WHT,STORE-01,0,0,0,0,240,480,2026-08-20T00:00:00
NQ-TOP-003-XS-WHT,STORE-02,3,0,0,0,240,480,2026-08-20T00:00:00
NQ-TOP-003-XS-WHT,STORE-03,0,0,0,0,240,480,2026-08-20T00:00:00
NQ-TOP-003-XS-WHT,STORE-04,6,0,0,0,240,480,2026-08-20T00:00:00
NQ-TOP-003-XS-GRY,HUB,779,0,0,2,240,480,2026-08-20T00:00:00
NQ-TOP-003-XS-GRY,STORE-01,0,0,0,0,240,480,2026-08-20T00:00:00
NQ-TOP-003-XS-GRY,STORE-02,6,0,0,0,240,480,2026-08-20T00:00:00
NQ-TOP-003-XS-GRY,STORE-03,0,0,0,0,240,480,2026-08-20T00:00:00
NQ-TOP-003-XS-GRY,STORE-04,6,0,0,0,240,480,2026-08-20T00:00:00
NQ-TOP-003-XS-NVY,HUB,654,0,0,1,240,480,2026-08-20T00:00:00
NQ-TOP-003-XS-NVY,STORE-01,0,0,0,0,240,480,2026-08-20T00:00:00
NQ-TOP-003-XS-NVY,STORE-02,6,0,0,0,240,480,2026-08-20T00:00:00
NQ-TOP-003-XS-NVY,STORE-03,0,0,0,0,240,480,2026-08-20T00:00:00
NQ-TOP-003-XS-NVY,STORE-04,6,0,0,0,240,480,2026-08-20T00:00:00
NQ-TOP-003-S-BLK,HUB,804,0,0,17,240,480,2026-08-20T00:00:00
NQ-TOP-003-S-BLK,STORE-01,0,0,0,0,240,480,2026-08-20T00:00:00
NQ-TOP-003-S-BLK,STORE-02,3,0,0,0,240,480,2026-08-20T00:00:00
NQ-TOP-003-S-BLK,STORE-03,0,0,0,0,240,480,2026-08-20T00:00:00
NQ-TOP-003-S-BLK,STORE-04,5,0,0,0,240,480,2026-08-20T00:00:00
NQ-TOP-003-S-WHT,HUB,878,0,0,2,240,480,2026-08-20T00:00:00
NQ-TOP-003-S-WHT,STORE-01,0,0,0,0,240,480,2026-08-20T00:00:00
NQ-TOP-003-S-WHT,STORE-02,5,0,0,0,240,480,2026-08-20T00:00:00
NQ-TOP-003-S-WHT,STORE-03,0,0,0,0,240,480,2026-08-20T00:00:00
NQ-TOP-003-S-WHT,STORE-04,3,0,0,0,240,480,2026-08-20T00:00:00
NQ-TOP-003-S-GRY,HUB,965,0,0,7,240,480,2026-08-20T00:00:00
NQ-TOP-003-S-GRY,STORE-01,0,0,0,0,240,480,2026-08-20T00:00:00
NQ-TOP-003-S-GRY,STORE-02,3,0,0,0,240,480,2026-08-20T00:00:00
NQ-TOP-003-S-GRY,STORE-03,0,0,0,0,240,480,2026-08-20T00:00:00
NQ-TOP-003-S-GRY,STORE-04,3,0,0,0,240,480,2026-08-20T00:00:00
NQ-TOP-003-S-NVY,HUB,374,0,0,17,240,480,2026-08-20T00:00:00
NQ-TOP-003-S-NVY,STORE-01,0,0,0,0,240,480,2026-08-20T00:00:00
NQ-TOP-003-S-NVY,STORE-02,3,0,0,0,240,480,2026-08-20T00:00:00
NQ-TOP-003-S-NVY,STORE-03,0,0,0,0,240,480,2026-08-20T00:00:00
NQ-TOP-003-S-NVY,STORE-04,0,0,0,0,240,480,2026-08-20T00:00:00
NQ-TOP-003-M-BLK,HUB,541,0,0,12,240,480,2026-08-20T00:00:00
NQ-TOP-003-M-BLK,STORE-01,0,0,0,0,240,480,2026-08-20T00:00:00
NQ-TOP-003-M-BLK,STORE-02,0,0,0,0,240,480,2026-08-20T00:00:00
NQ-TOP-003-M-BLK,STORE-03,0,0,0,0,240,480,2026-08-20T00:00:00
NQ-TOP-003-M-BLK,STORE-04,0,0,0,0,240,480,2026-08-20T00:00:00
NQ-TOP-003-M-WHT,HUB,574,0,0,8,240,480,2026-08-20T00:00:00
NQ-TOP-003-M-WHT,STORE-01,0,0,0,0,240,480,2026-08-20T00:00:00
NQ-TOP-003-M-WHT,STORE-02,1,0,0,0,240,480,2026-08-20T00:00:00
NQ-TOP-003-M-WHT,STORE-03,0,0,0,0,240,480,2026-08-20T00:00:00
NQ-TOP-003-M-WHT,STORE-04,0,0,0,0,240,480,2026-08-20T00:00:00
NQ-TOP-003-M-GRY,HUB,594,0,0,6,240,480,2026-08-20T00:00:00
NQ-TOP-003-M-GRY,STORE-01,0,0,0,0,240,480,2026-08-20T00:00:00
NQ-TOP-003-M-GRY,STORE-02,0,0,0,0,240,480,2026-08-20T00:00:00
NQ-TOP-003-M-GRY,STORE-03,0,0,0,0,240,480,2026-08-20T00:00:00
NQ-TOP-003-M-GRY,STORE-04,0,0,0,0,240,480,2026-08-20T00:00:00
NQ-TOP-003-M-NVY,HUB,535,0,0,4,240,480,2026-08-20T00:00:00
NQ-TOP-003-M-NVY,STORE-01,0,0,0,0,240,480,2026-08-20T00:00:00
NQ-TOP-003-M-NVY,STORE-02,1,0,0,0,240,480,2026-08-20T00:00:00
NQ-TOP-003-M-NVY,STORE-03,0,0,0,0,240,480,2026-08-20T00:00:00
NQ-TOP-003-M-NVY,STORE-04,0,0,0,0,240,480,2026-08-20T00:00:00
NQ-TOP-003-L-BLK,HUB,534,0,0,11,240,480,2026-08-20T00:00:00
NQ-TOP-003-L-BLK,STORE-01,0,0,0,0,240,480,2026-08-20T00:00:00
NQ-TOP-003-L-BLK,STORE-02,0,0,0,0,240,480,2026-08-20T00:00:00
NQ-TOP-003-L-BLK,STORE-03,0,0,0,0,240,480,2026-08-20T00:00:00
NQ-TOP-003-L-BLK,STORE-04,0,0,0,0,240,480,2026-08-20T00:00:00
NQ-TOP-003-L-WHT,HUB,1146,0,0,8,240,480,2026-08-20T00:00:00
NQ-TOP-003-L-WHT,STORE-01,0,0,0,0,240,480,2026-08-20T00:00:00
NQ-TOP-003-L-WHT,STORE-02,6,0,0,0,240,480,2026-08-20T00:00:00
NQ-TOP-003-L-WHT,STORE-03,0,0,0,0,240,480,2026-08-20T00:00:00
NQ-TOP-003-L-WHT,STORE-04,4,0,0,0,240,480,2026-08-20T00:00:00
NQ-TOP-003-L-GRY,HUB,480,0,0,3,240,480,2026-08-20T00:00:00
NQ-TOP-003-L-GRY,STORE-01,0,0,0,0,240,480,2026-08-20T00:00:00
NQ-TOP-003-L-GRY,STORE-02,1,0,0,0,240,480,2026-08-20T00:00:00
NQ-TOP-003-L-GRY,STORE-03,0,0,0,0,240,480,2026-08-20T00:00:00
NQ-TOP-003-L-GRY,STORE-04,0,0,0,0,240,480,2026-08-20T00:00:00
NQ-TOP-003-L-NVY,HUB,613,0,0,3,240,480,2026-08-20T00:00:00
NQ-TOP-003-L-NVY,STORE-01,0,0,0,0,240,480,2026-08-20T00:00:00
NQ-TOP-003-L-NVY,STORE-02,0,0,0,0,240,480,2026-08-20T00:00:00
NQ-TOP-003-L-NVY,STORE-03,0,0,0,0,240,480,2026-08-20T00:00:00
NQ-TOP-003-L-NVY,STORE-04,0,0,0,0,240,480,2026-08-20T00:00:00
NQ-TOP-003-XL-BLK,HUB,593,0,0,10,240,480,2026-08-20T00:00:00
NQ-TOP-003-XL-BLK,STORE-01,0,0,0,0,240,480,2026-08-20T00:00:00
NQ-TOP-003-XL-BLK,STORE-02,5,0,0,0,240,480,2026-08-20T00:00:00
NQ-TOP-003-XL-BLK,STORE-03,0,0,0,0,240,480,2026-08-20T00:00:00
NQ-TOP-003-XL-BLK,STORE-04,3,0,0,0,240,480,2026-08-20T00:00:00
NQ-TOP-003-XL-WHT,HUB,800,0,0,9,240,480,2026-08-20T00:00:00
NQ-TOP-003-XL-WHT,STORE-01,0,0,0,0,240,480,2026-08-20T00:00:00
NQ-TOP-003-XL-WHT,STORE-02,6,0,0,0,240,480,2026-08-20T00:00:00
NQ-TOP-003-XL-WHT,STORE-03,0,0,0,0,240,480,2026-08-20T00:00:00
NQ-TOP-003-XL-WHT,STORE-04,5,0,0,0,240,480,2026-08-20T00:00:00
NQ-TOP-003-XL-GRY,HUB,582,0,0,8,240,480,2026-08-20T00:00:00
NQ-TOP-003-XL-GRY,STORE-01,0,0,0,0,240,480,2026-08-20T00:00:00
NQ-TOP-003-XL-GRY,STORE-02,4,0,0,0,240,480,2026-08-20T00:00:00
NQ-TOP-003-XL-GRY,STORE-03,0,0,0,0,240,480,2026-08-20T00:00:00
NQ-TOP-003-XL-GRY,STORE-04,6,0,0,0,240,480,2026-08-20T00:00:00
NQ-TOP-003-XL-NVY,HUB,606,0,0,7,240,480,2026-08-20T00:00:00
NQ-TOP-003-XL-NVY,STORE-01,0,0,0,0,240,480,2026-08-20T00:00:00
NQ-TOP-003-XL-NVY,STORE-02,3,0,0,0,240,480,2026-08-20T00:00:00
NQ-TOP-003-XL-NVY,STORE-03,0,0,0,0,240,480,2026-08-20T00:00:00
NQ-TOP-003-XL-NVY,STORE-04,3,0,0,0,240,480,2026-08-20T00:00:00
NQ-TOP-003-2XL-BLK,HUB,632,0,0,9,240,480,2026-08-20T00:00:00
NQ-TOP-003-2XL-BLK,STORE-01,0,0,0,0,240,480,2026-08-20T00:00:00
NQ-TOP-003-2XL-BLK,STORE-02,5,0,0,0,240,480,2026-08-20T00:00:00
NQ-TOP-003-2XL-BLK,STORE-03,0,0,0,0,240,480,2026-08-20T00:00:00
NQ-TOP-003-2XL-BLK,STORE-04,3,0,0,0,240,480,2026-08-20T00:00:00
NQ-TOP-003-2XL-WHT,HUB,669,0,0,3,240,480,2026-08-20T00:00:00
NQ-TOP-003-2XL-WHT,STORE-01,0,0,0,0,240,480,2026-08-20T00:00:00
NQ-TOP-003-2XL-WHT,STORE-02,3,0,0,0,240,480,2026-08-20T00:00:00
NQ-TOP-003-2XL-WHT,STORE-03,0,0,0,0,240,480,2026-08-20T00:00:00
NQ-TOP-003-2XL-WHT,STORE-04,4,0,0,0,240,480,2026-08-20T00:00:00
NQ-TOP-003-2XL-GRY,HUB,710,0,0,8,240,480,2026-08-20T00:00:00
NQ-TOP-003-2XL-GRY,STORE-01,0,0,0,0,240,480,2026-08-20T00:00:00
NQ-TOP-003-2XL-GRY,STORE-02,6,0,0,0,240,480,2026-08-20T00:00:00
NQ-TOP-003-2XL-GRY,STORE-03,0,0,0,0,240,480,2026-08-20T00:00:00
NQ-TOP-003-2XL-GRY,STORE-04,5,0,0,0,240,480,2026-08-20T00:00:00
NQ-TOP-003-2XL-NVY,HUB,636,0,0,8,240,480,2026-08-20T00:00:00
NQ-TOP-003-2XL-NVY,STORE-01,0,0,0,0,240,480,2026-08-20T00:00:00
NQ-TOP-003-2XL-NVY,STORE-02,4,0,0,0,240,480,2026-08-20T00:00:00
NQ-TOP-003-2XL-NVY,STORE-03,0,0,0,0,240,480,2026-08-20T00:00:00
NQ-TOP-003-2XL-NVY,STORE-04,5,0,0,0,240,480,2026-08-20T00:00:00
NQ-TOP-003-3XL-BLK,HUB,496,0,0,1,240,480,2026-08-20T00:00:00
NQ-TOP-003-3XL-BLK,STORE-01,0,0,0,0,240,480,2026-08-20T00:00:00
NQ-TOP-003-3XL-BLK,STORE-02,6,0,0,0,240,480,2026-08-20T00:00:00
NQ-TOP-003-3XL-BLK,STORE-03,0,0,0,0,240,480,2026-08-20T00:00:00
NQ-TOP-003-3XL-BLK,STORE-04,6,0,0,0,240,480,2026-08-20T00:00:00
NQ-TOP-003-3XL-WHT,HUB,489,0,0,2,240,480,2026-08-20T00:00:00
NQ-TOP-003-3XL-WHT,STORE-01,0,0,0,0,240,480,2026-08-20T00:00:00
NQ-TOP-003-3XL-WHT,STORE-02,5,0,0,0,240,480,2026-08-20T00:00:00
NQ-TOP-003-3XL-WHT,STORE-03,0,0,0,0,240,480,2026-08-20T00:00:00
NQ-TOP-003-3XL-WHT,STORE-04,6,0,0,0,240,480,2026-08-20T00:00:00
NQ-TOP-003-3XL-GRY,HUB,499,0,0,5,240,480,2026-08-20T00:00:00
NQ-TOP-003-3XL-GRY,STORE-01,0,0,0,0,240,480,2026-08-20T00:00:00
NQ-TOP-003-3XL-GRY,STORE-02,5,0,0,0,240,480,2026-08-20T00:00:00
NQ-TOP-003-3XL-GRY,STORE-03,0,0,0,0,240,480,2026-08-20T00:00:00
NQ-TOP-003-3XL-GRY,STORE-04,3,0,0,0,240,480,2026-08-20T00:00:00
NQ-TOP-003-3XL-NVY,HUB,534,0,0,2,240,480,2026-08-20T00:00:00
NQ-TOP-003-3XL-NVY,STORE-01,0,0,0,0,240,480,2026-08-20T00:00:00
NQ-TOP-003-3XL-NVY,STORE-02,4,0,0,0,240,480,2026-08-20T00:00:00
NQ-TOP-003-3XL-NVY,STORE-03,0,0,0,0,240,480,2026-08-20T00:00:00
NQ-TOP-003-3XL-NVY,STORE-04,5,0,0,0,240,480,2026-08-20T00:00:00
NQ-TOP-003-4XL-BLK,HUB,1006,0,0,1,240,480,2026-08-20T00:00:00
NQ-TOP-003-4XL-BLK,STORE-01,0,0,0,0,240,480,2026-08-20T00:00:00
NQ-TOP-003-4XL-BLK,STORE-02,5,0,0,0,240,480,2026-08-20T00:00:00
NQ-TOP-003-4XL-BLK,STORE-03,0,0,0,0,240,480,2026-08-20T00:00:00
NQ-TOP-003-4XL-BLK,STORE-04,5,0,0,0,240,480,2026-08-20T00:00:00
NQ-TOP-003-4XL-WHT,HUB,652,0,0,2,240,480,2026-08-20T00:00:00
NQ-TOP-003-4XL-WHT,STORE-01,0,0,0,0,240,480,2026-08-20T00:00:00
NQ-TOP-003-4XL-WHT,STORE-02,3,0,0,0,240,480,2026-08-20T00:00:00
NQ-TOP-003-4XL-WHT,STORE-03,0,0,0,0,240,480,2026-08-20T00:00:00
NQ-TOP-003-4XL-WHT,STORE-04,5,0,0,0,240,480,2026-08-20T00:00:00
NQ-TOP-003-4XL-GRY,HUB,909,0,0,2,240,480,2026-08-20T00:00:00
NQ-TOP-003-4XL-GRY,STORE-01,0,0,0,0,240,480,2026-08-20T00:00:00
NQ-TOP-003-4XL-GRY,STORE-02,6,0,0,0,240,480,2026-08-20T00:00:00
NQ-TOP-003-4XL-GRY,STORE-03,0,0,0,0,240,480,2026-08-20T00:00:00
NQ-TOP-003-4XL-GRY,STORE-04,3,0,0,0,240,480,2026-08-20T00:00:00
NQ-TOP-003-4XL-NVY,HUB,932,0,0,2,240,480,2026-08-20T00:00:00
NQ-TOP-003-4XL-NVY,STORE-01,0,0,0,0,240,480,2026-08-20T00:00:00
NQ-TOP-003-4XL-NVY,STORE-02,6,0,0,0,240,480,2026-08-20T00:00:00
NQ-TOP-003-4XL-NVY,STORE-03,0,0,0,0,240,480,2026-08-20T00:00:00
NQ-TOP-003-4XL-NVY,STORE-04,3,0,0,0,240,480,2026-08-20T00:00:00
NQ-TOP-004-XS-BLK,HUB,187,0,0,0,72,144,2026-08-20T00:00:00
NQ-TOP-004-XS-BLK,STORE-01,0,0,0,0,72,144,2026-08-20T00:00:00
NQ-TOP-004-XS-BLK,STORE-02,4,0,0,0,72,144,2026-08-20T00:00:00
NQ-TOP-004-XS-BLK,STORE-03,0,0,0,0,72,144,2026-08-20T00:00:00
NQ-TOP-004-XS-BLK,STORE-04,5,0,0,0,72,144,2026-08-20T00:00:00
NQ-TOP-004-XS-WHT,HUB,243,0,0,1,72,144,2026-08-20T00:00:00
NQ-TOP-004-XS-WHT,STORE-01,0,0,0,0,72,144,2026-08-20T00:00:00
NQ-TOP-004-XS-WHT,STORE-02,3,0,0,0,72,144,2026-08-20T00:00:00
NQ-TOP-004-XS-WHT,STORE-03,0,0,0,0,72,144,2026-08-20T00:00:00
NQ-TOP-004-XS-WHT,STORE-04,5,0,0,0,72,144,2026-08-20T00:00:00
NQ-TOP-004-XS-GRY,HUB,182,0,0,1,72,144,2026-08-20T00:00:00
NQ-TOP-004-XS-GRY,STORE-01,0,0,0,0,72,144,2026-08-20T00:00:00
NQ-TOP-004-XS-GRY,STORE-02,5,0,0,0,72,144,2026-08-20T00:00:00
NQ-TOP-004-XS-GRY,STORE-03,0,0,0,0,72,144,2026-08-20T00:00:00
NQ-TOP-004-XS-GRY,STORE-04,4,0,0,0,72,144,2026-08-20T00:00:00
NQ-TOP-004-XS-NVY,HUB,230,0,0,1,72,144,2026-08-20T00:00:00
NQ-TOP-004-XS-NVY,STORE-01,0,0,0,0,72,144,2026-08-20T00:00:00
NQ-TOP-004-XS-NVY,STORE-02,5,0,0,0,72,144,2026-08-20T00:00:00
NQ-TOP-004-XS-NVY,STORE-03,0,0,0,0,72,144,2026-08-20T00:00:00
NQ-TOP-004-XS-NVY,STORE-04,5,0,0,0,72,144,2026-08-20T00:00:00
NQ-TOP-004-S-BLK,HUB,22,0,0,2,72,144,2026-08-20T00:00:00
NQ-TOP-004-S-BLK,STORE-01,0,0,0,0,72,144,2026-08-20T00:00:00
NQ-TOP-004-S-BLK,STORE-02,5,0,0,0,72,144,2026-08-20T00:00:00
NQ-TOP-004-S-BLK,STORE-03,0,0,0,0,72,144,2026-08-20T00:00:00
NQ-TOP-004-S-BLK,STORE-04,3,0,0,0,72,144,2026-08-20T00:00:00
NQ-TOP-004-S-WHT,HUB,224,0,0,0,72,144,2026-08-20T00:00:00
NQ-TOP-004-S-WHT,STORE-01,0,0,0,0,72,144,2026-08-20T00:00:00
NQ-TOP-004-S-WHT,STORE-02,5,0,0,0,72,144,2026-08-20T00:00:00
NQ-TOP-004-S-WHT,STORE-03,0,0,0,0,72,144,2026-08-20T00:00:00
NQ-TOP-004-S-WHT,STORE-04,3,0,0,0,72,144,2026-08-20T00:00:00
NQ-TOP-004-S-GRY,HUB,139,0,0,2,72,144,2026-08-20T00:00:00
NQ-TOP-004-S-GRY,STORE-01,0,0,0,0,72,144,2026-08-20T00:00:00
NQ-TOP-004-S-GRY,STORE-02,3,0,0,0,72,144,2026-08-20T00:00:00
NQ-TOP-004-S-GRY,STORE-03,0,0,0,0,72,144,2026-08-20T00:00:00
NQ-TOP-004-S-GRY,STORE-04,5,0,0,0,72,144,2026-08-20T00:00:00
NQ-TOP-004-S-NVY,HUB,50,0,0,1,72,144,2026-08-20T00:00:00
NQ-TOP-004-S-NVY,STORE-01,0,0,0,0,72,144,2026-08-20T00:00:00
NQ-TOP-004-S-NVY,STORE-02,4,0,0,0,72,144,2026-08-20T00:00:00
NQ-TOP-004-S-NVY,STORE-03,0,0,0,0,72,144,2026-08-20T00:00:00
NQ-TOP-004-S-NVY,STORE-04,4,0,0,0,72,144,2026-08-20T00:00:00
NQ-TOP-004-M-BLK,HUB,127,0,0,2,72,144,2026-08-20T00:00:00
NQ-TOP-004-M-BLK,STORE-01,0,0,0,0,72,144,2026-08-20T00:00:00
NQ-TOP-004-M-BLK,STORE-02,2,0,0,0,72,144,2026-08-20T00:00:00
NQ-TOP-004-M-BLK,STORE-03,0,0,0,0,72,144,2026-08-20T00:00:00
NQ-TOP-004-M-BLK,STORE-04,0,0,0,0,72,144,2026-08-20T00:00:00
NQ-TOP-004-M-WHT,HUB,265,0,0,3,72,144,2026-08-20T00:00:00
NQ-TOP-004-M-WHT,STORE-01,0,0,0,0,72,144,2026-08-20T00:00:00
NQ-TOP-004-M-WHT,STORE-02,4,0,0,0,72,144,2026-08-20T00:00:00
NQ-TOP-004-M-WHT,STORE-03,0,0,0,0,72,144,2026-08-20T00:00:00
NQ-TOP-004-M-WHT,STORE-04,5,0,0,0,72,144,2026-08-20T00:00:00
NQ-TOP-004-M-GRY,HUB,142,0,0,1,72,144,2026-08-20T00:00:00
NQ-TOP-004-M-GRY,STORE-01,0,0,0,0,72,144,2026-08-20T00:00:00
NQ-TOP-004-M-GRY,STORE-02,2,0,0,0,72,144,2026-08-20T00:00:00
NQ-TOP-004-M-GRY,STORE-03,0,0,0,0,72,144,2026-08-20T00:00:00
NQ-TOP-004-M-GRY,STORE-04,3,0,0,0,72,144,2026-08-20T00:00:00
NQ-TOP-004-M-NVY,HUB,320,0,0,2,72,144,2026-08-20T00:00:00
NQ-TOP-004-M-NVY,STORE-01,0,0,0,0,72,144,2026-08-20T00:00:00
NQ-TOP-004-M-NVY,STORE-02,4,0,0,0,72,144,2026-08-20T00:00:00
NQ-TOP-004-M-NVY,STORE-03,0,0,0,0,72,144,2026-08-20T00:00:00
NQ-TOP-004-M-NVY,STORE-04,4,0,0,0,72,144,2026-08-20T00:00:00
NQ-TOP-004-L-BLK,HUB,240,0,0,4,72,144,2026-08-20T00:00:00
NQ-TOP-004-L-BLK,STORE-01,0,0,0,0,72,144,2026-08-20T00:00:00
NQ-TOP-004-L-BLK,STORE-02,4,0,0,0,72,144,2026-08-20T00:00:00
NQ-TOP-004-L-BLK,STORE-03,0,0,0,0,72,144,2026-08-20T00:00:00
NQ-TOP-004-L-BLK,STORE-04,2,0,0,0,72,144,2026-08-20T00:00:00
NQ-TOP-004-L-WHT,HUB,253,0,0,2,72,144,2026-08-20T00:00:00
NQ-TOP-004-L-WHT,STORE-01,0,0,0,0,72,144,2026-08-20T00:00:00
NQ-TOP-004-L-WHT,STORE-02,5,0,0,0,72,144,2026-08-20T00:00:00
NQ-TOP-004-L-WHT,STORE-03,0,0,0,0,72,144,2026-08-20T00:00:00
NQ-TOP-004-L-WHT,STORE-04,4,0,0,0,72,144,2026-08-20T00:00:00
NQ-TOP-004-L-GRY,HUB,280,0,0,0,72,144,2026-08-20T00:00:00
NQ-TOP-004-L-GRY,STORE-01,0,0,0,0,72,144,2026-08-20T00:00:00
NQ-TOP-004-L-GRY,STORE-02,3,0,0,0,72,144,2026-08-20T00:00:00
NQ-TOP-004-L-GRY,STORE-03,0,0,0,0,72,144,2026-08-20T00:00:00
NQ-TOP-004-L-GRY,STORE-04,5,0,0,0,72,144,2026-08-20T00:00:00
NQ-TOP-004-L-NVY,HUB,133,0,0,4,72,144,2026-08-20T00:00:00
NQ-TOP-004-L-NVY,STORE-01,0,0,0,0,72,144,2026-08-20T00:00:00
NQ-TOP-004-L-NVY,STORE-02,2,0,0,0,72,144,2026-08-20T00:00:00
NQ-TOP-004-L-NVY,STORE-03,0,0,0,0,72,144,2026-08-20T00:00:00
NQ-TOP-004-L-NVY,STORE-04,2,0,0,0,72,144,2026-08-20T00:00:00
NQ-TOP-004-XL-BLK,HUB,193,0,0,2,72,144,2026-08-20T00:00:00
NQ-TOP-004-XL-BLK,STORE-01,0,0,0,0,72,144,2026-08-20T00:00:00
NQ-TOP-004-XL-BLK,STORE-02,3,0,0,0,72,144,2026-08-20T00:00:00
NQ-TOP-004-XL-BLK,STORE-03,0,0,0,0,72,144,2026-08-20T00:00:00
NQ-TOP-004-XL-BLK,STORE-04,3,0,0,0,72,144,2026-08-20T00:00:00
NQ-TOP-004-XL-WHT,HUB,59,0,0,1,72,144,2026-08-20T00:00:00
NQ-TOP-004-XL-WHT,STORE-01,0,0,0,0,72,144,2026-08-20T00:00:00
NQ-TOP-004-XL-WHT,STORE-02,4,0,0,0,72,144,2026-08-20T00:00:00
NQ-TOP-004-XL-WHT,STORE-03,0,0,0,0,72,144,2026-08-20T00:00:00
NQ-TOP-004-XL-WHT,STORE-04,3,0,0,0,72,144,2026-08-20T00:00:00
NQ-TOP-004-XL-GRY,HUB,113,0,0,2,72,144,2026-08-20T00:00:00
NQ-TOP-004-XL-GRY,STORE-01,0,0,0,0,72,144,2026-08-20T00:00:00
NQ-TOP-004-XL-GRY,STORE-02,5,0,0,0,72,144,2026-08-20T00:00:00
NQ-TOP-004-XL-GRY,STORE-03,0,0,0,0,72,144,2026-08-20T00:00:00
NQ-TOP-004-XL-GRY,STORE-04,3,0,0,0,72,144,2026-08-20T00:00:00
NQ-TOP-004-XL-NVY,HUB,234,0,0,1,72,144,2026-08-20T00:00:00
NQ-TOP-004-XL-NVY,STORE-01,0,0,0,0,72,144,2026-08-20T00:00:00
NQ-TOP-004-XL-NVY,STORE-02,3,0,0,0,72,144,2026-08-20T00:00:00
NQ-TOP-004-XL-NVY,STORE-03,0,0,0,0,72,144,2026-08-20T00:00:00
NQ-TOP-004-XL-NVY,STORE-04,3,0,0,0,72,144,2026-08-20T00:00:00
NQ-TOP-004-2XL-BLK,HUB,187,0,0,0,72,144,2026-08-20T00:00:00
NQ-TOP-004-2XL-BLK,STORE-01,0,0,0,0,72,144,2026-08-20T00:00:00
NQ-TOP-004-2XL-BLK,STORE-02,3,0,0,0,72,144,2026-08-20T00:00:00
NQ-TOP-004-2XL-BLK,STORE-03,0,0,0,0,72,144,2026-08-20T00:00:00
NQ-TOP-004-2XL-BLK,STORE-04,3,0,0,0,72,144,2026-08-20T00:00:00
NQ-TOP-004-2XL-WHT,HUB,100,0,0,2,72,144,2026-08-20T00:00:00
NQ-TOP-004-2XL-WHT,STORE-01,0,0,0,0,72,144,2026-08-20T00:00:00
NQ-TOP-004-2XL-WHT,STORE-02,2,0,0,0,72,144,2026-08-20T00:00:00
NQ-TOP-004-2XL-WHT,STORE-03,0,0,0,0,72,144,2026-08-20T00:00:00
NQ-TOP-004-2XL-WHT,STORE-04,3,0,0,0,72,144,2026-08-20T00:00:00
NQ-TOP-004-2XL-GRY,HUB,159,0,0,4,72,144,2026-08-20T00:00:00
NQ-TOP-004-2XL-GRY,STORE-01,0,0,0,0,72,144,2026-08-20T00:00:00
NQ-TOP-004-2XL-GRY,STORE-02,3,0,0,0,72,144,2026-08-20T00:00:00
NQ-TOP-004-2XL-GRY,STORE-03,0,0,0,0,72,144,2026-08-20T00:00:00
NQ-TOP-004-2XL-GRY,STORE-04,3,0,0,0,72,144,2026-08-20T00:00:00
NQ-TOP-004-2XL-NVY,HUB,118,0,0,5,72,144,2026-08-20T00:00:00
NQ-TOP-004-2XL-NVY,STORE-01,0,0,0,0,72,144,2026-08-20T00:00:00
NQ-TOP-004-2XL-NVY,STORE-02,4,0,0,0,72,144,2026-08-20T00:00:00
NQ-TOP-004-2XL-NVY,STORE-03,0,0,0,0,72,144,2026-08-20T00:00:00
NQ-TOP-004-2XL-NVY,STORE-04,5,0,0,0,72,144,2026-08-20T00:00:00
NQ-TOP-004-3XL-BLK,HUB,167,0,0,1,72,144,2026-08-20T00:00:00
NQ-TOP-004-3XL-BLK,STORE-01,0,0,0,0,72,144,2026-08-20T00:00:00
NQ-TOP-004-3XL-BLK,STORE-02,4,0,0,0,72,144,2026-08-20T00:00:00
NQ-TOP-004-3XL-BLK,STORE-03,0,0,0,0,72,144,2026-08-20T00:00:00
NQ-TOP-004-3XL-BLK,STORE-04,4,0,0,0,72,144,2026-08-20T00:00:00
NQ-TOP-004-3XL-WHT,HUB,139,0,0,1,72,144,2026-08-20T00:00:00
NQ-TOP-004-3XL-WHT,STORE-01,0,0,0,0,72,144,2026-08-20T00:00:00
NQ-TOP-004-3XL-WHT,STORE-02,5,0,0,0,72,144,2026-08-20T00:00:00
NQ-TOP-004-3XL-WHT,STORE-03,0,0,0,0,72,144,2026-08-20T00:00:00
NQ-TOP-004-3XL-WHT,STORE-04,5,0,0,0,72,144,2026-08-20T00:00:00
NQ-TOP-004-3XL-GRY,HUB,127,0,0,1,72,144,2026-08-20T00:00:00
NQ-TOP-004-3XL-GRY,STORE-01,0,0,0,0,72,144,2026-08-20T00:00:00
NQ-TOP-004-3XL-GRY,STORE-02,5,0,0,0,72,144,2026-08-20T00:00:00
NQ-TOP-004-3XL-GRY,STORE-03,0,0,0,0,72,144,2026-08-20T00:00:00
NQ-TOP-004-3XL-GRY,STORE-04,3,0,0,0,72,144,2026-08-20T00:00:00
NQ-TOP-004-3XL-NVY,HUB,136,0,0,2,72,144,2026-08-20T00:00:00
NQ-TOP-004-3XL-NVY,STORE-01,0,0,0,0,72,144,2026-08-20T00:00:00
NQ-TOP-004-3XL-NVY,STORE-02,5,0,0,0,72,144,2026-08-20T00:00:00
NQ-TOP-004-3XL-NVY,STORE-03,0,0,0,0,72,144,2026-08-20T00:00:00
NQ-TOP-004-3XL-NVY,STORE-04,4,0,0,0,72,144,2026-08-20T00:00:00
NQ-TOP-004-4XL-BLK,HUB,193,0,0,1,72,144,2026-08-20T00:00:00
NQ-TOP-004-4XL-BLK,STORE-01,0,0,0,0,72,144,2026-08-20T00:00:00
NQ-TOP-004-4XL-BLK,STORE-02,5,0,0,0,72,144,2026-08-20T00:00:00
NQ-TOP-004-4XL-BLK,STORE-03,0,0,0,0,72,144,2026-08-20T00:00:00
NQ-TOP-004-4XL-BLK,STORE-04,5,0,0,0,72,144,2026-08-20T00:00:00
NQ-TOP-004-4XL-WHT,HUB,222,0,0,0,72,144,2026-08-20T00:00:00
NQ-TOP-004-4XL-WHT,STORE-01,0,0,0,0,72,144,2026-08-20T00:00:00
NQ-TOP-004-4XL-WHT,STORE-02,5,0,0,0,72,144,2026-08-20T00:00:00
NQ-TOP-004-4XL-WHT,STORE-03,0,0,0,0,72,144,2026-08-20T00:00:00
NQ-TOP-004-4XL-WHT,STORE-04,5,0,0,0,72,144,2026-08-20T00:00:00
NQ-TOP-004-4XL-GRY,HUB,285,0,0,0,72,144,2026-08-20T00:00:00
NQ-TOP-004-4XL-GRY,STORE-01,0,0,0,0,72,144,2026-08-20T00:00:00
NQ-TOP-004-4XL-GRY,STORE-02,3,0,0,0,72,144,2026-08-20T00:00:00
NQ-TOP-004-4XL-GRY,STORE-03,0,0,0,0,72,144,2026-08-20T00:00:00
NQ-TOP-004-4XL-GRY,STORE-04,5,0,0,0,72,144,2026-08-20T00:00:00
NQ-TOP-004-4XL-NVY,HUB,286,0,0,1,72,144,2026-08-20T00:00:00
NQ-TOP-004-4XL-NVY,STORE-01,0,0,0,0,72,144,2026-08-20T00:00:00
NQ-TOP-004-4XL-NVY,STORE-02,5,0,0,0,72,144,2026-08-20T00:00:00
NQ-TOP-004-4XL-NVY,STORE-03,0,0,0,0,72,144,2026-08-20T00:00:00
NQ-TOP-004-4XL-NVY,STORE-04,4,0,0,0,72,144,2026-08-20T00:00:00
NQ-TOP-005-XS-BLK,HUB,219,0,0,0,72,144,2026-08-20T00:00:00
NQ-TOP-005-XS-BLK,STORE-01,0,0,0,0,72,144,2026-08-20T00:00:00
NQ-TOP-005-XS-BLK,STORE-02,5,0,0,0,72,144,2026-08-20T00:00:00
NQ-TOP-005-XS-BLK,STORE-03,0,0,0,0,72,144,2026-08-20T00:00:00
NQ-TOP-005-XS-BLK,STORE-04,4,0,0,0,72,144,2026-08-20T00:00:00
NQ-TOP-005-XS-WHT,HUB,181,0,0,3,72,144,2026-08-20T00:00:00
NQ-TOP-005-XS-WHT,STORE-01,0,0,0,0,72,144,2026-08-20T00:00:00
NQ-TOP-005-XS-WHT,STORE-02,3,0,0,0,72,144,2026-08-20T00:00:00
NQ-TOP-005-XS-WHT,STORE-03,0,0,0,0,72,144,2026-08-20T00:00:00
NQ-TOP-005-XS-WHT,STORE-04,4,0,0,0,72,144,2026-08-20T00:00:00
NQ-TOP-005-XS-GRY,HUB,229,0,0,0,72,144,2026-08-20T00:00:00
NQ-TOP-005-XS-GRY,STORE-01,0,0,0,0,72,144,2026-08-20T00:00:00
NQ-TOP-005-XS-GRY,STORE-02,3,0,0,0,72,144,2026-08-20T00:00:00
NQ-TOP-005-XS-GRY,STORE-03,0,0,0,0,72,144,2026-08-20T00:00:00
NQ-TOP-005-XS-GRY,STORE-04,3,0,0,0,72,144,2026-08-20T00:00:00
NQ-TOP-005-XS-NVY,HUB,173,0,0,0,72,144,2026-08-20T00:00:00
NQ-TOP-005-XS-NVY,STORE-01,0,0,0,0,72,144,2026-08-20T00:00:00
NQ-TOP-005-XS-NVY,STORE-02,3,0,0,0,72,144,2026-08-20T00:00:00
NQ-TOP-005-XS-NVY,STORE-03,0,0,0,0,72,144,2026-08-20T00:00:00
NQ-TOP-005-XS-NVY,STORE-04,5,0,0,0,72,144,2026-08-20T00:00:00
NQ-TOP-005-S-BLK,HUB,144,0,0,2,72,144,2026-08-20T00:00:00
NQ-TOP-005-S-BLK,STORE-01,0,0,0,0,72,144,2026-08-20T00:00:00
NQ-TOP-005-S-BLK,STORE-02,5,0,0,0,72,144,2026-08-20T00:00:00
NQ-TOP-005-S-BLK,STORE-03,0,0,0,0,72,144,2026-08-20T00:00:00
NQ-TOP-005-S-BLK,STORE-04,3,0,0,0,72,144,2026-08-20T00:00:00
NQ-TOP-005-S-WHT,HUB,91,0,0,3,72,144,2026-08-20T00:00:00
NQ-TOP-005-S-WHT,STORE-01,0,0,0,0,72,144,2026-08-20T00:00:00
NQ-TOP-005-S-WHT,STORE-02,3,0,0,0,72,144,2026-08-20T00:00:00
NQ-TOP-005-S-WHT,STORE-03,0,0,0,0,72,144,2026-08-20T00:00:00
NQ-TOP-005-S-WHT,STORE-04,3,0,0,0,72,144,2026-08-20T00:00:00
NQ-TOP-005-S-GRY,HUB,116,0,0,2,72,144,2026-08-20T00:00:00
NQ-TOP-005-S-GRY,STORE-01,0,0,0,0,72,144,2026-08-20T00:00:00
NQ-TOP-005-S-GRY,STORE-02,4,0,0,0,72,144,2026-08-20T00:00:00
NQ-TOP-005-S-GRY,STORE-03,0,0,0,0,72,144,2026-08-20T00:00:00
NQ-TOP-005-S-GRY,STORE-04,5,0,0,0,72,144,2026-08-20T00:00:00
NQ-TOP-005-S-NVY,HUB,44,0,0,1,72,144,2026-08-20T00:00:00
NQ-TOP-005-S-NVY,STORE-01,0,0,0,0,72,144,2026-08-20T00:00:00
NQ-TOP-005-S-NVY,STORE-02,5,0,0,0,72,144,2026-08-20T00:00:00
NQ-TOP-005-S-NVY,STORE-03,0,0,0,0,72,144,2026-08-20T00:00:00
NQ-TOP-005-S-NVY,STORE-04,3,0,0,0,72,144,2026-08-20T00:00:00
NQ-TOP-005-M-BLK,HUB,278,0,0,3,72,144,2026-08-20T00:00:00
NQ-TOP-005-M-BLK,STORE-01,0,0,0,0,72,144,2026-08-20T00:00:00
NQ-TOP-005-M-BLK,STORE-02,4,0,0,0,72,144,2026-08-20T00:00:00
NQ-TOP-005-M-BLK,STORE-03,0,0,0,0,72,144,2026-08-20T00:00:00
NQ-TOP-005-M-BLK,STORE-04,5,0,0,0,72,144,2026-08-20T00:00:00
NQ-TOP-005-M-WHT,HUB,177,0,0,4,72,144,2026-08-20T00:00:00
NQ-TOP-005-M-WHT,STORE-01,0,0,0,0,72,144,2026-08-20T00:00:00
NQ-TOP-005-M-WHT,STORE-02,1,0,0,0,72,144,2026-08-20T00:00:00
NQ-TOP-005-M-WHT,STORE-03,0,0,0,0,72,144,2026-08-20T00:00:00
NQ-TOP-005-M-WHT,STORE-04,0,0,0,0,72,144,2026-08-20T00:00:00
NQ-TOP-005-M-GRY,HUB,236,0,0,0,72,144,2026-08-20T00:00:00
NQ-TOP-005-M-GRY,STORE-01,0,0,0,0,72,144,2026-08-20T00:00:00
NQ-TOP-005-M-GRY,STORE-02,3,0,0,0,72,144,2026-08-20T00:00:00
NQ-TOP-005-M-GRY,STORE-03,0,0,0,0,72,144,2026-08-20T00:00:00
NQ-TOP-005-M-GRY,STORE-04,5,0,0,0,72,144,2026-08-20T00:00:00
NQ-TOP-005-M-NVY,HUB,120,0,0,1,72,144,2026-08-20T00:00:00
NQ-TOP-005-M-NVY,STORE-01,0,0,0,0,72,144,2026-08-20T00:00:00
NQ-TOP-005-M-NVY,STORE-02,2,0,0,0,72,144,2026-08-20T00:00:00
NQ-TOP-005-M-NVY,STORE-03,0,0,0,0,72,144,2026-08-20T00:00:00
NQ-TOP-005-M-NVY,STORE-04,0,0,0,0,72,144,2026-08-20T00:00:00
NQ-TOP-005-L-BLK,HUB,205,0,0,4,72,144,2026-08-20T00:00:00
NQ-TOP-005-L-BLK,STORE-01,0,0,0,0,72,144,2026-08-20T00:00:00
NQ-TOP-005-L-BLK,STORE-02,2,0,0,0,72,144,2026-08-20T00:00:00
NQ-TOP-005-L-BLK,STORE-03,0,0,0,0,72,144,2026-08-20T00:00:00
NQ-TOP-005-L-BLK,STORE-04,2,0,0,0,72,144,2026-08-20T00:00:00
NQ-TOP-005-L-WHT,HUB,166,0,0,2,72,144,2026-08-20T00:00:00
NQ-TOP-005-L-WHT,STORE-01,0,0,0,0,72,144,2026-08-20T00:00:00
NQ-TOP-005-L-WHT,STORE-02,5,0,0,0,72,144,2026-08-20T00:00:00
NQ-TOP-005-L-WHT,STORE-03,0,0,0,0,72,144,2026-08-20T00:00:00
NQ-TOP-005-L-WHT,STORE-04,1,0,0,0,72,144,2026-08-20T00:00:00
NQ-TOP-005-L-GRY,HUB,140,0,0,1,72,144,2026-08-20T00:00:00
NQ-TOP-005-L-GRY,STORE-01,0,0,0,0,72,144,2026-08-20T00:00:00
NQ-TOP-005-L-GRY,STORE-02,4,0,0,0,72,144,2026-08-20T00:00:00
NQ-TOP-005-L-GRY,STORE-03,0,0,0,0,72,144,2026-08-20T00:00:00
NQ-TOP-005-L-GRY,STORE-04,4,0,0,0,72,144,2026-08-20T00:00:00
NQ-TOP-005-L-NVY,HUB,140,0,0,3,72,144,2026-08-20T00:00:00
NQ-TOP-005-L-NVY,STORE-01,0,0,0,0,72,144,2026-08-20T00:00:00
NQ-TOP-005-L-NVY,STORE-02,5,0,0,0,72,144,2026-08-20T00:00:00
NQ-TOP-005-L-NVY,STORE-03,0,0,0,0,72,144,2026-08-20T00:00:00
NQ-TOP-005-L-NVY,STORE-04,5,0,0,0,72,144,2026-08-20T00:00:00
NQ-TOP-005-XL-BLK,HUB,193,0,0,2,72,144,2026-08-20T00:00:00
NQ-TOP-005-XL-BLK,STORE-01,0,0,0,0,72,144,2026-08-20T00:00:00
NQ-TOP-005-XL-BLK,STORE-02,4,0,0,0,72,144,2026-08-20T00:00:00
NQ-TOP-005-XL-BLK,STORE-03,0,0,0,0,72,144,2026-08-20T00:00:00
NQ-TOP-005-XL-BLK,STORE-04,5,0,0,0,72,144,2026-08-20T00:00:00
NQ-TOP-005-XL-WHT,HUB,138,0,0,1,72,144,2026-08-20T00:00:00
NQ-TOP-005-XL-WHT,STORE-01,0,0,0,0,72,144,2026-08-20T00:00:00
NQ-TOP-005-XL-WHT,STORE-02,5,0,0,0,72,144,2026-08-20T00:00:00
NQ-TOP-005-XL-WHT,STORE-03,0,0,0,0,72,144,2026-08-20T00:00:00
NQ-TOP-005-XL-WHT,STORE-04,4,0,0,0,72,144,2026-08-20T00:00:00
NQ-TOP-005-XL-GRY,HUB,172,0,0,0,72,144,2026-08-20T00:00:00
NQ-TOP-005-XL-GRY,STORE-01,0,0,0,0,72,144,2026-08-20T00:00:00
NQ-TOP-005-XL-GRY,STORE-02,3,0,0,0,72,144,2026-08-20T00:00:00
NQ-TOP-005-XL-GRY,STORE-03,0,0,0,0,72,144,2026-08-20T00:00:00
NQ-TOP-005-XL-GRY,STORE-04,4,0,0,0,72,144,2026-08-20T00:00:00
NQ-TOP-005-XL-NVY,HUB,181,0,0,3,72,144,2026-08-20T00:00:00
NQ-TOP-005-XL-NVY,STORE-01,0,0,0,0,72,144,2026-08-20T00:00:00
NQ-TOP-005-XL-NVY,STORE-02,5,0,0,0,72,144,2026-08-20T00:00:00
NQ-TOP-005-XL-NVY,STORE-03,0,0,0,0,72,144,2026-08-20T00:00:00
NQ-TOP-005-XL-NVY,STORE-04,3,0,0,0,72,144,2026-08-20T00:00:00
NQ-TOP-005-2XL-BLK,HUB,184,0,0,2,72,144,2026-08-20T00:00:00
NQ-TOP-005-2XL-BLK,STORE-01,0,0,0,0,72,144,2026-08-20T00:00:00
NQ-TOP-005-2XL-BLK,STORE-02,5,0,0,0,72,144,2026-08-20T00:00:00
NQ-TOP-005-2XL-BLK,STORE-03,0,0,0,0,72,144,2026-08-20T00:00:00
NQ-TOP-005-2XL-BLK,STORE-04,5,0,0,0,72,144,2026-08-20T00:00:00
NQ-TOP-005-2XL-WHT,HUB,137,0,0,0,72,144,2026-08-20T00:00:00
NQ-TOP-005-2XL-WHT,STORE-01,0,0,0,0,72,144,2026-08-20T00:00:00
NQ-TOP-005-2XL-WHT,STORE-02,3,0,0,0,72,144,2026-08-20T00:00:00
NQ-TOP-005-2XL-WHT,STORE-03,0,0,0,0,72,144,2026-08-20T00:00:00
NQ-TOP-005-2XL-WHT,STORE-04,4,0,0,0,72,144,2026-08-20T00:00:00
NQ-TOP-005-2XL-GRY,HUB,146,0,0,3,72,144,2026-08-20T00:00:00
NQ-TOP-005-2XL-GRY,STORE-01,0,0,0,0,72,144,2026-08-20T00:00:00
NQ-TOP-005-2XL-GRY,STORE-02,5,0,0,0,72,144,2026-08-20T00:00:00
NQ-TOP-005-2XL-GRY,STORE-03,0,0,0,0,72,144,2026-08-20T00:00:00
NQ-TOP-005-2XL-GRY,STORE-04,4,0,0,0,72,144,2026-08-20T00:00:00
NQ-TOP-005-2XL-NVY,HUB,111,0,0,1,72,144,2026-08-20T00:00:00
NQ-TOP-005-2XL-NVY,STORE-01,0,0,0,0,72,144,2026-08-20T00:00:00
NQ-TOP-005-2XL-NVY,STORE-02,5,0,0,0,72,144,2026-08-20T00:00:00
NQ-TOP-005-2XL-NVY,STORE-03,0,0,0,0,72,144,2026-08-20T00:00:00
NQ-TOP-005-2XL-NVY,STORE-04,3,0,0,0,72,144,2026-08-20T00:00:00
NQ-TOP-005-3XL-BLK,HUB,128,0,0,1,72,144,2026-08-20T00:00:00
NQ-TOP-005-3XL-BLK,STORE-01,0,0,0,0,72,144,2026-08-20T00:00:00
NQ-TOP-005-3XL-BLK,STORE-02,5,0,0,0,72,144,2026-08-20T00:00:00
NQ-TOP-005-3XL-BLK,STORE-03,0,0,0,0,72,144,2026-08-20T00:00:00
NQ-TOP-005-3XL-BLK,STORE-04,3,0,0,0,72,144,2026-08-20T00:00:00
NQ-TOP-005-3XL-WHT,HUB,108,0,0,2,72,144,2026-08-20T00:00:00
NQ-TOP-005-3XL-WHT,STORE-01,0,0,0,0,72,144,2026-08-20T00:00:00
NQ-TOP-005-3XL-WHT,STORE-02,4,0,0,0,72,144,2026-08-20T00:00:00
NQ-TOP-005-3XL-WHT,STORE-03,0,0,0,0,72,144,2026-08-20T00:00:00
NQ-TOP-005-3XL-WHT,STORE-04,3,0,0,0,72,144,2026-08-20T00:00:00
NQ-TOP-005-3XL-GRY,HUB,130,0,0,1,72,144,2026-08-20T00:00:00
NQ-TOP-005-3XL-GRY,STORE-01,0,0,0,0,72,144,2026-08-20T00:00:00
NQ-TOP-005-3XL-GRY,STORE-02,4,0,0,0,72,144,2026-08-20T00:00:00
NQ-TOP-005-3XL-GRY,STORE-03,0,0,0,0,72,144,2026-08-20T00:00:00
NQ-TOP-005-3XL-GRY,STORE-04,3,0,0,0,72,144,2026-08-20T00:00:00
NQ-TOP-005-3XL-NVY,HUB,108,0,0,1,72,144,2026-08-20T00:00:00
NQ-TOP-005-3XL-NVY,STORE-01,0,0,0,0,72,144,2026-08-20T00:00:00
NQ-TOP-005-3XL-NVY,STORE-02,5,0,0,0,72,144,2026-08-20T00:00:00
NQ-TOP-005-3XL-NVY,STORE-03,0,0,0,0,72,144,2026-08-20T00:00:00
NQ-TOP-005-3XL-NVY,STORE-04,5,0,0,0,72,144,2026-08-20T00:00:00
NQ-TOP-005-4XL-BLK,HUB,196,0,0,0,72,144,2026-08-20T00:00:00
NQ-TOP-005-4XL-BLK,STORE-01,0,0,0,0,72,144,2026-08-20T00:00:00
NQ-TOP-005-4XL-BLK,STORE-02,4,0,0,0,72,144,2026-08-20T00:00:00
NQ-TOP-005-4XL-BLK,STORE-03,0,0,0,0,72,144,2026-08-20T00:00:00
NQ-TOP-005-4XL-BLK,STORE-04,5,0,0,0,72,144,2026-08-20T00:00:00
NQ-TOP-005-4XL-WHT,HUB,309,0,0,2,72,144,2026-08-20T00:00:00
NQ-TOP-005-4XL-WHT,STORE-01,0,0,0,0,72,144,2026-08-20T00:00:00
NQ-TOP-005-4XL-WHT,STORE-02,3,0,0,0,72,144,2026-08-20T00:00:00
NQ-TOP-005-4XL-WHT,STORE-03,0,0,0,0,72,144,2026-08-20T00:00:00
NQ-TOP-005-4XL-WHT,STORE-04,4,0,0,0,72,144,2026-08-20T00:00:00
NQ-TOP-005-4XL-GRY,HUB,302,0,0,0,72,144,2026-08-20T00:00:00
NQ-TOP-005-4XL-GRY,STORE-01,0,0,0,0,72,144,2026-08-20T00:00:00
NQ-TOP-005-4XL-GRY,STORE-02,5,0,0,0,72,144,2026-08-20T00:00:00
NQ-TOP-005-4XL-GRY,STORE-03,0,0,0,0,72,144,2026-08-20T00:00:00
NQ-TOP-005-4XL-GRY,STORE-04,3,0,0,0,72,144,2026-08-20T00:00:00
NQ-TOP-005-4XL-NVY,HUB,183,0,0,0,72,144,2026-08-20T00:00:00
NQ-TOP-005-4XL-NVY,STORE-01,0,0,0,0,72,144,2026-08-20T00:00:00
NQ-TOP-005-4XL-NVY,STORE-02,3,0,0,0,72,144,2026-08-20T00:00:00
NQ-TOP-005-4XL-NVY,STORE-03,0,0,0,0,72,144,2026-08-20T00:00:00
NQ-TOP-005-4XL-NVY,STORE-04,3,0,0,0,72,144,2026-08-20T00:00:00
NQ-PNT-001-XS-BLK,HUB,1663,0,0,7,613,1227,2026-08-20T00:00:00
NQ-PNT-001-XS-BLK,STORE-01,0,0,0,0,613,1227,2026-08-20T00:00:00
NQ-PNT-001-XS-BLK,STORE-02,14,0,0,0,613,1227,2026-08-20T00:00:00
NQ-PNT-001-XS-BLK,STORE-03,0,0,0,0,613,1227,2026-08-20T00:00:00
NQ-PNT-001-XS-BLK,STORE-04,18,0,0,0,613,1227,2026-08-20T00:00:00
NQ-PNT-001-XS-GRY,HUB,1654,0,0,11,613,1227,2026-08-20T00:00:00
NQ-PNT-001-XS-GRY,STORE-01,0,0,0,0,613,1227,2026-08-20T00:00:00
NQ-PNT-001-XS-GRY,STORE-02,8,0,0,0,613,1227,2026-08-20T00:00:00
NQ-PNT-001-XS-GRY,STORE-03,0,0,0,0,613,1227,2026-08-20T00:00:00
NQ-PNT-001-XS-GRY,STORE-04,16,0,0,0,613,1227,2026-08-20T00:00:00
NQ-PNT-001-XS-BEG,HUB,1654,0,0,4,613,1227,2026-08-20T00:00:00
NQ-PNT-001-XS-BEG,STORE-01,0,0,0,0,613,1227,2026-08-20T00:00:00
NQ-PNT-001-XS-BEG,STORE-02,10,0,0,0,613,1227,2026-08-20T00:00:00
NQ-PNT-001-XS-BEG,STORE-03,0,0,0,0,613,1227,2026-08-20T00:00:00
NQ-PNT-001-XS-BEG,STORE-04,13,0,0,0,613,1227,2026-08-20T00:00:00
NQ-PNT-001-XS-KHK,HUB,1596,0,0,9,613,1227,2026-08-20T00:00:00
NQ-PNT-001-XS-KHK,STORE-01,0,0,0,0,613,1227,2026-08-20T00:00:00
NQ-PNT-001-XS-KHK,STORE-02,14,0,0,0,613,1227,2026-08-20T00:00:00
NQ-PNT-001-XS-KHK,STORE-03,0,0,0,0,613,1227,2026-08-20T00:00:00
NQ-PNT-001-XS-KHK,STORE-04,16,0,0,0,613,1227,2026-08-20T00:00:00
NQ-PNT-001-XS-NVY,HUB,1736,0,0,7,613,1227,2026-08-20T00:00:00
NQ-PNT-001-XS-NVY,STORE-01,0,0,0,0,613,1227,2026-08-20T00:00:00
NQ-PNT-001-XS-NVY,STORE-02,11,0,0,0,613,1227,2026-08-20T00:00:00
NQ-PNT-001-XS-NVY,STORE-03,0,0,0,0,613,1227,2026-08-20T00:00:00
NQ-PNT-001-XS-NVY,STORE-04,16,0,0,0,613,1227,2026-08-20T00:00:00
NQ-PNT-001-S-BLK,HUB,1729,0,0,21,613,1227,2026-08-20T00:00:00
NQ-PNT-001-S-BLK,STORE-01,0,0,0,0,613,1227,2026-08-20T00:00:00
NQ-PNT-001-S-BLK,STORE-02,12,0,0,0,613,1227,2026-08-20T00:00:00
NQ-PNT-001-S-BLK,STORE-03,0,0,0,0,613,1227,2026-08-20T00:00:00
NQ-PNT-001-S-BLK,STORE-04,17,0,0,0,613,1227,2026-08-20T00:00:00
NQ-PNT-001-S-GRY,HUB,1704,0,0,34,613,1227,2026-08-20T00:00:00
NQ-PNT-001-S-GRY,STORE-01,0,0,0,0,613,1227,2026-08-20T00:00:00
NQ-PNT-001-S-GRY,STORE-02,12,0,0,0,613,1227,2026-08-20T00:00:00
NQ-PNT-001-S-GRY,STORE-03,0,0,0,0,613,1227,2026-08-20T00:00:00
NQ-PNT-001-S-GRY,STORE-04,10,0,0,0,613,1227,2026-08-20T00:00:00
NQ-PNT-001-S-BEG,HUB,1762,0,0,27,613,1227,2026-08-20T00:00:00
NQ-PNT-001-S-BEG,STORE-01,0,0,0,0,613,1227,2026-08-20T00:00:00
NQ-PNT-001-S-BEG,STORE-02,12,0,0,0,613,1227,2026-08-20T00:00:00
NQ-PNT-001-S-BEG,STORE-03,0,0,0,0,613,1227,2026-08-20T00:00:00
NQ-PNT-001-S-BEG,STORE-04,14,0,0,0,613,1227,2026-08-20T00:00:00
NQ-PNT-001-S-KHK,HUB,1878,0,0,22,613,1227,2026-08-20T00:00:00
NQ-PNT-001-S-KHK,STORE-01,0,0,0,0,613,1227,2026-08-20T00:00:00
NQ-PNT-001-S-KHK,STORE-02,9,0,0,0,613,1227,2026-08-20T00:00:00
NQ-PNT-001-S-KHK,STORE-03,0,0,0,0,613,1227,2026-08-20T00:00:00
NQ-PNT-001-S-KHK,STORE-04,18,0,0,0,613,1227,2026-08-20T00:00:00
NQ-PNT-001-S-NVY,HUB,2358,0,0,32,613,1227,2026-08-20T00:00:00
NQ-PNT-001-S-NVY,STORE-01,0,0,0,0,613,1227,2026-08-20T00:00:00
NQ-PNT-001-S-NVY,STORE-02,16,0,0,0,613,1227,2026-08-20T00:00:00
NQ-PNT-001-S-NVY,STORE-03,0,0,0,0,613,1227,2026-08-20T00:00:00
NQ-PNT-001-S-NVY,STORE-04,12,0,0,0,613,1227,2026-08-20T00:00:00
NQ-PNT-001-M-BLK,HUB,2159,0,0,32,613,1227,2026-08-20T00:00:00
NQ-PNT-001-M-BLK,STORE-01,0,0,0,0,613,1227,2026-08-20T00:00:00
NQ-PNT-001-M-BLK,STORE-02,2,0,0,0,613,1227,2026-08-20T00:00:00
NQ-PNT-001-M-BLK,STORE-03,0,0,0,0,613,1227,2026-08-20T00:00:00
NQ-PNT-001-M-BLK,STORE-04,0,0,0,0,613,1227,2026-08-20T00:00:00
NQ-PNT-001-M-GRY,HUB,2140,0,0,29,613,1227,2026-08-20T00:00:00
NQ-PNT-001-M-GRY,STORE-01,0,0,0,0,613,1227,2026-08-20T00:00:00
NQ-PNT-001-M-GRY,STORE-02,6,0,0,0,613,1227,2026-08-20T00:00:00
NQ-PNT-001-M-GRY,STORE-03,0,0,0,0,613,1227,2026-08-20T00:00:00
NQ-PNT-001-M-GRY,STORE-04,7,0,0,0,613,1227,2026-08-20T00:00:00
NQ-PNT-001-M-BEG,HUB,2035,0,0,26,613,1227,2026-08-20T00:00:00
NQ-PNT-001-M-BEG,STORE-01,0,0,0,0,613,1227,2026-08-20T00:00:00
NQ-PNT-001-M-BEG,STORE-02,10,0,0,0,613,1227,2026-08-20T00:00:00
NQ-PNT-001-M-BEG,STORE-03,0,0,0,0,613,1227,2026-08-20T00:00:00
NQ-PNT-001-M-BEG,STORE-04,3,0,0,0,613,1227,2026-08-20T00:00:00
NQ-PNT-001-M-KHK,HUB,1996,0,0,31,613,1227,2026-08-20T00:00:00
NQ-PNT-001-M-KHK,STORE-01,0,0,0,0,613,1227,2026-08-20T00:00:00
NQ-PNT-001-M-KHK,STORE-02,7,0,0,0,613,1227,2026-08-20T00:00:00
NQ-PNT-001-M-KHK,STORE-03,0,0,0,0,613,1227,2026-08-20T00:00:00
NQ-PNT-001-M-KHK,STORE-04,5,0,0,0,613,1227,2026-08-20T00:00:00
NQ-PNT-001-M-NVY,HUB,2074,0,0,24,613,1227,2026-08-20T00:00:00
NQ-PNT-001-M-NVY,STORE-01,0,0,0,0,613,1227,2026-08-20T00:00:00
NQ-PNT-001-M-NVY,STORE-02,0,0,0,0,613,1227,2026-08-20T00:00:00
NQ-PNT-001-M-NVY,STORE-03,0,0,0,0,613,1227,2026-08-20T00:00:00
NQ-PNT-001-M-NVY,STORE-04,4,0,0,0,613,1227,2026-08-20T00:00:00
NQ-PNT-001-L-BLK,HUB,1963,0,0,31,613,1227,2026-08-20T00:00:00
NQ-PNT-001-L-BLK,STORE-01,0,0,0,0,613,1227,2026-08-20T00:00:00
NQ-PNT-001-L-BLK,STORE-02,5,0,0,0,613,1227,2026-08-20T00:00:00
NQ-PNT-001-L-BLK,STORE-03,0,0,0,0,613,1227,2026-08-20T00:00:00
NQ-PNT-001-L-BLK,STORE-04,9,0,0,0,613,1227,2026-08-20T00:00:00
NQ-PNT-001-L-GRY,HUB,2055,0,0,40,613,1227,2026-08-20T00:00:00
NQ-PNT-001-L-GRY,STORE-01,0,0,0,0,613,1227,2026-08-20T00:00:00
NQ-PNT-001-L-GRY,STORE-02,0,0,0,0,613,1227,2026-08-20T00:00:00
NQ-PNT-001-L-GRY,STORE-03,0,0,0,0,613,1227,2026-08-20T00:00:00
NQ-PNT-001-L-GRY,STORE-04,8,0,0,0,613,1227,2026-08-20T00:00:00
NQ-PNT-001-L-BEG,HUB,1965,0,0,39,613,1227,2026-08-20T00:00:00
NQ-PNT-001-L-BEG,STORE-01,0,0,0,0,613,1227,2026-08-20T00:00:00
NQ-PNT-001-L-BEG,STORE-02,0,0,0,0,613,1227,2026-08-20T00:00:00
NQ-PNT-001-L-BEG,STORE-03,0,0,0,0,613,1227,2026-08-20T00:00:00
NQ-PNT-001-L-BEG,STORE-04,0,0,0,0,613,1227,2026-08-20T00:00:00
NQ-PNT-001-L-KHK,HUB,2033,0,0,37,613,1227,2026-08-20T00:00:00
NQ-PNT-001-L-KHK,STORE-01,0,0,0,0,613,1227,2026-08-20T00:00:00
NQ-PNT-001-L-KHK,STORE-02,8,0,0,0,613,1227,2026-08-20T00:00:00
NQ-PNT-001-L-KHK,STORE-03,0,0,0,0,613,1227,2026-08-20T00:00:00
NQ-PNT-001-L-KHK,STORE-04,8,0,0,0,613,1227,2026-08-20T00:00:00
NQ-PNT-001-L-NVY,HUB,2025,0,0,30,613,1227,2026-08-20T00:00:00
NQ-PNT-001-L-NVY,STORE-01,0,0,0,0,613,1227,2026-08-20T00:00:00
NQ-PNT-001-L-NVY,STORE-02,2,0,0,0,613,1227,2026-08-20T00:00:00
NQ-PNT-001-L-NVY,STORE-03,0,0,0,0,613,1227,2026-08-20T00:00:00
NQ-PNT-001-L-NVY,STORE-04,2,0,0,0,613,1227,2026-08-20T00:00:00
NQ-PNT-001-XL-BLK,HUB,1918,0,0,30,613,1227,2026-08-20T00:00:00
NQ-PNT-001-XL-BLK,STORE-01,0,0,0,0,613,1227,2026-08-20T00:00:00
NQ-PNT-001-XL-BLK,STORE-02,13,0,0,0,613,1227,2026-08-20T00:00:00
NQ-PNT-001-XL-BLK,STORE-03,0,0,0,0,613,1227,2026-08-20T00:00:00
NQ-PNT-001-XL-BLK,STORE-04,13,0,0,0,613,1227,2026-08-20T00:00:00
NQ-PNT-001-XL-GRY,HUB,2122,0,0,29,613,1227,2026-08-20T00:00:00
NQ-PNT-001-XL-GRY,STORE-01,0,0,0,0,613,1227,2026-08-20T00:00:00
NQ-PNT-001-XL-GRY,STORE-02,17,0,0,0,613,1227,2026-08-20T00:00:00
NQ-PNT-001-XL-GRY,STORE-03,0,0,0,0,613,1227,2026-08-20T00:00:00
NQ-PNT-001-XL-GRY,STORE-04,7,0,0,0,613,1227,2026-08-20T00:00:00
NQ-PNT-001-XL-BEG,HUB,2775,0,0,25,613,1227,2026-08-20T00:00:00
NQ-PNT-001-XL-BEG,STORE-01,0,0,0,0,613,1227,2026-08-20T00:00:00
NQ-PNT-001-XL-BEG,STORE-02,17,0,0,0,613,1227,2026-08-20T00:00:00
NQ-PNT-001-XL-BEG,STORE-03,0,0,0,0,613,1227,2026-08-20T00:00:00
NQ-PNT-001-XL-BEG,STORE-04,13,0,0,0,613,1227,2026-08-20T00:00:00
NQ-PNT-001-XL-KHK,HUB,1778,0,0,27,613,1227,2026-08-20T00:00:00
NQ-PNT-001-XL-KHK,STORE-01,0,0,0,0,613,1227,2026-08-20T00:00:00
NQ-PNT-001-XL-KHK,STORE-02,12,0,0,0,613,1227,2026-08-20T00:00:00
NQ-PNT-001-XL-KHK,STORE-03,0,0,0,0,613,1227,2026-08-20T00:00:00
NQ-PNT-001-XL-KHK,STORE-04,17,0,0,0,613,1227,2026-08-20T00:00:00
NQ-PNT-001-XL-NVY,HUB,1873,0,0,23,613,1227,2026-08-20T00:00:00
NQ-PNT-001-XL-NVY,STORE-01,0,0,0,0,613,1227,2026-08-20T00:00:00
NQ-PNT-001-XL-NVY,STORE-02,18,0,0,0,613,1227,2026-08-20T00:00:00
NQ-PNT-001-XL-NVY,STORE-03,0,0,0,0,613,1227,2026-08-20T00:00:00
NQ-PNT-001-XL-NVY,STORE-04,8,0,0,0,613,1227,2026-08-20T00:00:00
NQ-PNT-001-2XL-BLK,HUB,1341,0,0,20,613,1227,2026-08-20T00:00:00
NQ-PNT-001-2XL-BLK,STORE-01,0,0,0,0,613,1227,2026-08-20T00:00:00
NQ-PNT-001-2XL-BLK,STORE-02,16,0,0,0,613,1227,2026-08-20T00:00:00
NQ-PNT-001-2XL-BLK,STORE-03,0,0,0,0,613,1227,2026-08-20T00:00:00
NQ-PNT-001-2XL-BLK,STORE-04,10,0,0,0,613,1227,2026-08-20T00:00:00
NQ-PNT-001-2XL-GRY,HUB,2616,0,0,10,613,1227,2026-08-20T00:00:00
NQ-PNT-001-2XL-GRY,STORE-01,0,0,0,0,613,1227,2026-08-20T00:00:00
NQ-PNT-001-2XL-GRY,STORE-02,17,0,0,0,613,1227,2026-08-20T00:00:00
NQ-PNT-001-2XL-GRY,STORE-03,0,0,0,0,613,1227,2026-08-20T00:00:00
NQ-PNT-001-2XL-GRY,STORE-04,15,0,0,0,613,1227,2026-08-20T00:00:00
NQ-PNT-001-2XL-BEG,HUB,2728,0,0,20,613,1227,2026-08-20T00:00:00
NQ-PNT-001-2XL-BEG,STORE-01,0,0,0,0,613,1227,2026-08-20T00:00:00
NQ-PNT-001-2XL-BEG,STORE-02,17,0,0,0,613,1227,2026-08-20T00:00:00
NQ-PNT-001-2XL-BEG,STORE-03,0,0,0,0,613,1227,2026-08-20T00:00:00
NQ-PNT-001-2XL-BEG,STORE-04,9,0,0,0,613,1227,2026-08-20T00:00:00
NQ-PNT-001-2XL-KHK,HUB,2671,0,0,16,613,1227,2026-08-20T00:00:00
NQ-PNT-001-2XL-KHK,STORE-01,0,0,0,0,613,1227,2026-08-20T00:00:00
NQ-PNT-001-2XL-KHK,STORE-02,11,0,0,0,613,1227,2026-08-20T00:00:00
NQ-PNT-001-2XL-KHK,STORE-03,0,0,0,0,613,1227,2026-08-20T00:00:00
NQ-PNT-001-2XL-KHK,STORE-04,18,0,0,0,613,1227,2026-08-20T00:00:00
NQ-PNT-001-2XL-NVY,HUB,2659,0,0,11,613,1227,2026-08-20T00:00:00
NQ-PNT-001-2XL-NVY,STORE-01,0,0,0,0,613,1227,2026-08-20T00:00:00
NQ-PNT-001-2XL-NVY,STORE-02,15,0,0,0,613,1227,2026-08-20T00:00:00
NQ-PNT-001-2XL-NVY,STORE-03,0,0,0,0,613,1227,2026-08-20T00:00:00
NQ-PNT-001-2XL-NVY,STORE-04,9,0,0,0,613,1227,2026-08-20T00:00:00
NQ-PNT-001-3XL-BLK,HUB,2733,0,0,9,613,1227,2026-08-20T00:00:00
NQ-PNT-001-3XL-BLK,STORE-01,0,0,0,0,613,1227,2026-08-20T00:00:00
NQ-PNT-001-3XL-BLK,STORE-02,9,0,0,0,613,1227,2026-08-20T00:00:00
NQ-PNT-001-3XL-BLK,STORE-03,0,0,0,0,613,1227,2026-08-20T00:00:00
NQ-PNT-001-3XL-BLK,STORE-04,12,0,0,0,613,1227,2026-08-20T00:00:00
NQ-PNT-001-3XL-GRY,HUB,2715,0,0,13,613,1227,2026-08-20T00:00:00
NQ-PNT-001-3XL-GRY,STORE-01,0,0,0,0,613,1227,2026-08-20T00:00:00
NQ-PNT-001-3XL-GRY,STORE-02,15,0,0,0,613,1227,2026-08-20T00:00:00
NQ-PNT-001-3XL-GRY,STORE-03,0,0,0,0,613,1227,2026-08-20T00:00:00
NQ-PNT-001-3XL-GRY,STORE-04,8,0,0,0,613,1227,2026-08-20T00:00:00
NQ-PNT-001-3XL-BEG,HUB,2680,0,0,11,613,1227,2026-08-20T00:00:00
NQ-PNT-001-3XL-BEG,STORE-01,0,0,0,0,613,1227,2026-08-20T00:00:00
NQ-PNT-001-3XL-BEG,STORE-02,14,0,0,0,613,1227,2026-08-20T00:00:00
NQ-PNT-001-3XL-BEG,STORE-03,0,0,0,0,613,1227,2026-08-20T00:00:00
NQ-PNT-001-3XL-BEG,STORE-04,17,0,0,0,613,1227,2026-08-20T00:00:00
NQ-PNT-001-3XL-KHK,HUB,2640,0,0,9,613,1227,2026-08-20T00:00:00
NQ-PNT-001-3XL-KHK,STORE-01,0,0,0,0,613,1227,2026-08-20T00:00:00
NQ-PNT-001-3XL-KHK,STORE-02,17,0,0,0,613,1227,2026-08-20T00:00:00
NQ-PNT-001-3XL-KHK,STORE-03,0,0,0,0,613,1227,2026-08-20T00:00:00
NQ-PNT-001-3XL-KHK,STORE-04,14,0,0,0,613,1227,2026-08-20T00:00:00
NQ-PNT-001-3XL-NVY,HUB,2677,0,0,10,613,1227,2026-08-20T00:00:00
NQ-PNT-001-3XL-NVY,STORE-01,0,0,0,0,613,1227,2026-08-20T00:00:00
NQ-PNT-001-3XL-NVY,STORE-02,16,0,0,0,613,1227,2026-08-20T00:00:00
NQ-PNT-001-3XL-NVY,STORE-03,0,0,0,0,613,1227,2026-08-20T00:00:00
NQ-PNT-001-3XL-NVY,STORE-04,10,0,0,0,613,1227,2026-08-20T00:00:00
NQ-PNT-001-4XL-BLK,HUB,2431,0,0,1,613,1227,2026-08-20T00:00:00
NQ-PNT-001-4XL-BLK,STORE-01,0,0,0,0,613,1227,2026-08-20T00:00:00
NQ-PNT-001-4XL-BLK,STORE-02,16,0,0,0,613,1227,2026-08-20T00:00:00
NQ-PNT-001-4XL-BLK,STORE-03,0,0,0,0,613,1227,2026-08-20T00:00:00
NQ-PNT-001-4XL-BLK,STORE-04,10,0,0,0,613,1227,2026-08-20T00:00:00
NQ-PNT-001-4XL-GRY,HUB,2427,0,0,5,613,1227,2026-08-20T00:00:00
NQ-PNT-001-4XL-GRY,STORE-01,0,0,0,0,613,1227,2026-08-20T00:00:00
NQ-PNT-001-4XL-GRY,STORE-02,11,0,0,0,613,1227,2026-08-20T00:00:00
NQ-PNT-001-4XL-GRY,STORE-03,0,0,0,0,613,1227,2026-08-20T00:00:00
NQ-PNT-001-4XL-GRY,STORE-04,8,0,0,0,613,1227,2026-08-20T00:00:00
NQ-PNT-001-4XL-BEG,HUB,2374,0,0,6,613,1227,2026-08-20T00:00:00
NQ-PNT-001-4XL-BEG,STORE-01,0,0,0,0,613,1227,2026-08-20T00:00:00
NQ-PNT-001-4XL-BEG,STORE-02,16,0,0,0,613,1227,2026-08-20T00:00:00
NQ-PNT-001-4XL-BEG,STORE-03,0,0,0,0,613,1227,2026-08-20T00:00:00
NQ-PNT-001-4XL-BEG,STORE-04,9,0,0,0,613,1227,2026-08-20T00:00:00
NQ-PNT-001-4XL-KHK,HUB,2429,0,0,5,613,1227,2026-08-20T00:00:00
NQ-PNT-001-4XL-KHK,STORE-01,0,0,0,0,613,1227,2026-08-20T00:00:00
NQ-PNT-001-4XL-KHK,STORE-02,13,0,0,0,613,1227,2026-08-20T00:00:00
NQ-PNT-001-4XL-KHK,STORE-03,0,0,0,0,613,1227,2026-08-20T00:00:00
NQ-PNT-001-4XL-KHK,STORE-04,12,0,0,0,613,1227,2026-08-20T00:00:00
NQ-PNT-001-4XL-NVY,HUB,1658,0,0,4,613,1227,2026-08-20T00:00:00
NQ-PNT-001-4XL-NVY,STORE-01,0,0,0,0,613,1227,2026-08-20T00:00:00
NQ-PNT-001-4XL-NVY,STORE-02,10,0,0,0,613,1227,2026-08-20T00:00:00
NQ-PNT-001-4XL-NVY,STORE-03,0,0,0,0,613,1227,2026-08-20T00:00:00
NQ-PNT-001-4XL-NVY,STORE-04,13,0,0,0,613,1227,2026-08-20T00:00:00
NQ-PNT-002-XS-BLK,HUB,549,0,0,1,204,409,2026-08-20T00:00:00
NQ-PNT-002-XS-BLK,STORE-01,0,0,0,0,204,409,2026-08-20T00:00:00
NQ-PNT-002-XS-BLK,STORE-02,4,0,0,0,204,409,2026-08-20T00:00:00
NQ-PNT-002-XS-BLK,STORE-03,0,0,0,0,204,409,2026-08-20T00:00:00
NQ-PNT-002-XS-BLK,STORE-04,5,0,0,0,204,409,2026-08-20T00:00:00
NQ-PNT-002-XS-GRY,HUB,549,0,0,1,204,409,2026-08-20T00:00:00
NQ-PNT-002-XS-GRY,STORE-01,0,0,0,0,204,409,2026-08-20T00:00:00
NQ-PNT-002-XS-GRY,STORE-02,5,0,0,0,204,409,2026-08-20T00:00:00
NQ-PNT-002-XS-GRY,STORE-03,0,0,0,0,204,409,2026-08-20T00:00:00
NQ-PNT-002-XS-GRY,STORE-04,3,0,0,0,204,409,2026-08-20T00:00:00
NQ-PNT-002-XS-BEG,HUB,501,0,0,3,204,409,2026-08-20T00:00:00
NQ-PNT-002-XS-BEG,STORE-01,0,0,0,0,204,409,2026-08-20T00:00:00
NQ-PNT-002-XS-BEG,STORE-02,5,0,0,0,204,409,2026-08-20T00:00:00
NQ-PNT-002-XS-BEG,STORE-03,0,0,0,0,204,409,2026-08-20T00:00:00
NQ-PNT-002-XS-BEG,STORE-04,6,0,0,0,204,409,2026-08-20T00:00:00
NQ-PNT-002-S-BLK,HUB,861,0,0,4,204,409,2026-08-20T00:00:00
NQ-PNT-002-S-BLK,STORE-01,0,0,0,0,204,409,2026-08-20T00:00:00
NQ-PNT-002-S-BLK,STORE-02,5,0,0,0,204,409,2026-08-20T00:00:00
NQ-PNT-002-S-BLK,STORE-03,0,0,0,0,204,409,2026-08-20T00:00:00
NQ-PNT-002-S-BLK,STORE-04,5,0,0,0,204,409,2026-08-20T00:00:00
NQ-PNT-002-S-GRY,HUB,642,0,0,6,204,409,2026-08-20T00:00:00
NQ-PNT-002-S-GRY,STORE-01,0,0,0,0,204,409,2026-08-20T00:00:00
NQ-PNT-002-S-GRY,STORE-02,5,0,0,0,204,409,2026-08-20T00:00:00
NQ-PNT-002-S-GRY,STORE-03,0,0,0,0,204,409,2026-08-20T00:00:00
NQ-PNT-002-S-GRY,STORE-04,3,0,0,0,204,409,2026-08-20T00:00:00
NQ-PNT-002-S-BEG,HUB,945,0,0,7,204,409,2026-08-20T00:00:00
NQ-PNT-002-S-BEG,STORE-01,0,0,0,0,204,409,2026-08-20T00:00:00
NQ-PNT-002-S-BEG,STORE-02,5,0,0,0,204,409,2026-08-20T00:00:00
NQ-PNT-002-S-BEG,STORE-03,0,0,0,0,204,409,2026-08-20T00:00:00
NQ-PNT-002-S-BEG,STORE-04,6,0,0,0,204,409,2026-08-20T00:00:00
NQ-PNT-002-M-BLK,HUB,642,0,0,15,204,409,2026-08-20T00:00:00
NQ-PNT-002-M-BLK,STORE-01,0,0,0,0,204,409,2026-08-20T00:00:00
NQ-PNT-002-M-BLK,STORE-02,2,0,0,0,204,409,2026-08-20T00:00:00
NQ-PNT-002-M-BLK,STORE-03,0,0,0,0,204,409,2026-08-20T00:00:00
NQ-PNT-002-M-BLK,STORE-04,4,0,0,0,204,409,2026-08-20T00:00:00
NQ-PNT-002-M-GRY,HUB,616,0,0,16,204,409,2026-08-20T00:00:00
NQ-PNT-002-M-GRY,STORE-01,0,0,0,0,204,409,2026-08-20T00:00:00
NQ-PNT-002-M-GRY,STORE-02,3,0,0,0,204,409,2026-08-20T00:00:00
NQ-PNT-002-M-GRY,STORE-03,0,0,0,0,204,409,2026-08-20T00:00:00
NQ-PNT-002-M-GRY,STORE-04,2,0,0,0,204,409,2026-08-20T00:00:00
NQ-PNT-002-M-BEG,HUB,702,0,0,14,204,409,2026-08-20T00:00:00
NQ-PNT-002-M-BEG,STORE-01,0,0,0,0,204,409,2026-08-20T00:00:00
NQ-PNT-002-M-BEG,STORE-02,1,0,0,0,204,409,2026-08-20T00:00:00
NQ-PNT-002-M-BEG,STORE-03,0,0,0,0,204,409,2026-08-20T00:00:00
NQ-PNT-002-M-BEG,STORE-04,0,0,0,0,204,409,2026-08-20T00:00:00
NQ-PNT-002-L-BLK,HUB,606,0,0,10,204,409,2026-08-20T00:00:00
NQ-PNT-002-L-BLK,STORE-01,0,0,0,0,204,409,2026-08-20T00:00:00
NQ-PNT-002-L-BLK,STORE-02,2,0,0,0,204,409,2026-08-20T00:00:00
NQ-PNT-002-L-BLK,STORE-03,0,0,0,0,204,409,2026-08-20T00:00:00
NQ-PNT-002-L-BLK,STORE-04,4,0,0,0,204,409,2026-08-20T00:00:00
NQ-PNT-002-L-GRY,HUB,656,0,0,11,204,409,2026-08-20T00:00:00
NQ-PNT-002-L-GRY,STORE-01,0,0,0,0,204,409,2026-08-20T00:00:00
NQ-PNT-002-L-GRY,STORE-02,1,0,0,0,204,409,2026-08-20T00:00:00
NQ-PNT-002-L-GRY,STORE-03,0,0,0,0,204,409,2026-08-20T00:00:00
NQ-PNT-002-L-GRY,STORE-04,1,0,0,0,204,409,2026-08-20T00:00:00
NQ-PNT-002-L-BEG,HUB,650,0,0,13,204,409,2026-08-20T00:00:00
NQ-PNT-002-L-BEG,STORE-01,0,0,0,0,204,409,2026-08-20T00:00:00
NQ-PNT-002-L-BEG,STORE-02,3,0,0,0,204,409,2026-08-20T00:00:00
NQ-PNT-002-L-BEG,STORE-03,0,0,0,0,204,409,2026-08-20T00:00:00
NQ-PNT-002-L-BEG,STORE-04,1,0,0,0,204,409,2026-08-20T00:00:00
NQ-PNT-002-XL-BLK,HUB,751,0,0,6,204,409,2026-08-20T00:00:00
NQ-PNT-002-XL-BLK,STORE-01,0,0,0,0,204,409,2026-08-20T00:00:00
NQ-PNT-002-XL-BLK,STORE-02,4,0,0,0,204,409,2026-08-20T00:00:00
NQ-PNT-002-XL-BLK,STORE-03,0,0,0,0,204,409,2026-08-20T00:00:00
NQ-PNT-002-XL-BLK,STORE-04,5,0,0,0,204,409,2026-08-20T00:00:00
NQ-PNT-002-XL-GRY,HUB,548,0,0,10,204,409,2026-08-20T00:00:00
NQ-PNT-002-XL-GRY,STORE-01,0,0,0,0,204,409,2026-08-20T00:00:00
NQ-PNT-002-XL-GRY,STORE-02,3,0,0,0,204,409,2026-08-20T00:00:00
NQ-PNT-002-XL-GRY,STORE-03,0,0,0,0,204,409,2026-08-20T00:00:00
NQ-PNT-002-XL-GRY,STORE-04,6,0,0,0,204,409,2026-08-20T00:00:00
NQ-PNT-002-XL-BEG,HUB,617,0,0,14,204,409,2026-08-20T00:00:00
NQ-PNT-002-XL-BEG,STORE-01,0,0,0,0,204,409,2026-08-20T00:00:00
NQ-PNT-002-XL-BEG,STORE-02,5,0,0,0,204,409,2026-08-20T00:00:00
NQ-PNT-002-XL-BEG,STORE-03,0,0,0,0,204,409,2026-08-20T00:00:00
NQ-PNT-002-XL-BEG,STORE-04,4,0,0,0,204,409,2026-08-20T00:00:00
NQ-PNT-002-2XL-BLK,HUB,451,0,0,10,204,409,2026-08-20T00:00:00
NQ-PNT-002-2XL-BLK,STORE-01,0,0,0,0,204,409,2026-08-20T00:00:00
NQ-PNT-002-2XL-BLK,STORE-02,5,0,0,0,204,409,2026-08-20T00:00:00
NQ-PNT-002-2XL-BLK,STORE-03,0,0,0,0,204,409,2026-08-20T00:00:00
NQ-PNT-002-2XL-BLK,STORE-04,4,0,0,0,204,409,2026-08-20T00:00:00
NQ-PNT-002-2XL-GRY,HUB,855,0,0,10,204,409,2026-08-20T00:00:00
NQ-PNT-002-2XL-GRY,STORE-01,0,0,0,0,204,409,2026-08-20T00:00:00
NQ-PNT-002-2XL-GRY,STORE-02,4,0,0,0,204,409,2026-08-20T00:00:00
NQ-PNT-002-2XL-GRY,STORE-03,0,0,0,0,204,409,2026-08-20T00:00:00
NQ-PNT-002-2XL-GRY,STORE-04,5,0,0,0,204,409,2026-08-20T00:00:00
NQ-PNT-002-2XL-BEG,HUB,743,0,0,5,204,409,2026-08-20T00:00:00
NQ-PNT-002-2XL-BEG,STORE-01,0,0,0,0,204,409,2026-08-20T00:00:00
NQ-PNT-002-2XL-BEG,STORE-02,2,0,0,0,204,409,2026-08-20T00:00:00
NQ-PNT-002-2XL-BEG,STORE-03,0,0,0,0,204,409,2026-08-20T00:00:00
NQ-PNT-002-2XL-BEG,STORE-04,6,0,0,0,204,409,2026-08-20T00:00:00
NQ-PNT-002-3XL-BLK,HUB,775,0,0,5,204,409,2026-08-20T00:00:00
NQ-PNT-002-3XL-BLK,STORE-01,0,0,0,0,204,409,2026-08-20T00:00:00
NQ-PNT-002-3XL-BLK,STORE-02,5,0,0,0,204,409,2026-08-20T00:00:00
NQ-PNT-002-3XL-BLK,STORE-03,0,0,0,0,204,409,2026-08-20T00:00:00
NQ-PNT-002-3XL-BLK,STORE-04,4,0,0,0,204,409,2026-08-20T00:00:00
NQ-PNT-002-3XL-GRY,HUB,797,0,0,1,204,409,2026-08-20T00:00:00
NQ-PNT-002-3XL-GRY,STORE-01,0,0,0,0,204,409,2026-08-20T00:00:00
NQ-PNT-002-3XL-GRY,STORE-02,6,0,0,0,204,409,2026-08-20T00:00:00
NQ-PNT-002-3XL-GRY,STORE-03,0,0,0,0,204,409,2026-08-20T00:00:00
NQ-PNT-002-3XL-GRY,STORE-04,3,0,0,0,204,409,2026-08-20T00:00:00
NQ-PNT-002-3XL-BEG,HUB,878,0,0,3,204,409,2026-08-20T00:00:00
NQ-PNT-002-3XL-BEG,STORE-01,0,0,0,0,204,409,2026-08-20T00:00:00
NQ-PNT-002-3XL-BEG,STORE-02,4,0,0,0,204,409,2026-08-20T00:00:00
NQ-PNT-002-3XL-BEG,STORE-03,0,0,0,0,204,409,2026-08-20T00:00:00
NQ-PNT-002-3XL-BEG,STORE-04,3,0,0,0,204,409,2026-08-20T00:00:00
NQ-PNT-002-4XL-BLK,HUB,786,0,0,5,204,409,2026-08-20T00:00:00
NQ-PNT-002-4XL-BLK,STORE-01,0,0,0,0,204,409,2026-08-20T00:00:00
NQ-PNT-002-4XL-BLK,STORE-02,6,0,0,0,204,409,2026-08-20T00:00:00
NQ-PNT-002-4XL-BLK,STORE-03,0,0,0,0,204,409,2026-08-20T00:00:00
NQ-PNT-002-4XL-BLK,STORE-04,3,0,0,0,204,409,2026-08-20T00:00:00
NQ-PNT-002-4XL-GRY,HUB,537,0,0,1,204,409,2026-08-20T00:00:00
NQ-PNT-002-4XL-GRY,STORE-01,0,0,0,0,204,409,2026-08-20T00:00:00
NQ-PNT-002-4XL-GRY,STORE-02,6,0,0,0,204,409,2026-08-20T00:00:00
NQ-PNT-002-4XL-GRY,STORE-03,0,0,0,0,204,409,2026-08-20T00:00:00
NQ-PNT-002-4XL-GRY,STORE-04,3,0,0,0,204,409,2026-08-20T00:00:00
NQ-PNT-002-4XL-BEG,HUB,693,0,0,3,204,409,2026-08-20T00:00:00
NQ-PNT-002-4XL-BEG,STORE-01,0,0,0,0,204,409,2026-08-20T00:00:00
NQ-PNT-002-4XL-BEG,STORE-02,4,0,0,0,204,409,2026-08-20T00:00:00
NQ-PNT-002-4XL-BEG,STORE-03,0,0,0,0,204,409,2026-08-20T00:00:00
NQ-PNT-002-4XL-BEG,STORE-04,5,0,0,0,204,409,2026-08-20T00:00:00
NQ-PNT-003-XS-BLK,HUB,442,0,0,1,204,409,2026-08-20T00:00:00
NQ-PNT-003-XS-BLK,STORE-01,0,0,0,0,204,409,2026-08-20T00:00:00
NQ-PNT-003-XS-BLK,STORE-02,5,0,0,0,204,409,2026-08-20T00:00:00
NQ-PNT-003-XS-BLK,STORE-03,0,0,0,0,204,409,2026-08-20T00:00:00
NQ-PNT-003-XS-BLK,STORE-04,3,0,0,0,204,409,2026-08-20T00:00:00
NQ-PNT-003-XS-GRY,HUB,518,0,0,1,204,409,2026-08-20T00:00:00
NQ-PNT-003-XS-GRY,STORE-01,0,0,0,0,204,409,2026-08-20T00:00:00
NQ-PNT-003-XS-GRY,STORE-02,6,0,0,0,204,409,2026-08-20T00:00:00
NQ-PNT-003-XS-GRY,STORE-03,0,0,0,0,204,409,2026-08-20T00:00:00
NQ-PNT-003-XS-GRY,STORE-04,6,0,0,0,204,409,2026-08-20T00:00:00
NQ-PNT-003-XS-BEG,HUB,502,0,0,1,204,409,2026-08-20T00:00:00
NQ-PNT-003-XS-BEG,STORE-01,0,0,0,0,204,409,2026-08-20T00:00:00
NQ-PNT-003-XS-BEG,STORE-02,4,0,0,0,204,409,2026-08-20T00:00:00
NQ-PNT-003-XS-BEG,STORE-03,0,0,0,0,204,409,2026-08-20T00:00:00
NQ-PNT-003-XS-BEG,STORE-04,4,0,0,0,204,409,2026-08-20T00:00:00
NQ-PNT-003-S-BLK,HUB,510,0,0,9,204,409,2026-08-20T00:00:00
NQ-PNT-003-S-BLK,STORE-01,0,0,0,0,204,409,2026-08-20T00:00:00
NQ-PNT-003-S-BLK,STORE-02,6,0,0,0,204,409,2026-08-20T00:00:00
NQ-PNT-003-S-BLK,STORE-03,0,0,0,0,204,409,2026-08-20T00:00:00
NQ-PNT-003-S-BLK,STORE-04,6,0,0,0,204,409,2026-08-20T00:00:00
NQ-PNT-003-S-GRY,HUB,655,0,0,4,204,409,2026-08-20T00:00:00
NQ-PNT-003-S-GRY,STORE-01,0,0,0,0,204,409,2026-08-20T00:00:00
NQ-PNT-003-S-GRY,STORE-02,3,0,0,0,204,409,2026-08-20T00:00:00
NQ-PNT-003-S-GRY,STORE-03,0,0,0,0,204,409,2026-08-20T00:00:00
NQ-PNT-003-S-GRY,STORE-04,3,0,0,0,204,409,2026-08-20T00:00:00
NQ-PNT-003-S-BEG,HUB,760,0,0,4,204,409,2026-08-20T00:00:00
NQ-PNT-003-S-BEG,STORE-01,0,0,0,0,204,409,2026-08-20T00:00:00
NQ-PNT-003-S-BEG,STORE-02,6,0,0,0,204,409,2026-08-20T00:00:00
NQ-PNT-003-S-BEG,STORE-03,0,0,0,0,204,409,2026-08-20T00:00:00
NQ-PNT-003-S-BEG,STORE-04,4,0,0,0,204,409,2026-08-20T00:00:00
NQ-PNT-003-M-BLK,HUB,620,0,0,21,204,409,2026-08-20T00:00:00
NQ-PNT-003-M-BLK,STORE-01,0,0,0,0,204,409,2026-08-20T00:00:00
NQ-PNT-003-M-BLK,STORE-02,4,0,0,0,204,409,2026-08-20T00:00:00
NQ-PNT-003-M-BLK,STORE-03,0,0,0,0,204,409,2026-08-20T00:00:00
NQ-PNT-003-M-BLK,STORE-04,3,0,0,0,204,409,2026-08-20T00:00:00
NQ-PNT-003-M-GRY,HUB,639,0,0,10,204,409,2026-08-20T00:00:00
NQ-PNT-003-M-GRY,STORE-01,0,0,0,0,204,409,2026-08-20T00:00:00
NQ-PNT-003-M-GRY,STORE-02,5,0,0,0,204,409,2026-08-20T00:00:00
NQ-PNT-003-M-GRY,STORE-03,0,0,0,0,204,409,2026-08-20T00:00:00
NQ-PNT-003-M-GRY,STORE-04,3,0,0,0,204,409,2026-08-20T00:00:00
NQ-PNT-003-M-BEG,HUB,635,0,0,14,204,409,2026-08-20T00:00:00
NQ-PNT-003-M-BEG,STORE-01,0,0,0,0,204,409,2026-08-20T00:00:00
NQ-PNT-003-M-BEG,STORE-02,0,0,0,0,204,409,2026-08-20T00:00:00
NQ-PNT-003-M-BEG,STORE-03,0,0,0,0,204,409,2026-08-20T00:00:00
NQ-PNT-003-M-BEG,STORE-04,5,0,0,0,204,409,2026-08-20T00:00:00
NQ-PNT-003-L-BLK,HUB,633,0,0,6,204,409,2026-08-20T00:00:00
NQ-PNT-003-L-BLK,STORE-01,0,0,0,0,204,409,2026-08-20T00:00:00
NQ-PNT-003-L-BLK,STORE-02,1,0,0,0,204,409,2026-08-20T00:00:00
NQ-PNT-003-L-BLK,STORE-03,0,0,0,0,204,409,2026-08-20T00:00:00
NQ-PNT-003-L-BLK,STORE-04,2,0,0,0,204,409,2026-08-20T00:00:00
NQ-PNT-003-L-GRY,HUB,632,0,0,17,204,409,2026-08-20T00:00:00
NQ-PNT-003-L-GRY,STORE-01,0,0,0,0,204,409,2026-08-20T00:00:00
NQ-PNT-003-L-GRY,STORE-02,0,0,0,0,204,409,2026-08-20T00:00:00
NQ-PNT-003-L-GRY,STORE-03,0,0,0,0,204,409,2026-08-20T00:00:00
NQ-PNT-003-L-GRY,STORE-04,4,0,0,0,204,409,2026-08-20T00:00:00
NQ-PNT-003-L-BEG,HUB,510,0,0,6,204,409,2026-08-20T00:00:00
NQ-PNT-003-L-BEG,STORE-01,0,0,0,0,204,409,2026-08-20T00:00:00
NQ-PNT-003-L-BEG,STORE-02,3,0,0,0,204,409,2026-08-20T00:00:00
NQ-PNT-003-L-BEG,STORE-03,0,0,0,0,204,409,2026-08-20T00:00:00
NQ-PNT-003-L-BEG,STORE-04,1,0,0,0,204,409,2026-08-20T00:00:00
NQ-PNT-003-XL-BLK,HUB,919,0,0,4,204,409,2026-08-20T00:00:00
NQ-PNT-003-XL-BLK,STORE-01,0,0,0,0,204,409,2026-08-20T00:00:00
NQ-PNT-003-XL-BLK,STORE-02,5,0,0,0,204,409,2026-08-20T00:00:00
NQ-PNT-003-XL-BLK,STORE-03,0,0,0,0,204,409,2026-08-20T00:00:00
NQ-PNT-003-XL-BLK,STORE-04,4,0,0,0,204,409,2026-08-20T00:00:00
NQ-PNT-003-XL-GRY,HUB,524,0,0,6,204,409,2026-08-20T00:00:00
NQ-PNT-003-XL-GRY,STORE-01,0,0,0,0,204,409,2026-08-20T00:00:00
NQ-PNT-003-XL-GRY,STORE-02,1,0,0,0,204,409,2026-08-20T00:00:00
NQ-PNT-003-XL-GRY,STORE-03,0,0,0,0,204,409,2026-08-20T00:00:00
NQ-PNT-003-XL-GRY,STORE-04,3,0,0,0,204,409,2026-08-20T00:00:00
NQ-PNT-003-XL-BEG,HUB,878,0,0,12,204,409,2026-08-20T00:00:00
NQ-PNT-003-XL-BEG,STORE-01,0,0,0,0,204,409,2026-08-20T00:00:00
NQ-PNT-003-XL-BEG,STORE-02,4,0,0,0,204,409,2026-08-20T00:00:00
NQ-PNT-003-XL-BEG,STORE-03,0,0,0,0,204,409,2026-08-20T00:00:00
NQ-PNT-003-XL-BEG,STORE-04,5,0,0,0,204,409,2026-08-20T00:00:00
NQ-PNT-003-2XL-BLK,HUB,744,0,0,5,204,409,2026-08-20T00:00:00
NQ-PNT-003-2XL-BLK,STORE-01,0,0,0,0,204,409,2026-08-20T00:00:00
NQ-PNT-003-2XL-BLK,STORE-02,6,0,0,0,204,409,2026-08-20T00:00:00
NQ-PNT-003-2XL-BLK,STORE-03,0,0,0,0,204,409,2026-08-20T00:00:00
NQ-PNT-003-2XL-BLK,STORE-04,5,0,0,0,204,409,2026-08-20T00:00:00
NQ-PNT-003-2XL-GRY,HUB,442,0,0,2,204,409,2026-08-20T00:00:00
NQ-PNT-003-2XL-GRY,STORE-01,0,0,0,0,204,409,2026-08-20T00:00:00
NQ-PNT-003-2XL-GRY,STORE-02,6,0,0,0,204,409,2026-08-20T00:00:00
NQ-PNT-003-2XL-GRY,STORE-03,0,0,0,0,204,409,2026-08-20T00:00:00
NQ-PNT-003-2XL-GRY,STORE-04,5,0,0,0,204,409,2026-08-20T00:00:00
NQ-PNT-003-2XL-BEG,HUB,858,0,0,4,204,409,2026-08-20T00:00:00
NQ-PNT-003-2XL-BEG,STORE-01,0,0,0,0,204,409,2026-08-20T00:00:00
NQ-PNT-003-2XL-BEG,STORE-02,4,0,0,0,204,409,2026-08-20T00:00:00
NQ-PNT-003-2XL-BEG,STORE-03,0,0,0,0,204,409,2026-08-20T00:00:00
NQ-PNT-003-2XL-BEG,STORE-04,3,0,0,0,204,409,2026-08-20T00:00:00
NQ-PNT-003-3XL-BLK,HUB,912,0,0,4,204,409,2026-08-20T00:00:00
NQ-PNT-003-3XL-BLK,STORE-01,0,0,0,0,204,409,2026-08-20T00:00:00
NQ-PNT-003-3XL-BLK,STORE-02,6,0,0,0,204,409,2026-08-20T00:00:00
NQ-PNT-003-3XL-BLK,STORE-03,0,0,0,0,204,409,2026-08-20T00:00:00
NQ-PNT-003-3XL-BLK,STORE-04,4,0,0,0,204,409,2026-08-20T00:00:00
NQ-PNT-003-3XL-GRY,HUB,823,0,0,2,204,409,2026-08-20T00:00:00
NQ-PNT-003-3XL-GRY,STORE-01,0,0,0,0,204,409,2026-08-20T00:00:00
NQ-PNT-003-3XL-GRY,STORE-02,4,0,0,0,204,409,2026-08-20T00:00:00
NQ-PNT-003-3XL-GRY,STORE-03,0,0,0,0,204,409,2026-08-20T00:00:00
NQ-PNT-003-3XL-GRY,STORE-04,5,0,0,0,204,409,2026-08-20T00:00:00
NQ-PNT-003-3XL-BEG,HUB,868,0,0,5,204,409,2026-08-20T00:00:00
NQ-PNT-003-3XL-BEG,STORE-01,0,0,0,0,204,409,2026-08-20T00:00:00
NQ-PNT-003-3XL-BEG,STORE-02,3,0,0,0,204,409,2026-08-20T00:00:00
NQ-PNT-003-3XL-BEG,STORE-03,0,0,0,0,204,409,2026-08-20T00:00:00
NQ-PNT-003-3XL-BEG,STORE-04,4,0,0,0,204,409,2026-08-20T00:00:00
NQ-PNT-003-4XL-BLK,HUB,569,0,0,1,204,409,2026-08-20T00:00:00
NQ-PNT-003-4XL-BLK,STORE-01,0,0,0,0,204,409,2026-08-20T00:00:00
NQ-PNT-003-4XL-BLK,STORE-02,3,0,0,0,204,409,2026-08-20T00:00:00
NQ-PNT-003-4XL-BLK,STORE-03,0,0,0,0,204,409,2026-08-20T00:00:00
NQ-PNT-003-4XL-BLK,STORE-04,6,0,0,0,204,409,2026-08-20T00:00:00
NQ-PNT-003-4XL-GRY,HUB,675,0,0,0,204,409,2026-08-20T00:00:00
NQ-PNT-003-4XL-GRY,STORE-01,0,0,0,0,204,409,2026-08-20T00:00:00
NQ-PNT-003-4XL-GRY,STORE-02,5,0,0,0,204,409,2026-08-20T00:00:00
NQ-PNT-003-4XL-GRY,STORE-03,0,0,0,0,204,409,2026-08-20T00:00:00
NQ-PNT-003-4XL-GRY,STORE-04,3,0,0,0,204,409,2026-08-20T00:00:00
NQ-PNT-003-4XL-BEG,HUB,795,0,0,2,204,409,2026-08-20T00:00:00
NQ-PNT-003-4XL-BEG,STORE-01,0,0,0,0,204,409,2026-08-20T00:00:00
NQ-PNT-003-4XL-BEG,STORE-02,3,0,0,0,204,409,2026-08-20T00:00:00
NQ-PNT-003-4XL-BEG,STORE-03,0,0,0,0,204,409,2026-08-20T00:00:00
NQ-PNT-003-4XL-BEG,STORE-04,6,0,0,0,204,409,2026-08-20T00:00:00
NQ-PNT-004-XS-BLK,HUB,120,0,0,1,61,122,2026-08-20T00:00:00
NQ-PNT-004-XS-BLK,STORE-01,0,0,0,0,61,122,2026-08-20T00:00:00
NQ-PNT-004-XS-BLK,STORE-02,3,0,0,0,61,122,2026-08-20T00:00:00
NQ-PNT-004-XS-BLK,STORE-03,0,0,0,0,61,122,2026-08-20T00:00:00
NQ-PNT-004-XS-BLK,STORE-04,4,0,0,0,61,122,2026-08-20T00:00:00
NQ-PNT-004-XS-GRY,HUB,173,0,0,0,61,122,2026-08-20T00:00:00
NQ-PNT-004-XS-GRY,STORE-01,0,0,0,0,61,122,2026-08-20T00:00:00
NQ-PNT-004-XS-GRY,STORE-02,4,0,0,0,61,122,2026-08-20T00:00:00
NQ-PNT-004-XS-GRY,STORE-03,0,0,0,0,61,122,2026-08-20T00:00:00
NQ-PNT-004-XS-GRY,STORE-04,4,0,0,0,61,122,2026-08-20T00:00:00
NQ-PNT-004-XS-BEG,HUB,99,0,0,1,61,122,2026-08-20T00:00:00
NQ-PNT-004-XS-BEG,STORE-01,0,0,0,0,61,122,2026-08-20T00:00:00
NQ-PNT-004-XS-BEG,STORE-02,3,0,0,0,61,122,2026-08-20T00:00:00
NQ-PNT-004-XS-BEG,STORE-03,0,0,0,0,61,122,2026-08-20T00:00:00
NQ-PNT-004-XS-BEG,STORE-04,4,0,0,0,61,122,2026-08-20T00:00:00
NQ-PNT-004-S-BLK,HUB,268,0,0,2,61,122,2026-08-20T00:00:00
NQ-PNT-004-S-BLK,STORE-01,0,0,0,0,61,122,2026-08-20T00:00:00
NQ-PNT-004-S-BLK,STORE-02,5,0,0,0,61,122,2026-08-20T00:00:00
NQ-PNT-004-S-BLK,STORE-03,0,0,0,0,61,122,2026-08-20T00:00:00
NQ-PNT-004-S-BLK,STORE-04,4,0,0,0,61,122,2026-08-20T00:00:00
NQ-PNT-004-S-GRY,HUB,244,0,0,1,61,122,2026-08-20T00:00:00
NQ-PNT-004-S-GRY,STORE-01,0,0,0,0,61,122,2026-08-20T00:00:00
NQ-PNT-004-S-GRY,STORE-02,5,0,0,0,61,122,2026-08-20T00:00:00
NQ-PNT-004-S-GRY,STORE-03,0,0,0,0,61,122,2026-08-20T00:00:00
NQ-PNT-004-S-GRY,STORE-04,4,0,0,0,61,122,2026-08-20T00:00:00
NQ-PNT-004-S-BEG,HUB,231,0,0,2,61,122,2026-08-20T00:00:00
NQ-PNT-004-S-BEG,STORE-01,0,0,0,0,61,122,2026-08-20T00:00:00
NQ-PNT-004-S-BEG,STORE-02,4,0,0,0,61,122,2026-08-20T00:00:00
NQ-PNT-004-S-BEG,STORE-03,0,0,0,0,61,122,2026-08-20T00:00:00
NQ-PNT-004-S-BEG,STORE-04,4,0,0,0,61,122,2026-08-20T00:00:00
NQ-PNT-004-M-BLK,HUB,168,0,0,4,61,122,2026-08-20T00:00:00
NQ-PNT-004-M-BLK,STORE-01,0,0,0,0,61,122,2026-08-20T00:00:00
NQ-PNT-004-M-BLK,STORE-02,1,0,0,0,61,122,2026-08-20T00:00:00
NQ-PNT-004-M-BLK,STORE-03,0,0,0,0,61,122,2026-08-20T00:00:00
NQ-PNT-004-M-BLK,STORE-04,3,0,0,0,61,122,2026-08-20T00:00:00
NQ-PNT-004-M-GRY,HUB,232,0,0,4,61,122,2026-08-20T00:00:00
NQ-PNT-004-M-GRY,STORE-01,0,0,0,0,61,122,2026-08-20T00:00:00
NQ-PNT-004-M-GRY,STORE-02,4,0,0,0,61,122,2026-08-20T00:00:00
NQ-PNT-004-M-GRY,STORE-03,0,0,0,0,61,122,2026-08-20T00:00:00
NQ-PNT-004-M-GRY,STORE-04,3,0,0,0,61,122,2026-08-20T00:00:00
NQ-PNT-004-M-BEG,HUB,165,0,0,6,61,122,2026-08-20T00:00:00
NQ-PNT-004-M-BEG,STORE-01,0,0,0,0,61,122,2026-08-20T00:00:00
NQ-PNT-004-M-BEG,STORE-02,3,0,0,0,61,122,2026-08-20T00:00:00
NQ-PNT-004-M-BEG,STORE-03,0,0,0,0,61,122,2026-08-20T00:00:00
NQ-PNT-004-M-BEG,STORE-04,3,0,0,0,61,122,2026-08-20T00:00:00
NQ-PNT-004-L-BLK,HUB,171,0,0,1,61,122,2026-08-20T00:00:00
NQ-PNT-004-L-BLK,STORE-01,0,0,0,0,61,122,2026-08-20T00:00:00
NQ-PNT-004-L-BLK,STORE-02,3,0,0,0,61,122,2026-08-20T00:00:00
NQ-PNT-004-L-BLK,STORE-03,0,0,0,0,61,122,2026-08-20T00:00:00
NQ-PNT-004-L-BLK,STORE-04,2,0,0,0,61,122,2026-08-20T00:00:00
NQ-PNT-004-L-GRY,HUB,261,0,0,2,61,122,2026-08-20T00:00:00
NQ-PNT-004-L-GRY,STORE-01,0,0,0,0,61,122,2026-08-20T00:00:00
NQ-PNT-004-L-GRY,STORE-02,5,0,0,0,61,122,2026-08-20T00:00:00
NQ-PNT-004-L-GRY,STORE-03,0,0,0,0,61,122,2026-08-20T00:00:00
NQ-PNT-004-L-GRY,STORE-04,3,0,0,0,61,122,2026-08-20T00:00:00
NQ-PNT-004-L-BEG,HUB,273,0,0,1,61,122,2026-08-20T00:00:00
NQ-PNT-004-L-BEG,STORE-01,0,0,0,0,61,122,2026-08-20T00:00:00
NQ-PNT-004-L-BEG,STORE-02,5,0,0,0,61,122,2026-08-20T00:00:00
NQ-PNT-004-L-BEG,STORE-03,0,0,0,0,61,122,2026-08-20T00:00:00
NQ-PNT-004-L-BEG,STORE-04,3,0,0,0,61,122,2026-08-20T00:00:00
NQ-PNT-004-XL-BLK,HUB,186,0,0,3,61,122,2026-08-20T00:00:00
NQ-PNT-004-XL-BLK,STORE-01,0,0,0,0,61,122,2026-08-20T00:00:00
NQ-PNT-004-XL-BLK,STORE-02,4,0,0,0,61,122,2026-08-20T00:00:00
NQ-PNT-004-XL-BLK,STORE-03,0,0,0,0,61,122,2026-08-20T00:00:00
NQ-PNT-004-XL-BLK,STORE-04,4,0,0,0,61,122,2026-08-20T00:00:00
NQ-PNT-004-XL-GRY,HUB,239,0,0,1,61,122,2026-08-20T00:00:00
NQ-PNT-004-XL-GRY,STORE-01,0,0,0,0,61,122,2026-08-20T00:00:00
NQ-PNT-004-XL-GRY,STORE-02,5,0,0,0,61,122,2026-08-20T00:00:00
NQ-PNT-004-XL-GRY,STORE-03,0,0,0,0,61,122,2026-08-20T00:00:00
NQ-PNT-004-XL-GRY,STORE-04,5,0,0,0,61,122,2026-08-20T00:00:00
NQ-PNT-004-XL-BEG,HUB,258,0,0,6,61,122,2026-08-20T00:00:00
NQ-PNT-004-XL-BEG,STORE-01,0,0,0,0,61,122,2026-08-20T00:00:00
NQ-PNT-004-XL-BEG,STORE-02,4,0,0,0,61,122,2026-08-20T00:00:00
NQ-PNT-004-XL-BEG,STORE-03,0,0,0,0,61,122,2026-08-20T00:00:00
NQ-PNT-004-XL-BEG,STORE-04,5,0,0,0,61,122,2026-08-20T00:00:00
NQ-PNT-004-2XL-BLK,HUB,291,0,0,1,61,122,2026-08-20T00:00:00
NQ-PNT-004-2XL-BLK,STORE-01,0,0,0,0,61,122,2026-08-20T00:00:00
NQ-PNT-004-2XL-BLK,STORE-02,3,0,0,0,61,122,2026-08-20T00:00:00
NQ-PNT-004-2XL-BLK,STORE-03,0,0,0,0,61,122,2026-08-20T00:00:00
NQ-PNT-004-2XL-BLK,STORE-04,4,0,0,0,61,122,2026-08-20T00:00:00
NQ-PNT-004-2XL-GRY,HUB,310,0,0,1,61,122,2026-08-20T00:00:00
NQ-PNT-004-2XL-GRY,STORE-01,0,0,0,0,61,122,2026-08-20T00:00:00
NQ-PNT-004-2XL-GRY,STORE-02,3,0,0,0,61,122,2026-08-20T00:00:00
NQ-PNT-004-2XL-GRY,STORE-03,0,0,0,0,61,122,2026-08-20T00:00:00
NQ-PNT-004-2XL-GRY,STORE-04,5,0,0,0,61,122,2026-08-20T00:00:00
NQ-PNT-004-2XL-BEG,HUB,145,0,0,1,61,122,2026-08-20T00:00:00
NQ-PNT-004-2XL-BEG,STORE-01,0,0,0,0,61,122,2026-08-20T00:00:00
NQ-PNT-004-2XL-BEG,STORE-02,3,0,0,0,61,122,2026-08-20T00:00:00
NQ-PNT-004-2XL-BEG,STORE-03,0,0,0,0,61,122,2026-08-20T00:00:00
NQ-PNT-004-2XL-BEG,STORE-04,5,0,0,0,61,122,2026-08-20T00:00:00
NQ-PNT-004-3XL-BLK,HUB,239,0,0,0,61,122,2026-08-20T00:00:00
NQ-PNT-004-3XL-BLK,STORE-01,0,0,0,0,61,122,2026-08-20T00:00:00
NQ-PNT-004-3XL-BLK,STORE-02,3,0,0,0,61,122,2026-08-20T00:00:00
NQ-PNT-004-3XL-BLK,STORE-03,0,0,0,0,61,122,2026-08-20T00:00:00
NQ-PNT-004-3XL-BLK,STORE-04,5,0,0,0,61,122,2026-08-20T00:00:00
NQ-PNT-004-3XL-GRY,HUB,247,0,0,0,61,122,2026-08-20T00:00:00
NQ-PNT-004-3XL-GRY,STORE-01,0,0,0,0,61,122,2026-08-20T00:00:00
NQ-PNT-004-3XL-GRY,STORE-02,5,0,0,0,61,122,2026-08-20T00:00:00
NQ-PNT-004-3XL-GRY,STORE-03,0,0,0,0,61,122,2026-08-20T00:00:00
NQ-PNT-004-3XL-GRY,STORE-04,3,0,0,0,61,122,2026-08-20T00:00:00
NQ-PNT-004-3XL-BEG,HUB,210,0,0,0,61,122,2026-08-20T00:00:00
NQ-PNT-004-3XL-BEG,STORE-01,0,0,0,0,61,122,2026-08-20T00:00:00
NQ-PNT-004-3XL-BEG,STORE-02,4,0,0,0,61,122,2026-08-20T00:00:00
NQ-PNT-004-3XL-BEG,STORE-03,0,0,0,0,61,122,2026-08-20T00:00:00
NQ-PNT-004-3XL-BEG,STORE-04,5,0,0,0,61,122,2026-08-20T00:00:00
NQ-PNT-004-4XL-BLK,HUB,235,0,0,2,61,122,2026-08-20T00:00:00
NQ-PNT-004-4XL-BLK,STORE-01,0,0,0,0,61,122,2026-08-20T00:00:00
NQ-PNT-004-4XL-BLK,STORE-02,3,0,0,0,61,122,2026-08-20T00:00:00
NQ-PNT-004-4XL-BLK,STORE-03,0,0,0,0,61,122,2026-08-20T00:00:00
NQ-PNT-004-4XL-BLK,STORE-04,4,0,0,0,61,122,2026-08-20T00:00:00
NQ-PNT-004-4XL-GRY,HUB,205,0,0,0,61,122,2026-08-20T00:00:00
NQ-PNT-004-4XL-GRY,STORE-01,0,0,0,0,61,122,2026-08-20T00:00:00
NQ-PNT-004-4XL-GRY,STORE-02,5,0,0,0,61,122,2026-08-20T00:00:00
NQ-PNT-004-4XL-GRY,STORE-03,0,0,0,0,61,122,2026-08-20T00:00:00
NQ-PNT-004-4XL-GRY,STORE-04,4,0,0,0,61,122,2026-08-20T00:00:00
NQ-PNT-004-4XL-BEG,HUB,216,0,0,0,61,122,2026-08-20T00:00:00
NQ-PNT-004-4XL-BEG,STORE-01,0,0,0,0,61,122,2026-08-20T00:00:00
NQ-PNT-004-4XL-BEG,STORE-02,4,0,0,0,61,122,2026-08-20T00:00:00
NQ-PNT-004-4XL-BEG,STORE-03,0,0,0,0,61,122,2026-08-20T00:00:00
NQ-PNT-004-4XL-BEG,STORE-04,3,0,0,0,61,122,2026-08-20T00:00:00
NQ-CLR-WRM-001-S-CRM,HUB,2357,0,0,5,548,1097,2026-08-20T00:00:00
NQ-CLR-WRM-001-S-CRM,STORE-01,0,0,0,0,548,1097,2026-08-20T00:00:00
NQ-CLR-WRM-001-S-CRM,STORE-02,10,0,0,0,548,1097,2026-08-20T00:00:00
NQ-CLR-WRM-001-S-CRM,STORE-03,0,0,0,0,548,1097,2026-08-20T00:00:00
NQ-CLR-WRM-001-S-CRM,STORE-04,10,0,0,0,548,1097,2026-08-20T00:00:00
NQ-CLR-WRM-001-S-ASH,HUB,2279,0,0,7,548,1097,2026-08-20T00:00:00
NQ-CLR-WRM-001-S-ASH,STORE-01,0,0,0,0,548,1097,2026-08-20T00:00:00
NQ-CLR-WRM-001-S-ASH,STORE-02,9,0,0,0,548,1097,2026-08-20T00:00:00
NQ-CLR-WRM-001-S-ASH,STORE-03,0,0,0,0,548,1097,2026-08-20T00:00:00
NQ-CLR-WRM-001-S-ASH,STORE-04,8,0,0,0,548,1097,2026-08-20T00:00:00
NQ-CLR-WRM-001-S-IVR,HUB,2260,0,0,3,548,1097,2026-08-20T00:00:00
NQ-CLR-WRM-001-S-IVR,STORE-01,0,0,0,0,548,1097,2026-08-20T00:00:00
NQ-CLR-WRM-001-S-IVR,STORE-02,11,0,0,0,548,1097,2026-08-20T00:00:00
NQ-CLR-WRM-001-S-IVR,STORE-03,0,0,0,0,548,1097,2026-08-20T00:00:00
NQ-CLR-WRM-001-S-IVR,STORE-04,8,0,0,0,548,1097,2026-08-20T00:00:00
NQ-CLR-WRM-001-M-CRM,HUB,2294,0,0,3,548,1097,2026-08-20T00:00:00
NQ-CLR-WRM-001-M-CRM,STORE-01,0,0,0,0,548,1097,2026-08-20T00:00:00
NQ-CLR-WRM-001-M-CRM,STORE-02,10,0,0,0,548,1097,2026-08-20T00:00:00
NQ-CLR-WRM-001-M-CRM,STORE-03,0,0,0,0,548,1097,2026-08-20T00:00:00
NQ-CLR-WRM-001-M-CRM,STORE-04,11,0,0,0,548,1097,2026-08-20T00:00:00
NQ-CLR-WRM-001-M-ASH,HUB,2228,0,0,5,548,1097,2026-08-20T00:00:00
NQ-CLR-WRM-001-M-ASH,STORE-01,0,0,0,0,548,1097,2026-08-20T00:00:00
NQ-CLR-WRM-001-M-ASH,STORE-02,11,0,0,0,548,1097,2026-08-20T00:00:00
NQ-CLR-WRM-001-M-ASH,STORE-03,0,0,0,0,548,1097,2026-08-20T00:00:00
NQ-CLR-WRM-001-M-ASH,STORE-04,10,0,0,0,548,1097,2026-08-20T00:00:00
NQ-CLR-WRM-001-M-IVR,HUB,2214,0,0,2,548,1097,2026-08-20T00:00:00
NQ-CLR-WRM-001-M-IVR,STORE-01,0,0,0,0,548,1097,2026-08-20T00:00:00
NQ-CLR-WRM-001-M-IVR,STORE-02,6,0,0,0,548,1097,2026-08-20T00:00:00
NQ-CLR-WRM-001-M-IVR,STORE-03,0,0,0,0,548,1097,2026-08-20T00:00:00
NQ-CLR-WRM-001-M-IVR,STORE-04,5,0,0,0,548,1097,2026-08-20T00:00:00
NQ-CLR-WRM-001-L-CRM,HUB,894,0,0,8,548,1097,2026-08-20T00:00:00
NQ-CLR-WRM-001-L-CRM,STORE-01,0,0,0,0,548,1097,2026-08-20T00:00:00
NQ-CLR-WRM-001-L-CRM,STORE-02,0,0,0,0,548,1097,2026-08-20T00:00:00
NQ-CLR-WRM-001-L-CRM,STORE-03,0,0,0,0,548,1097,2026-08-20T00:00:00
NQ-CLR-WRM-001-L-CRM,STORE-04,0,0,0,0,548,1097,2026-08-20T00:00:00
NQ-CLR-WRM-001-L-ASH,HUB,982,0,0,17,548,1097,2026-08-20T00:00:00
NQ-CLR-WRM-001-L-ASH,STORE-01,0,0,0,0,548,1097,2026-08-20T00:00:00
NQ-CLR-WRM-001-L-ASH,STORE-02,6,0,0,0,548,1097,2026-08-20T00:00:00
NQ-CLR-WRM-001-L-ASH,STORE-03,0,0,0,0,548,1097,2026-08-20T00:00:00
NQ-CLR-WRM-001-L-ASH,STORE-04,6,0,0,0,548,1097,2026-08-20T00:00:00
NQ-CLR-WRM-001-L-IVR,HUB,924,0,0,29,548,1097,2026-08-20T00:00:00
NQ-CLR-WRM-001-L-IVR,STORE-01,0,0,0,0,548,1097,2026-08-20T00:00:00
NQ-CLR-WRM-001-L-IVR,STORE-02,0,0,0,0,548,1097,2026-08-20T00:00:00
NQ-CLR-WRM-001-L-IVR,STORE-03,0,0,0,0,548,1097,2026-08-20T00:00:00
NQ-CLR-WRM-001-L-IVR,STORE-04,0,0,0,0,548,1097,2026-08-20T00:00:00
NQ-CLR-COOL-002-S-CRM,HUB,887,0,0,5,548,1097,2026-08-20T00:00:00
NQ-CLR-COOL-002-S-CRM,STORE-01,0,0,0,0,548,1097,2026-08-20T00:00:00
NQ-CLR-COOL-002-S-CRM,STORE-02,0,0,0,0,548,1097,2026-08-20T00:00:00
NQ-CLR-COOL-002-S-CRM,STORE-03,0,0,0,0,548,1097,2026-08-20T00:00:00
NQ-CLR-COOL-002-S-CRM,STORE-04,0,0,0,0,548,1097,2026-08-20T00:00:00
NQ-CLR-COOL-002-S-ASH,HUB,2357,0,0,3,548,1097,2026-08-20T00:00:00
NQ-CLR-COOL-002-S-ASH,STORE-01,0,0,0,0,548,1097,2026-08-20T00:00:00
NQ-CLR-COOL-002-S-ASH,STORE-02,10,0,0,0,548,1097,2026-08-20T00:00:00
NQ-CLR-COOL-002-S-ASH,STORE-03,0,0,0,0,548,1097,2026-08-20T00:00:00
NQ-CLR-COOL-002-S-ASH,STORE-04,11,0,0,0,548,1097,2026-08-20T00:00:00
NQ-CLR-COOL-002-S-IVR,HUB,2272,0,0,0,548,1097,2026-08-20T00:00:00
NQ-CLR-COOL-002-S-IVR,STORE-01,0,0,0,0,548,1097,2026-08-20T00:00:00
NQ-CLR-COOL-002-S-IVR,STORE-02,10,0,0,0,548,1097,2026-08-20T00:00:00
NQ-CLR-COOL-002-S-IVR,STORE-03,0,0,0,0,548,1097,2026-08-20T00:00:00
NQ-CLR-COOL-002-S-IVR,STORE-04,8,0,0,0,548,1097,2026-08-20T00:00:00
NQ-CLR-COOL-002-M-CRM,HUB,1894,0,0,1,548,1097,2026-08-20T00:00:00
NQ-CLR-COOL-002-M-CRM,STORE-01,0,0,0,0,548,1097,2026-08-20T00:00:00
NQ-CLR-COOL-002-M-CRM,STORE-02,7,0,0,0,548,1097,2026-08-20T00:00:00
NQ-CLR-COOL-002-M-CRM,STORE-03,0,0,0,0,548,1097,2026-08-20T00:00:00
NQ-CLR-COOL-002-M-CRM,STORE-04,8,0,0,0,548,1097,2026-08-20T00:00:00
NQ-CLR-COOL-002-M-ASH,HUB,2197,0,0,1,548,1097,2026-08-20T00:00:00
NQ-CLR-COOL-002-M-ASH,STORE-01,0,0,0,0,548,1097,2026-08-20T00:00:00
NQ-CLR-COOL-002-M-ASH,STORE-02,8,0,0,0,548,1097,2026-08-20T00:00:00
NQ-CLR-COOL-002-M-ASH,STORE-03,0,0,0,0,548,1097,2026-08-20T00:00:00
NQ-CLR-COOL-002-M-ASH,STORE-04,8,0,0,0,548,1097,2026-08-20T00:00:00
NQ-CLR-COOL-002-M-IVR,HUB,997,0,0,13,548,1097,2026-08-20T00:00:00
NQ-CLR-COOL-002-M-IVR,STORE-01,0,0,0,0,548,1097,2026-08-20T00:00:00
NQ-CLR-COOL-002-M-IVR,STORE-02,5,0,0,0,548,1097,2026-08-20T00:00:00
NQ-CLR-COOL-002-M-IVR,STORE-03,0,0,0,0,548,1097,2026-08-20T00:00:00
NQ-CLR-COOL-002-M-IVR,STORE-04,11,0,0,0,548,1097,2026-08-20T00:00:00
NQ-CLR-COOL-002-L-CRM,HUB,963,0,0,5,548,1097,2026-08-20T00:00:00
NQ-CLR-COOL-002-L-CRM,STORE-01,0,0,0,0,548,1097,2026-08-20T00:00:00
NQ-CLR-COOL-002-L-CRM,STORE-02,0,0,0,0,548,1097,2026-08-20T00:00:00
NQ-CLR-COOL-002-L-CRM,STORE-03,0,0,0,0,548,1097,2026-08-20T00:00:00
NQ-CLR-COOL-002-L-CRM,STORE-04,0,0,0,0,548,1097,2026-08-20T00:00:00
NQ-CLR-COOL-002-L-ASH,HUB,982,0,0,19,548,1097,2026-08-20T00:00:00
NQ-CLR-COOL-002-L-ASH,STORE-01,0,0,0,0,548,1097,2026-08-20T00:00:00
NQ-CLR-COOL-002-L-ASH,STORE-02,0,0,0,0,548,1097,2026-08-20T00:00:00
NQ-CLR-COOL-002-L-ASH,STORE-03,0,0,0,0,548,1097,2026-08-20T00:00:00
NQ-CLR-COOL-002-L-ASH,STORE-04,0,0,0,0,548,1097,2026-08-20T00:00:00
NQ-CLR-COOL-002-L-IVR,HUB,948,0,0,14,548,1097,2026-08-20T00:00:00
NQ-CLR-COOL-002-L-IVR,STORE-01,0,0,0,0,548,1097,2026-08-20T00:00:00
NQ-CLR-COOL-002-L-IVR,STORE-02,0,0,0,0,548,1097,2026-08-20T00:00:00
NQ-CLR-COOL-002-L-IVR,STORE-03,0,0,0,0,548,1097,2026-08-20T00:00:00
NQ-CLR-COOL-002-L-IVR,STORE-04,0,0,0,0,548,1097,2026-08-20T00:00:00
NQ-CLR-MUT-003-S-CRM,HUB,2271,0,0,5,548,1097,2026-08-20T00:00:00
NQ-CLR-MUT-003-S-CRM,STORE-01,0,0,0,0,548,1097,2026-08-20T00:00:00
NQ-CLR-MUT-003-S-CRM,STORE-02,9,0,0,0,548,1097,2026-08-20T00:00:00
NQ-CLR-MUT-003-S-CRM,STORE-03,0,0,0,0,548,1097,2026-08-20T00:00:00
NQ-CLR-MUT-003-S-CRM,STORE-04,10,0,0,0,548,1097,2026-08-20T00:00:00
NQ-CLR-MUT-003-S-ASH,HUB,2299,0,0,1,548,1097,2026-08-20T00:00:00
NQ-CLR-MUT-003-S-ASH,STORE-01,0,0,0,0,548,1097,2026-08-20T00:00:00
NQ-CLR-MUT-003-S-ASH,STORE-02,6,0,0,0,548,1097,2026-08-20T00:00:00
NQ-CLR-MUT-003-S-ASH,STORE-03,0,0,0,0,548,1097,2026-08-20T00:00:00
NQ-CLR-MUT-003-S-ASH,STORE-04,7,0,0,0,548,1097,2026-08-20T00:00:00
NQ-CLR-MUT-003-S-IVR,HUB,2231,0,0,3,548,1097,2026-08-20T00:00:00
NQ-CLR-MUT-003-S-IVR,STORE-01,0,0,0,0,548,1097,2026-08-20T00:00:00
NQ-CLR-MUT-003-S-IVR,STORE-02,11,0,0,0,548,1097,2026-08-20T00:00:00
NQ-CLR-MUT-003-S-IVR,STORE-03,0,0,0,0,548,1097,2026-08-20T00:00:00
NQ-CLR-MUT-003-S-IVR,STORE-04,10,0,0,0,548,1097,2026-08-20T00:00:00
NQ-CLR-MUT-003-M-CRM,HUB,2399,0,0,2,548,1097,2026-08-20T00:00:00
NQ-CLR-MUT-003-M-CRM,STORE-01,0,0,0,0,548,1097,2026-08-20T00:00:00
NQ-CLR-MUT-003-M-CRM,STORE-02,11,0,0,0,548,1097,2026-08-20T00:00:00
NQ-CLR-MUT-003-M-CRM,STORE-03,0,0,0,0,548,1097,2026-08-20T00:00:00
NQ-CLR-MUT-003-M-CRM,STORE-04,8,0,0,0,548,1097,2026-08-20T00:00:00
NQ-CLR-MUT-003-M-ASH,HUB,2294,0,0,4,548,1097,2026-08-20T00:00:00
NQ-CLR-MUT-003-M-ASH,STORE-01,0,0,0,0,548,1097,2026-08-20T00:00:00
NQ-CLR-MUT-003-M-ASH,STORE-02,11,0,0,0,548,1097,2026-08-20T00:00:00
NQ-CLR-MUT-003-M-ASH,STORE-03,0,0,0,0,548,1097,2026-08-20T00:00:00
NQ-CLR-MUT-003-M-ASH,STORE-04,9,0,0,0,548,1097,2026-08-20T00:00:00
NQ-CLR-MUT-003-M-IVR,HUB,2287,0,0,8,548,1097,2026-08-20T00:00:00
NQ-CLR-MUT-003-M-IVR,STORE-01,0,0,0,0,548,1097,2026-08-20T00:00:00
NQ-CLR-MUT-003-M-IVR,STORE-02,8,0,0,0,548,1097,2026-08-20T00:00:00
NQ-CLR-MUT-003-M-IVR,STORE-03,0,0,0,0,548,1097,2026-08-20T00:00:00
NQ-CLR-MUT-003-M-IVR,STORE-04,9,0,0,0,548,1097,2026-08-20T00:00:00
NQ-CLR-MUT-003-L-CRM,HUB,884,0,0,6,548,1097,2026-08-20T00:00:00
NQ-CLR-MUT-003-L-CRM,STORE-01,0,0,0,0,548,1097,2026-08-20T00:00:00
NQ-CLR-MUT-003-L-CRM,STORE-02,0,0,0,0,548,1097,2026-08-20T00:00:00
NQ-CLR-MUT-003-L-CRM,STORE-03,0,0,0,0,548,1097,2026-08-20T00:00:00
NQ-CLR-MUT-003-L-CRM,STORE-04,0,0,0,0,548,1097,2026-08-20T00:00:00
NQ-CLR-MUT-003-L-ASH,HUB,921,0,0,5,548,1097,2026-08-20T00:00:00
NQ-CLR-MUT-003-L-ASH,STORE-01,0,0,0,0,548,1097,2026-08-20T00:00:00
NQ-CLR-MUT-003-L-ASH,STORE-02,0,0,0,0,548,1097,2026-08-20T00:00:00
NQ-CLR-MUT-003-L-ASH,STORE-03,0,0,0,0,548,1097,2026-08-20T00:00:00
NQ-CLR-MUT-003-L-ASH,STORE-04,0,0,0,0,548,1097,2026-08-20T00:00:00
NQ-CLR-MUT-003-L-IVR,HUB,970,0,0,12,548,1097,2026-08-20T00:00:00
NQ-CLR-MUT-003-L-IVR,STORE-01,0,0,0,0,548,1097,2026-08-20T00:00:00
NQ-CLR-MUT-003-L-IVR,STORE-02,0,0,0,0,548,1097,2026-08-20T00:00:00
NQ-CLR-MUT-003-L-IVR,STORE-03,0,0,0,0,548,1097,2026-08-20T00:00:00
NQ-CLR-MUT-003-L-IVR,STORE-04,0,0,0,0,548,1097,2026-08-20T00:00:00
NQ-CLR-WRM-004-S-CRM,HUB,304,0,0,6,182,365,2026-08-20T00:00:00
NQ-CLR-WRM-004-S-CRM,STORE-01,0,0,0,0,182,365,2026-08-20T00:00:00
NQ-CLR-WRM-004-S-CRM,STORE-02,2,0,0,0,182,365,2026-08-20T00:00:00
NQ-CLR-WRM-004-S-CRM,STORE-03,0,0,0,0,182,365,2026-08-20T00:00:00
NQ-CLR-WRM-004-S-CRM,STORE-04,4,0,0,0,182,365,2026-08-20T00:00:00
NQ-CLR-WRM-004-S-ASH,HUB,272,0,0,2,182,365,2026-08-20T00:00:00
NQ-CLR-WRM-004-S-ASH,STORE-01,0,0,0,0,182,365,2026-08-20T00:00:00
NQ-CLR-WRM-004-S-ASH,STORE-02,1,0,0,0,182,365,2026-08-20T00:00:00
NQ-CLR-WRM-004-S-ASH,STORE-03,0,0,0,0,182,365,2026-08-20T00:00:00
NQ-CLR-WRM-004-S-ASH,STORE-04,4,0,0,0,182,365,2026-08-20T00:00:00
NQ-CLR-WRM-004-S-IVR,HUB,672,0,0,1,182,365,2026-08-20T00:00:00
NQ-CLR-WRM-004-S-IVR,STORE-01,0,0,0,0,182,365,2026-08-20T00:00:00
NQ-CLR-WRM-004-S-IVR,STORE-02,3,0,0,0,182,365,2026-08-20T00:00:00
NQ-CLR-WRM-004-S-IVR,STORE-03,0,0,0,0,182,365,2026-08-20T00:00:00
NQ-CLR-WRM-004-S-IVR,STORE-04,3,0,0,0,182,365,2026-08-20T00:00:00
NQ-CLR-WRM-004-M-CRM,HUB,761,0,0,2,182,365,2026-08-20T00:00:00
NQ-CLR-WRM-004-M-CRM,STORE-01,0,0,0,0,182,365,2026-08-20T00:00:00
NQ-CLR-WRM-004-M-CRM,STORE-02,3,0,0,0,182,365,2026-08-20T00:00:00
NQ-CLR-WRM-004-M-CRM,STORE-03,0,0,0,0,182,365,2026-08-20T00:00:00
NQ-CLR-WRM-004-M-CRM,STORE-04,5,0,0,0,182,365,2026-08-20T00:00:00
NQ-CLR-WRM-004-M-ASH,HUB,579,0,0,2,182,365,2026-08-20T00:00:00
NQ-CLR-WRM-004-M-ASH,STORE-01,0,0,0,0,182,365,2026-08-20T00:00:00
NQ-CLR-WRM-004-M-ASH,STORE-02,5,0,0,0,182,365,2026-08-20T00:00:00
NQ-CLR-WRM-004-M-ASH,STORE-03,0,0,0,0,182,365,2026-08-20T00:00:00
NQ-CLR-WRM-004-M-ASH,STORE-04,3,0,0,0,182,365,2026-08-20T00:00:00
NQ-CLR-WRM-004-M-IVR,HUB,361,0,0,0,182,365,2026-08-20T00:00:00
NQ-CLR-WRM-004-M-IVR,STORE-01,0,0,0,0,182,365,2026-08-20T00:00:00
NQ-CLR-WRM-004-M-IVR,STORE-02,4,0,0,0,182,365,2026-08-20T00:00:00
NQ-CLR-WRM-004-M-IVR,STORE-03,0,0,0,0,182,365,2026-08-20T00:00:00
NQ-CLR-WRM-004-M-IVR,STORE-04,3,0,0,0,182,365,2026-08-20T00:00:00
NQ-CLR-WRM-004-L-CRM,HUB,282,0,0,5,182,365,2026-08-20T00:00:00
NQ-CLR-WRM-004-L-CRM,STORE-01,0,0,0,0,182,365,2026-08-20T00:00:00
NQ-CLR-WRM-004-L-CRM,STORE-02,0,0,0,0,182,365,2026-08-20T00:00:00
NQ-CLR-WRM-004-L-CRM,STORE-03,0,0,0,0,182,365,2026-08-20T00:00:00
NQ-CLR-WRM-004-L-CRM,STORE-04,0,0,0,0,182,365,2026-08-20T00:00:00
NQ-CLR-WRM-004-L-ASH,HUB,286,0,0,0,182,365,2026-08-20T00:00:00
NQ-CLR-WRM-004-L-ASH,STORE-01,0,0,0,0,182,365,2026-08-20T00:00:00
NQ-CLR-WRM-004-L-ASH,STORE-02,0,0,0,0,182,365,2026-08-20T00:00:00
NQ-CLR-WRM-004-L-ASH,STORE-03,0,0,0,0,182,365,2026-08-20T00:00:00
NQ-CLR-WRM-004-L-ASH,STORE-04,0,0,0,0,182,365,2026-08-20T00:00:00
NQ-CLR-WRM-004-L-IVR,HUB,290,0,0,7,182,365,2026-08-20T00:00:00
NQ-CLR-WRM-004-L-IVR,STORE-01,0,0,0,0,182,365,2026-08-20T00:00:00
NQ-CLR-WRM-004-L-IVR,STORE-02,0,0,0,0,182,365,2026-08-20T00:00:00
NQ-CLR-WRM-004-L-IVR,STORE-03,0,0,0,0,182,365,2026-08-20T00:00:00
NQ-CLR-WRM-004-L-IVR,STORE-04,0,0,0,0,182,365,2026-08-20T00:00:00
NQ-CLR-COOL-005-S-CRM,HUB,717,0,0,0,182,365,2026-08-20T00:00:00
NQ-CLR-COOL-005-S-CRM,STORE-01,0,0,0,0,182,365,2026-08-20T00:00:00
NQ-CLR-COOL-005-S-CRM,STORE-02,2,0,0,0,182,365,2026-08-20T00:00:00
NQ-CLR-COOL-005-S-CRM,STORE-03,0,0,0,0,182,365,2026-08-20T00:00:00
NQ-CLR-COOL-005-S-CRM,STORE-04,3,0,0,0,182,365,2026-08-20T00:00:00
NQ-CLR-COOL-005-S-ASH,HUB,747,0,0,1,182,365,2026-08-20T00:00:00
NQ-CLR-COOL-005-S-ASH,STORE-01,0,0,0,0,182,365,2026-08-20T00:00:00
NQ-CLR-COOL-005-S-ASH,STORE-02,2,0,0,0,182,365,2026-08-20T00:00:00
NQ-CLR-COOL-005-S-ASH,STORE-03,0,0,0,0,182,365,2026-08-20T00:00:00
NQ-CLR-COOL-005-S-ASH,STORE-04,3,0,0,0,182,365,2026-08-20T00:00:00
NQ-CLR-COOL-005-S-IVR,HUB,316,0,0,0,182,365,2026-08-20T00:00:00
NQ-CLR-COOL-005-S-IVR,STORE-01,0,0,0,0,182,365,2026-08-20T00:00:00
NQ-CLR-COOL-005-S-IVR,STORE-02,0,0,0,0,182,365,2026-08-20T00:00:00
NQ-CLR-COOL-005-S-IVR,STORE-03,0,0,0,0,182,365,2026-08-20T00:00:00
NQ-CLR-COOL-005-S-IVR,STORE-04,0,0,0,0,182,365,2026-08-20T00:00:00
NQ-CLR-COOL-005-M-CRM,HUB,229,0,0,10,182,365,2026-08-20T00:00:00
NQ-CLR-COOL-005-M-CRM,STORE-01,0,0,0,0,182,365,2026-08-20T00:00:00
NQ-CLR-COOL-005-M-CRM,STORE-02,0,0,0,0,182,365,2026-08-20T00:00:00
NQ-CLR-COOL-005-M-CRM,STORE-03,0,0,0,0,182,365,2026-08-20T00:00:00
NQ-CLR-COOL-005-M-CRM,STORE-04,0,0,0,0,182,365,2026-08-20T00:00:00
NQ-CLR-COOL-005-M-ASH,HUB,370,0,0,3,182,365,2026-08-20T00:00:00
NQ-CLR-COOL-005-M-ASH,STORE-01,0,0,0,0,182,365,2026-08-20T00:00:00
NQ-CLR-COOL-005-M-ASH,STORE-02,4,0,0,0,182,365,2026-08-20T00:00:00
NQ-CLR-COOL-005-M-ASH,STORE-03,0,0,0,0,182,365,2026-08-20T00:00:00
NQ-CLR-COOL-005-M-ASH,STORE-04,4,0,0,0,182,365,2026-08-20T00:00:00
NQ-CLR-COOL-005-M-IVR,HUB,290,0,0,1,182,365,2026-08-20T00:00:00
NQ-CLR-COOL-005-M-IVR,STORE-01,0,0,0,0,182,365,2026-08-20T00:00:00
NQ-CLR-COOL-005-M-IVR,STORE-02,3,0,0,0,182,365,2026-08-20T00:00:00
NQ-CLR-COOL-005-M-IVR,STORE-03,0,0,0,0,182,365,2026-08-20T00:00:00
NQ-CLR-COOL-005-M-IVR,STORE-04,3,0,0,0,182,365,2026-08-20T00:00:00
NQ-CLR-COOL-005-L-CRM,HUB,267,0,0,2,182,365,2026-08-20T00:00:00
NQ-CLR-COOL-005-L-CRM,STORE-01,0,0,0,0,182,365,2026-08-20T00:00:00
NQ-CLR-COOL-005-L-CRM,STORE-02,0,0,0,0,182,365,2026-08-20T00:00:00
NQ-CLR-COOL-005-L-CRM,STORE-03,0,0,0,0,182,365,2026-08-20T00:00:00
NQ-CLR-COOL-005-L-CRM,STORE-04,0,0,0,0,182,365,2026-08-20T00:00:00
NQ-CLR-COOL-005-L-ASH,HUB,346,0,0,6,182,365,2026-08-20T00:00:00
NQ-CLR-COOL-005-L-ASH,STORE-01,0,0,0,0,182,365,2026-08-20T00:00:00
NQ-CLR-COOL-005-L-ASH,STORE-02,0,0,0,0,182,365,2026-08-20T00:00:00
NQ-CLR-COOL-005-L-ASH,STORE-03,0,0,0,0,182,365,2026-08-20T00:00:00
NQ-CLR-COOL-005-L-ASH,STORE-04,0,0,0,0,182,365,2026-08-20T00:00:00
NQ-CLR-COOL-005-L-IVR,HUB,286,0,0,5,182,365,2026-08-20T00:00:00
NQ-CLR-COOL-005-L-IVR,STORE-01,0,0,0,0,182,365,2026-08-20T00:00:00
NQ-CLR-COOL-005-L-IVR,STORE-02,0,0,0,0,182,365,2026-08-20T00:00:00
NQ-CLR-COOL-005-L-IVR,STORE-03,0,0,0,0,182,365,2026-08-20T00:00:00
NQ-CLR-COOL-005-L-IVR,STORE-04,3,0,0,0,182,365,2026-08-20T00:00:00
NQ-CLR-MUT-006-S-CRM,HUB,356,0,0,8,182,365,2026-08-20T00:00:00
NQ-CLR-MUT-006-S-CRM,STORE-01,0,0,0,0,182,365,2026-08-20T00:00:00
NQ-CLR-MUT-006-S-CRM,STORE-02,0,0,0,0,182,365,2026-08-20T00:00:00
NQ-CLR-MUT-006-S-CRM,STORE-03,0,0,0,0,182,365,2026-08-20T00:00:00
NQ-CLR-MUT-006-S-CRM,STORE-04,0,0,0,0,182,365,2026-08-20T00:00:00
NQ-CLR-MUT-006-S-ASH,HUB,444,0,0,2,182,365,2026-08-20T00:00:00
NQ-CLR-MUT-006-S-ASH,STORE-01,0,0,0,0,182,365,2026-08-20T00:00:00
NQ-CLR-MUT-006-S-ASH,STORE-02,5,0,0,0,182,365,2026-08-20T00:00:00
NQ-CLR-MUT-006-S-ASH,STORE-03,0,0,0,0,182,365,2026-08-20T00:00:00
NQ-CLR-MUT-006-S-ASH,STORE-04,3,0,0,0,182,365,2026-08-20T00:00:00
NQ-CLR-MUT-006-S-IVR,HUB,816,0,0,3,182,365,2026-08-20T00:00:00
NQ-CLR-MUT-006-S-IVR,STORE-01,0,0,0,0,182,365,2026-08-20T00:00:00
NQ-CLR-MUT-006-S-IVR,STORE-02,3,0,0,0,182,365,2026-08-20T00:00:00
NQ-CLR-MUT-006-S-IVR,STORE-03,0,0,0,0,182,365,2026-08-20T00:00:00
NQ-CLR-MUT-006-S-IVR,STORE-04,3,0,0,0,182,365,2026-08-20T00:00:00
NQ-CLR-MUT-006-M-CRM,HUB,315,0,0,0,182,365,2026-08-20T00:00:00
NQ-CLR-MUT-006-M-CRM,STORE-01,0,0,0,0,182,365,2026-08-20T00:00:00
NQ-CLR-MUT-006-M-CRM,STORE-02,0,0,0,0,182,365,2026-08-20T00:00:00
NQ-CLR-MUT-006-M-CRM,STORE-03,0,0,0,0,182,365,2026-08-20T00:00:00
NQ-CLR-MUT-006-M-CRM,STORE-04,0,0,0,0,182,365,2026-08-20T00:00:00
NQ-CLR-MUT-006-M-ASH,HUB,554,0,0,5,182,365,2026-08-20T00:00:00
NQ-CLR-MUT-006-M-ASH,STORE-01,0,0,0,0,182,365,2026-08-20T00:00:00
NQ-CLR-MUT-006-M-ASH,STORE-02,4,0,0,0,182,365,2026-08-20T00:00:00
NQ-CLR-MUT-006-M-ASH,STORE-03,0,0,0,0,182,365,2026-08-20T00:00:00
NQ-CLR-MUT-006-M-ASH,STORE-04,4,0,0,0,182,365,2026-08-20T00:00:00
NQ-CLR-MUT-006-M-IVR,HUB,344,0,0,6,182,365,2026-08-20T00:00:00
NQ-CLR-MUT-006-M-IVR,STORE-01,0,0,0,0,182,365,2026-08-20T00:00:00
NQ-CLR-MUT-006-M-IVR,STORE-02,0,0,0,0,182,365,2026-08-20T00:00:00
NQ-CLR-MUT-006-M-IVR,STORE-03,0,0,0,0,182,365,2026-08-20T00:00:00
NQ-CLR-MUT-006-M-IVR,STORE-04,0,0,0,0,182,365,2026-08-20T00:00:00
NQ-CLR-MUT-006-L-CRM,HUB,318,0,0,2,182,365,2026-08-20T00:00:00
NQ-CLR-MUT-006-L-CRM,STORE-01,0,0,0,0,182,365,2026-08-20T00:00:00
NQ-CLR-MUT-006-L-CRM,STORE-02,0,0,0,0,182,365,2026-08-20T00:00:00
NQ-CLR-MUT-006-L-CRM,STORE-03,0,0,0,0,182,365,2026-08-20T00:00:00
NQ-CLR-MUT-006-L-CRM,STORE-04,0,0,0,0,182,365,2026-08-20T00:00:00
NQ-CLR-MUT-006-L-ASH,HUB,251,0,0,6,182,365,2026-08-20T00:00:00
NQ-CLR-MUT-006-L-ASH,STORE-01,0,0,0,0,182,365,2026-08-20T00:00:00
NQ-CLR-MUT-006-L-ASH,STORE-02,0,0,0,0,182,365,2026-08-20T00:00:00
NQ-CLR-MUT-006-L-ASH,STORE-03,0,0,0,0,182,365,2026-08-20T00:00:00
NQ-CLR-MUT-006-L-ASH,STORE-04,0,0,0,0,182,365,2026-08-20T00:00:00
NQ-CLR-MUT-006-L-IVR,HUB,314,0,0,6,182,365,2026-08-20T00:00:00
NQ-CLR-MUT-006-L-IVR,STORE-01,0,0,0,0,182,365,2026-08-20T00:00:00
NQ-CLR-MUT-006-L-IVR,STORE-02,3,0,0,0,182,365,2026-08-20T00:00:00
NQ-CLR-MUT-006-L-IVR,STORE-03,0,0,0,0,182,365,2026-08-20T00:00:00
NQ-CLR-MUT-006-L-IVR,STORE-04,4,0,0,0,182,365,2026-08-20T00:00:00
NQ-OUT-001-S-BLK,HUB,2249,0,0,39,829,1658,2026-08-20T00:00:00
NQ-OUT-001-S-BLK,STORE-02,11,0,0,0,829,1658,2026-08-20T00:00:00
NQ-OUT-001-S-BLK,STORE-03,0,0,0,0,829,1658,2026-08-20T00:00:00
NQ-OUT-001-S-BLK,STORE-04,0,0,0,0,829,1658,2026-08-20T00:00:00
NQ-OUT-001-S-BEG,HUB,2266,0,0,27,829,1658,2026-08-20T00:00:00
NQ-OUT-001-S-BEG,STORE-02,0,0,0,0,829,1658,2026-08-20T00:00:00
NQ-OUT-001-S-BEG,STORE-03,0,0,0,0,829,1658,2026-08-20T00:00:00
NQ-OUT-001-S-BEG,STORE-04,0,0,0,0,829,1658,2026-08-20T00:00:00
NQ-OUT-001-S-GRY,HUB,2363,0,0,26,829,1658,2026-08-20T00:00:00
NQ-OUT-001-S-GRY,STORE-02,0,0,0,0,829,1658,2026-08-20T00:00:00
NQ-OUT-001-S-GRY,STORE-03,0,0,0,0,829,1658,2026-08-20T00:00:00
NQ-OUT-001-S-GRY,STORE-04,0,0,0,0,829,1658,2026-08-20T00:00:00
NQ-OUT-001-S-NVY,HUB,2240,0,0,43,829,1658,2026-08-20T00:00:00
NQ-OUT-001-S-NVY,STORE-02,0,0,0,0,829,1658,2026-08-20T00:00:00
NQ-OUT-001-S-NVY,STORE-03,0,0,0,0,829,1658,2026-08-20T00:00:00
NQ-OUT-001-S-NVY,STORE-04,1,0,0,0,829,1658,2026-08-20T00:00:00
NQ-OUT-001-M-BLK,HUB,2203,0,0,31,829,1658,2026-08-20T00:00:00
NQ-OUT-001-M-BLK,STORE-02,0,0,0,0,829,1658,2026-08-20T00:00:00
NQ-OUT-001-M-BLK,STORE-03,0,0,0,0,829,1658,2026-08-20T00:00:00
NQ-OUT-001-M-BLK,STORE-04,0,0,0,0,829,1658,2026-08-20T00:00:00
NQ-OUT-001-M-BEG,HUB,2218,0,0,36,829,1658,2026-08-20T00:00:00
NQ-OUT-001-M-BEG,STORE-02,0,0,0,0,829,1658,2026-08-20T00:00:00
NQ-OUT-001-M-BEG,STORE-03,0,0,0,0,829,1658,2026-08-20T00:00:00
NQ-OUT-001-M-BEG,STORE-04,0,0,0,0,829,1658,2026-08-20T00:00:00
NQ-OUT-001-M-GRY,HUB,2226,0,0,35,829,1658,2026-08-20T00:00:00
NQ-OUT-001-M-GRY,STORE-02,0,0,0,0,829,1658,2026-08-20T00:00:00
NQ-OUT-001-M-GRY,STORE-03,0,0,0,0,829,1658,2026-08-20T00:00:00
NQ-OUT-001-M-GRY,STORE-04,0,0,0,0,829,1658,2026-08-20T00:00:00
NQ-OUT-001-M-NVY,HUB,2234,0,0,34,829,1658,2026-08-20T00:00:00
NQ-OUT-001-M-NVY,STORE-02,0,0,0,0,829,1658,2026-08-20T00:00:00
NQ-OUT-001-M-NVY,STORE-03,0,0,0,0,829,1658,2026-08-20T00:00:00
NQ-OUT-001-M-NVY,STORE-04,0,0,0,0,829,1658,2026-08-20T00:00:00
NQ-OUT-001-L-BLK,HUB,3794,0,0,17,829,1658,2026-08-20T00:00:00
NQ-OUT-001-L-BLK,STORE-02,8,0,0,0,829,1658,2026-08-20T00:00:00
NQ-OUT-001-L-BLK,STORE-03,0,0,0,0,829,1658,2026-08-20T00:00:00
NQ-OUT-001-L-BLK,STORE-04,24,0,0,0,829,1658,2026-08-20T00:00:00
NQ-OUT-001-L-BEG,HUB,3803,0,0,21,829,1658,2026-08-20T00:00:00
NQ-OUT-001-L-BEG,STORE-02,10,0,0,0,829,1658,2026-08-20T00:00:00
NQ-OUT-001-L-BEG,STORE-03,0,0,0,0,829,1658,2026-08-20T00:00:00
NQ-OUT-001-L-BEG,STORE-04,10,0,0,0,829,1658,2026-08-20T00:00:00
NQ-OUT-001-L-GRY,HUB,4064,0,0,21,829,1658,2026-08-20T00:00:00
NQ-OUT-001-L-GRY,STORE-02,11,0,0,0,829,1658,2026-08-20T00:00:00
NQ-OUT-001-L-GRY,STORE-03,0,0,0,0,829,1658,2026-08-20T00:00:00
NQ-OUT-001-L-GRY,STORE-04,14,0,0,0,829,1658,2026-08-20T00:00:00
NQ-OUT-001-L-NVY,HUB,3500,0,0,23,829,1658,2026-08-20T00:00:00
NQ-OUT-001-L-NVY,STORE-02,10,0,0,0,829,1658,2026-08-20T00:00:00
NQ-OUT-001-L-NVY,STORE-03,0,0,0,0,829,1658,2026-08-20T00:00:00
NQ-OUT-001-L-NVY,STORE-04,16,0,0,0,829,1658,2026-08-20T00:00:00
NQ-OUT-002-S-BLK,HUB,711,0,0,12,276,552,2026-08-20T00:00:00
NQ-OUT-002-S-BLK,STORE-02,0,0,0,0,276,552,2026-08-20T00:00:00
NQ-OUT-002-S-BLK,STORE-03,0,0,0,0,276,552,2026-08-20T00:00:00
NQ-OUT-002-S-BLK,STORE-04,3,0,0,0,276,552,2026-08-20T00:00:00
NQ-OUT-002-S-BEG,HUB,709,0,0,19,276,552,2026-08-20T00:00:00
NQ-OUT-002-S-BEG,STORE-02,0,0,0,0,276,552,2026-08-20T00:00:00
NQ-OUT-002-S-BEG,STORE-03,0,0,0,0,276,552,2026-08-20T00:00:00
NQ-OUT-002-S-BEG,STORE-04,0,0,0,0,276,552,2026-08-20T00:00:00
NQ-OUT-002-S-GRY,HUB,670,0,0,11,276,552,2026-08-20T00:00:00
NQ-OUT-002-S-GRY,STORE-02,0,0,0,0,276,552,2026-08-20T00:00:00
NQ-OUT-002-S-GRY,STORE-03,0,0,0,0,276,552,2026-08-20T00:00:00
NQ-OUT-002-S-GRY,STORE-04,0,0,0,0,276,552,2026-08-20T00:00:00
NQ-OUT-002-S-NVY,HUB,710,0,0,17,276,552,2026-08-20T00:00:00
NQ-OUT-002-S-NVY,STORE-02,0,0,0,0,276,552,2026-08-20T00:00:00
NQ-OUT-002-S-NVY,STORE-03,0,0,0,0,276,552,2026-08-20T00:00:00
NQ-OUT-002-S-NVY,STORE-04,0,0,0,0,276,552,2026-08-20T00:00:00
NQ-OUT-002-M-BLK,HUB,656,0,0,10,276,552,2026-08-20T00:00:00
NQ-OUT-002-M-BLK,STORE-02,0,0,0,0,276,552,2026-08-20T00:00:00
NQ-OUT-002-M-BLK,STORE-03,0,0,0,0,276,552,2026-08-20T00:00:00
NQ-OUT-002-M-BLK,STORE-04,0,0,0,0,276,552,2026-08-20T00:00:00
NQ-OUT-002-M-BEG,HUB,768,0,0,12,276,552,2026-08-20T00:00:00
NQ-OUT-002-M-BEG,STORE-02,0,0,0,0,276,552,2026-08-20T00:00:00
NQ-OUT-002-M-BEG,STORE-03,0,0,0,0,276,552,2026-08-20T00:00:00
NQ-OUT-002-M-BEG,STORE-04,0,0,0,0,276,552,2026-08-20T00:00:00
NQ-OUT-002-M-GRY,HUB,732,0,0,12,276,552,2026-08-20T00:00:00
NQ-OUT-002-M-GRY,STORE-02,1,0,0,0,276,552,2026-08-20T00:00:00
NQ-OUT-002-M-GRY,STORE-03,0,0,0,0,276,552,2026-08-20T00:00:00
NQ-OUT-002-M-GRY,STORE-04,1,0,0,0,276,552,2026-08-20T00:00:00
NQ-OUT-002-M-NVY,HUB,693,0,0,12,276,552,2026-08-20T00:00:00
NQ-OUT-002-M-NVY,STORE-02,0,0,0,0,276,552,2026-08-20T00:00:00
NQ-OUT-002-M-NVY,STORE-03,0,0,0,0,276,552,2026-08-20T00:00:00
NQ-OUT-002-M-NVY,STORE-04,0,0,0,0,276,552,2026-08-20T00:00:00
NQ-OUT-002-L-BLK,HUB,1277,0,0,7,276,552,2026-08-20T00:00:00
NQ-OUT-002-L-BLK,STORE-02,3,0,0,0,276,552,2026-08-20T00:00:00
NQ-OUT-002-L-BLK,STORE-03,0,0,0,0,276,552,2026-08-20T00:00:00
NQ-OUT-002-L-BLK,STORE-04,5,0,0,0,276,552,2026-08-20T00:00:00
NQ-OUT-002-L-BEG,HUB,653,0,0,14,276,552,2026-08-20T00:00:00
NQ-OUT-002-L-BEG,STORE-02,2,0,0,0,276,552,2026-08-20T00:00:00
NQ-OUT-002-L-BEG,STORE-03,0,0,0,0,276,552,2026-08-20T00:00:00
NQ-OUT-002-L-BEG,STORE-04,1,0,0,0,276,552,2026-08-20T00:00:00
NQ-OUT-002-L-GRY,HUB,679,0,0,10,276,552,2026-08-20T00:00:00
NQ-OUT-002-L-GRY,STORE-02,4,0,0,0,276,552,2026-08-20T00:00:00
NQ-OUT-002-L-GRY,STORE-03,0,0,0,0,276,552,2026-08-20T00:00:00
NQ-OUT-002-L-GRY,STORE-04,4,0,0,0,276,552,2026-08-20T00:00:00
NQ-OUT-002-L-NVY,HUB,575,0,0,19,276,552,2026-08-20T00:00:00
NQ-OUT-002-L-NVY,STORE-02,2,0,0,0,276,552,2026-08-20T00:00:00
NQ-OUT-002-L-NVY,STORE-03,0,0,0,0,276,552,2026-08-20T00:00:00
NQ-OUT-002-L-NVY,STORE-04,0,0,0,0,276,552,2026-08-20T00:00:00
NQ-OUT-003-S-BLK,HUB,216,0,0,2,82,165,2026-08-20T00:00:00
NQ-OUT-003-S-BLK,STORE-02,1,0,0,0,82,165,2026-08-20T00:00:00
NQ-OUT-003-S-BLK,STORE-03,0,0,0,0,82,165,2026-08-20T00:00:00
NQ-OUT-003-S-BLK,STORE-04,3,0,0,0,82,165,2026-08-20T00:00:00
NQ-OUT-003-S-BEG,HUB,264,0,0,2,82,165,2026-08-20T00:00:00
NQ-OUT-003-S-BEG,STORE-02,0,0,0,0,82,165,2026-08-20T00:00:00
NQ-OUT-003-S-BEG,STORE-03,0,0,0,0,82,165,2026-08-20T00:00:00
NQ-OUT-003-S-BEG,STORE-04,0,0,0,0,82,165,2026-08-20T00:00:00
NQ-OUT-003-S-GRY,HUB,225,0,0,4,82,165,2026-08-20T00:00:00
NQ-OUT-003-S-GRY,STORE-02,3,0,0,0,82,165,2026-08-20T00:00:00
NQ-OUT-003-S-GRY,STORE-03,0,0,0,0,82,165,2026-08-20T00:00:00
NQ-OUT-003-S-GRY,STORE-04,0,0,0,0,82,165,2026-08-20T00:00:00
NQ-OUT-003-S-NVY,HUB,226,0,0,4,82,165,2026-08-20T00:00:00
NQ-OUT-003-S-NVY,STORE-02,0,0,0,0,82,165,2026-08-20T00:00:00
NQ-OUT-003-S-NVY,STORE-03,0,0,0,0,82,165,2026-08-20T00:00:00
NQ-OUT-003-S-NVY,STORE-04,1,0,0,0,82,165,2026-08-20T00:00:00
NQ-OUT-003-M-BLK,HUB,34,0,0,2,82,165,2026-08-20T00:00:00
NQ-OUT-003-M-BLK,STORE-02,2,0,0,0,82,165,2026-08-20T00:00:00
NQ-OUT-003-M-BLK,STORE-03,0,0,0,0,82,165,2026-08-20T00:00:00
NQ-OUT-003-M-BLK,STORE-04,2,0,0,0,82,165,2026-08-20T00:00:00
NQ-OUT-003-M-BEG,HUB,222,0,0,4,82,165,2026-08-20T00:00:00
NQ-OUT-003-M-BEG,STORE-02,0,0,0,0,82,165,2026-08-20T00:00:00
NQ-OUT-003-M-BEG,STORE-03,0,0,0,0,82,165,2026-08-20T00:00:00
NQ-OUT-003-M-BEG,STORE-04,1,0,0,0,82,165,2026-08-20T00:00:00
NQ-OUT-003-M-GRY,HUB,185,0,0,3,82,165,2026-08-20T00:00:00
NQ-OUT-003-M-GRY,STORE-02,4,0,0,0,82,165,2026-08-20T00:00:00
NQ-OUT-003-M-GRY,STORE-03,0,0,0,0,82,165,2026-08-20T00:00:00
NQ-OUT-003-M-GRY,STORE-04,0,0,0,0,82,165,2026-08-20T00:00:00
NQ-OUT-003-M-NVY,HUB,207,0,0,8,82,165,2026-08-20T00:00:00
NQ-OUT-003-M-NVY,STORE-02,0,0,0,0,82,165,2026-08-20T00:00:00
NQ-OUT-003-M-NVY,STORE-03,0,0,0,0,82,165,2026-08-20T00:00:00
NQ-OUT-003-M-NVY,STORE-04,0,0,0,0,82,165,2026-08-20T00:00:00
NQ-OUT-003-L-BLK,HUB,257,0,0,1,82,165,2026-08-20T00:00:00
NQ-OUT-003-L-BLK,STORE-02,3,0,0,0,82,165,2026-08-20T00:00:00
NQ-OUT-003-L-BLK,STORE-03,0,0,0,0,82,165,2026-08-20T00:00:00
NQ-OUT-003-L-BLK,STORE-04,5,0,0,0,82,165,2026-08-20T00:00:00
NQ-OUT-003-L-BEG,HUB,303,0,0,4,82,165,2026-08-20T00:00:00
NQ-OUT-003-L-BEG,STORE-02,3,0,0,0,82,165,2026-08-20T00:00:00
NQ-OUT-003-L-BEG,STORE-03,0,0,0,0,82,165,2026-08-20T00:00:00
NQ-OUT-003-L-BEG,STORE-04,3,0,0,0,82,165,2026-08-20T00:00:00
NQ-OUT-003-L-GRY,HUB,287,0,0,2,82,165,2026-08-20T00:00:00
NQ-OUT-003-L-GRY,STORE-02,5,0,0,0,82,165,2026-08-20T00:00:00
NQ-OUT-003-L-GRY,STORE-03,0,0,0,0,82,165,2026-08-20T00:00:00
NQ-OUT-003-L-GRY,STORE-04,4,0,0,0,82,165,2026-08-20T00:00:00
NQ-OUT-003-L-NVY,HUB,419,0,0,4,82,165,2026-08-20T00:00:00
NQ-OUT-003-L-NVY,STORE-02,3,0,0,0,82,165,2026-08-20T00:00:00
NQ-OUT-003-L-NVY,STORE-03,0,0,0,0,82,165,2026-08-20T00:00:00
NQ-OUT-003-L-NVY,STORE-04,4,0,0,0,82,165,2026-08-20T00:00:00
NQ-ACC-BAG-001-FREE-BLK,HUB,339,0,0,15,623,1247,2026-08-20T00:00:00
NQ-ACC-BAG-001-FREE-BLK,STORE-04,1,0,0,0,623,1247,2026-08-20T00:00:00
NQ-ACC-BAG-001-FREE-BLK,STORE-02,2,0,0,0,623,1247,2026-08-20T00:00:00
NQ-ACC-BAG-001-FREE-BEG,HUB,356,0,0,16,623,1247,2026-08-20T00:00:00
NQ-ACC-BAG-001-FREE-BEG,STORE-04,6,0,0,0,623,1247,2026-08-20T00:00:00
NQ-ACC-BAG-001-FREE-BEG,STORE-02,0,0,0,0,623,1247,2026-08-20T00:00:00
NQ-ACC-BAG-001-FREE-WHT,HUB,324,0,0,21,623,1247,2026-08-20T00:00:00
NQ-ACC-BAG-001-FREE-WHT,STORE-04,1,0,0,0,623,1247,2026-08-20T00:00:00
NQ-ACC-BAG-001-FREE-WHT,STORE-02,9,0,0,0,623,1247,2026-08-20T00:00:00
NQ-ACC-BAG-001-FREE-BRN,HUB,359,0,0,18,623,1247,2026-08-20T00:00:00
NQ-ACC-BAG-001-FREE-BRN,STORE-04,0,0,0,0,623,1247,2026-08-20T00:00:00
NQ-ACC-BAG-001-FREE-BRN,STORE-02,0,0,0,0,623,1247,2026-08-20T00:00:00
NQ-ACC-BLT-002-FREE-BLK,HUB,117,0,0,6,187,374,2026-08-20T00:00:00
NQ-ACC-BLT-002-FREE-BLK,STORE-04,1,0,0,0,187,374,2026-08-20T00:00:00
NQ-ACC-BLT-002-FREE-BLK,STORE-02,0,0,0,0,187,374,2026-08-20T00:00:00
NQ-ACC-BLT-002-FREE-BEG,HUB,66,0,0,8,187,374,2026-08-20T00:00:00
NQ-ACC-BLT-002-FREE-BEG,STORE-04,0,0,0,0,187,374,2026-08-20T00:00:00
NQ-ACC-BLT-002-FREE-BEG,STORE-02,0,0,0,0,187,374,2026-08-20T00:00:00
NQ-ACC-BLT-002-FREE-WHT,HUB,89,0,0,2,187,374,2026-08-20T00:00:00
NQ-ACC-BLT-002-FREE-WHT,STORE-04,0,0,0,0,187,374,2026-08-20T00:00:00
NQ-ACC-BLT-002-FREE-WHT,STORE-02,2,0,0,0,187,374,2026-08-20T00:00:00
NQ-ACC-BLT-002-FREE-BRN,HUB,82,0,0,6,187,374,2026-08-20T00:00:00
NQ-ACC-BLT-002-FREE-BRN,STORE-04,0,0,0,0,187,374,2026-08-20T00:00:00
NQ-ACC-BLT-002-FREE-BRN,STORE-02,2,0,0,0,187,374,2026-08-20T00:00:00
NQ-ACC-SCF-003-FREE-BLK,HUB,114,0,0,4,187,374,2026-08-20T00:00:00
NQ-ACC-SCF-003-FREE-BLK,STORE-04,1,0,0,0,187,374,2026-08-20T00:00:00
NQ-ACC-SCF-003-FREE-BLK,STORE-02,1,0,0,0,187,374,2026-08-20T00:00:00
NQ-ACC-SCF-003-FREE-BEG,HUB,63,0,0,6,187,374,2026-08-20T00:00:00
NQ-ACC-SCF-003-FREE-BEG,STORE-04,0,0,0,0,187,374,2026-08-20T00:00:00
NQ-ACC-SCF-003-FREE-BEG,STORE-02,0,0,0,0,187,374,2026-08-20T00:00:00
NQ-ACC-SCF-003-FREE-WHT,HUB,107,0,0,2,187,374,2026-08-20T00:00:00
NQ-ACC-SCF-003-FREE-WHT,STORE-04,0,0,0,0,187,374,2026-08-20T00:00:00
NQ-ACC-SCF-003-FREE-WHT,STORE-02,0,0,0,0,187,374,2026-08-20T00:00:00
NQ-ACC-SCF-003-FREE-BRN,HUB,51,0,0,3,187,374,2026-08-20T00:00:00
NQ-ACC-SCF-003-FREE-BRN,STORE-04,3,0,0,0,187,374,2026-08-20T00:00:00
NQ-ACC-SCF-003-FREE-BRN,STORE-02,1,0,0,0,187,374,2026-08-20T00:00:00
NQ-ACC-CAP-004-FREE-BLK,HUB,94,0,0,3,187,374,2026-08-20T00:00:00
NQ-ACC-CAP-004-FREE-BLK,STORE-04,0,0,0,0,187,374,2026-08-20T00:00:00
NQ-ACC-CAP-004-FREE-BLK,STORE-02,0,0,0,0,187,374,2026-08-20T00:00:00
NQ-ACC-CAP-004-FREE-BEG,HUB,81,0,0,3,187,374,2026-08-20T00:00:00
NQ-ACC-CAP-004-FREE-BEG,STORE-04,0,0,0,0,187,374,2026-08-20T00:00:00
NQ-ACC-CAP-004-FREE-BEG,STORE-02,0,0,0,0,187,374,2026-08-20T00:00:00
NQ-ACC-CAP-004-FREE-WHT,HUB,80,0,0,7,187,374,2026-08-20T00:00:00
NQ-ACC-CAP-004-FREE-WHT,STORE-04,0,0,0,0,187,374,2026-08-20T00:00:00
NQ-ACC-CAP-004-FREE-WHT,STORE-02,2,0,0,0,187,374,2026-08-20T00:00:00
NQ-ACC-CAP-004-FREE-BRN,HUB,23,0,0,4,187,374,2026-08-20T00:00:00
NQ-ACC-CAP-004-FREE-BRN,STORE-04,1,0,0,0,187,374,2026-08-20T00:00:00
NQ-ACC-CAP-004-FREE-BRN,STORE-02,5,0,0,0,187,374,2026-08-20T00:00:00
NQ-ACC-PCH-005-FREE-BLK,HUB,103,0,0,7,187,374,2026-08-20T00:00:00
NQ-ACC-PCH-005-FREE-BLK,STORE-04,0,0,0,0,187,374,2026-08-20T00:00:00
NQ-ACC-PCH-005-FREE-BLK,STORE-02,1,0,0,0,187,374,2026-08-20T00:00:00
NQ-ACC-PCH-005-FREE-BEG,HUB,101,0,0,12,187,374,2026-08-20T00:00:00
NQ-ACC-PCH-005-FREE-BEG,STORE-04,0,0,0,0,187,374,2026-08-20T00:00:00
NQ-ACC-PCH-005-FREE-BEG,STORE-02,0,0,0,0,187,374,2026-08-20T00:00:00
NQ-ACC-PCH-005-FREE-WHT,HUB,95,0,0,7,187,374,2026-08-20T00:00:00
NQ-ACC-PCH-005-FREE-WHT,STORE-04,4,0,0,0,187,374,2026-08-20T00:00:00
NQ-ACC-PCH-005-FREE-WHT,STORE-02,2,0,0,0,187,374,2026-08-20T00:00:00
NQ-ACC-PCH-005-FREE-BRN,HUB,100,0,0,3,187,374,2026-08-20T00:00:00
NQ-ACC-PCH-005-FREE-BRN,STORE-04,0,0,0,0,187,374,2026-08-20T00:00:00
NQ-ACC-PCH-005-FREE-BRN,STORE-02,3,0,0,0,187,374,2026-08-20T00:00:00
NQ-DRS-001-S-BLK,HUB,667,0,0,5,480,960,2026-08-20T00:00:00
NQ-DRS-001-S-BLK,STORE-04,0,0,0,0,480,960,2026-08-20T00:00:00
NQ-DRS-001-S-BLK,STORE-02,0,0,0,0,480,960,2026-08-20T00:00:00
NQ-DRS-001-S-IVR,HUB,599,0,0,5,480,960,2026-08-20T00:00:00
NQ-DRS-001-S-IVR,STORE-04,0,0,0,0,480,960,2026-08-20T00:00:00
NQ-DRS-001-S-IVR,STORE-02,0,0,0,0,480,960,2026-08-20T00:00:00
NQ-DRS-001-M-BLK,HUB,626,0,0,7,480,960,2026-08-20T00:00:00
NQ-DRS-001-M-BLK,STORE-04,0,0,0,0,480,960,2026-08-20T00:00:00
NQ-DRS-001-M-BLK,STORE-02,0,0,0,0,480,960,2026-08-20T00:00:00
NQ-DRS-001-M-IVR,HUB,613,0,0,5,480,960,2026-08-20T00:00:00
NQ-DRS-001-M-IVR,STORE-04,0,0,0,0,480,960,2026-08-20T00:00:00
NQ-DRS-001-M-IVR,STORE-02,0,0,0,0,480,960,2026-08-20T00:00:00
NQ-DRS-001-L-BLK,HUB,542,0,0,25,480,960,2026-08-20T00:00:00
NQ-DRS-001-L-BLK,STORE-04,0,0,0,0,480,960,2026-08-20T00:00:00
NQ-DRS-001-L-BLK,STORE-02,0,0,0,0,480,960,2026-08-20T00:00:00
NQ-DRS-001-L-IVR,HUB,543,0,0,25,480,960,2026-08-20T00:00:00
NQ-DRS-001-L-IVR,STORE-04,0,0,0,0,480,960,2026-08-20T00:00:00
NQ-DRS-001-L-IVR,STORE-02,0,0,0,0,480,960,2026-08-20T00:00:00
NQ-DRS-002-S-BLK,HUB,199,0,0,2,160,320,2026-08-20T00:00:00
NQ-DRS-002-S-BLK,STORE-04,0,0,0,0,160,320,2026-08-20T00:00:00
NQ-DRS-002-S-BLK,STORE-02,0,0,0,0,160,320,2026-08-20T00:00:00
NQ-DRS-002-S-IVR,HUB,164,0,0,2,160,320,2026-08-20T00:00:00
NQ-DRS-002-S-IVR,STORE-04,0,0,0,0,160,320,2026-08-20T00:00:00
NQ-DRS-002-S-IVR,STORE-02,0,0,0,0,160,320,2026-08-20T00:00:00
NQ-DRS-002-M-BLK,HUB,162,0,0,1,160,320,2026-08-20T00:00:00
NQ-DRS-002-M-BLK,STORE-04,0,0,0,0,160,320,2026-08-20T00:00:00
NQ-DRS-002-M-BLK,STORE-02,0,0,0,0,160,320,2026-08-20T00:00:00
NQ-DRS-002-M-IVR,HUB,157,0,0,2,160,320,2026-08-20T00:00:00
NQ-DRS-002-M-IVR,STORE-04,0,0,0,0,160,320,2026-08-20T00:00:00
NQ-DRS-002-M-IVR,STORE-02,0,0,0,0,160,320,2026-08-20T00:00:00
NQ-DRS-002-L-BLK,HUB,171,0,0,5,160,320,2026-08-20T00:00:00
NQ-DRS-002-L-BLK,STORE-04,0,0,0,0,160,320,2026-08-20T00:00:00
NQ-DRS-002-L-BLK,STORE-02,0,0,0,0,160,320,2026-08-20T00:00:00
NQ-DRS-002-L-IVR,HUB,123,0,0,4,160,320,2026-08-20T00:00:00
NQ-DRS-002-L-IVR,STORE-04,0,0,0,0,160,320,2026-08-20T00:00:00
NQ-DRS-002-L-IVR,STORE-02,0,0,0,0,160,320,2026-08-20T00:00:00
TRD-CLR-01-WRM-001-S-CRM,HUB,8,0,0,0,182,365,2026-08-20T00:00:00
TRD-CLR-01-WRM-001-S-ASH,HUB,10,0,0,0,182,365,2026-08-20T00:00:00
TRD-CLR-01-WRM-001-M-CRM,HUB,2,0,0,0,182,365,2026-08-20T00:00:00
TRD-CLR-01-WRM-001-M-ASH,HUB,10,0,0,0,182,365,2026-08-20T00:00:00
TRD-CLR-01-WRM-001-L-CRM,HUB,10,0,0,0,182,365,2026-08-20T00:00:00
TRD-CLR-01-WRM-001-L-ASH,HUB,12,0,0,0,182,365,2026-08-20T00:00:00
TRD-CLR-01-COOL-002-S-CRM,HUB,9,0,0,0,182,365,2026-08-20T00:00:00
TRD-CLR-01-COOL-002-S-ASH,HUB,10,0,0,0,182,365,2026-08-20T00:00:00
TRD-CLR-01-COOL-002-M-CRM,HUB,9,0,0,0,182,365,2026-08-20T00:00:00
TRD-CLR-01-COOL-002-M-ASH,HUB,10,0,0,0,182,365,2026-08-20T00:00:00
TRD-CLR-01-COOL-002-L-CRM,HUB,16,0,0,0,182,365,2026-08-20T00:00:00
TRD-CLR-01-COOL-002-L-ASH,HUB,13,0,0,0,182,365,2026-08-20T00:00:00
TRD-CLR-01-MUT-003-S-CRM,HUB,11,0,0,0,182,365,2026-08-20T00:00:00
TRD-CLR-01-MUT-003-S-ASH,HUB,11,0,0,0,182,365,2026-08-20T00:00:00
TRD-CLR-01-MUT-003-M-CRM,HUB,10,0,0,0,182,365,2026-08-20T00:00:00
TRD-CLR-01-MUT-003-M-ASH,HUB,8,0,0,0,182,365,2026-08-20T00:00:00
TRD-CLR-01-MUT-003-L-CRM,HUB,8,0,0,0,182,365,2026-08-20T00:00:00
TRD-CLR-01-MUT-003-L-ASH,HUB,13,0,0,0,182,365,2026-08-20T00:00:00
TRD-OUT-01-STR-001-S-BLK,HUB,33,0,0,0,276,552,2026-08-20T00:00:00
TRD-OUT-01-STR-001-S-GRY,HUB,39,0,0,0,276,552,2026-08-20T00:00:00
TRD-OUT-01-STR-001-M-BLK,HUB,40,0,0,0,276,552,2026-08-20T00:00:00
TRD-OUT-01-STR-001-M-GRY,HUB,33,0,0,0,276,552,2026-08-20T00:00:00
TRD-OUT-01-STR-001-L-BLK,HUB,41,0,0,0,276,552,2026-08-20T00:00:00
TRD-OUT-01-STR-001-L-GRY,HUB,34,0,0,0,276,552,2026-08-20T00:00:00
TRD-OUT-01-WAV-002-S-BLK,HUB,36,0,0,0,276,552,2026-08-20T00:00:00
TRD-OUT-01-WAV-002-S-GRY,HUB,39,0,0,0,276,552,2026-08-20T00:00:00
TRD-OUT-01-WAV-002-M-BLK,HUB,61,0,0,0,276,552,2026-08-20T00:00:00
TRD-OUT-01-WAV-002-M-GRY,HUB,41,0,0,0,276,552,2026-08-20T00:00:00
TRD-OUT-01-WAV-002-L-BLK,HUB,50,0,0,0,276,552,2026-08-20T00:00:00
TRD-OUT-01-WAV-002-L-GRY,HUB,41,0,0,0,276,552,2026-08-20T00:00:00
TRD-OUT-01-NAT-003-S-BLK,HUB,46,0,0,0,276,552,2026-08-20T00:00:00
TRD-OUT-01-NAT-003-S-GRY,HUB,34,0,0,0,276,552,2026-08-20T00:00:00
TRD-OUT-01-NAT-003-M-BLK,HUB,39,0,0,0,276,552,2026-08-20T00:00:00
TRD-OUT-01-NAT-003-M-GRY,HUB,26,0,0,0,276,552,2026-08-20T00:00:00
TRD-OUT-01-NAT-003-L-BLK,HUB,44,0,0,0,276,552,2026-08-20T00:00:00
TRD-OUT-01-NAT-003-L-GRY,HUB,48,0,0,0,276,552,2026-08-20T00:00:00
TRD-TOP-01-STR-001-S-BLK,HUB,47,0,0,0,240,480,2026-08-20T00:00:00
TRD-TOP-01-STR-001-S-IVR,HUB,51,0,0,0,240,480,2026-08-20T00:00:00
TRD-TOP-01-STR-001-M-BLK,HUB,37,0,0,0,240,480,2026-08-20T00:00:00
TRD-TOP-01-STR-001-M-IVR,HUB,38,0,0,0,240,480,2026-08-20T00:00:00
TRD-TOP-01-STR-001-L-BLK,HUB,33,0,0,0,240,480,2026-08-20T00:00:00
TRD-TOP-01-STR-001-L-IVR,HUB,46,0,0,0,240,480,2026-08-20T00:00:00
TRD-TOP-01-WAV-002-S-BLK,HUB,41,0,0,0,240,480,2026-08-20T00:00:00
TRD-TOP-01-WAV-002-S-IVR,HUB,42,0,0,0,240,480,2026-08-20T00:00:00
TRD-TOP-01-WAV-002-M-BLK,HUB,31,0,0,0,240,480,2026-08-20T00:00:00
TRD-TOP-01-WAV-002-M-IVR,HUB,35,0,0,0,240,480,2026-08-20T00:00:00
TRD-TOP-01-WAV-002-L-BLK,HUB,43,0,0,0,240,480,2026-08-20T00:00:00
TRD-TOP-01-WAV-002-L-IVR,HUB,41,0,0,0,240,480,2026-08-20T00:00:00
TRD-TOP-01-NAT-003-S-BLK,HUB,39,0,0,0,240,480,2026-08-20T00:00:00
TRD-TOP-01-NAT-003-S-IVR,HUB,33,0,0,0,240,480,2026-08-20T00:00:00
TRD-TOP-01-NAT-003-M-BLK,HUB,38,0,0,0,240,480,2026-08-20T00:00:00
TRD-TOP-01-NAT-003-M-IVR,HUB,34,0,0,0,240,480,2026-08-20T00:00:00
TRD-TOP-01-NAT-003-L-BLK,HUB,38,0,0,0,240,480,2026-08-20T00:00:00
TRD-TOP-01-NAT-003-L-IVR,HUB,43,0,0,0,240,480,2026-08-20T00:00:00
TRD-OUT-02-STR-001-S-BRN,HUB,51,0,0,0,276,552,2026-08-20T00:00:00
TRD-OUT-02-STR-001-S-GRN,HUB,43,0,0,0,276,552,2026-08-20T00:00:00
TRD-OUT-02-STR-001-S-BEG,HUB,42,0,0,0,276,552,2026-08-20T00:00:00
TRD-OUT-02-STR-001-M-BRN,HUB,54,0,0,0,276,552,2026-08-20T00:00:00
TRD-OUT-02-STR-001-M-GRN,HUB,57,0,0,0,276,552,2026-08-20T00:00:00
TRD-OUT-02-STR-001-M-BEG,HUB,52,0,0,0,276,552,2026-08-20T00:00:00
TRD-OUT-02-STR-001-L-BRN,HUB,62,0,0,0,276,552,2026-08-20T00:00:00
TRD-OUT-02-STR-001-L-GRN,HUB,61,0,0,0,276,552,2026-08-20T00:00:00
TRD-OUT-02-STR-001-L-BEG,HUB,56,0,0,0,276,552,2026-08-20T00:00:00
TRD-OUT-02-WAV-002-S-BRN,HUB,46,0,0,0,276,552,2026-08-20T00:00:00
TRD-OUT-02-WAV-002-S-GRN,HUB,58,0,0,0,276,552,2026-08-20T00:00:00
TRD-OUT-02-WAV-002-S-BEG,HUB,47,0,0,0,276,552,2026-08-20T00:00:00
TRD-OUT-02-WAV-002-M-BRN,HUB,46,0,0,0,276,552,2026-08-20T00:00:00
TRD-OUT-02-WAV-002-M-GRN,HUB,43,0,0,0,276,552,2026-08-20T00:00:00
TRD-OUT-02-WAV-002-M-BEG,HUB,48,0,0,0,276,552,2026-08-20T00:00:00
TRD-OUT-02-WAV-002-L-BRN,HUB,49,0,0,0,276,552,2026-08-20T00:00:00
TRD-OUT-02-WAV-002-L-GRN,HUB,48,0,0,0,276,552,2026-08-20T00:00:00
TRD-OUT-02-WAV-002-L-BEG,HUB,51,0,0,0,276,552,2026-08-20T00:00:00
TRD-OUT-02-NAT-003-S-BRN,HUB,50,0,0,0,276,552,2026-08-20T00:00:00
TRD-OUT-02-NAT-003-S-GRN,HUB,53,0,0,0,276,552,2026-08-20T00:00:00
TRD-OUT-02-NAT-003-S-BEG,HUB,54,0,0,0,276,552,2026-08-20T00:00:00
TRD-OUT-02-NAT-003-M-BRN,HUB,46,0,0,0,276,552,2026-08-20T00:00:00
TRD-OUT-02-NAT-003-M-GRN,HUB,47,0,0,0,276,552,2026-08-20T00:00:00
TRD-OUT-02-NAT-003-M-BEG,HUB,43,0,0,0,276,552,2026-08-20T00:00:00
TRD-OUT-02-NAT-003-L-BRN,HUB,42,0,0,0,276,552,2026-08-20T00:00:00
TRD-OUT-02-NAT-003-L-GRN,HUB,41,0,0,0,276,552,2026-08-20T00:00:00
TRD-OUT-02-NAT-003-L-BEG,HUB,48,0,0,0,276,552,2026-08-20T00:00:00
TRD-OUT-03-STR-001-S-BLK,HUB,73,0,0,0,276,552,2026-08-20T00:00:00
TRD-OUT-03-STR-001-S-BEG,HUB,87,0,0,0,276,552,2026-08-20T00:00:00
TRD-OUT-03-STR-001-M-BLK,HUB,82,0,0,0,276,552,2026-08-20T00:00:00
TRD-OUT-03-STR-001-M-BEG,HUB,76,0,0,0,276,552,2026-08-20T00:00:00
TRD-OUT-03-STR-001-L-BLK,HUB,77,0,0,0,276,552,2026-08-20T00:00:00
TRD-OUT-03-STR-001-L-BEG,HUB,87,0,0,0,276,552,2026-08-20T00:00:00
TRD-OUT-03-WAV-002-S-BLK,HUB,70,0,0,0,276,552,2026-08-20T00:00:00
TRD-OUT-03-WAV-002-S-BEG,HUB,87,0,0,0,276,552,2026-08-20T00:00:00
TRD-OUT-03-WAV-002-M-BLK,HUB,98,0,0,0,276,552,2026-08-20T00:00:00
TRD-OUT-03-WAV-002-M-BEG,HUB,84,0,0,0,276,552,2026-08-20T00:00:00
TRD-OUT-03-WAV-002-L-BLK,HUB,72,0,0,0,276,552,2026-08-20T00:00:00
TRD-OUT-03-WAV-002-L-BEG,HUB,75,0,0,0,276,552,2026-08-20T00:00:00
TRD-OUT-03-NAT-003-S-BLK,HUB,86,0,0,0,276,552,2026-08-20T00:00:00
TRD-OUT-03-NAT-003-S-BEG,HUB,77,0,0,0,276,552,2026-08-20T00:00:00
TRD-OUT-03-NAT-003-M-BLK,HUB,88,0,0,0,276,552,2026-08-20T00:00:00
TRD-OUT-03-NAT-003-M-BEG,HUB,92,0,0,0,276,552,2026-08-20T00:00:00
TRD-OUT-03-NAT-003-L-BLK,HUB,75,0,0,0,276,552,2026-08-20T00:00:00
TRD-OUT-03-NAT-003-L-BEG,HUB,98,0,0,0,276,552,2026-08-20T00:00:00
TRD-ACC-01-CHM-001-FREE-BLK,HUB,41,0,0,0,623,1247,2026-08-20T00:00:00
TRD-ACC-01-CHM-001-FREE-GLD,HUB,40,0,0,0,623,1247,2026-08-20T00:00:00
TRD-ACC-01-CHM-001-FREE-SLV,HUB,41,0,0,0,623,1247,2026-08-20T00:00:00
